fuente_nombre,nombre,categoria,fecha_inicio,hora_inicio,fecha_termino,lugar,comuna,precio_min,link_evento
Ticketplus,¡Únete a la Famiglia! – Campaña de Abonados Audax Italiano,,2025-06-11,11:00:00,2026-12-31,Estadio Bicentenario de La Florida,La Florida,51201,https://ticketplus.cl/events/abono-famiglia-audina
MAVI UC (Museo de Artes Visuales),"""La llegada de lo blanco"". A 25 años de la Colección MAVI UC",exposición,2026-04-12,,2027-04-25,MAVI UC,Santiago,0,https://www.uc.cl/agenda/actividad/mavi-uc-conmemora-su-25-aniversario-con-gran-exposicion-de-su-coleccion
Ticketplus,Taste Society,,2026-05-23,,2026-08-22,Hotel Las Majadas,Pirque,0,https://ticketplus.cl/events/taste-society
Ticketplus,Dia de Spa - Club Recrear,,2026-06-15,12:00:00,2026-12-30,Club Recrear,Macul,55000,https://ticketplus.cl/events/dia-de-spa-club-recrear
Ticketplus,Los Domingos de Alauda Ruiz de Azúa en SALA K,,2026-06-24,,2026-08-30,Sala K U Mayor,Santiago,2200,https://ticketplus.cl/events/los-domingos-de-alauda-ruiz-de-azua-en-sala-k
Ticketplus,Abono M. Puente Alto 2026,,2026-06-25,00:00:00,2026-12-31,Gimnasio Municipal De Puente Allto,Puente Alto,30000,https://ticketplus.cl/events/abono-m-puente-alto-2026
Passline,Internacional Tattoo Masters Fest 2026,,2026-07-02,15:00:00,2026-12-13,Alto San Francisco San Francisco 75,Santiago,7000,https://www.passline.com/eventos/internacional-tattoo-masters-fest-2026
MAVI UC (Museo de Artes Visuales),Exposición Colectiva XIX Premio MAVI UC LarrainVial Arte Joven,exposición,2026-07-03,,2026-08-23,MAVI UC,Santiago,0,https://www.uc.cl/agenda/actividad/exposicion-colectiva-xix-premio-mavi-uc-larrain-vial-arte-joven
Ticketplus,Membresía Anual Sala Nemesio,,2026-07-06,,2027-07-06,Sala Nemesio,La Reina,0,https://ticketplus.cl/events/membresia-sala-nemesio
Ticketplus,Liga Ex Tabancura,,2026-07-08,10:00:00,2027-07-02,Futbolito UC,Las Condes,57000,https://ticketplus.cl/events/liga-ex-tabancura
MUT — Mercado Urbano Tobalaba,Portafolio – Moda 2026,,2026-07-10,,2026-09-10,"MUT, Piso 1: La Calle — Calle Roger de Flor",Providencia,0,https://mut.cl/es/evento/portafolio-moda-2026/
Ticketplus,FANTASMA DEL UNIVERSO,,2026-07-11,,2026-08-29,Planetario Huechuraba,Huechuraba,2000,https://ticketplus.cl/events/fantasma-del-universo-2025
Ticketplus,MISIÓN SISTEMA SOLAR,,2026-07-11,,2026-08-29,Planetario Huechuraba,Huechuraba,2000,https://ticketplus.cl/events/mision-sistema-solar
Ticketplus,ÓRBITA SONORA 1: RADIOHEAD - IN RAINBOWS,,2026-07-11,,2026-08-29,Planetario Huechuraba,Huechuraba,2000,https://ticketplus.cl/events/orbita-sonora-radiohead-in-rainbows
Ticketplus,ÓRBITA SONORA 2: DAFT PUNK - DISCOVERY,,2026-07-11,,2026-08-30,Planetario Huechuraba,Huechuraba,2000,https://ticketplus.cl/events/orbita-sonora-daft-punk-discovery
Ticketplus,DE LA TIERRA AL UNIVERSO,,2026-07-12,,2026-08-30,Planetario Huechuraba,Huechuraba,2000,https://ticketplus.cl/events/de-la-tierra-al-universo
Ticketplus,MISTERIOS DE TU CEREBRO,,2026-07-12,,2026-08-30,Planetario Huechuraba,Huechuraba,2000,https://ticketplus.cl/events/misterios-de-tu-cerebro
Ticketplus,ÓRBITA SONORA 3: HANS ZIMMER - INTERSTELLAR,,2026-07-12,,2026-08-30,Planetario Huechuraba,Huechuraba,2000,https://ticketplus.cl/events/orbita-sonora-3-hans-zimmer-interstellar
Ticketplus,La cronología del agua de Kristen Stewart en SALA K,,2026-07-24,,2026-08-30,Sala K U Mayor,Santiago,0,https://ticketplus.cl/events/la-cronologia-del-agua-de-kristen-stewart-en-sala-k
Ticketplus,Spiderman,,2026-07-25,,2026-08-25,Sala Nemesio,La Reina,3500,https://ticketplus.cl/events/spiderman
Ticketplus,Blood Simple de Joel Coen en SALA K,,2026-07-28,,2026-09-27,Sala K U Mayor,Santiago,2200,https://ticketplus.cl/events/blood-simple-de-joel-coen-en-sala-k
Ticketplus,Brazil de Terry Gilliam en SALA K,,2026-07-28,,2026-09-27,Sala K U Mayor,Santiago,0,https://ticketplus.cl/events/brazil-de-terry-gilliam-en-sala-k
Ticketplus,La mosca de David Cronenberg en SALA K,,2026-07-28,,2026-09-27,Sala K U Mayor,Santiago,0,https://ticketplus.cl/events/la-mosca-de-david-cronenberg-en-sala-k
Ticketplus,Robocop de Paul Veroheven en SALA K,,2026-07-28,,2026-09-27,Sala K U Mayor,Santiago,2200,https://ticketplus.cl/events/robocop-de-paul-veroheven-en-sala-k
Ticketplus,The Thing de John Carpenter en SALA K,,2026-07-28,,2026-09-27,Sala K U Mayor,Santiago,0,https://ticketplus.cl/events/en-sala-k
Ticketplus,El Gran Viaje,,2026-07-29,,2026-08-23,MATUCANA 100 / CINE,Estación Central,3200,https://ticketplus.cl/events/el-gran-viaje
Ticketplus,"Adolescencia, sexo y muerte en campamento Miasma de Jane Schoenbrun en SALA K",,2026-07-30,,2026-09-27,Sala K U Mayor,Santiago,2200,https://ticketplus.cl/events/adolescencia-sexo-y-muerte-en-campamento-miasma-de-jane-schoenbrun-en-sala-k
Ticketplus,PA$$$TA(YO)BA$$$E!!!!,,2026-07-31,,2026-08-22,Teatro ICTUS,Santiago,6480,https://ticketplus.cl/events/pa-ta-yo-ba-e-2026-07-31-20-00-00-0400
MUT — Mercado Urbano Tobalaba,Actividades librería Azafrán,,2026-08-01,,2026-08-31,MUT — Mercado Urbano Tobalaba,Providencia,,https://mut.cl/es/ver-y-hacer/
MUT — Mercado Urbano Tobalaba,Exposición Maratón de Fotografía,exposición,2026-08-01,,2026-08-31,"MUT, Piso -3: La Estación",Providencia,,https://mut.cl/es/evento/exposicion-maraton-de-fotografia/
MUT — Mercado Urbano Tobalaba,Mes de la fotografía,,2026-08-01,,2026-08-31,MUT — Mercado Urbano Tobalaba,Providencia,,https://mut.cl/es/evento/mes-de-la-fotografia/
Ticketplus,El final de la calle Oak de David Robert Mitchell en SALA K,,2026-08-04,,2026-08-29,Sala K U Mayor,Santiago,2200,https://ticketplus.cl/events/El-final-de-la-calle-Oak-en-SALA-K
Ticketplus,“NO SÉ. BECKETT”,,2026-08-05,,2026-08-29,Teatro Nacional Chileno,Santiago,5300,https://ticketplus.cl/events/no-se-beckett
Ticketplus,Taller de Tango Agosto,,2026-08-06,19:00:00,2026-08-27,TEATRO CACHAFAZ,Ñuñoa,8800,https://ticketplus.cl/events/taller-de-tango-agosto-2026-08-06-19-00-00-0400
Ticketplus,Taller de Impro Agosto,,2026-08-06,19:30:00,2026-08-28,TEATRO CACHAFAZ,Ñuñoa,8800,https://ticketplus.cl/events/taller-de-impro-agosto-2026-08-06-19-30-00-0400
Corporacion Cultural de Vitacura,XV Exposición Artefacto Joven y Escolar,exposición,2026-08-06,,2026-09-27,Lo Matta Cultural,Vitacura,0,https://www.lomatta.cl/concurso-de-arte-joven-y-escolar-lo-matta-cultural-abre-sus-puertas-a-las-nuevas-miradas-del-arte/
Ticketplus,HISTORIA DE UN JABALI (O ALGO DE RICARDO III)- FINIS TERRAE,,2026-08-06,,2026-08-23,Teatro Finis Terrae,Providencia,7946,https://ticketplus.cl/events/historia-de-un-jabali-finis-terrae
Ticketplus,La Naturaleza de las Cosas Invisibles,,2026-08-06,,2026-08-30,MATUCANA 100 / CINE,Estación Central,3200,https://ticketplus.cl/events/la-naturaleza-de-las-cosas-invisibles-2026-08-06-18-00-00-0400
Ticketplus,Un día no vamos a estar,,2026-08-06,,2026-08-23,MATUCANA 100 / MICROSALA,Estación Central,6357,https://ticketplus.cl/events/un-dia-no-vamos-a-estar
Ticketplus,"""La Misión, recuerdo de una revolución"" de DETUCH",,2026-08-07,,2026-08-22,DETUCH,Santiago,3300,https://ticketplus.cl/events/la-mision-detuch
Ticketplus,"JUANA, SE PERDIÓ LA CHANCHA",,2026-08-07,,2026-08-28,Teatro Azares - HUERFANOS 2146 SANTIAGO,Santiago,6720,https://ticketplus.cl/events/juana-se-perdio-la-chancha
MUT — Mercado Urbano Tobalaba,Postescuela 2026: La materia soñada,exposición,2026-08-08,,2026-08-29,"MUT, Piso 2: El Barrio — Galería MUT",Providencia,,https://mut.cl/es/evento/postescuela-2026-la-materia-sonada/
Ticketplus,Cornisa,,2026-08-08,,2026-08-23,TEATRO DEL PUENTE,Santiago,4238,https://ticketplus.cl/events/cornisa
MUT — Mercado Urbano Tobalaba,Florilegium,exposición,2026-08-12,,2026-09-10,"MUT, Piso -1: El Taller",Providencia,,https://mut.cl/es/evento/florilegium/
Ticketplus,Gemelos,,2026-08-12,,2026-08-29,Teatro UC,Ñuñoa,7840,https://ticketplus.cl/events/gemelos-2026-08-13-20-00-00-0400
Ticketplus,Ánimas de día Claro,,2026-08-14,,2026-08-23,Club de Teatro,Providencia,5750,https://ticketplus.cl/events/animas-de-dia-claro-2026
Ticketplus,Corazón de Chocolate (Crónica de un dulce suicidio) - Ocaso Teatro,,2026-08-19,,2026-08-22,TEATRO SIDARTE,Recoleta,4238,https://ticketplus.cl/events/corazon-de-chocolate-cronica-de-un-dulce-suicidio-ocaso-teatro
Ticketplus,El niño de los fósiles,,2026-08-20,,2026-08-29,Teatro UC,Ñuñoa,7840,https://ticketplus.cl/events/el-nino-de-los-fosiles-2026-08-20-19-00-00-0400
Ticketplus,La Muerte de Robin Hood,,2026-08-20,,2026-08-26,Sala Nemesio,La Reina,3500,https://ticketplus.cl/events/la-muerte-de-robin-hood
Ticketplus,La Negociación,,2026-08-20,,2026-08-26,Sala Nemesio,La Reina,3500,https://ticketplus.cl/events/la-negociacion
Ticketplus,La Nueva Obra,,2026-08-20,,2026-08-30,MATUCANA 100 / TEATRO PRINCIPAL,Estación Central,5298,https://ticketplus.cl/events/la-nueva-obra-2026-08-20-20-30-00-0400
Ticketplus,Locamente,,2026-08-20,,2026-09-02,Sala Nemesio,La Reina,3500,https://ticketplus.cl/events/locamente
Ticketplus,Not-Antígona,,2026-08-20,,2026-08-30,MATUCANA 100 / ESPACIO PATRICIO BUNSTER,Estación Central,3708,https://ticketplus.cl/events/not-antigona
Corporacion Cultural de Vitacura,Café con Autor: Josefina Errázuriz,,2026-08-21,11:00:00,,Biblioteca de Vitacura,Vitacura,0,https://vitacuracultura.cl/evento/cafe-con-autor-josefina-errazuriz/
Passline,RI$H CLUB VOL.1,,2026-08-21,16:00:00,,"Sala RBX Av. Vicuña Mackenna 1220, Ñuñoa, Región Metropolitana, Chile",Ñuñoa,,https://www.passline.com/eventos/rih-club-vol1
Passline,INNDRIVE BOTANICO - GEMINIS WINTER SESSION,,2026-08-21,17:00:00,,Botanico Centro de evento Botanico,Santiago,15000,https://www.passline.com/eventos/inndrive-botanico-geminis-winter-session
Municipalidad de Penalolen,"Lenguas, sabores y voces de la migración: narrarnos y dialogar desde el teatro",teatro,2026-08-21,18:00:00,,"Sala Gabriela Pizarro, Centro Cultural Chimkowe",Peñalolén,,https://chimkowe.cl/semana-de-la-migracion-2026-llega-a-chimkowe-con-una-jornada-de-teatro-y-dialogo/
Ticketplus,ROSEWELL 🎵 VIERNES 21 AGOSTO ★ Club Subterráneo,,2026-08-21,18:00:00,,Club Subterraneo,Providencia,11000,https://ticketplus.cl/events/rosewell-viernes-21-agosto-club-subterraneo
Passline,COMEDIA FRESCA - CAP. 3,,2026-08-21,19:30:00,,Casa Irarrázaval AV. IRARRÁZAVAL 3344,Ñuñoa,,https://www.passline.com/eventos/comedia-fresca-cap-3
Passline,Daniel Muñoz y Los Concho’ e Vino,,2026-08-21,20:00:00,,Cafetería Popular Maipu 363,Santiago,,https://www.passline.com/eventos/daniel-munoz-y-los-concho-e-vino
Passline,Fiesta 80 & 90 Club Amanda (+23),,2026-08-21,20:00:00,,"Amanda EMBAJADOR DOUSSINAGUE #1767, Vitacura",Vitacura,35000,https://www.passline.com/eventos/fiesta-80-90-club-amanda
Passline,NOCHE RANCHERA CON REINA ISABEL (+18),,2026-08-21,20:00:00,,"BAR VICTORIA Av. Carlos Valdovinos 1951, Pedro Aguirre Cerda, Región Metropolitana, Chile",Pedro Aguirre Cerda,10000,https://www.passline.com/eventos/noche-ranchera-con-reina-isabel
Passline,"OBRA: Si los cerdos no miran al cielo, ¿que hacemos con ellos? (+14)",,2026-08-21,20:00:00,,"SALA CLUB DE TEATRO, CHUCRE MANZUR #10 Chucre Manzur #10",Providencia,5000,https://www.passline.com/eventos/obra-si-los-cernos-no-miran-al-cielo-que-hacemos-con-ellos-542740
Passline,RANCHO URBANO II,,2026-08-21,20:00:00,,Rancho X Club conecta las condes,Las Condes,5990,https://www.passline.com/eventos/rancho-urbano-ii
Passline,SOL MORENO EN VIVO,,2026-08-21,20:00:00,,"La chimenea Príncipe de Gales 90, Santiago, Región Metropolitana, Chile",Santiago,7000,https://www.passline.com/eventos/sol-moreno-en-vivo
Passline,STEFAN KRAMER • SHOW DE EMERGENCIA (+18),,2026-08-21,20:00:00,,CLUB CHOCOLATE ERNESTO PINTO LAGARRIGUE #192,Recoleta,15000,https://www.passline.com/eventos/stefan-kramer-show-de-emergencia-526794
Passline,The Doors / Centro Arte Alameda,,2026-08-21,20:15:00,,"Centro Arte Alameda Arturo Prat #33, Santiago",Santiago,,https://www.passline.com/eventos/the-doors-centro-arte-alameda
Passline,Aura ★ VIERNES 21 AGOSTO ★ (+24),,2026-08-21,20:30:00,,"Aura club Av Vitacura 9339, 7650069 Vitacura, Región Metropolitana, Chile",Vitacura,0,https://www.passline.com/eventos/aura-viernes-21-agosto
Passline,El Circo de Tony Caluga en Puente Alto / Vacaciones de invierno,,2026-08-21,20:30:00,,Puente Alto Avenida San Carlos 1863,Puente Alto,5000,https://www.passline.com/eventos/el-circo-de-tony-caluga-en-puente-alto-vacaciones-de-invierno-542587
Ticketplus,Audax Italiano vs Unión La Calera / Liga de Primera Mercado Libre / Fecha 20,,2026-08-21,20:30:00,,Estadio Bicentenario de La Florida,La Florida,5714,https://ticketplus.cl/events/audax-italiano-vs-union-la-calera-liga-de-primera-mercado-libre-fecha-20
Passline,GLAM LEGACY (+18),,2026-08-21,21:00:00,,CLUB AMANDA EMBAJADOR DOUSSINAGUE #1767,Vitacura,10000,https://www.passline.com/eventos/glam-legacy
Passline,Llega Marillion & Genesis en vivo en Peñalolén!,,2026-08-21,21:00:00,,"Refugio del Sol Antupirén 9401, Local A",Peñalolén,3000,https://www.passline.com/eventos/llega-marillion-genesis-en-vivo-en-penalolen
Passline,Tommi Birthday,,2026-08-21,21:00:00,,Bar Oxido Purisima 282,Recoleta,5000,https://www.passline.com/eventos/tommi-birthday
Passline,Yajaira & De Piedra - Bar de Rene´,,2026-08-21,21:00:00,,Bar de Rene Sta isabel 369,Santiago,10000,https://www.passline.com/eventos/yajaira-de-piedra-bar-de-rene
Passline,🔥💃 ¡SALSA PARTY - TRIBUTO A MARC ANTHONY EN EL CHANCHO CON CHALECO! 🕺🔥,,2026-08-21,21:00:00,,EL CHANCHO CON CHALECO AVENIDA PAJARITOS 99,Maipú,5000,https://www.passline.com/eventos/salsa-party-tributo-a-marc-anthony-en-el-chancho-con-chaleco
Passline,TECHNOBUS - 21 AGOSTO (+18),,2026-08-21,21:30:00,,TECHNOBUS TECHNOBUS,Santiago,14000,https://www.passline.com/eventos/technobus-21-agosto
Passline,DJ ROCKA EN VIVO - MIA CLUB -VIERNES 21 DE AGOSTO -22:00,,2026-08-21,22:00:00,2026-08-23,MIA CLUB ( EX 2.0 PREMIUM) Camino a San Jose de Maipo 07769,Puente Alto,0,https://www.passline.com/eventos/dj-rocka-en-vivo-mia-club-viernes-21-de-agosto-2200
Passline,La gran Magia Tropical vs Forest (+18),,2026-08-21,22:00:00,,Montañita Las Vizcachas Camino San José de Maipo 06680,Puente Alto,7000,https://www.passline.com/eventos/la-gran-magia-tropical-vs-forest
Passline,METAL IMMORTALS,,2026-08-21,22:00:00,,"Sala RBX Av. Vicuña Mackenna 1220, Ñuñoa, Región Metropolitana, Chile",Ñuñoa,2420,https://www.passline.com/eventos/metal-immortals
Passline,Rebels Presenta: Rebekah [ALL NIGHT LONG],,2026-08-21,22:00:00,,"Basel Av. Independencia 565, 8380538 Santiago, Independencia, Región Metropolitana, Chile",Santiago,10000,https://www.passline.com/eventos/rebels-presenta-rebekah-all-night-long
Passline,SOCIAL W ★ VIERNES 21 AGOSTO ★ Club Siete - Piso 4 Hotel W,,2026-08-21,22:00:00,,"Club Siete Isidora Goyenechea 3000, piso 4, 6760215 Santiago, Las Condes, Región Metropolitana, Chile",Las Condes,10000,https://www.passline.com/eventos/social-w-viernes-21-agosto-club-siete-piso-4-hotel-w
Ticketplus,Stand up-Pronóstico de risas-Viernes 21 Agosto 22:15 hrs,,2026-08-21,22:15:00,,TEATRO CACHAFAZ,Ñuñoa,11000,https://ticketplus.cl/events/stand-up-pronostico-de-risas-viernes-21-agosto-22-15-hrs
Passline,NOVA VIBES || TERRAZA ARRAYÁN || VIERNES 21 AGOSTO,,2026-08-21,22:30:00,,"Terraza Arrayan Av. Las Condes 14950, 7710041 Lo Barnechea, Región Metropolitana, Chile",Lo Barnechea,0,https://www.passline.com/eventos/nova-vibes-terraza-arrayan-viernes-21-agosto
Passline,ANDREA ZAPATA BY FRVR (+18),,2026-08-21,23:00:00,,"SALA METRONOMO Ernesto Pinto Lagarrigue 179, 8420434 Recoleta, Región Metropolitana, Chile",Recoleta,12000,https://www.passline.com/eventos/andrea-zapata-by-frvr
Passline,COCO BONGO - TEATRO ALICIA (+19),,2026-08-21,23:00:00,,"Teatro Alicia Av. Raúl Labbé 14998, 7690501 Lo Barnechea, Región Metropolitana, Chile",Lo Barnechea,10000,https://www.passline.com/eventos/coco-bongo-teatro-alicia
Passline,EVERYBODY GET UP AND DANCE (+18),,2026-08-21,23:00:00,,Espacio Cero Euclides 1204,San Miguel,6000,https://www.passline.com/eventos/everybody-get-up-and-dance
Passline,LA ÉLITE (+18),,2026-08-21,23:00:00,,La Suite Chicureo Caletera Ote General San Martín #14280,Colina,0,https://www.passline.com/eventos/la-elite-546148
Passline,MARIANO MELLINO - LA FERIA CLUB (+18),,2026-08-21,23:00:00,,"La Feria Constitución 275, 7350000 Providencia, Región Metropolitana, Chile",Providencia,9000,https://www.passline.com/eventos/mariano-mellino-la-feria-club
Passline,"PUNSH: NIOTECH - Viernes 21 Agosto, Spot Freedom (+18)",,2026-08-21,23:00:00,,"Spot Freedom Av. Recoleta 345, 8420378 Recoleta, Región Metropolitana, Chile",Recoleta,7000,https://www.passline.com/eventos/punsh-niotech-viernes-21-agosto-spot-freedom
Passline,TOM HOUSE: BOTAR LA LECHESITA (+18),,2026-08-21,23:00:00,,. Antonia López de Bello 49,Recoleta,10000,https://www.passline.com/eventos/alerta-de-incendio-en-tom-house
Passline,"VIRAL X LET´S DANCE PRESENTAN \""NOVA VIBES\"" EN TERRAZA ARRAYÁN / HOY VIERNES, 23HRS (+18)",,2026-08-21,23:00:00,,"Terraza Arrayan Av. Las Condes 14950, 7710041 Lo Barnechea, Región Metropolitana, Chile",Lo Barnechea,,https://www.passline.com/eventos/viral-x-lets-dance-presentan-nova-vibes-en-terraza-arrayan-hoy-viernes-23hrs
Passline,🌴COCO BONGO🌴 TEATRO ALICIA 💥 - VIER 21 AGOSTO - KINKI X NYX (+18),,2026-08-21,23:00:00,,"Teatro Alicia Av. Raúl Labbé 14998, 7690501 Lo Barnechea, Región Metropolitana, Chile",Lo Barnechea,0,https://www.passline.com/eventos/coco-bongo-teatro-alicia-vier-21-agosto-kinki-x-nyx
Ticketplus,CLUB ALICIA PRESENTA VIERNES A OSCURAS- 21 DE AGOSTO-23:00,,2026-08-21,23:00:00,2026-08-22,CLUB ALICIA - EX 2.0 CLUB,Lo Prado,0,https://ticketplus.cl/events/club-alicia-presenta-viernes-a-oscuras-21-de-agosto-23-00
Ticketplus,PORTOFINO Full ultrabailable ★ VIERNES 21 AGOSTO ★ Club Subterráneo (+23),,2026-08-21,23:00:00,2026-08-22,Club Subterráneo,Providencia,13200,https://ticketplus.cl/events/portofino-full-ultrabailable-viernes-21-agosto-club-subterraneo-23-2026-08-21-23-00-00-0400
Passline,Dark Machine: Suicide Commando Live (+18),,2026-08-21,23:30:00,,"Blondie Avda Liber Bernardo O`Higgins 2879, Santiago, Región Metropolitana",Santiago,10000,https://www.passline.com/eventos/dark-machine-suicide-commando-live
Passline,Eleven Divas Iconic en Illuminati #superviernes (+18),,2026-08-21,23:30:00,,"Illuminati Antonia López de Bello 131, 8420431 Recoleta, Región Metropolitana, Chile",Recoleta,10000,https://www.passline.com/eventos/eleven-divas-iconic-en-illuminati-superviernes
Passline,VIERNES DE PERREO 🔥 21 DE AGOSTO (+21),,2026-08-21,23:30:00,,"Centro el cerro Bombero Núñez 231, 8420431 Recoleta, Región Metropolitana, Chile",Recoleta,5000,https://www.passline.com/eventos/viernes-de-perreo-21-de-agosto
Passline,“21 VIERNES (+18),,2026-08-21,23:30:00,,FAUSTO Avenida Santa María 0832,Providencia,7000,https://www.passline.com/eventos/21-viernes-546019
Ticketplus,Sábado Sato 😈 Sábado 22 de Agosto en Hangar Bellavista,,2026-08-21,23:30:00,2026-08-22,HANGAR,Recoleta,4000,https://ticketplus.cl/events/sabado-sato-sabado-22-de-agosto-en-hangar-bellavista
Ticketplus,Viernes de Casita 🏠 en Caserío Fiesta Viernes 21 de Agosto en Hangar Bellavista,,2026-08-21,23:30:00,2026-08-22,HANGAR,Recoleta,4000,https://ticketplus.cl/events/viernes-de-casita-en-caserio-fiesta-viernes-21-de-agosto-en-hangar-bellavista
Ticketplus,Concierto N°15 • Appassionato,,2026-08-21,,2026-08-22,Gran Sala Sinfónica Nacional,Providencia,5500,https://ticketplus.cl/events/concierto-n-15
Passline,2da Copa Ayala Racing by Vizcachas Racing Experience,,2026-08-22,08:00:00,,Autodromo Las Vizcachas avenida san jose de maipo 05669,Puente Alto,9490,https://www.passline.com/eventos/2da-copa-ayala-racing-by-vizcachas-racing-experience
MUT — Mercado Urbano Tobalaba,Puzzlea conmigo,,2026-08-22,10:00:00,,"MUT, Piso 1: La Calle",Providencia,,https://mut.cl/es/evento/puzzlea-conmigo/
Passline,Pary Gen 2026,,2026-08-22,10:00:00,,Independencia Calle 4 Norte 33,Independencia,2000,https://www.passline.com/eventos/pary-gen-2026
Municipalidad de Independencia,Taller gratuito de cueca en Plaza Chacabuco,taller,2026-08-22,11:00:00,,Plaza Chacabuco,Independencia,0,https://www.independenciacultural.cl/2026/08/03/taller-gratuito-de-cueca-en-plaza-chacabuco/
Passline,Ada,,2026-08-22,12:00:00,,Centro Cultural Ceina Arturo Prat 33 - Santiago Centro,Santiago,5000,https://www.passline.com/eventos/ada-533916
Passline,Ada (LSCH),,2026-08-22,12:00:00,,Centro Cultural Ceina Arturo Prat 33 - Santiago Centro,Santiago,5000,https://www.passline.com/eventos/ada
Passline,La Caracol,,2026-08-22,12:00:00,,"Teatro Mori Vitacura Av. Bicentenario 3800, 7630670 Vitacura, Región Metropolitana, Chile",Vitacura,5000,https://www.passline.com/eventos/la-caracol
Passline,La Caracol (LSCH),,2026-08-22,12:00:00,,"Teatro Mori Vitacura Av. Bicentenario 3800, 7630670 Vitacura, Región Metropolitana, Chile",Vitacura,5000,https://www.passline.com/eventos/la-caracol-lsch
Passline,SANTIAGO IPA FEST (+18),,2026-08-22,12:00:00,2026-08-23,"Factoria Franklin Franklin, Santiago, Región Metropolitana, Chile",Santiago,6000,https://www.passline.com/eventos/santiago-ipa-fest
Passline,Tormenta (Valdivia),,2026-08-22,12:00:00,,"GAM - B1 Av. Alameda Libertador Bernardo O'Higgins 227, Santiago, Región Metropolitana, Chile",Santiago,5000,https://www.passline.com/eventos/tormenta-valdivia
Ticketplus,COCODRILO DANDEE - CICLO DE TÍTERES PARA LA FAMILIA 2026,,2026-08-22,12:00:00,,Teatro Azares - HUERFANOS 2146 SANTIAGO,Santiago,5600,https://ticketplus.cl/events/cocodrilo-dandee-ciclo-de-titeres-para-la-familia-2026
Passline,Deportes Recoleta vs Deportes Copiapó 2026,,2026-08-22,12:30:00,,"Estadio Municipal de Recoleta, Leonel Sánchez Av. Recoleta N° 3005",Recoleta,3000,https://www.passline.com/eventos/deportes-recoleta-vs-deportes-copiapo-2026
Municipalidad de Penalolen,Gala de Folklore 2026,música,2026-08-22,13:00:00,2026-08-23,Centro Cultural Chimkowe,Peñalolén,0,https://chimkowe.cl/gala-de-folklore-2026-reunira-a-mas-de-30-agrupaciones-en-chimkowe/
Passline,BOLIVARIANO DE BOXEO AMATEUR 🥊,,2026-08-22,13:00:00,,Gimnasio DB BOXING 🥊 Dos Oriente 8602,La Cisterna,9000,https://www.passline.com/eventos/bolivariano-de-boxeo-amateur
Passline,Gala Academia BYDA Infantil,,2026-08-22,14:00:00,,Havana Salsa Dominica 142,Recoleta,3000,https://www.passline.com/eventos/gala-academia-byda-infantil
Passline,Primer Gran Evento Madridista Oficial de Chile. Real Madrid frente al RCD Espanyol,,2026-08-22,14:30:00,,"California Cantina Las Urbinas 56, Providencia",Providencia,5000,https://www.passline.com/eventos/primer-gran-evento-madridista-oficial-de-chile-real-madrid-frente-al-rcd-espanyol
Passline,El final de la Calle Oak / Centro Arte Alameda,,2026-08-22,15:00:00,,"Centro Arte Alameda Arturo Prat #33, Santiago",Santiago,2500,https://www.passline.com/eventos/el-final-de-la-calle-oak-centro-arte-alameda-546332
Passline,El Circo de Tony Caluga en Puente Alto / Vacaciones de invierno,,2026-08-22,15:30:00,,Puente Alto Avenida San Carlos 1863,Puente Alto,5000,https://www.passline.com/eventos/el-circo-de-tony-caluga-en-puente-alto-vacaciones-de-invierno-542587
Passline,Deportes Recoleta Fem vs Colo Colo Fem,,2026-08-22,16:00:00,,Estadio Municipal de La Pintana Cdad. de México 1589,La Pintana,3000,https://www.passline.com/eventos/deportes-recoleta-fem-vs-colo-colo-fem
Passline,"El Principito, Teatro en Factoría Franklin, Especial mes del niño",,2026-08-22,16:00:00,,"Factoria Franklin Franklin, Santiago, Región Metropolitana, Chile",Santiago,5000,https://www.passline.com/eventos/el-principito-teatro-en-factoria-franklin-especial-mes-del-nino-539361
Passline,"Golden: La Guerrera K-pop, el tributo (LSCH)",,2026-08-22,16:00:00,,"Teatro Mori Recoleta Bellavista 77, 8420520 Recoleta, Región Metropolitana, Chile",Recoleta,5000,https://www.passline.com/eventos/golden-la-guerrera-kpop-el-tributo-lsch
Passline,Onheama (Brasil),,2026-08-22,16:00:00,,"Municipal de Santiago Agustinas 794, 8320229 Santiago, Región Metropolitana, Chile",Santiago,7000,https://www.passline.com/eventos/onheama-brasil-533894
Passline,Sky Sunset Winter (+18),,2026-08-22,16:00:00,,"MIRADOR SKY COSTANERA Av. Andrés Bello 2425, Providencia, Región Metropolitana, Chile",Providencia,,https://www.passline.com/eventos/sky-sunset-winter-532272
Passline,"Tappabuchi, el origen del Payaso",,2026-08-22,16:00:00,,"Teatro Mori Bellavista Constitución 183, 7520360 Providencia, Región Metropolitana, Chile",Santiago,5000,https://www.passline.com/eventos/tappabuchi-el-origen-del-payaso
Passline,Velada de Boxeo Amateur- Contra las Cuerdas 10ma edición,,2026-08-22,16:00:00,,Gimnasio Sudaka Boxing Club Av. Central Gonzalo Perez Llona #134,Maipú,7000,https://www.passline.com/eventos/velada-de-boxeo-amateur-contra-las-cuerdas-10ma-edicion
Passline,De Papel,,2026-08-22,17:00:00,,"Gam Sala N1 Av. Alameda Libertador Bernardo O\\\'Higgins 227, Santiago.",Santiago,5000,https://www.passline.com/eventos/de-papel-534579
Ticketplus,Visitas guiadas CEAC / Gran Sala Sinfónica Nacional,,2026-08-22,17:00:00,,"Centro de Extensión Artística y Cultural Universidad de Chile, Complejo Universitario VM20",Providencia,3850,https://ticketplus.cl/events/visitas-guiadas-ceac-gran-sala-sinfonica-nacional-2026-08-22-17-00-00-0400
Passline,Desconecta2 (LSCH),,2026-08-22,18:00:00,,Teatro Camilo Henriquez Amunátegui 31,Santiago,5000,https://www.passline.com/eventos/desconecta2
Passline,Pionero,,2026-08-22,18:00:00,,"GAM -N2 Av. Alameda Libertador Bernardo O'Higgins 227, Santiago, Región Metropolitana, Chile",Santiago,5000,https://www.passline.com/eventos/pionero-lsch
Ticketplus,LEGACY GRUNGE FEST 🎵 SÁBADO 22 AGOSTO ★ Club Subterráneo,,2026-08-22,18:00:00,,Club Subterraneo,Providencia,11000,https://ticketplus.cl/events/legacy-grunge-fest-sabado-22-agosto-club-subterraneo
Passline,CLASIFICATORIO MUNDIAL 2027 ▪︎ CHILE vs BAHAMAS,,2026-08-22,19:00:00,,"EDIFICIO DE LOS DEPORTES COLECTIVOS, PARQUE ESTADIO NACIONAL.",,,https://www.passline.com/eventos/clasificatorio-mundial-2027-chile-vs-bahamas
Passline,Sábado / Ciclo Ópera Prima / Centro Arte Alameda,,2026-08-22,19:00:00,,"Centro Arte Alameda Arturo Prat #33, Santiago",Santiago,1000,https://www.passline.com/eventos/sabado-ciclo-opera-prima-centro-arte-alameda
Ticketplus,FORMATO,,2026-08-22,19:00:00,,Aiquia Espacio Creativo,Providencia,9047,https://ticketplus.cl/events/formato
Ticketplus,Gustavo Santaolalla en Santiago | Masterclass,,2026-08-22,19:00:00,,Centro Cultural CA660 de la Fundación CorpArtes,Las Condes,29325,https://ticketplus.cl/events/gustavo-santaolalla-en-santiago-masterclass
Ticketplus,Show de Stand Up-Noche de comedia Intima-Sábado 22 de Agosto a las 19 hrs,,2026-08-22,19:00:00,,TEATRO CACHAFAZ,Ñuñoa,6600,https://ticketplus.cl/events/show-de-stand-up-noche-de-comedia-intima-sabado-22-de-agosto-a-las-19-hrs
Passline,AMERIKA JUNIOR Y LOS MAL PASO (+18),,2026-08-22,20:00:00,,"BAR VICTORIA Av. Carlos Valdovinos 1951, Pedro Aguirre Cerda, Región Metropolitana, Chile",Pedro Aguirre Cerda,10000,https://www.passline.com/eventos/amerikan-junior-y-los-mal-paso
Passline,Elito Revé y Charangón en Club Chocolate,,2026-08-22,20:00:00,,Club Chocolate,,,https://www.passline.com/eventos/elito-reve-y-charangon-en-club-chocolate
Passline,FÉLIX MARTIN en Santiago de Chile,,2026-08-22,20:00:00,,"SALA METRONOMO Ernesto Pinto Lagarrigue 179, 8420434 Recoleta, Región Metropolitana, Chile",Recoleta,28000,https://www.passline.com/eventos/felix-martin-en-santiago-de-chile
Passline,NAVAJA - PRIMER CORTE EN VIVO,,2026-08-22,20:00:00,,"Epicentro Huérfanos 786, 8320193 Santiago, Región Metropolitana, Chile",Santiago,12000,https://www.passline.com/eventos/navaja-primer-corte-en-vivo
Passline,"OBRA: Si los cerdos no miran al cielo, ¿que hacemos con ellos? (+14)",,2026-08-22,20:00:00,,"SALA CLUB DE TEATRO, CHUCRE MANZUR #10 Chucre Manzur #10",Providencia,5000,https://www.passline.com/eventos/obra-si-los-cernos-no-miran-al-cielo-que-hacemos-con-ellos-542740
Passline,OSCAR MANUEL EN SANTIAGO DE CHILE (+18),,2026-08-22,20:00:00,,"Discoteca La Fama Av. México 609, 8431603 Recoleta, Región Metropolitana, Chile",Recoleta,12000,https://www.passline.com/eventos/oscar-manuel-en-santiago-de-chile
Ticketplus,Show de stand up-Sabados negros-Sabado 22 de Agosto 20hrs,,2026-08-22,20:00:00,,TEATRO CACHAFAZ,Ñuñoa,8800,https://ticketplus.cl/events/show-de-stand-up-sabados-negros-sabado-22-de-agosto-20hrs
Passline,Abominable Punk Fest,,2026-08-22,20:30:00,,Bar Oxido Purisima 282,Recoleta,6000,https://www.passline.com/eventos/abominable-punk-fest
Passline,Aura ★ SABADO 22 AGOSTO ★ (+24),,2026-08-22,20:30:00,,"Aura club Av Vitacura 9339, 7650069 Vitacura, Región Metropolitana, Chile",Vitacura,0,https://www.passline.com/eventos/aura-sabado-22-agosto
Passline,Ocultos vol 1,,2026-08-22,20:30:00,,Bar Estudio Oculto Irarrazabal 3176,Ñuñoa,5000,https://www.passline.com/eventos/ocultos-vol-1
Passline,Teenage Sex and Death at Camp Miasma / Centro Arte Alameda,,2026-08-22,20:30:00,,"Centro Arte Alameda Arturo Prat #33, Santiago",Santiago,2500,https://www.passline.com/eventos/teenage-sex-and-death-at-camp-miasma-centro-arte-alameda-546328
Ticketplus,Luis Slimming / Distrito San Ignacio / 22 de Agosto / 20:30 hrs,,2026-08-22,20:30:00,,Distrito San Ignacio,San Miguel,13200,https://ticketplus.cl/events/luis-slimming-distrito-san-ignacio-22-de-agosto-20-30-hrs
Ticketplus,Show de stand up-El Club de las malas decisiones-Sabado 22 de Agosto 20:30hrs,,2026-08-22,20:30:00,,TEATRO CACHAFAZ,Ñuñoa,6600,https://ticketplus.cl/events/show-de-stand-up-el-club-de-las-malas-decisiones-sabado-22-de-agosto-20-30hrs
Passline,LED ZEPPELIN - EARLY DAYS / TRIBUTO BLACK DOG (+18),,2026-08-22,21:00:00,,CLUB AMANDA EMBAJADOR DOUSSINAGUE #1767,Vitacura,10000,https://www.passline.com/eventos/led-zeppelin-early-days-tributo-black-dog
Passline,LOS REYES DEL ZALO,,2026-08-22,21:00:00,,Peluquería Francesa Compañía 2789,Santiago,13000,https://www.passline.com/eventos/los-reyes-del-zalo
Passline,Ribo En Santiago (+18),,2026-08-22,21:00:00,,"Sala RBX Av. Vicuña Mackenna 1220, Ñuñoa, Región Metropolitana, Chile",Ñuñoa,7000,https://www.passline.com/eventos/ribo-en-santiago
Passline,RODA DE SAMBA + FISTA BRASILERA,,2026-08-22,21:30:00,,"La chimenea Príncipe de Gales 90, Santiago, Región Metropolitana, Chile",Santiago,8500,https://www.passline.com/eventos/roda-de-samba-fista-brasilera
Passline,TECHNOBUS - 22 AGOSTO (+18),,2026-08-22,21:30:00,,TECHNOBUS TECHNOBUS,Santiago,14000,https://www.passline.com/eventos/technobus-22-agosto
Passline,Tributo Silvio en Cantares Bar (+18),,2026-08-22,21:30:00,,Cantares Bar Antonia López de Bello 0175,Providencia,8000,https://www.passline.com/eventos/tributo-silvio-en-cantares-bar
Passline,200 - REGGAETÓN CLASSICS - HOTEL W - SÁBADO 22 (+20),,2026-08-22,22:00:00,,"Club Siete Isidora Goyenechea 3000, piso 4, 6760215 Santiago, Las Condes, Región Metropolitana, Chile",Las Condes,10000,https://www.passline.com/eventos/200-reggaeton-classics-hotel-w-sabado-22
Passline,ALCATRAZ (+18),,2026-08-22,22:00:00,,La Suite Chicureo Caletera Ote General San Martín #14280,Colina,0,https://www.passline.com/eventos/alcatraz
Passline,AURA CHILE | Sábado 22 de Agosto | Centro Parque,,2026-08-22,22:00:00,,Centro parque,,,https://www.passline.com/eventos/aura-chile-sabado-22-de-agosto-centro-parque
Passline,EL NUEVO SHOW DE LAS FIERAS (+17),,2026-08-22,22:00:00,,"Bar Teatro Fiebre Dardignac 0165, 7520390 Providencia, Región Metropolitana, Chile",Providencia,8000,https://www.passline.com/eventos/el-nuevo-show-de-las-fieras
Passline,KISS & SHOOT - TEATRO ALICIA 22 AGOSTO (+19),,2026-08-22,22:00:00,,"Teatro Alicia Av. Raúl Labbé 14998, 7690501 Lo Barnechea, Región Metropolitana, Chile",Lo Barnechea,10000,https://www.passline.com/eventos/kiss-shoot-teatro-alicia-22-agosto
Passline,LYON LA F FT DAIEF - CLUB MIA- SABADO 22 DE AGOSTO- 22:00,,2026-08-22,22:00:00,,CLUB MIA ( EX 2.0 PREMIUM) AV CAMINO A SAN JOSE DE MAIPO 07769,Puente Alto,0,https://www.passline.com/eventos/lyon-la-f-ft-daief-club-mia-sabado-22-de-agosto-2200
Passline,PRIMER PERREO by SAGRADO (+18),,2026-08-22,22:00:00,,Club Berlín Avenida Vicuña Mackenna 1895,Santiago,6500,https://www.passline.com/eventos/primer-perreo-by-sagrado
Passline,Pank en Happy People (+18),,2026-08-22,22:00:00,,"Teatro Happy People Rancagua 395, 7501121 Providencia, Región Metropolitana, Chile",Providencia,7000,https://www.passline.com/eventos/pank-en-happy-people-546072
Passline,★ KISS & SHOOT presenta: #SoldOUTSeries | Teatro Alicia ★ Sábado 22 Agosto ★ (+19),,2026-08-22,22:00:00,,"Teatro Alicia Av. Raúl Labbé 14998, 7690501 Lo Barnechea, Región Metropolitana, Chile",Lo Barnechea,10000,https://www.passline.com/eventos/kiss-shoot-presenta-soldoutseries-teatro-alicia-sabado-22-agosto
Ticketplus,Clubroom Presenta High BPM @ Sábado 22 Agosto,,2026-08-22,22:00:00,2026-08-23,Asuncion #426 esquina Patronato,Recoleta,5500,https://ticketplus.cl/events/clubroom-presenta-high-bpm-sabado-22-agosto
Ticketplus,Show de Stand Up- Disociados -Sabado 22 agosto 22:15 hrs,,2026-08-22,22:15:00,,TEATRO CACHAFAZ,Ñuñoa,8800,https://ticketplus.cl/events/show-de-stand-up-disociados-sabado-22-agosto-22-15-hrs
Passline,LA ODISEA LETS DANCE || TERRAZA ARRAYÁN || SÁBADO 22 AGOSTO,,2026-08-22,22:30:00,,"Terraza Arrayan Av. Las Condes 14950, 7710041 Lo Barnechea, Región Metropolitana, Chile",Lo Barnechea,0,https://www.passline.com/eventos/la-odisea-lets-dance-terraza-arrayan-sabado-22-agosto
Passline,CLTX Radikals Techno - Hellhëim (+18),,2026-08-22,23:00:00,,"SALA METRONOMO Ernesto Pinto Lagarrigue 179, 8420434 Recoleta, Región Metropolitana, Chile",Recoleta,20000,https://www.passline.com/eventos/cltx-radikals-techno-hellheim
Passline,FRANCISCO ALLENDES - LA FERIA CLUB 26 (+18),,2026-08-22,23:00:00,,"La Feria Constitución 275, 7350000 Providencia, Región Metropolitana, Chile",Providencia,9000,https://www.passline.com/eventos/francisco-allendes-la-feria-club-26
Passline,TOM HOUSE NOCHE DE CABALLEROS (+18),,2026-08-22,23:00:00,,. Antonia López de Bello 49,Recoleta,10000,https://www.passline.com/eventos/tom-house-noche-de-caballeros
Passline,ÁNIMA SABADO 22 AGOSTO (+18),,2026-08-22,23:00:00,,Hangar bellavista Santa Filomena 10,Santiago,8000,https://www.passline.com/eventos/anima-sabado-22-agosto
Ticketplus,FIESTA MACARENA - MOSTER HIGH - 22 DE AGOSTO - SPOT FREEDOM - 23:00,,2026-08-22,23:00:00,2026-08-23,Freedom,Recoleta,7840,https://ticketplus.cl/events/fiesta-macarena-moster-high-spot-freedom-23-00
Ticketplus,"LA PROFECIA - LYON LA F , DAIEF EL PROFETA - SÁBADO 22 DE AGOSTO- CLUB ALICIA-23:00",,2026-08-22,23:00:00,2026-08-23,CLUB ALICIA - EX 2.0 CLUB,Lo Prado,9200,https://ticketplus.cl/events/la-profecia-del-rey-daiel-el-profeta-ft-lyon-la-f-sabado-22-de-agosto-club-alicia-23-00
Ticketplus,LUNATICA PRESENTA: M-HIGH,,2026-08-22,23:00:00,2026-08-23,Teatro C,Vitacura,11000,https://ticketplus.cl/events/lunatica-presenta-m-high
Ticketplus,NOW© Sábado 22 Agosto © Hilaria © Chapter 4,,2026-08-22,23:00:00,2026-08-23,"Hilaria, Santiago",Huechuraba,13800,https://ticketplus.cl/events/now-sabado-22-agosto-hilaria-santiago
Ticketplus,WEEKND' DANCE Ultrabailable 🎵 SÁBADO 22 AGOSTO ★ Club Subterráneo (+23),,2026-08-22,23:00:00,2026-08-23,Club Subterráneo,Providencia,13200,https://ticketplus.cl/events/wkndance-ultrabailable-sabado-22-agosto-club-subterraneo-23
Passline,Cabaret: Dua Lipa - 4 Pistas de Baile_ (+18),,2026-08-22,23:30:00,,Blondie Alameda 2879. Local 104,Santiago,8000,https://www.passline.com/eventos/cabaret-dua-lipa-4-pistas-de-baile_
Passline,Fiesta Cumpleaños Ferxxo en Harvard Bellavista (+18),,2026-08-22,23:30:00,,Harvard Bellavista Pío Nono 148,Recoleta,0,https://www.passline.com/eventos/fiesta-cumpleanos-ferxxo-en-harvard-bellavista
Passline,ICONICOS DE LOS 2000\S (+18),,2026-08-22,23:30:00,,ESPACIO CERO EUCLIDES 1204,San Miguel,6000,https://www.passline.com/eventos/iconicos-de-los-2000s
Passline,LA PLENA 🌴 22 DE AGOSTO (+21),,2026-08-22,23:30:00,,"Centro el cerro Bombero Núñez 231, 8420431 Recoleta, Región Metropolitana, Chile",Recoleta,5000,https://www.passline.com/eventos/la-plena-22-de-agosto
Passline,SÁBADO ILLU PRIME 💎 22 Ago (+18),,2026-08-22,23:30:00,,"Illuminati Antonia López de Bello 131, 8420431 Recoleta, Región Metropolitana, Chile",Recoleta,12000,https://www.passline.com/eventos/sabado-illu-prime-22-ago
Passline,“22 SÁBADO (+18),,2026-08-22,23:30:00,,FAUSTO Avenida Santa María 0832,Providencia,7000,https://www.passline.com/eventos/22-sabado-546020
Ticketmaster,Maratón El Señor De Los Anillos,,2026-08-22,,,Teatro Oriente,Providencia,,https://www.ticketmaster.cl/event/maraton-el-senor-de-los-anillos-teatro-oriente
Ticketplus,Evento Familiar / Concierto Arrullo,,2026-08-22,,,Sala de ensayo Sinfónico-Coral Domingo Santa Cruz,Providencia,4950,https://ticketplus.cl/events/evento-familiar-concierto-arrullo
Ticketplus,"SCROLL INFINITO, ATRAPADOS POR LA VIRTUALIDAD",,2026-08-22,,2026-08-29,Teatro Azares - HUERFANOS 2146 SANTIAGO,Santiago,6720,https://ticketplus.cl/events/scroll-infinito-atrapados-por-la-virtualidad
Passline,Ada,,2026-08-23,12:00:00,,Centro Cultural Ceina Arturo Prat 33 - Santiago Centro,Santiago,5000,https://www.passline.com/eventos/ada-533916
Passline,Ada (LSCH),,2026-08-23,12:00:00,,Centro Cultural Ceina Arturo Prat 33 - Santiago Centro,Santiago,5000,https://www.passline.com/eventos/ada
Passline,La Caracol,,2026-08-23,12:00:00,,"Teatro Mori Vitacura Av. Bicentenario 3800, 7630670 Vitacura, Región Metropolitana, Chile",Vitacura,5000,https://www.passline.com/eventos/la-caracol
Passline,La Caracol (LSCH),,2026-08-23,12:00:00,,"Teatro Mori Vitacura Av. Bicentenario 3800, 7630670 Vitacura, Región Metropolitana, Chile",Vitacura,5000,https://www.passline.com/eventos/la-caracol-lsch
Passline,Onheama (Brasil),,2026-08-23,12:00:00,,"Municipal de Santiago Agustinas 794, 8320229 Santiago, Región Metropolitana, Chile",Santiago,7000,https://www.passline.com/eventos/onheama-brasil-533894
Passline,"Tappabuchi, el origen del Payaso",,2026-08-23,12:00:00,,"Teatro Mori Bellavista Constitución 183, 7520360 Providencia, Región Metropolitana, Chile",Santiago,5000,https://www.passline.com/eventos/tappabuchi-el-origen-del-payaso
Passline,"DEL DIABLO FEST VOL. 1 - TRIBUTO IRON MAIDEN SEVENTH SON, TRIBUTO MAGO DE OZ HELL CELTIAN Y BRJO NATIVO EN VIVO SALA RBX/AMSTERDAM",,2026-08-23,14:00:00,,"Sala RBX Av. Vicuña Mackenna 1220, Ñuñoa, Región Metropolitana, Chile",Ñuñoa,5000,https://www.passline.com/eventos/del-diablo-fest-vol-1-tributo-iron-maiden-seventh-son-tributo-mago-de-oz-hell-celtian-y-brjo-nativo-en-vivo-sala-rbxamsterdam
Passline,Liga Nacional de Vóleibol A4,,2026-08-23,14:00:00,,EDIFICIO DE DEPORTES CDUC Camino las flores 13000,Las Condes,2000,https://www.passline.com/eventos/liga-nacional-de-voleibol-a4
Passline,Metaru Festo,,2026-08-23,14:00:00,,"SALA METRONOMO Ernesto Pinto Lagarrigue 179, 8420434 Recoleta, Región Metropolitana, Chile",Recoleta,10000,https://www.passline.com/eventos/metaru-festo
Passline,La Misteriosa Mirada del Flamenco / Centro Arte Alameda,,2026-08-23,14:30:00,,Centro Arte Alameda Arturo Prat 33,Santiago,2000,https://www.passline.com/eventos/la-misteriosa-mirada-del-flamenco-centro-arte-alameda-546240
Passline,El Circo de Tony Caluga en Puente Alto / Vacaciones de invierno,,2026-08-23,15:30:00,,Puente Alto Avenida San Carlos 1863,Puente Alto,5000,https://www.passline.com/eventos/el-circo-de-tony-caluga-en-puente-alto-vacaciones-de-invierno-542587
Passline,El Monstruo Triste tras la Puerta Secreta,,2026-08-23,16:00:00,,"Teatro Mori Parque Arauco Av. Pdte. Kennedy 5413, piso 1, 8320000 Las Condes, Región Metropolitana, Chile",Las Condes,5000,https://www.passline.com/eventos/el-monstruo-triste-tras-la-puerta-secreta-534201
Passline,"El Principito, Teatro en Factoría Franklin, Especial mes del niño",,2026-08-23,16:00:00,,"Factoria Franklin Franklin, Santiago, Región Metropolitana, Chile",Santiago,5000,https://www.passline.com/eventos/el-principito-teatro-en-factoria-franklin-especial-mes-del-nino-539361
Passline,"Golden: La Guerrera K-pop, el tributo (LSCH)",,2026-08-23,16:00:00,,"Teatro Mori Recoleta Bellavista 77, 8420520 Recoleta, Región Metropolitana, Chile",Recoleta,5000,https://www.passline.com/eventos/golden-la-guerrera-kpop-el-tributo-lsch
Passline,Tormenta (Valdivia),,2026-08-23,16:00:00,,"GAM - B1 Av. Alameda Libertador Bernardo O'Higgins 227, Santiago, Región Metropolitana, Chile",Santiago,5000,https://www.passline.com/eventos/tormenta-valdivia
Ticketplus,Caleuchístico en Teatro CA660,,2026-08-23,16:00:00,,Centro Cultural CA660 de la Fundación CorpArtes,Las Condes,14025,https://ticketplus.cl/events/caleuchistico-en-teatro-ca660
Passline,El Gran Viaje / Centro Arte Alameda,,2026-08-23,16:30:00,,Centro Arte Alameda Arturo Prat #33,Santiago,2500,https://www.passline.com/eventos/el-gran-viaje-centro-arte-alameda-546335
Passline,De Papel,,2026-08-23,17:00:00,,"Gam Sala N1 Av. Alameda Libertador Bernardo O\\\'Higgins 227, Santiago.",Santiago,5000,https://www.passline.com/eventos/de-papel-534579
Ticketplus,9na Presentación de Alumnas Cecy Campusano,,2026-08-23,17:45:00,,Centro Cultural San Ginés,Providencia,13225,https://ticketplus.cl/events/9na-presentacion-de-alumnas-cecy-campusano
Passline,"Cecilia: Una reina, un mito.",,2026-08-23,18:00:00,,Centro Cultural Espacio Matta Av. Santa Rosa 9014,La Granja,5000,https://www.passline.com/eventos/cecilia-una-reina-un-mito
Passline,La Invitación / Centro Arte Alameda,,2026-08-23,18:00:00,,Centro Arte Alameda / Sala CEINA Arturo Prat 33b,Santiago,2500,https://www.passline.com/eventos/la-invitacion-centro-arte-alameda-546324
Passline,Pionero,,2026-08-23,18:00:00,,"GAM -N2 Av. Alameda Libertador Bernardo O'Higgins 227, Santiago, Región Metropolitana, Chile",Santiago,5000,https://www.passline.com/eventos/pionero-lsch
Passline,TOM HOUSE - DOMINGOS LECHEROS 23 AGOSTO (+18),,2026-08-23,18:00:00,,. Antonia López de Bello 49,Recoleta,10000,https://www.passline.com/eventos/tom-house-domingos-lecheros-23-agosto
Ticketplus,Ciclo de teatro-El animal que habita en mí-Domigo 23 de Agosto 18:30 hrs,,2026-08-23,18:30:00,,TEATRO CACHAFAZ,Ñuñoa,8800,https://ticketplus.cl/events/ciclo-de-teatro-el-animal-que-habita-en-mi-domigo-23-de-agosto-18-30-hrs
Passline,DoblaJam - InsertCoin 28/08 (+12),,2026-08-23,19:00:00,,Insert coin Jose domingo cañas 2306,Ñuñoa,14000,https://www.passline.com/eventos/doblajam-insertcoin-2808
Passline,Backrooms Extended / Centro Arte Alameda,,2026-08-23,20:00:00,,Centro Arte Alameda Arturo Prat #33,Santiago,2500,https://www.passline.com/eventos/backrooms-extended-centro-arte-alameda-546336
Passline,"OBRA: Si los cerdos no miran al cielo, ¿que hacemos con ellos? (+14)",,2026-08-23,20:00:00,,"SALA CLUB DE TEATRO, CHUCRE MANZUR #10 Chucre Manzur #10",Providencia,5000,https://www.passline.com/eventos/obra-si-los-cernos-no-miran-al-cielo-que-hacemos-con-ellos-542740
Ticketplus,Gustavo Santaolalla - Santiago,,2026-08-23,20:00:00,,Teatro Municipal de Santiago,Santiago,32200,https://ticketplus.cl/events/gustavo-santaolalla-santiago
Passline,FIESTA FINAL - COMPETENCIA INTERNACIONAL DE ARBITRAJE 2026 ★ DOMINGO 23 AGOSTO ★ Club Siete - Piso 4 Hotel W,,2026-08-23,21:00:00,,"Club Siete Isidora Goyenechea 3000, piso 4, 6760215 Santiago, Las Condes, Región Metropolitana, Chile",Las Condes,10000,https://www.passline.com/eventos/fiesta-final-competencia-internacional-de-arbitraje-2026-domingo-23-agosto-club-siete-piso-4-hotel-w
Passline,TECHNOBUS x THEM. (+18),,2026-08-23,21:30:00,,TECHNOBUS TECHNOBUS,Santiago,15000,https://www.passline.com/eventos/technobus-x-them
Passline,“23 DOMINGO (+18),,2026-08-23,23:30:00,,FAUSTO Avenida Santa María 0832,Providencia,6000,https://www.passline.com/eventos/23-domingo-546021
Passline,Obsesión / Centro Arte Alameda,,2026-08-24,16:00:00,,Centro Arte Alameda Arturo Prat #33,Santiago,2500,https://www.passline.com/eventos/obsesion-centro-arte-alameda-546337
Passline,La Odisea / Centro Arte Alameda,,2026-08-24,18:00:00,,Centro Arte Alameda / Sala CEINA Arturo Prat 33b,Santiago,2500,https://www.passline.com/eventos/la-odisea-centro-arte-alameda-546339
Passline,La Misteriosa Mirada del Flamenco / Centro Arte Alameda,,2026-08-25,14:30:00,,Centro Arte Alameda Arturo Prat 33,Santiago,2000,https://www.passline.com/eventos/la-misteriosa-mirada-del-flamenco-centro-arte-alameda-546240
Passline,Teenage Sex and Death at Camp Miasma / Centro Arte Alameda,,2026-08-25,16:30:00,,"Centro Arte Alameda Arturo Prat #33, Santiago",Santiago,2500,https://www.passline.com/eventos/teenage-sex-and-death-at-camp-miasma-centro-arte-alameda-546328
Passline,Elephant / Centro Arte Alameda,,2026-08-25,18:45:00,,Centro Arte Alameda/ Sala Ceina Arturo Prat 33 (B),Santiago,2500,https://www.passline.com/eventos/elephant-centro-arte-alameda
Corporacion Cultural de Vitacura,Seis al Blues: Jam Session,música,2026-08-25,19:30:00,,Sala Vitacura,Vitacura,0,https://vitacuracultura.cl/evento/seis-al-blues-jam-session/
Ticketplus,"Infinita, paisajes de Gabriela | La Llave Maestra",,2026-08-25,20:00:00,,Centro Cultural CA660 de la Fundación CorpArtes,Las Condes,16830,https://ticketplus.cl/events/infinita-paisajes-de-gabriela-la-llave-maestra
Passline,Volver al futuro / Cine Blondie en Centro Arte Alameda,,2026-08-25,20:15:00,,"Centro Arte Alameda Arturo Prat #33, Santiago",Santiago,2500,https://www.passline.com/eventos/volver-al-futuro-cine-blondie-en-centro-arte-alameda
Passline,Cine Blondie: Volver al Futuro (+16),,2026-08-25,20:30:00,,"CENTRO ARTE ALAMEDA Arturo Prat 33, 8330109 Santiago, Región Metropolitana, Chile",Santiago,12000,https://www.passline.com/eventos/cine-blondie-volver-al-futuro
Passline,NOA ★ MARTES 25 AGOSTO ★ Club Siete - Piso 4 Hotel W,,2026-08-25,22:00:00,,"Club Siete Isidora Goyenechea 3000, piso 4, 6760215 Santiago, Las Condes, Región Metropolitana, Chile",Las Condes,10000,https://www.passline.com/eventos/noa-martes-25-agosto-club-siete-piso-4-hotel-w
Ticketplus,MARTES SE SALE! ★ MARTES 25 AGOSTO ★ Club Subterráneo (+21),,2026-08-25,23:00:00,2026-08-26,Club Subterráneo,Providencia,11000,https://ticketplus.cl/events/martes-se-sale-martes-25-agosto-club-subterraneo-21
Ticketmaster,Daniel Dueñas - Despierta Tu Fuego World Tour,,2026-08-25,,,Metropolitan Santiago,Santiago,,https://www.ticketmaster.cl/event/daniel-duenas-despierta-tu-fuego-world-tour-metropolitan-santiago
Passline,Matapanki / Centro Arte Alameda,,2026-08-26,15:15:00,,Centro Arte Alameda Arturo Prat #33,Santiago,2000,https://www.passline.com/eventos/matapanki-centro-arte-alameda-546342
Passline,El final de la Calle Oak / Centro Arte Alameda,,2026-08-26,16:45:00,,"Centro Arte Alameda Arturo Prat #33, Santiago",Santiago,2500,https://www.passline.com/eventos/el-final-de-la-calle-oak-centro-arte-alameda-546332
Corporacion Cultural de Vitacura,Cine en Familia: Toy Story 4,cine,2026-08-26,17:30:00,,Sala Vitacura,Vitacura,0,https://vitacuracultura.cl/evento/cine-en-familia-toy-story-4/
Passline,Los Tetas Fiesta pregira (+18),,2026-08-26,18:00:00,,Vrava Club Av Presidente Riesco 5330 Local 104,Las Condes,20000,https://www.passline.com/eventos/los-tetas-la-despedida
Ticketplus,JAZZ CLUB 🎵 MIÉRCOLES 26 AGOSTO ★ Club Subterráneo,,2026-08-26,18:00:00,,Club Subterraneo,Providencia,0,https://ticketplus.cl/events/jazz-club-miercoles-26-agosto-club-subterraneo
Passline,Cortocircuito: Dirección de Fotografía en Centro Arte Alameda,,2026-08-26,18:45:00,,Centro Arte Alameda Arturo Prat #33,Santiago,1000,https://www.passline.com/eventos/cortocircuito-direccion-de-fotografia-en-centro-arte-alameda
Museo Benjamin Vicuna Mackenna,Objetos autobiográficos del barrio Bustamante,taller,2026-08-26,19:00:00,2026-10-21,Museo Ciudadano Vicuña Mackenna,Providencia,,https://www.museovicunamackenna.gob.cl/noticias/museo-ciudadano-vicuna-mackenna-abre-convocatoria-publicos-para-su-segundo-proceso-de
Passline,Demian The Rat Probando Quesito En Santiago !! (+16),,2026-08-26,19:00:00,,Palermo Teatro Bar José Manuel Infante 1414,Providencia,13000,https://www.passline.com/eventos/demian-the-rat-probando-quesito-en-santiago
Passline,Julie (+14),,2026-08-26,19:30:00,,"Sala 211 - Laboratorio escénico Santo domingo 711, Universidad mayor",Santiago,1500,https://www.passline.com/eventos/julie
Ticketplus,Concierto “Camino al último Vals” | Teatro CA660,,2026-08-26,19:30:00,,Centro Cultural CA660 de la Fundación CorpArtes,Las Condes,0,https://ticketplus.cl/events/concierto-camino-al-ultimo-vals-teatro-ca660
Ticketplus,PALOMA SALAS / SAN MIGUEL / CLUB SAN MIGUEL / 26 DE AGOSTO / 19:30 HRS,,2026-08-26,19:30:00,,CLUB SAN MIGUEL,San Miguel,16500,https://ticketplus.cl/events/paloma-salas-san-miguel-club-san-miguel-26-de-agosto-19-30-hrs
Passline,PANTHALASSA - Prismas de Navegación,,2026-08-26,20:00:00,,Centro Cultural Ceina Arturo Prat 33 - Santiago Centro,Santiago,0,https://www.passline.com/eventos/panthalassa-prismas-de-navegacion
Passline,Sergio Freire en Happy People (+20),,2026-08-26,20:00:00,,"Teatro Happy People Rancagua 395, 7501121 Providencia, Región Metropolitana, Chile",Providencia,10000,https://www.passline.com/eventos/sergio-freire-en-happy-people-546068
Ticketplus,Simón Campusano,,2026-08-26,20:00:00,,Teatro ICTUS,Santiago,9720,https://ticketplus.cl/events/simon-campusano-2026-08-26-20-00-00-0400
Passline,Teenage Sex and Death at Camp Miasma / Centro Arte Alameda,,2026-08-26,20:45:00,,"Centro Arte Alameda Arturo Prat #33, Santiago",Santiago,2500,https://www.passline.com/eventos/teenage-sex-and-death-at-camp-miasma-centro-arte-alameda-546328
Passline,Rodrigo Villegas en Rustiko Huechuraba (+10),,2026-08-26,21:00:00,,"Rustiko Huehuraba Av. Pedro Fontova 7853, 8600831 Huechuraba, Región Metropolitana, Chile",Huechuraba,15000,https://www.passline.com/eventos/rodrigo-villegas-en-rustiko-huechuraba
Passline,HOT CUE ★ MIÉRCOLES 26 AGOSTO ★ Club Siete - Piso 4 Hotel W,,2026-08-26,22:00:00,,"Club Siete Isidora Goyenechea 3000, piso 4, 6760215 Santiago, Las Condes, Región Metropolitana, Chile",Las Condes,10000,https://www.passline.com/eventos/hot-cue-miercoles-26-agosto-club-siete-piso-4-hotel-w
Ticketplus,PALOMA SALAS / SAN MIGUEL / CLUB SAN MIGUEL / 26 DE AGOSTO / 22:00 HRS,,2026-08-26,22:00:00,,CLUB SAN MIGUEL,San Miguel,16500,https://ticketplus.cl/events/paloma-salas-san-miguel-club-san-miguel-26-de-agosto-22-00-hrs
Ticketplus,MIÉRCOLES SE BAILA 🎵 MIÉRCOLES 26 AGOSTO ★ Club Subterráneo (+21),,2026-08-26,23:00:00,2026-08-27,Club Subterráneo,Providencia,8800,https://ticketplus.cl/events/miercoles-se-baila-miercoles-26-agosto-club-subterraneo-21
Ticketplus,VERBALIZAR - TEATRO ACCIÓN INMANENTE,,2026-08-26,,2026-08-29,TEATRO SIDARTE,Recoleta,3200,https://ticketplus.cl/events/verbalizar-teatro-accion-inmanente
Ticketplus,Mercado Libre Experience 2026,,2026-08-27,09:00:00,,Espacio Riesco,Huechuraba,15000,https://ticketplus.cl/events/mercado-libre-experience-2026
Ticketplus,Visitas guiadas CEAC / Gran Sala Sinfónica Nacional,,2026-08-27,14:00:00,,"Centro de Extensión Artística y Cultural Universidad de Chile, Complejo Universitario VM20",Providencia,3850,https://ticketplus.cl/events/visitas-guiadas-ceac-gran-sala-sinfonica-nacional-2026-08-27-14-00-00-0400
Passline,Sunset Andes Winter | Ago - 4 Edición,,2026-08-27,15:30:00,,El Colorado Centro de Ski El Colorado Centro de Ski - Terraza La Rotonda,Lo Barnechea,,https://www.passline.com/eventos/sunset-andes-winter-ago-4-edicion
Ticketplus,MARÍA Y LOS TEMPLOS ★ JUEVES 27 AGOSTO ★ Club Subterráneo,,2026-08-27,18:00:00,,Club Subterraneo,Providencia,11000,https://ticketplus.cl/events/maria-y-los-templos-jueves-27-agosto-club-subterraneo
Ticketplus,RUBIN: UNA VENTANA ÚNICA AL UNIVERSO,,2026-08-27,18:30:00,,Planetario Huechuraba,Huechuraba,0,https://ticketplus.cl/events/rubin-una-ventana-unica-al-universo
Passline,CLASES DE CUECA Y SALSA MÁS CUECAS EN VIVO 27/08 (+18),,2026-08-27,19:00:00,,"BAR VICTORIA Av. Carlos Valdovinos 1951, Pedro Aguirre Cerda, Región Metropolitana, Chile",Pedro Aguirre Cerda,0,https://www.passline.com/eventos/clases-de-cueca-y-salsa-mas-cuecas-en-vivo-2708
Passline,Sigrid y los Claveles / 27 de Agosto,,2026-08-27,19:00:00,,PICA14 / Paseo Intermodal Catorce Vicuña Mackenna Oriente 7220,La Florida,12000,https://www.passline.com/eventos/sigrid-y-los-claveles-27-de-agosto
Passline,Volare - Experiencia gastronómica (+18),,2026-08-27,19:00:00,,"Centro parque Pdte. Riesco 5330, Las Condes, Región Metropolitana, Chile",Las Condes,79990,https://www.passline.com/eventos/volare-experiencia-gastronomica-524217
Ticketplus,Manual para que no se escape un recuerdo,,2026-08-27,19:00:00,,Centro NAVE,Santiago,3300,https://ticketplus.cl/events/manual-para-que-no-se-escape-un-recuerdo-de-compania-el-3er-hombre
Passline,CLASIFICATORIO MUNDIAL 2027 ▪︎ CHILE vs USA BASKET,,2026-08-27,19:10:00,,"EDIFICIO DE LOS DEPORTES COLECTIVOS, PARQUE ESTADIO NACIONAL.",,,https://www.passline.com/eventos/clasificatorio-mundial-2027-chile-vs-usa-basket
Passline,Julie (+14),,2026-08-27,19:30:00,,"Sala 211 - Laboratorio escénico Santo domingo 711, Universidad mayor",Santiago,1500,https://www.passline.com/eventos/julie
Corporacion Cultural de Vitacura,Concierto Internacional de Cuerdas,música,2026-08-27,20:00:00,,Parroquia San Juan Apóstol,Vitacura,0,https://vitacuracultura.cl/evento/concierto-internacional-de-cuerdas/
Passline,ARRUINARSE,,2026-08-27,20:00:00,,"Teatro Fiebre Teatro Fiebre, Dardignac 0163, Providencia",Providencia,10000,https://www.passline.com/eventos/arruinarse
Passline,Bombo Fica: 40 años de humor y no me di cuenta,,2026-08-27,20:00:00,,Auditorio Caja Compensación Los Andres Padre Alonso de Ovalle #1465,Santiago,25000,https://www.passline.com/eventos/bombo-fica-40-anos-de-humor-y-no-me-di-cuenta
Passline,El Circo de Tony Caluga en Puente Alto / Vacaciones de invierno,,2026-08-27,20:00:00,,Puente Alto Avenida San Carlos 1863,Puente Alto,5000,https://www.passline.com/eventos/el-circo-de-tony-caluga-en-puente-alto-vacaciones-de-invierno-542587
Passline,"OBRA: Si los cerdos no miran al cielo, ¿que hacemos con ellos? (+14)",,2026-08-27,20:00:00,,"SALA CLUB DE TEATRO, CHUCRE MANZUR #10 Chucre Manzur #10",Providencia,5000,https://www.passline.com/eventos/obra-si-los-cernos-no-miran-al-cielo-que-hacemos-con-ellos-542740
Passline,PANTHALASSA - Prismas de Navegación,,2026-08-27,20:00:00,,Centro Cultural Ceina Arturo Prat 33 - Santiago Centro,Santiago,0,https://www.passline.com/eventos/panthalassa-prismas-de-navegacion
Passline,UN SHOW DE COMEDIA CON PEDRO RUMINOT - PAINE (+16),,2026-08-27,20:00:00,,Teatro Municipal de Paine Avenida 18 de septiembre 39,Paine,,https://www.passline.com/eventos/un-show-de-comedia-con-pedro-ruminot-paine
Passline,VOLVER A LA LEY - SESIONES 88 / 90 (+18),,2026-08-27,20:00:00,,CLUB CHOCOLATE ERNESTO PINTO LAGARRIGUE #192,Recoleta,25000,https://www.passline.com/eventos/volver-a-la-ley-sesiones-88-90
Passline,Doble Vector y Ultrazord en Vivo! (+0),,2026-08-27,21:00:00,,Rockstar Karaoke Bombero Nuñez 343,Providencia,3000,https://www.passline.com/eventos/doble-vector-y-ultrazord-en-vivo
Ticketplus,Milonga Jueves 27 Agosto 21hrs,,2026-08-27,21:00:00,2026-08-28,TEATRO CACHAFAZ,Ñuñoa,8800,https://ticketplus.cl/events/milonga-jueves-27-agosto-21hrs
Passline,Darinka González Cabezona Show Free,,2026-08-27,22:00:00,,Distrito 04 San Ignacio de Loyola 3199,San Miguel,0,https://www.passline.com/eventos/darinka-gonzalez-cabezona-show-free
Passline,Rodrigo Salinas en Happy People (+18),,2026-08-27,22:00:00,,"Teatro Happy People Rancagua 395, 7501121 Providencia, Región Metropolitana, Chile",Providencia,7000,https://www.passline.com/eventos/rodrigo-salinas-en-happy-people-546908
Passline,Yamila Reyna en Mystic Valley,,2026-08-27,22:00:00,,Mystic Valley Av. La Montaña 1957,Lampa,10000,https://www.passline.com/eventos/yamila-reyna-en-mystic-valley
Passline,​🏳️‍🌈​ FONDA MARICUECA 🇨🇱 - JUEVES 27 AGOSTO - TEATRO ALICIA (+18),,2026-08-27,22:00:00,,"Teatro Alicia Av. Raúl Labbé 14998, 7690501 Lo Barnechea, Región Metropolitana, Chile",Lo Barnechea,0,https://www.passline.com/eventos/fonda-maricueca-jueves-27-agosto-teatro-alicia-18
Ticketplus,RUMBA Full Ultrabailable ★ JUEVES 27 AGOSTO ★ Club Subterráneo (+21M & +23H),,2026-08-27,23:00:00,2026-08-28,Club Subterráneo,Providencia,11000,https://ticketplus.cl/events/rumba-full-ultrabailable-jueves-27-agosto-club-subterraneo-21m-23h
Passline,EUPHORIA • THE BIRTHDAY QUEENS (+17),,2026-08-27,23:30:00,,"Blondie Avda Liber Bernardo O`Higgins 2879, Santiago, Región Metropolitana",Santiago,3000,https://www.passline.com/eventos/euphoria-the-birthday-queens
Ticketmaster,Silvia Pérez Cruz,,2026-08-27,,,Teatro NESCAFÉ de las Artes,Providencia,,https://www.ticketmaster.cl/event/482-silvia-perez-cruz-teatro-nescafe-de-las-artes
Ticketplus,"""Convidado de piedra"" de Cía. Granitova",,2026-08-27,,2026-09-05,DETUCH,Santiago,3300,https://ticketplus.cl/events/convidado-de-piedra-de-cia-granitova
Ticketplus,CARRERA,,2026-08-27,,2026-09-13,Teatro Finis Terrae,Providencia,7946,https://ticketplus.cl/events/carrera-2026
Ticketplus,Jamás Visto,,2026-08-27,,2026-09-12,Teatro La Memoria,Providencia,5298,https://ticketplus.cl/events/jamas-visto
Ticketplus,La noche de las espaldas,,2026-08-27,,2026-09-13,TEATRO DEL PUENTE,Santiago,4238,https://ticketplus.cl/events/la-noche-de-las-espaldas-2026-08-27-19-00-00-0400
Ticketplus,NATALIA VALDEBENITO,,2026-08-27,,2026-08-29,Teatro ICTUS,Santiago,16200,https://ticketplus.cl/events/natalia-valdebenito-2026-08-27-20-00-00-0400
Passline,La gran fiesta chilena,,2026-08-28,09:00:00,,CUCA BUIN PANAMERICANA SUR KM 28 SAN BERNARDO SALIDA LOS NARAJOS,San Bernardo,10000,https://www.passline.com/eventos/la-gran-fiesta-chilena
Passline,Grey Gardens / Centro Arte Alameda,,2026-08-28,17:00:00,,"Centro Arte Alameda Arturo Prat #33, Santiago",Santiago,2000,https://www.passline.com/eventos/grey-gardens-centro-arte-alameda
MUT — Mercado Urbano Tobalaba,Concierto de Invierno,música,2026-08-28,17:30:00,,"MUT, Piso 1: La Calle",Providencia,0,https://mut.cl/es/evento/concierto-de-invierno/
Passline,El Circo de Tony Caluga en Puente Alto / Vacaciones de invierno,,2026-08-28,18:00:00,,Puente Alto Avenida San Carlos 1863,Puente Alto,5000,https://www.passline.com/eventos/el-circo-de-tony-caluga-en-puente-alto-vacaciones-de-invierno-542587
Ticketplus,DELTA ★ VIERNES 28 AGOSTO ★ Club Subterráneo,,2026-08-28,18:00:00,,Club Subterraneo,Providencia,11000,https://ticketplus.cl/events/delta-viernes-28-agosto-club-subterraneo
Ticketplus,La Previa / Concierto N° 16 • Americana 250,,2026-08-28,18:00:00,,(Foyer principal) Gran Sala Sinfónica Nacional,Providencia,0,https://ticketplus.cl/events/la-previa-concierto-n-16-americana-250
Municipalidad de Penalolen,Peña Suena en tu Barrio,música,2026-08-28,19:00:00,,"Plaza de Bolsillo, Av. Consistorial esquina Quebrada de Macul",Peñalolén,0,https://chimkowe.cl/pena-suena-en-tu-barrio-en-plaza-de-bolsillo-con-una-jornada-de-musica-en-vivo/
Passline,FADE OUT* (+21),,2026-08-28,19:00:00,,Trilab Fanor Velasco 55,Santiago,5000,https://www.passline.com/eventos/fade-out-539112
Passline,Paranoid Park / Centro Arte Alameda,,2026-08-28,19:00:00,,"Centro Arte Alameda Arturo Prat #33, Santiago",Santiago,2500,https://www.passline.com/eventos/paranoid-park-centro-arte-alameda
Passline,Pullman Xchange - El poder de la Resilencia (+18),,2026-08-28,19:00:00,,Pullman Santiago Vitacura Avenida Vitacura # 3201,Vitacura,39900,https://www.passline.com/eventos/pullman-xchange-el-poder-de-la-resilencia
Passline,Concierto Orquesta Toki Rapa Nui,,2026-08-28,19:30:00,,"Teatro Giuseppe Verdi, Scuola Italiana Avenida Camino Las Flores 12.707",Las Condes,10000,https://www.passline.com/eventos/concierto-orquesta-toki-rapa-nui
Passline,Julie (+14),,2026-08-28,19:30:00,,"Sala 211 - Laboratorio escénico Santo domingo 711, Universidad mayor",Santiago,1500,https://www.passline.com/eventos/julie
Ticketplus,Relaciones entre música y archivo. CONCIERTO-CHARLA.,,2026-08-28,19:30:00,,MATUCANA 100,Estación Central,0,https://ticketplus.cl/events/relaciones-entre-musica-y-archivo
Passline,Aguanten las cabras Vol.1,,2026-08-28,20:00:00,,Estadio Recoleta Av Recoleta #3005,Recoleta,6000,https://www.passline.com/eventos/aguanten-las-cabras-vol1
Passline,CAMISETA 22 Y CUECAS CON ANTOLOGÍA CHILENA (+18),,2026-08-28,20:00:00,,"BAR VICTORIA Av. Carlos Valdovinos 1951, Pedro Aguirre Cerda, Región Metropolitana, Chile",Pedro Aguirre Cerda,10000,https://www.passline.com/eventos/camiseta-22-y-cuecas-con-antologia-chilena
Passline,CLAUDIO VALENZUELA – GIRA ALFIN (+18),,2026-08-28,20:00:00,,CLUB AMANDA EMBAJADOR DOUSSINAGUE #1767,Vitacura,15000,https://www.passline.com/eventos/claudio-valenzuela-gira-alfin
Passline,Chile Food&Wine (+21),,2026-08-28,20:00:00,,Hotel Boutique Ladera Los Araucanos 2021 Providencia Santiago de Chile,Providencia,50000,https://www.passline.com/eventos/chile-foodwine-542907
Passline,DESPECHADOS (+18),,2026-08-28,20:00:00,,muranos resto bar san francisco 69,Santiago,5000,https://www.passline.com/eventos/despechados
Passline,El Reencuentro con Luis Boicot,,2026-08-28,20:00:00,,MD Pizzas Alameda 2145,Santiago,8000,https://www.passline.com/eventos/el-reencuentro-con-luis-boicot
Passline,LA BAND ON THE EN CONCIERTO,,2026-08-28,20:00:00,,Teatro Fiebre Dardignac 0163,Providencia,12000,https://www.passline.com/eventos/la-band-on-the-en-concierto
Passline,"OBRA: Si los cerdos no miran al cielo, ¿que hacemos con ellos? (+14)",,2026-08-28,20:00:00,,"SALA CLUB DE TEATRO, CHUCRE MANZUR #10 Chucre Manzur #10",Providencia,5000,https://www.passline.com/eventos/obra-si-los-cernos-no-miran-al-cielo-que-hacemos-con-ellos-542740
Passline,PANTHALASSA - Prismas de Navegación,,2026-08-28,20:00:00,,Centro Cultural Ceina Arturo Prat 33 - Santiago Centro,Santiago,0,https://www.passline.com/eventos/panthalassa-prismas-de-navegacion
Passline,Aura ★ VIERNES 28 AGOSTO ★ (+24),,2026-08-28,20:30:00,,"Aura club Av Vitacura 9339, 7650069 Vitacura, Región Metropolitana, Chile",Vitacura,0,https://www.passline.com/eventos/aura-viernes-28-agosto
Passline,Metal Allegiance VL 2,,2026-08-28,20:30:00,,Bar Oxido Purisima 282,Recoleta,5000,https://www.passline.com/eventos/metal-allegiance-vl-2
Ticketplus,Show de Stand Up-Mala influencia-Viernes 28 Agosto a las 20:30 hrs,,2026-08-28,20:30:00,,TEATRO CACHAFAZ,Ñuñoa,6600,https://ticketplus.cl/events/show-de-stand-up-mala-influencia-viernes-28-agosto-a-las-20-30-hrs
Passline,PRÓFUGOS: Peter Blue x Noise Mafia (+18),,2026-08-28,21:00:00,,"Complejo Industrial / Estacion Central Exposición 221, Estación Central",Estación Central,20000,https://www.passline.com/eventos/profugos-peter-blue-x-noise-mafia
Passline,"🔥🎶 ¡ CRIS IBARRA, EL RONQUITO DE LA CUMBIA! 🎶🔥",,2026-08-28,21:00:00,,EL CHANCHO CON CHALECO AVENIDA PAJARITOS 99,Maipú,5000,https://www.passline.com/eventos/cris-ibarra-el-ronquito-de-la-cumbia
Passline,TECHNOBUS - 28 AGOSTO (+18),,2026-08-28,21:30:00,,TECHNOBUS TECHNOBUS,Santiago,14000,https://www.passline.com/eventos/technobus-28-agosto
Passline,Amerikan Sound en vivo en Montañita Las Vizcachas (+18),,2026-08-28,22:00:00,,Montañita Las Vizcachas Camino San José de Maipo 06680,Puente Alto,10000,https://www.passline.com/eventos/amerikan-sound-en-vivo-en-montanita-las-vizcachas
Passline,Confesiones con La Abu,,2026-08-28,22:00:00,,Donde La Chipi Diagonal Paraguay 458,Santiago,5000,https://www.passline.com/eventos/confesiones-con-la-abu
Passline,Confesiones y Copas,,2026-08-28,22:00:00,,"Bar Teatro Fiebre Dardignac 0165, 7520390 Providencia, Región Metropolitana, Chile",Providencia,5000,https://www.passline.com/eventos/confesiones-y-copas
Passline,Joris Voorn presenta TRIP TO GALAXY,,2026-08-28,22:00:00,,Parque Titanium Avenida Costanera Sur 2710-2730,Las Condes,25000,https://www.passline.com/eventos/joris-voorn-presenta-trip-to-galaxy
Passline,Pank en Happy People (+18),,2026-08-28,22:00:00,,"Teatro Happy People Rancagua 395, 7501121 Providencia, Región Metropolitana, Chile",Providencia,7000,https://www.passline.com/eventos/pank-en-happy-people-546910
Passline,SOCIAL W ★ VIERNES 28 AGOSTO ★ Club Siete - Piso 4 Hotel W,,2026-08-28,22:00:00,,"Club Siete Isidora Goyenechea 3000, piso 4, 6760215 Santiago, Las Condes, Región Metropolitana, Chile",Las Condes,10000,https://www.passline.com/eventos/social-w-viernes-28-agosto-club-siete-piso-4-hotel-w
Passline,"🍃 INAUGURACIÓN FIESTA LA MONGA 🦍 - “Desata el gorila que llevas dentro” / VIER 28 agosto - ÑUÑOA, Santiago 📍 (+18)",,2026-08-28,22:00:00,,Fiesta LA MONGA Av vicuña Mackenna #1895,Ñuñoa,0,https://www.passline.com/eventos/inauguracion-fiesta-la-monga-desata-el-gorila-que-llevas-dentro-vier-14-agosto-nunoa-santiago
Ticketplus,Impro- Una serie de historias improvisadas-Viernes 28 Agosto 22:15 hrs,,2026-08-28,22:15:00,,TEATRO CACHAFAZ,Ñuñoa,8800,https://ticketplus.cl/events/impro-una-serie-de-historias-improvisadas-viernes-28-agosto-22-15-hrs
Passline,R.E.D (+18),,2026-08-28,23:00:00,,CLUB CLIMAX Antonia López de Bello 80,Recoleta,5000,https://www.passline.com/eventos/red
Ticketplus,PORTOFINO Full ultrabailable ★ VIERNES 28 AGOSTO ★ Club Subterráneo (+23),,2026-08-28,23:00:00,2026-08-29,Club Subterráneo,Providencia,13200,https://ticketplus.cl/events/portofino-full-ultrabailable-viernes-28-agosto-club-subterraneo-23
Passline,Skins Party - 4 Pistas de Baile* (+18),,2026-08-28,23:30:00,,"Blondie Alameda 2879, Local 104",Alhué,4000,https://www.passline.com/eventos/skins-party-4-pistas-de-baile
Ticketplus,Ciclo N°3 - Voces,,2026-08-28,,2026-09-06,Teatro Universidad de Chile,Providencia,11785,https://ticketplus.cl/events/ciclo-n-3-voces
Ticketplus,Concierto N° 16 • Americana 250,,2026-08-28,,2026-08-29,Gran Sala Sinfónica Nacional,Providencia,5500,https://ticketplus.cl/events/concierto-n-16
Ticketplus,El Inspector,,2026-08-28,,2026-08-30,"Sala Julieta, Teatro Aleph Chile",La Cisterna,4950,https://ticketplus.cl/events/el-inspector-2026-08-28-20-00-00-0400
Ticketplus,La Previa • Ballet Nacional Chileno • Ciclo N°3 - Voces (reposición),,2026-08-28,,2026-08-29,Teatro Universidad de Chile,Providencia,10714,https://ticketplus.cl/events/la-previa-ballet-nacional-chileno-ciclo-n-3-voces-reposicion
Ticketplus,SERGEJ KRYLOV Y SVETLANA KOTOVA,,2026-08-28,,,Centro Cultural CA660 de la Fundación CorpArtes,Las Condes,16584,https://ticketplus.cl/events/sergej-krylov-svetlana-kOTOVA-2025-08-28-20-00-00-0400
Passline,Lanzamiento Festival Vista Baker,,2026-08-29,09:00:00,,Kifit - Vitacura Los Abedules 3085,Vitacura,0,https://www.passline.com/eventos/lanzamiento-festival-vista-baker
Museo Benjamin Vicuna Mackenna,Museo en Calma,,2026-08-29,10:00:00,,Museo Ciudadano Vicuña Mackenna,Providencia,0,https://www.museovicunamackenna.gob.cl/noticias/museo-en-calma
Passline,3D Printer Party 2026 Dia 1,,2026-08-29,10:00:00,,"Omnium Av. Apoquindo 4900, Oficina 32, 7560973 Las Condes, Región Metropolitana, Chile",Las Condes,7000,https://www.passline.com/eventos/3d-printer-party-2026-dia-1
Passline,Latin American TAAT World Championship Chile 2026,,2026-08-29,10:00:00,2026-08-30,Aldea Encuentro Avenida alcalde Fernando Castillo Velasco #9750,La Reina,10000,https://www.passline.com/eventos/latin-american-taat-world-championship-chile-2026
Municipalidad de Penalolen,Seminario Traspaso de Experiencias Metodológicas y Producción Artística del Teatro Musical Social,taller,2026-08-29,10:30:00,,"Centro Cultural Chimkowe, Av. Grecia 8787",Peñalolén,,https://chimkowe.cl/centro-cultural-chimkowe-invita-a-un-seminario-de-teatro-musical-social-junto-a-la-compania-hermanos-ibarra-roa/
Municipalidad de Independencia,Taller gratuito de cueca en Plaza Chacabuco,taller,2026-08-29,11:00:00,,Plaza Chacabuco,Independencia,0,https://www.independenciacultural.cl/2026/08/03/taller-gratuito-de-cueca-en-plaza-chacabuco/
Corporacion Cultural de Vitacura,Sábado de Cuentacuentos,,2026-08-29,12:00:00,,Biblioteca de Vitacura,Vitacura,0,https://vitacuracultura.cl/evento/sabado-de-cuentacuentos/
Ticketplus,RAPUNZEL - CICLO DE TÍTERES PARA LA FAMILIA 2026,,2026-08-29,12:00:00,,Teatro Azares - HUERFANOS 2146 SANTIAGO,Santiago,5600,https://ticketplus.cl/events/rapunzel-ciclo-de-titeres-para-la-familia-2026
Passline,Meet and Drink La Previa (+18),,2026-08-29,14:00:00,,"Hotel Cumbres Lastarria José Victorino Lastarria 299, Santiago",Santiago,15000,https://www.passline.com/eventos/meet-and-drink-la-previa
Passline,Párense De Pies 2,,2026-08-29,15:00:00,,cultura boxing girardi 1560,Ñuñoa,2000,https://www.passline.com/eventos/parense-de-pies-2
Passline,Sonora (+20),,2026-08-29,15:00:00,,Taringuita Farellones Av El Colorado 1284,Lo Barnechea,40000,https://www.passline.com/eventos/sonora
Passline,El Circo de Tony Caluga en Puente Alto / Vacaciones de invierno,,2026-08-29,15:30:00,,Puente Alto Avenida San Carlos 1863,Puente Alto,5000,https://www.passline.com/eventos/el-circo-de-tony-caluga-en-puente-alto-vacaciones-de-invierno-542587
Passline,Peña Agrupación Folklórica Paqariy 2026,,2026-08-29,15:30:00,,Colegio Manquecura Ciudad Del Este Diego Portales #07045,Puente Alto,3000,https://www.passline.com/eventos/pena-agrupacion-folklorica-paqariy-2026
Passline,"El Principito, Teatro en Factoría Franklin, Especial mes del niño",,2026-08-29,16:00:00,,"Factoria Franklin Franklin, Santiago, Región Metropolitana, Chile",Santiago,5000,https://www.passline.com/eventos/el-principito-teatro-en-factoria-franklin-especial-mes-del-nino-539361
Passline,Sky Sunset Winter (+18),,2026-08-29,16:00:00,,"MIRADOR SKY COSTANERA Av. Andrés Bello 2425, Providencia, Región Metropolitana, Chile",Providencia,,https://www.passline.com/eventos/sky-sunset-winter-532274
Ticketplus,CRASH KIKI BALL,,2026-08-29,16:00:00,,Centro NAVE,Santiago,6600,https://ticketplus.cl/events/crash-kiki-ball
Passline,Michael is back,,2026-08-29,17:00:00,,teatro Palermo Puente Alto Concha y Toro 176,Puente Alto,12000,https://www.passline.com/eventos/michael-is-back
Ticketplus,Visitas guiadas CEAC / Gran Sala Sinfónica Nacional,,2026-08-29,17:00:00,,"Centro de Extensión Artística y Cultural Universidad de Chile, Complejo Universitario VM20",Providencia,3850,https://ticketplus.cl/events/visitas-guiadas-ceac-gran-sala-sinfonica-nacional-2026-08-29-17-00-00-0400
Passline,1er Encuentro Coral \,,2026-08-29,18:00:00,,Centro Cultural Teatro Serrano Serrano 457,Melipilla,0,https://www.passline.com/eventos/1er-encuentro-coral-melipilla-canta
Passline,Ecos De La Casa - Alex Caniulef,,2026-08-29,18:00:00,,Auditorio Sofofa Av. Andrés Bello 2777,Las Condes,10000,https://www.passline.com/eventos/ecos-de-la-casa-alex-caniulef
Passline,Moonchilds tributo a Iron Maiden en Club Hell Bar 🤘🔥,,2026-08-29,18:00:00,,Club Hell Bar Rojas Magallanes 51,La Florida,3000,https://www.passline.com/eventos/moonchilds-tributo-a-iron-maiden-en-club-hell-bar
Passline,SANTA FERIA EN MYSTIC (+15),,2026-08-29,18:00:00,,Mystic Valley Av la montaña 1957,Lampa,20000,https://www.passline.com/eventos/santa-feria-en-mystic
Passline,SO LIQUID • FREQUENCIES (+18),,2026-08-29,18:00:00,,Centro de Eventos Ora Irarrázaval #2051 / Metro Ñuñoa,Ñuñoa,8000,https://www.passline.com/eventos/so-liquid-frequencies
Ticketplus,WINE AND THE SUNSET – SANTIAGO - Sábado 29 de agosto🍷🌇,,2026-08-29,18:00:00,,Terraza Novotel Las Condes,Las Condes,5500,https://ticketplus.cl/events/wine-and-the-sunset-santiago-sabado-29-de-agosto
Ticketplus,INSOLENCIA GROOVE ★ SÁBADO 29 AGOSTO ★ Club Subterráneo,,2026-08-29,18:05:00,,Club Subterraneo,Providencia,8000,https://ticketplus.cl/events/insolencia-groove-sabado-29-agosto-club-subterraneo
Passline,CHANCES + ELNUEVEONCE + HAMADRYAS,,2026-08-29,19:00:00,,"Epicentro Huérfanos 786, 8320193 Santiago, Región Metropolitana, Chile",Santiago,8000,https://www.passline.com/eventos/chances-elnueveonce-hamadryas
Passline,COFRADIAX (+18),,2026-08-29,19:00:00,,Nasty Bar Av Vitacura 9269,Vitacura,10000,https://www.passline.com/eventos/cofradiax
Passline,Dont look back / Centro Arte Alameda,,2026-08-29,19:00:00,,"Centro Arte Alameda Arturo Prat #33, Santiago",Santiago,2000,https://www.passline.com/eventos/dont-look-back-centro-arte-alameda
Ticketplus,La Soledad de las Arañas,,2026-08-29,19:00:00,,Centro Cultural Casa Viva ARTEDUCA,Santiago,3300,https://ticketplus.cl/events/la-soledad-de-las-aranas
Ticketplus,Show de Stand Up-Pataletas-Sábado 29 de Agosto a las 19 hrs,,2026-08-29,19:00:00,,TEATRO CACHAFAZ,Ñuñoa,6600,https://ticketplus.cl/events/show-de-stand-up-pataletas-sabado-29-de-agosto-a-las-19-hrs
Passline,Lemontur,,2026-08-29,19:30:00,,"Rock Star 📍 Dónde: Bombero Núñez #343, Barrio Bellavista, Recoleta",Recoleta,5000,https://www.passline.com/eventos/lemontur
Passline,DREAM THEATER EXPERIENCE - NIGHTMARE CINEMA (+18),,2026-08-29,20:00:00,,CLUB AMANDA EMBAJADOR DOUSSINAGUE #1767,Vitacura,12000,https://www.passline.com/eventos/dream-theater-experience-nightmare-cinema
Passline,GENESIS EN SANTIAGO DE CHILE (+18),,2026-08-29,20:00:00,2026-08-31,"Discoteca La Fama Av. México 609, 8431603 Recoleta, Región Metropolitana, Chile",Recoleta,10000,https://www.passline.com/eventos/genesis-en-santiago-de-chile
Passline,GRUPO KARICIA Y CUECAS CON LOS META Y PONGA (+18),,2026-08-29,20:00:00,,"BAR VICTORIA Av. Carlos Valdovinos 1951, Pedro Aguirre Cerda, Región Metropolitana, Chile",Pedro Aguirre Cerda,10000,https://www.passline.com/eventos/grupo-karicia-y-cuecas-con-los-meta-y-ponga
Passline,Gran Final Miss Grand Chile 2026 (+10),,2026-08-29,20:00:00,,Gran Espacio Parque Walker Martínez # 2295,La Florida,39900,https://www.passline.com/eventos/gran-final-miss-grand-chile-2026
Passline,"OBRA: Si los cerdos no miran al cielo, ¿que hacemos con ellos? (+14)",,2026-08-29,20:00:00,,"SALA CLUB DE TEATRO, CHUCRE MANZUR #10 Chucre Manzur #10",Providencia,5000,https://www.passline.com/eventos/obra-si-los-cernos-no-miran-al-cielo-que-hacemos-con-ellos-542740
Passline,Obra El Chileno Agūeboniao,,2026-08-29,20:00:00,,"Teatro fiebre Dardignac 0163, 7520390 Providencia, Región Metropolitana, Chile",Providencia,12990,https://www.passline.com/eventos/obra-el-chileno-ageboniao
Passline,PANTHALASSA - Prismas de Navegación,,2026-08-29,20:00:00,,Centro Cultural Ceina Arturo Prat 33 - Santiago Centro,Santiago,0,https://www.passline.com/eventos/panthalassa-prismas-de-navegacion
Passline,Pank en Happy People (+18),,2026-08-29,20:00:00,,"Teatro Happy People Rancagua 395, 7501121 Providencia, Región Metropolitana, Chile",Providencia,7000,https://www.passline.com/eventos/pank-en-happy-people-546909
Ticketplus,EL HUASO FILOMENO / EN LA CAPITAL - SAN MIGUEL,,2026-08-29,20:00:00,,Distrito 4,San Miguel,11000,https://ticketplus.cl/events/el-huaso-filomeno-en-la-capital-san-miguel
Ticketplus,Jorge Alís-MALON - Sábado 29 Agosto 20 hrs,,2026-08-29,20:00:00,,TEATRO CACHAFAZ,Ñuñoa,19800,https://ticketplus.cl/events/jorge-alis-malon-sabado-29-agosto-20-hrs
Ticketplus,LiLLia,,2026-08-29,20:00:00,,MATUCANA 100 / MICROSALA,Estación Central,6357,https://ticketplus.cl/events/lillia
Ticketplus,SEÑAL,,2026-08-29,20:00:00,,Aiquia Espacio Creativo,Providencia,11309,https://ticketplus.cl/events/senal
Passline,Aura ★ SABADO 29 AGOSTO ★ (+24),,2026-08-29,20:30:00,,"Aura club Av Vitacura 9339, 7650069 Vitacura, Región Metropolitana, Chile",Vitacura,0,https://www.passline.com/eventos/aura-sabado-29-agosto-532210
Passline,Evil Empire V,,2026-08-29,20:30:00,,Bar Oxido Purisima 282,Recoleta,6000,https://www.passline.com/eventos/evil-empire-v
Passline,Ponte en mis zapatos - Noche de Teatro DIVINO MAIPO,,2026-08-29,20:30:00,,"DIVINO MAIPO Santelices 865, Isla de Maipo",Isla de Maipo,15000,https://www.passline.com/eventos/ponte-en-mis-zapatos-noche-de-teatro-divino-maipo
Passline,SURVENTO SONIDO LATINOAMERICANO,,2026-08-29,20:30:00,,"La chimenea Príncipe de Gales 90, Santiago, Región Metropolitana, Chile",Santiago,9500,https://www.passline.com/eventos/survento-sonido-latinoamericano
Ticketplus,Noche de máscaras - Edición invierno,,2026-08-29,20:30:00,2026-08-30,Hotel Las Majadas,Pirque,120000,https://ticketplus.cl/events/noche-de-mascaras-invierno
Ticketplus,Show de stand up-Sala de profes-Sabado 29 de Agosto 20:30hrs,,2026-08-29,20:30:00,,TEATRO CACHAFAZ,Ñuñoa,6600,https://ticketplus.cl/events/show-de-stand-up-sala-de-profes-sabado-29-de-agosto-20-30hrs
Passline,CERATI & SODA - BANDA HOMENAJE PLAN C + DJ PATO FERNÁNDEZ,,2026-08-29,21:00:00,,CLUB AMANDA,,,https://www.passline.com/eventos/cerati-soda-banda-homenaje-plan-c-dj-pato-fernandez
Passline,Evilive Tributo Misfits en Bar Clavero 46 Puente Alto,,2026-08-29,21:00:00,,Bar Clavero 46,,,https://www.passline.com/eventos/evilive-tributo-misfits-en-bar-clavero-46-puente-alto
Passline,La Noche del Roto Chileno Agosto,,2026-08-29,21:00:00,,Peluquería Francesa,,,https://www.passline.com/eventos/la-noche-del-roto-chileno-agosto
Passline,Noche de Rock - Matías Oviedo y su banda,,2026-08-29,21:00:00,,Bar Club Palestino,,,https://www.passline.com/eventos/noche-de-rock-matias-oviedo-y-su-banda
Passline,OSCAR ANDRADE - COME BACK,,2026-08-29,21:00:00,,CLUB CHOCOLATE,,,https://www.passline.com/eventos/oscar-andrade-come-back
Passline,PABLO RUIZ EN CONCIERTO - TOUR SIEMPRE JUNTOS,,2026-08-29,21:00:00,,Teatro Cariola,,,https://www.passline.com/eventos/pablo-ruiz-en-concierto-tour-siempre-juntos
Passline,Recreo de Reinas,,2026-08-29,21:00:00,,"Av. Bernardo O’Higgins 2900, Talagante",,,https://www.passline.com/eventos/recreo-de-reinas
Passline,glam metal fest,,2026-08-29,21:00:00,,Sala RBX,,,https://www.passline.com/eventos/glam-metal-fest
Passline,🎙️💥¡NOCHES DE COMEDIA EN LA PELUQUERÍA!💈,,2026-08-29,21:00:00,,Peluquería Francesa,,,https://www.passline.com/eventos/noches-de-comedia-en-la-peluqueria-542049
Passline,JIRAFAS EN KLUB KROSS,,2026-08-29,21:30:00,,Kross Bar,,,https://www.passline.com/eventos/jirafas-en-klub-kross-537679
Passline,TECHNOBUS - 29 AGOSTO,,2026-08-29,21:30:00,,TECHNOBUS,,,https://www.passline.com/eventos/technobus-29-agosto
Passline,AURA EN METRONOMO,,2026-08-29,22:00:00,,SALA METRONOMO,,,https://www.passline.com/eventos/aura-en-metronomo
Passline,CLUB 30 || SABADO 29 AGOSTO,,2026-08-29,22:00:00,,Bosque Luz,,,https://www.passline.com/eventos/club-30-sabado-29-agosto
Passline,EL SHOW DE LUIS HACHEM EN SANTIAGO,,2026-08-29,22:00:00,,DISTRITO 04,,,https://www.passline.com/eventos/el-show-de-luis-hachem-en-santiago
Passline,The Project X Volumen 4 | Centro Parque | Sábado 29 Agosto,,2026-08-29,22:00:00,,Centro parque,,,https://www.passline.com/eventos/the-project-x-volumen-4-centro-parque-sabado-29-agosto
Passline,killahz b-day,,2026-08-29,22:00:00,,Jammin' Club,,,https://www.passline.com/eventos/killahz-bday
Ticketplus,BODOQUE / TENGO OTRA IDEA - CLUB SAN MIGUEL,,2026-08-29,22:00:00,,CLUB SAN MIGUEL,San Miguel,12100,https://ticketplus.cl/events/bodoque-tengo-otra-idea-club-san-miguel
Ticketplus,Ciclo de Teatro-UNPLUG-Sábado 29 Agosto 22:00 hrs,,2026-08-29,22:00:00,,TEATRO CACHAFAZ,Ñuñoa,16500,https://ticketplus.cl/events/ciclo-de-teatro-unplug-sabado-29-agosto-22-00-hrs
Ticketplus,EXPLICITO VOL.27 - SPOT FREEDOM - SÁBADO 29 DE AGOSTO - 22:00,,2026-08-29,22:00:00,2026-08-30,Freedom,Recoleta,8960,https://ticketplus.cl/events/explicito-vol-27-spot-freedom-sabado-29-de-agosto-22-00
Passline,MIlano The Jungle,,2026-08-29,22:30:00,,,,,https://www.passline.com/eventos/milano-the-jungle
Passline,PAAX - LA FERIA CLUB,,2026-08-29,23:00:00,,La Feria,,,https://www.passline.com/eventos/paax-la-feria-club
Ticketplus,WEEKEND' DANCE Ultrabailable 🎵 SÁBADO 29 AGOSTO ★ Club Subterráneo (+23),,2026-08-29,23:00:00,2026-08-30,Club Subterráneo,Providencia,13200,https://ticketplus.cl/events/wkndance-ultrabailable-sabado-29-agosto-club-subterraneo-23
Passline,FIESTA: TA VIVO MALUCO CON LO MEJOR DEL AXÉ,,2026-08-29,23:30:00,,Porto Alegre Restaurant,,,https://www.passline.com/eventos/fiesta-ta-vivo-maluco-con-lo-mejor-del-axe
Passline,Goes To The Disco - 4 Pistas de Baile:_,,2026-08-29,23:30:00,,Blondie,,,https://www.passline.com/eventos/goes-to-the-disco-4-pistas-de-baile_
MUT — Mercado Urbano Tobalaba,Pan Comido 2026,,2026-08-29,,2026-08-30,"MUT, Piso 4: La Terraza",Providencia,,https://mut.cl/es/evento/pan-comido-2026/
Ticketplus,SERGEJ KRYLOV ¡EL VIRTUOSO DE EUROPA VUELVE A CHILE!,,2026-08-29,,2026-08-30,Centro Cultural CA660 de la Fundación CorpArtes,Las Condes,15400,https://ticketplus.cl/events/sergej-krylov-el-virtuoso-de-europa-vuelve-a-chile
Passline,Shoxx vol2,,2026-08-30,03:00:00,,Sala RBX,,,https://www.passline.com/eventos/shoxx-vol2
Passline,3D Printer Party 2026 Dia 2,,2026-08-30,10:00:00,,Omnium,,,https://www.passline.com/eventos/3d-printer-party-2026-dia-2
Passline,Elencos CEINA en Concierto,,2026-08-30,12:00:00,,Centro Cultural Ceina,,,https://www.passline.com/eventos/elencos-ceina-en-concierto
Ticketplus,Pepa en el cerro de las maravillas,,2026-08-30,12:00:00,,"Sala Julieta, Teatro Aleph Chile",La Cisterna,5500,https://ticketplus.cl/events/pepa-en-el-cerro-de-las-maravillas
Passline,El Circo de Tony Caluga en Puente Alto / Vacaciones de invierno,,2026-08-30,15:30:00,,Puente Alto Avenida San Carlos 1863,Puente Alto,5000,https://www.passline.com/eventos/el-circo-de-tony-caluga-en-puente-alto-vacaciones-de-invierno-542587
Passline,"El Principito, Teatro en Factoría Franklin, Especial mes del niño",,2026-08-30,16:00:00,,"Factoria Franklin Franklin, Santiago, Región Metropolitana, Chile",Santiago,5000,https://www.passline.com/eventos/el-principito-teatro-en-factoria-franklin-especial-mes-del-nino-539361
Passline,TOM HOUSE • CLUB FIST • 3ª EDICIÓN,,2026-08-30,17:00:00,,.,,,https://www.passline.com/eventos/tom-house-club-fist-3-edicion
Passline,FLOR DE RAP Y SUS GRANDES EXITOS,,2026-08-30,18:00:00,,DISTRITO 04,,,https://www.passline.com/eventos/flor-de-rap-y-sus-grandes-exitos
Ticketplus,Ciclo de teatro-El animal que habita en mí-Domigo 30 de Agosto 18:30 hrs,,2026-08-30,18:30:00,,TEATRO CACHAFAZ,Ñuñoa,8800,https://ticketplus.cl/events/ciclo-de-teatro-el-animal-que-habita-en-mi-domigo-30-de-agosto-18-30-hrs
Passline,ARRUINARSE,,2026-08-30,20:00:00,,"Teatro Fiebre Teatro Fiebre, Dardignac 0163, Providencia",Providencia,10000,https://www.passline.com/eventos/arruinarse
Passline,FINAL “AMIGAS & RIVALES “ 20 AÑOS,,2026-08-30,20:00:00,,TEATRO CARIOLA,,,https://www.passline.com/eventos/final-amigas-rivales-20-anos
Passline,"OBRA: Si los cerdos no miran al cielo, ¿que hacemos con ellos?",,2026-08-30,20:00:00,,"SALA CLUB DE TEATRO, CHUCRE MANZUR #10",,,https://www.passline.com/eventos/obra-si-los-cernos-no-miran-al-cielo-que-hacemos-con-ellos-542745
Passline,"OBRA: Si los cerdos no miran al cielo, ¿que hacemos con ellos? (+14)",,2026-08-30,20:00:00,,"SALA CLUB DE TEATRO, CHUCRE MANZUR #10 Chucre Manzur #10",Providencia,5000,https://www.passline.com/eventos/obra-si-los-cernos-no-miran-al-cielo-que-hacemos-con-ellos-542740
Passline,JapoñolKai Santiago,,2026-09-02,19:00:00,,Bar el Bosque,,,https://www.passline.com/eventos/japonolkai-santiago
Ticketplus,De Haydn a Mozart,,2026-09-02,19:00:00,,"Aula Magna Biblioteca, Universidad de los Andes",Las Condes,10000,https://ticketplus.cl/events/de-haydn-a-mozart
Passline,LA TRANSA PRESENTA: LANZAMIENTO NUEVO SINGLE - CAMINO AL NUEVO DISCO,,2026-09-02,19:30:00,,Teatro fiebre,,,https://www.passline.com/eventos/la-transa-presenta-lanzamiento-nuevo-single-camino-al-nuevo-disco
Ticketplus,IX Ciclo de Piano • Concierto N°5 • Fantasías,,2026-09-02,19:30:00,,Gran Sala Sinfónica Nacional,Providencia,7260,https://ticketplus.cl/events/ix-ciclo-de-piano-concierto-n-5
Passline,Castillo Ilabaca en Centro Arte Alameda,,2026-09-02,20:00:00,,CENTRO ARTE ALAMEDA,,,https://www.passline.com/eventos/castillo-ilabaca-en-centro-arte-alameda
Passline,Un Son Para Chile - Música que trasciende,,2026-09-02,20:00:00,,Centro Cultural Ceina,,,https://www.passline.com/eventos/un-son-para-chile
Ticketplus,CALUGAS - CÍA. CONEJO DE FUEGO,,2026-09-02,,2026-09-12,TEATRO SIDARTE,Recoleta,3200,https://ticketplus.cl/events/calugas-cia-conejo-de-fuego
Ticketplus,Gladys,,2026-09-02,,2026-09-12,Teatro UC,Ñuñoa,7840,https://ticketplus.cl/events/gladys-2026-07-31-15-16-00-0400
Passline,El Show de Soy Kleiii,,2026-09-03,19:00:00,,Centro Cultural Ceina,,,https://www.passline.com/eventos/el-show-de-soy-kleiii
Passline,LUNA EN LESBOS EDICIÓN ESPECIAL +38 a 50 años.,,2026-09-03,19:00:00,,Cabaret Piraña,,,https://www.passline.com/eventos/luna-en-lesbos-edicion-especial-38-a-50-anos
Passline,"Melancolía - Trepidar, Buen dia Abril y Autodefensa en vivo",,2026-09-03,19:30:00,,Bar Estudio Oculto,,,https://www.passline.com/eventos/melancolia-trepidar-buen-dia-abril-y-autodefensa-en-vivo
Passline,BIENVENIDO SEPTIEMBRE JUNTO A LOS TRICOLORES,,2026-09-03,20:00:00,,BAR VICTORIA,,,https://www.passline.com/eventos/bienvenido-septiembre-junto-a-los-tricolores
Passline,CASAPARLANTE: FiestaParlante!,,2026-09-03,20:00:00,,Alto San Francisco,,,https://www.passline.com/eventos/casaparlante-fiestaparlante
Passline,COLDPLAY • TRIBUTO UNIVERSE,,2026-09-03,20:00:00,,CLUB AMANDA,,,https://www.passline.com/eventos/coldplay-tributo-universe-545142
Passline,ENTRE COMEDIA - Un Show Extravagante,,2026-09-03,20:00:00,,Casa Irarrazaval,,,https://www.passline.com/eventos/entre-comedia-un-show-extravagante
Passline,Lanzamiento The Orbitals,,2026-09-03,20:00:00,,Kross Bar Laguna Mall Sport,,,https://www.passline.com/eventos/lanzamiento-the-orbitals
Ticketplus,Rubio en M100,,2026-09-03,20:00:00,,MATUCANA 100 / TEATRO PRINCIPAL,Estación Central,26488,https://ticketplus.cl/events/rubio-en-m100
Ticketplus,Tony “T.C” Coleman en Chile | Teatro CA660,,2026-09-03,20:00:00,,Centro Cultural CA660 de la Fundación CorpArtes,Las Condes,23375,https://ticketplus.cl/events/tony-t-c-coleman-en-chile-teatro-ca660
Ticketplus,"Doña Tina Comedy ""Nadie se Atrevió a Tanto"" con Gustavo Becerra y Mariela Montero",,2026-09-03,20:30:00,,Doña Tina,Lo Barnechea,18000,https://ticketplus.cl/events/dona-tina-comedy-nadie-se-atrevio-a-tanto-con-gustavo-becerra-y-mariela-montero
Passline,HieloNegro & Sinasilo en Mibar El lado oscuro del Rock,,2026-09-03,21:00:00,,Mibar,,,https://www.passline.com/eventos/hielonegro-sinasilo-en-mibar-el-lado-oscuro-delnrick
Passline,Inti Illimani en tu Barrio - Fiebre Bar,,2026-09-03,21:00:00,,Bar Teatro Fiebre,,,https://www.passline.com/eventos/inti-illimani-en-tu-barrio-fiebre-bar
Passline,Neociclo Redroom XXI,,2026-09-03,21:30:00,,House of rock and blues,,,https://www.passline.com/eventos/neociclo-redroom-xx
Passline,CHEFAYISSI & KAROLECAROS: en un Sailor Stand Up,,2026-09-03,22:00:00,,Teatro&Bar Happy People,,,https://www.passline.com/eventos/chefayissi-karolecaros-en-un-sailor-stand-up
Passline,Volver a La Ley - Sesiones 88/90 en Ruta 78,,2026-09-03,22:00:00,,BAR RUTA 78,,,https://www.passline.com/eventos/volver-a-la-ley-sesiones-8890-en-ruta-78
Passline,🇨🇱 PRE FIESTAS PATRIAS 🇨🇱 - JUEVES 3 SEP - TEATRO ALICIA 🌴- KINKI X NYX 💥,,2026-09-03,22:00:00,,Teatro Alicia,,,https://www.passline.com/eventos/pre-fiestas-patrias-jueves-3-sep-teatro-alicia-kinki-x-nyx
Ticketplus,Luis Slimming / El Bistro / Maipu / 3 de Septiembre / 22:00 hrs,,2026-09-03,22:00:00,,EL BISTRO,Maipú,19800,https://ticketplus.cl/events/luis-slimming-el-bistro-maipu-3-de-septiembre-22-00-hrs
Passline,SAD RAVE 020 • BRUTALISMUS 3000 EDIT,,2026-09-03,23:30:00,,Blondie,,,https://www.passline.com/eventos/sad-rave-020-brutalismus-3000-edit
Ticketplus,3° EXPO INTERNACIONAL AUTOS CHINOS EN CHILE,,2026-09-03,,2026-09-06,ExpoCenter - Espacio Riesco,Huechuraba,0,https://ticketplus.cl/events/3-expo-internacional-autos-chinos-en-chile
Ticketplus,Las Cacerolas Vacías,,2026-09-03,,2026-09-13,MATUCANA 100 / ESPACIO PATRICIO BUNSTER,Estación Central,4238,https://ticketplus.cl/events/las-cacerolas-vacias
Ticketplus,Los niños del Winnipeg,,2026-09-03,,2026-09-12,Teatro UC,Ñuñoa,7840,https://ticketplus.cl/events/los-ninos-del-winnipeg
Ticketplus,Manuel García: FIN DE GIRA PÁNICO - Gran Sala Sinfónica Nacional,,2026-09-03,,2026-09-10,Gran Sala Sinfónica Nacional,Providencia,34500,https://ticketplus.cl/events/manuel-garcia-fin-de-gira-panico-gran-sala-sinfonica-nacional
Ticketplus,No sé qué rima con te quiero,,2026-09-03,,2026-09-12,Sala Tessier,Recoleta,6720,https://ticketplus.cl/events/no-se-que-rima-con-te-quiero
Ticketplus,"Siempre encuentra casa nueva, un mueble antiguo en la basura",,2026-09-03,,2026-09-12,Teatro ICTUS,Santiago,7560,https://ticketplus.cl/events/siempre-encuentra-casa-nueva-un-mueble-antiguo-en-la-basura
Ticketplus,Vicaría,,2026-09-03,,2026-09-13,MATUCANA100/ MICROSALA,Estación Central,5298,https://ticketplus.cl/events/vicaria
Passline,"Mal Gusto, Stand Up Comedy",,2026-09-04,19:00:00,,Palermo Teatro Bar,,,https://www.passline.com/eventos/mal-gusto-stand-up-comedy
Passline,POLY DÍAZ | Stand Up Comedy - 1ra Función 04/08,,2026-09-04,19:30:00,,CLUB SAN MIGUEL,,,https://www.passline.com/eventos/poly-diaz-stand-up-comedy-1ra-funcion-0408-538656
Ticketplus,La Brígida Orquesta en el Subterraneo + 18,,2026-09-04,20:00:00,,Club Subterraneo,Providencia,18400,https://ticketplus.cl/events/la-brigida-orquesta-en-el-subterraneo-04sept2026
Ticketplus,Luis Slimming / Ruta 78 / Puente Alto / 04 de Septiembre / 20:00 hrs,,2026-09-04,20:00:00,,Bar Ruta 78,Puente Alto,16500,https://ticketplus.cl/events/luis-slimming-ruta-78-puente-alto-04-de-septiembre-20-00-hrs
Ticketplus,Y SIGO AQUIÍ...UN MUSICAL PARA RECORDAR,,2026-09-04,20:00:00,,Teatro Azares - HUERFANOS 2146 SANTIAGO,Santiago,5600,https://ticketplus.cl/events/y-sigo-aquii-un-musical-para-recordar
Ticketplus,Ciclo de teatro-Ánimas de día claro-Viernes 4 Septiembre 22:15 hrs,,2026-09-04,22:15:00,,TEATRO CACHAFAZ,Ñuñoa,8800,https://ticketplus.cl/events/ciclo-de-teatro-animas-de-dia-claro-viernes-4-septiembre-22-15-hrs
Ticketplus,El rucio de los cuchillos,,2026-09-04,,2026-10-10,Teatro Nacional Chileno,Santiago,5300,https://ticketplus.cl/events/el-rucio-de-los-cuchillos-2026-09-09-19-30-00-0300
Ticketplus,Nave del Olvido,,2026-09-04,,2026-09-06,"Sala Julieta, Teatro Aleph Chile",La Cisterna,4950,https://ticketplus.cl/events/nave-del-olvido-2026-09-04-20-00-00-0400
Municipalidad de Penalolen,Seminario Traspaso de Experiencias Metodológicas y Producción Artística del Teatro Musical Social,taller,2026-09-05,10:30:00,,"Centro Cultural Chimkowe, Av. Grecia 8787",Peñalolén,,https://chimkowe.cl/centro-cultural-chimkowe-invita-a-un-seminario-de-teatro-musical-social-junto-a-la-compania-hermanos-ibarra-roa/
Corporacion Cultural de Vitacura,Chile Lindo 2026,,2026-09-05,11:00:00,2026-09-06,Parque Bicentenario de Vitacura,Vitacura,0,https://vitacuracultura.cl/chilelindo/
Ticketplus,Aprende cueca en M100!,,2026-09-05,11:00:00,2026-09-12,MATUCANA 100,Estación Central,16952,https://ticketplus.cl/events/aprende-cueca-en-m100-2026-09-05-11-00-00-0400
MUT — Mercado Urbano Tobalaba,Día del Vino 2026,,2026-09-05,12:00:00,2026-09-06,"MUT, Piso 4: La Terraza",Providencia,,https://mut.cl/es/evento/dia-del-vino-2026/
Ticketplus,LA FONDA DE LA ABUELITA CLEMENTINA - CICLO DE TÍTERES PARA LA FAMILIA 2026,,2026-09-05,12:00:00,,Teatro Azares - HUERFANOS 2146 SANTIAGO,Santiago,4480,https://ticketplus.cl/events/la-fonda-de-la-abuelita-clementina-ciclo-de-titeres-para-la-familia-2026
Ticketplus,Concierto Sinfónico: La Subasta de Yorkshin- Réquiem (Concierto tributo a Hunter X Hunter) // 15:00 hrs,,2026-09-05,15:00:00,,Centro Cultural Ceina,Santiago,20000,https://ticketplus.cl/events/concierto-sinfonico-la-subasta-de-yorkshin-requiem-concierto-tributo-a-hunter-x-hunter-15-00-hrs
Ticketplus,"Mik y Leti, los aventureros del Hipocampo Espacial",,2026-09-05,17:00:00,,"Parroquia Nuestra Señora de Las Mercedes, Los Castaños",Vitacura,3360,https://ticketplus.cl/events/mik-y-leti-los-aventureros-del-hipocampo-espacial-2026-08-05-17-00-00-0400
Ticketplus,Mazapan | Teatro CA660,,2026-09-05,18:00:00,,Centro Cultural CA660 de la Fundación CorpArtes,Las Condes,16618,https://ticketplus.cl/events/mazapan-teatro-ca660
Ticketplus,Concierto Sinfónico: La Subasta de Yorkshin- Réquiem (Concierto tributo a Hunter X Hunter),,2026-09-05,19:00:00,,Centro Cultural Ceina,Santiago,20000,https://ticketplus.cl/events/concierto-sinfonico-la-subasta-de-yorkshin-requiem-concierto-tributo-a-hunter-x-hunter
Ticketplus,Show de Stand Up-Amigos en la ruta-Sábado 5 de Septiembre a las 19 hrs,,2026-09-05,19:00:00,,TEATRO CACHAFAZ,Ñuñoa,6600,https://ticketplus.cl/events/show-de-stand-up-amigos-en-la-ruta-sabado-5-de-septiembre-a-las-19-hrs
Ticketplus,Underground Session Chile Vol 1,,2026-09-05,20:00:00,2026-09-06,Club Isla Maipú,Maipú,28000,https://ticketplus.cl/events/urderground-session-chile-vol-1
Ticketplus,Luis Slimming / La Cisterna / Terra Restobar / 05 de Septiembre / 22:00 hrs,,2026-09-05,22:00:00,,TERRA RESTOBAR,La Cisterna,16500,https://ticketplus.cl/events/luis-slimming-la-cisterna-terra-restobar-05-de-septiembre-22-00-hrs
Municipalidad de Penalolen,Día Nacional del Circo,,2026-09-05,,,"Calle 3 #5659, Las Torres I",Peñalolén,,https://chimkowe.cl/dia-nacional-del-circo-llega-a-las-torres-i-con-una-jornada-abierta-a-toda-la-comunidad/
Ticketplus,CAZADORES DE CONSTELACIONES,,2026-09-05,,2026-10-31,Planetario Huechuraba,Huechuraba,2000,https://ticketplus.cl/events/cazadores-de-constelaciones
Ticketplus,Fundación Zella: 1er Encuentro de Big-Band,,2026-09-06,18:00:00,,MATUCANA 100 / TEATRO PRINCIPAL,Estación Central,8476,https://ticketplus.cl/events/fundacion-zella-1er-encuentro-de-big-band
Ticketplus,La Patogallina - Viaje a la Luna | Teatro CA660,,2026-09-06,18:00:00,,Centro Cultural CA660 de la Fundación CorpArtes,Las Condes,21505,https://ticketplus.cl/events/la-patogallina-viaje-a-la-luna-en-teatro-ca660-de-fundacion-corpartes
Ticketplus,DESCUBRIENDO EL UNIVERSO INVISIBLE,,2026-09-06,,2026-10-25,Planetario Huechuraba,Huechuraba,2000,https://ticketplus.cl/events/descubriendo-el-universo-invisible
Ticketplus,DevOpsDays Santiago 2026,,2026-09-08,09:00:00,2026-09-09,Centro de Extensión UC,Santiago,15000,https://ticketplus.cl/events/devopsdays-santiago-2026
Ticketplus,Taller de Clown-Prohibido hacerlo bien,,2026-09-08,10:00:00,2026-09-11,TEATRO CACHAFAZ,Ñuñoa,82500,https://ticketplus.cl/events/taller-de-clown-prohibido-hacerlo-bien
Ticketplus,FERNANDO MILAGROS,,2026-09-09,20:00:00,,Teatro ICTUS,Santiago,12960,https://ticketplus.cl/events/fernando-milagros
Ticketplus,Luis Slimming / La Dehesa / Tío Tomate / 09 de Septiembre / 21:00 hrs.,,2026-09-09,21:00:00,,TIO TOMATE,Lo Barnechea,19800,https://ticketplus.cl/events/luis-slimming-la-dehesa-tio-tomate-09-de-septiembre-21-00-hrs
Ticketplus,LLEVADOS POR EL DESEO Historias de Grindr…/Lospleimovil,,2026-09-09,,2026-09-30,Teatro Lospleimovil,Recoleta,7000,https://ticketplus.cl/events/llevados-por-el-deseo-historias-de-grindr-lospleimovil
Ticketplus,Luis Slimming / Club San Miguel / 10 de Septiembre / 19:30 hrs.,,2026-09-10,19:30:00,,Club de San Miguel,San Miguel,16500,https://ticketplus.cl/events/luis-slimming-club-san-miguel-10-de-septiembre-19-30-hrs
MUT — Mercado Urbano Tobalaba,Fiestas patrias 2026,,2026-09-10,,2026-09-20,"MUT, Piso 1: La Calle",Providencia,,https://mut.cl/es/evento/fiestas-patrias-2026/
Ticketplus,LA PÉRGOLA DE LAS FLORES,,2026-09-10,,2026-09-13,Teatro Azares - HUERFANOS 2146 SANTIAGO,Santiago,6720,https://ticketplus.cl/events/la-pergola-de-las-flores-2026-09-10-20-00-00-0300
Ticketplus,JULIUS POPPER ★ VIERNES 11 SEPTIMEBRE ★ Club Subterráneo,,2026-09-11,18:00:00,,Club Subterraneo,Providencia,8800,https://ticketplus.cl/events/julius-popper-viernes-11-septimebre-club-subterraneo
Ticketplus,SEMANA DE LA CHILENIDAD 2026,,2026-09-12,10:00:00,2026-09-20,Parque Padre Hurtado,La Reina,6571,https://ticketplus.cl/events/semana-de-la-chilenidad-2026
Municipalidad de Penalolen,Seminario Traspaso de Experiencias Metodológicas y Producción Artística del Teatro Musical Social,taller,2026-09-12,10:30:00,,"Centro Cultural Chimkowe, Av. Grecia 8787",Peñalolén,,https://chimkowe.cl/centro-cultural-chimkowe-invita-a-un-seminario-de-teatro-musical-social-junto-a-la-compania-hermanos-ibarra-roa/
Ticketplus,La Previa / Concierto Especial · Épica de Norte a Sur,,2026-09-12,18:00:00,,(Foyer principal) Gran Sala Sinfónica Nacional,Providencia,0,https://ticketplus.cl/events/la-previa-ix-ciclo-de-piano-concierto-n-5-fantasias-2026-09-12-18-00-00-0300
Ticketplus,Concierto especial · Épica de Norte a Sur,,2026-09-12,,,Gran Sala Sinfónica Nacional,Providencia,5500,https://ticketplus.cl/events/concierto-especial-2026-09-11-19-30-00-0300
Ticketplus,El Kabaret de la Última Esperanza,,2026-09-12,,2026-09-13,"Sala Julieta, Teatro Aleph Chile",La Cisterna,4950,https://ticketplus.cl/events/el-kabaret-de-la-ultima-esperanza-2026-09-11-20-00-00-0300
Ticketplus,Viva Chile Sinfónico,,2026-09-12,,,Centro Cultural CA660 de la Fundación CorpArtes,Las Condes,18700,https://ticketplus.cl/events/viva-chile-sinfonico
Ticketplus,La Gran Fonda de Chile 2026,,2026-09-17,12:00:00,2026-09-20,Parque O&#39;Higgins,Santiago,9775,https://ticketplus.cl/events/la-gran-fonda-de-chile-2026
Ticketplus,"STRONG FST - CIRCUS: SELVA, TOBY & MACARENA - SPOT FREEDOM - 22:00 - 18 DE SEPTIEMBRE",,2026-09-18,22:00:00,2026-09-19,Freedom,Recoleta,13440,https://ticketplus.cl/events/strong-enough-circus-selva-toby-spot-freedom-22-00-18-de-septiembre
Ticketplus,FONDA SUBTE 2026 ★ VIERNES 18 SEPTIEMBRE ★ Club Subterráneo,,2026-09-18,23:00:00,2026-09-19,Club Subterraneo,Providencia,16500,https://ticketplus.cl/events/fonda-subte-2026-viernes-18-septiembre-club-subterraneo
Ticketplus,Fonda Plaza 18,,2026-09-18,,2026-09-20,Mallplaza Norte,Huechuraba,16499,https://ticketplus.cl/events/fonda-plaza-18
Ticketplus,Copa davis Chile vs España (CONTENEDOR),,2026-09-19,10:00:00,2026-09-20,Court Central Anita Lizana,Ñuñoa,0,https://ticketplus.cl/events/copa-davis-chile-vs-espana-contenedor
Ticketplus,FONDA SUBTE 2026 ★ SÁBADO 19 SEPTIEMBRE ★ Club Subterráneo,,2026-09-19,23:00:00,2026-09-20,Club Subterraneo,Providencia,16500,https://ticketplus.cl/events/fonda-subte-2026-sabado-19-septiembre-club-subterraneo
Ticketplus,⭐️ PEDRO PASTOR en CHILE - 10 locos años descalzos ⭐️,,2026-09-22,18:00:00,,Club Subterraneo,Providencia,27500,https://ticketplus.cl/events/pedro-pastor-en-chile-10-locos-anos-descalzos
Ticketplus,INTERESTELAR,,2026-09-23,,2026-09-26,Teatro La Memoria,Providencia,5298,https://ticketplus.cl/events/interestelar
Ticketplus,ASTRONAUTIKO ★ JUEVES 24 SEPTIEMBRE ★ Club Subterráneo,,2026-09-24,18:05:00,,Club Subterraneo,Providencia,8800,https://ticketplus.cl/events/astronautiko-jueves-24-septiembre-club-subterraneo
Ticketplus,"VACACIONES DE SUS HIJOS, Stand Up Comedy",,2026-09-24,20:00:00,,Teatro Universidad de Chile,Providencia,43700,https://ticketplus.cl/events/vacaciones-de-sus-hijos-stand-up-comedy
Ticketplus,Milonga Jueves 24 Septiembre 21hrs,,2026-09-24,21:00:00,2026-09-25,TEATRO CACHAFAZ,Ñuñoa,8800,https://ticketplus.cl/events/milonga-jueves-24-septiembre-21hrs
Ticketplus,Recital de Piano Beatrice Berthold | CA660 Las Condes,,2026-09-24,,,Centro Cultural CA660 de la Fundación CorpArtes,Las Condes,14960,https://ticketplus.cl/events/recital-de-piano-beatrice-berthold-ca660-las-condes-2026-09-24-20-00-00-0300
Ticketplus,Fuera de Foco Fest 2000,,2026-09-25,17:00:00,2026-09-26,MATUCANA 100 / EXPLANADA,Estación Central,10595,https://ticketplus.cl/events/fuera-de-foco-fest-2000
Ticketplus,La Previa / Concierto N°17 • Cuerdas Tempestuosas,,2026-09-25,18:00:00,,(Foyer principal) Gran Sala Sinfónica Nacional,Providencia,0,https://ticketplus.cl/events/la-previa-concierto-n-17-cuerdas-tempestuosas
Ticketplus,ANIMAS DE DÍA CLARO,,2026-09-25,20:00:00,,Teatro Azares - HUERFANOS 2146 SANTIAGO,Santiago,5600,https://ticketplus.cl/events/animas-de-dia-claro-2026-09-25-20-00-00-0300
Ticketplus,Casino 21 años,,2026-09-25,20:00:00,,MATUCANA 100 / ESPACIO PATRICIO BUNSTER,Estación Central,12714,https://ticketplus.cl/events/casino-21-anos
Ticketmaster,La Winter Party by Yeet,,2026-09-25,,,Metropolitan Santiago,Santiago,,https://www.ticketmaster.cl/event/la-winter-party-by-yeet-metropolitan-santiago
Ticketplus,Concierto N.° 17 • Cuerdas Tempestuosas,,2026-09-25,,2026-09-26,Gran Sala Sinfónica Nacional,Providencia,5500,https://ticketplus.cl/events/concierto-n-17
Ticketplus,Concierto de Aranjuez & Luis Orlandini | CA660 Las Condes,,2026-09-25,,,Centro Cultural CA660 de la Fundación CorpArtes,Las Condes,18700,https://ticketplus.cl/events/concierto-de-aranjuez-luis-orlandini-ca660-las-condes
Ticketplus,FFL HYBRID RACE EDITION 3,,2026-09-26,08:00:00,,Centro de Deportes de Contacto Parque Estadio Nacional,Ñuñoa,6000,https://ticketplus.cl/events/ffl-series-3-hybrid-race
Municipalidad de Penalolen,Seminario Traspaso de Experiencias Metodológicas y Producción Artística del Teatro Musical Social,taller,2026-09-26,10:30:00,,"Centro Cultural Chimkowe, Av. Grecia 8787",Peñalolén,,https://chimkowe.cl/centro-cultural-chimkowe-invita-a-un-seminario-de-teatro-musical-social-junto-a-la-compania-hermanos-ibarra-roa/
Ticketplus,UN DIECIOCHO CON MI PRIMO HILARIO- CICLO DE TÍTERES PARA LA FAMILIA 2026,,2026-09-26,12:00:00,,Teatro Azares - HUERFANOS 2146 SANTIAGO,Santiago,4480,https://ticketplus.cl/events/un-dieciocho-con-mi-primo-hilario-ciclo-de-titeres-para-la-familia-2026
Ticketplus,Festival Neutral 2026,,2026-09-26,15:00:00,2026-09-27,MATUCANA 100,Estación Central,10595,https://ticketplus.cl/events/festival-neutral-2026
Ticketplus,LA REMOLIENDA,,2026-09-26,20:00:00,,Teatro Azares - HUERFANOS 2146 SANTIAGO,Santiago,5600,https://ticketplus.cl/events/la-remolienda-2026-09-26-20-00-00-0300
Ticketplus,Black Dog - ⁠The Led Zeppelin Experiencie,,2026-09-26,22:00:00,2026-09-27,Bar Ruta 78,Puente Alto,10000,https://ticketplus.cl/events/black-dog-the-led-zeppelin-experiencie
Ticketplus,Francisca Valenzuela - Maldita Tour - Gran Sala Sinfónica Nacional Universidad de Chile Santiago 27 de Septiembre,,2026-09-27,20:00:00,,Gran Sala Sinfonica,Providencia,23000,https://ticketplus.cl/events/francisca-valenzuela-maldita-tour-teatro-sinfonico-universidad-de-chile-santiago-27-de-septiembre
Ticketmaster,Robbie Williams - Britpop World Tour,,2026-09-27,,,Estadio Bicentenario La Florida,La Florida,,https://www.ticketmaster.cl/event/robbie-williams-2026
Ticketplus,Educando a Rita | CA660 Las Condes,,2026-09-27,,,Centro Cultural CA660 de la Fundación CorpArtes,Las Condes,21505,https://ticketplus.cl/events/educando-a-rita-ca660-las-condes
Ticketplus,Réquiem de Fauré,,2026-09-30,19:00:00,,Salón de Honor Álvaro del Portillo,Las Condes,10000,https://ticketplus.cl/events/requiem-de-faure
Ticketplus,HILDA PEÑA,,2026-10-01,,2026-10-10,Teatro La Memoria,Providencia,6357,https://ticketplus.cl/events/hilda-pena-2026-10-01-20-00-00-0300
Ticketplus,AMBKOR - GIRA 2026 ★ VIERNES 02 OCTUBRE ★ Club Subterráneo,,2026-10-02,18:00:00,,Club Subterraneo,Providencia,39600,https://ticketplus.cl/events/ambkor-gira-2026-viernes-02-octubre-club-subterraneo
Ticketplus,Joshua Redman Quartet en Chile 2026,,2026-10-02,20:15:00,,Teatro Universidad de Chile,Providencia,23000,https://ticketplus.cl/events/joshua-redman-quartet-en-chile-2026
Ticketplus,Concierto especial • Canto para una semilla,,2026-10-02,,2026-10-03,Gran Sala Sinfónica Nacional,Providencia,8250,https://ticketplus.cl/events/concierto-especial-natalicio-violeta
Ticketplus,Unipersonal e Intransferible,,2026-10-02,,2026-10-04,"Sala Julieta, Teatro Aleph Chile",La Cisterna,4950,https://ticketplus.cl/events/unipersonal-e-intransferible-2026-10-02-20-00-00-0300
Municipalidad de Penalolen,Seminario Traspaso de Experiencias Metodológicas y Producción Artística del Teatro Musical Social,taller,2026-10-03,10:30:00,,"Centro Cultural Chimkowe, Av. Grecia 8787",Peñalolén,,https://chimkowe.cl/centro-cultural-chimkowe-invita-a-un-seminario-de-teatro-musical-social-junto-a-la-compania-hermanos-ibarra-roa/
Ticketplus,Rap al estadio - Vol. II,,2026-10-03,12:00:00,,Estadio Cordep La Florida,La Florida,9200,https://ticketplus.cl/events/rap-al-estadio-vol-ii
Ticketplus,Laboratorio vocal-La lengua y tú voz,,2026-10-03,14:30:00,2026-10-31,TEATRO CACHAFAZ,Ñuñoa,11000,https://ticketplus.cl/events/laboratorio-vocal-la-lengua-y-tu-voz
Ticketplus,Cristóbal Avendaño & Silvia Moreno Ensamble en M100,,2026-10-03,17:00:00,,MATUCANA 100,Estación Central,6357,https://ticketplus.cl/events/cristobal-avendano-silvia-moreno-ensamble-en-m100
Ticketplus,ENGAÑANDO A MURPHY ★ SÁBADO 03 OCTUBRE ★ Club Subterráneo,,2026-10-03,18:00:00,,Club Subterraneo,Providencia,8800,https://ticketplus.cl/events/enganando-a-murphy-sabado-03-octubre-club-subterraneo
Ticketplus,Caserio x Gallery,,2026-10-03,22:00:00,2026-10-04,MATUCANA 100 / EXPLANADA,Estación Central,6357,https://ticketplus.cl/events/caserio-x-gallery
Ticketplus,Oktoberfest Club Deportivo Manquehue 2026,,2026-10-03,,2026-10-04,Club Deportivo Manquehue,Vitacura,5595,https://ticketplus.cl/events/oktoberfest-club-manquehue-2026
Ticketplus,Concierto Internacional de Conmemoración de los 50 años de historia de la Fundación Beethoven,,2026-10-04,19:00:00,,Gran Sala Sinfónica Nacional,Providencia,39900,https://ticketplus.cl/events/concierto-internacional-de-conmemoracion-de-los-50-anos-de-historia-de-la-fundacion-beethoven
Ticketmaster,Country Road Sessions,,2026-10-04,,,Metropolitan Santiago,Santiago,,https://www.ticketmaster.cl/event/country-road-sessions-metropolitan-santiago
Ticketplus,La Cenicienta. Mi primera ópera | Teatro CA660,,2026-10-04,,,Centro Cultural CA660 de la Fundación CorpArtes,Las Condes,15895,https://ticketplus.cl/events/la-cenicienta-mi-primera-opera-teatro-ca660
Ticketplus,Recital de piano Edith Fischer | CA660 Las Condes,,2026-10-06,,,Centro Cultural CA660 de la Fundación CorpArtes,Las Condes,14960,https://ticketplus.cl/events/recital-de-piano-edith-fischer-ca660-las-condes-2026-10-06-20-00-00-0300-2026-10-06-21-25-00-0300
Ticketplus,II Ciclo de Música de Cámara - Concierto N°5,,2026-10-07,19:30:00,,Gran Sala Sinfónica Nacional,Providencia,7260,https://ticketplus.cl/events/ii-ciclo-de-musica-de-camara-concierto-n-5
Ticketplus,People Day by BUK 2026,,2026-10-08,08:30:00,,Club Santiago Paperchase,Huechuraba,140000,https://ticketplus.cl/events/people-day-by-buk-2026
Ticketplus,Inundaremos presenta: tanquemante,,2026-10-08,20:00:00,,MATUCANA 100 / ESPACIO PATRICIO BUNSTER,Estación Central,6357,https://ticketplus.cl/events/inundaremos-presenta-tanquemante
Ticketplus,La Previa / Concierto N°18 • Resplandor melódico,,2026-10-09,18:00:00,,(Foyer principal) Gran Sala Sinfónica Nacional,Providencia,0,https://ticketplus.cl/events/la-previa-concierto-n-18-resplandor-melodico
Ticketplus,Floresalegría + Gomitas Ácidas: una tocata documental,,2026-10-09,20:00:00,,MATUCANA 100 / ESPACIO PATRICIO BUNSTER,Estación Central,3200,https://ticketplus.cl/events/floresalegria-gomitas-acidas-una-tocata-documental
Ticketplus,Roberto Bravo | Teatro CA660,,2026-10-09,20:00:00,,Centro Cultural CA660 de la Fundación CorpArtes,Las Condes,19550,https://ticketplus.cl/events/roberto-bravo-teatro-ca660
Ticketplus,Circo Morgue,,2026-10-09,,2026-10-11,"Sala Julieta, Teatro Aleph Chile",La Cisterna,4950,https://ticketplus.cl/events/circo-morgue-2026-10-09-20-00-00-0300
Ticketplus,Concierto N°18 • Resplandor melódico,,2026-10-09,,2026-10-10,Gran Sala Sinfónica Nacional,Providencia,5500,https://ticketplus.cl/events/concierto-n-18
Ticketplus,Ineino visita la capital: Lanzamiento de la Nueva Ola,,2026-10-10,18:00:00,,MATUCANA 100 / ESPACIO PATRICIO BUNSTER,Estación Central,6357,https://ticketplus.cl/events/ineino-visita-la-capital-lanzamiento-de-la-nueva-ola
Ticketplus,Niños del Cerro + Invitados,,2026-10-12,17:00:00,,MATUCANA 100 / EXPLANADA,Estación Central,10595,https://ticketplus.cl/events/ninos-del-cerro-invitados
Ticketplus,IX Ciclo de Piano • Concierto N°6 • Preludios,,2026-10-14,19:30:00,,Gran Sala Sinfónica Nacional,Providencia,7260,https://ticketplus.cl/events/ix-ciclo-de-piano-concierto-n-6
Ticketmaster,BTS - World Tour ARIRANG in Santiago,,2026-10-14,,2026-10-17,Estadio Nacional Julio Martínez Prádanos,Ñuñoa,,https://www.ticketmaster.cl/event/bts-world-tour-arirang-live-2026-scl
Ticketplus,Razones para no morir,,2026-10-14,,2026-10-24,Teatro Nacional Chileno,Santiago,5300,https://ticketplus.cl/events/razones-para-no-morir-2026-10-14-19-30-00-0300
Ticketplus,BLACKDALI ★ VIERNES 16 OCTUBRE ★ Club Subterráneo,,2026-10-16,18:00:00,,Club Subterraneo,Providencia,33000,https://ticketplus.cl/events/blackdali-viernes-16-octubre-club-subterraneo
Ticketplus,"Entre Periferia, Puerto y Chispop: Niña Carolo + Chimonos Chimonos + Metalengua",,2026-10-16,22:00:00,2026-10-17,MATUCANA 100 / EXPLANADA,Estación Central,9536,https://ticketplus.cl/events/entre-periferia-puerto-y-chispop-nina-carolo-chimonos-chimonos-metalengua
Ticketplus,Concierto Familiar • Carnaval musical,,2026-10-16,,2026-10-17,Gran Sala Sinfónica Nacional,Providencia,8250,https://ticketplus.cl/events/concierto-familiar-educativo-4
Ticketplus,Útero,,2026-10-16,,2026-10-18,"Sala Julieta, Teatro Aleph Chile",La Cisterna,4950,https://ticketplus.cl/events/utero-2026-10-16-20-00-00-0300
Ticketplus,Danor Quinteros & Seolhwa Kim | Concierto a dos pianos,,2026-10-19,,,Centro Cultural CA660 de la Fundación CorpArtes,Las Condes,14960,https://ticketplus.cl/events/danor-quinteros-seolhwa-kim-concierto-a-dos-pianos
Ticketplus,La Previa / Concierto N°19 • Lo sagrado y lo monumental,,2026-10-23,18:00:00,,(Foyer principal) Gran Sala Sinfónica Nacional,Providencia,0,https://ticketplus.cl/events/la-previa-concierto-n-19-lo-sagrado-y-lo-monumental
Ticketplus,PIPA BARBATO EN CHILE / HAPPY PEOPLE 23 OCT,,2026-10-23,20:00:00,,HAPPY PEOPLE PISO 2,Providencia,13200,https://ticketplus.cl/events/pipa-barbato-en-chile-happy-people-23-oct
Ticketplus,ABBA The History – Sinfónico,,2026-10-23,,2026-10-25,Centro Cultural CA660 de la Fundación CorpArtes,Las Condes,27500,https://ticketplus.cl/events/abba-the-history-sinfonico
Ticketplus,Concierto N°19 • Lo sagrado y lo monumental,,2026-10-23,,2026-10-24,Gran Sala Sinfónica Nacional,Providencia,5500,https://ticketplus.cl/events/concierto-n-19
Ticketplus,Lobo,,2026-10-23,,2026-10-25,"Sala Julieta, Teatro Aleph Chile",La Cisterna,4950,https://ticketplus.cl/events/lobo-2026-10-23-20-00-00-0300
Ticketplus,MENTOREZ III,,2026-10-24,14:00:00,,Hilaria,Huechuraba,46000,https://ticketplus.cl/events/mentorezIII
Ticketmaster,Festival Bamba,,2026-10-24,,2026-10-25,Parque O'Higgins,Santiago,,https://www.ticketmaster.cl/event/festival-bamba-2026
Ticketplus,Mentes Empoderan Mentes,,2026-10-25,10:00:00,,Sala omnium,Las Condes,38500,https://ticketplus.cl/events/mentes-empoderan-mentes
Ticketmaster,La Sole - Picante Pero Feliz,,2026-10-26,,,Teatro NESCAFÉ de las Artes,Providencia,,https://www.ticketmaster.cl/event/488-la-sole-picante-pero-feliz
Ticketplus,VVV [Trippin’ you],,2026-10-28,20:00:00,,MATUCANA 100 / EXPLANADA,Estación Central,12714,https://ticketplus.cl/events/vvv-trippin-you
Ticketplus,La casa de Bernarda Alba,,2026-10-28,,2026-10-31,Teatro Nacional Chileno,Santiago,5300,https://ticketplus.cl/events/la-casa-de-bernarda-alba-2026-10-28-19-30-00-0300
Ticketplus,"Lanzamiento de ""El Hambre y las Ganas de Comer"" - La Estrategia del Caracol + Cámara Chilena de la Destrucción",,2026-10-30,20:00:00,,MATUCANA 100 / ESPACIO PATRICIO BUNSTER,Estación Central,6357,https://ticketplus.cl/events/lanzamiento-de-el-hambre-y-las-ganas-de-comer-la-estrategia-del-caracol-camara-chilena-de-la-destruccion
Ticketplus,ToyCon Chile 2026,,2026-10-31,10:00:00,2026-11-01,Estación Mapocho,Santiago,10000,https://ticketplus.cl/events/toycon-chile-2026
Ticketmaster,Iron Maiden - Run For Your Lives World Tour 2026,,2026-10-31,,2026-11-01,Estadio Nacional Julio Martínez Prádanos,Ñuñoa,,https://www.ticketmaster.cl/event/iron-maiden-run-for-your-lives-scl-2026
Ticketplus,Johann Strauss: El Rey del Vals en el Tiempo,,2026-10-31,,,Centro Cultural CA660 de la Fundación CorpArtes,Las Condes,33000,https://ticketplus.cl/events/johann-strauss-el-rey-del-vals-en-el-tiempo-31-10-2026
Ticketplus,THE CROWN EXPERIENCE,,2026-11-01,00:00:00,2026-11-30,Santiago de Chile,Santiago,27500,https://ticketplus.cl/events/the-crown-experience
Ticketplus,TechAI Summit 2026,,2026-11-03,08:30:00,,CasaPiedra,Las Condes,82500,https://ticketplus.cl/events/techai-summit-2026
Ticketplus,II Ciclo de Música de Cámara - Concierto N°6,,2026-11-04,19:30:00,,Gran Sala Sinfónica Nacional,Providencia,7260,https://ticketplus.cl/events/ii-ciclo-de-musica-de-camara-concierto-n-6
Ticketplus,Retrospectiva Tryo teatro banda (Pedro de Valdivia),,2026-11-04,,2026-11-07,Teatro Nacional Chileno,Santiago,5300,https://ticketplus.cl/events/retrospectiva-tryo-teatro-banda
Ticketplus,Concierto especial · Side by Side: OCOM - OSNCH,,2026-11-06,,2026-11-07,Gran Sala Sinfónica Nacional,Providencia,5500,https://ticketplus.cl/events/concierto-especial-side-by-side-ocom-osnch
Ticketplus,Tercera Generación,,2026-11-06,,2026-11-08,"Sala Julieta, Teatro Aleph Chile",La Cisterna,4950,https://ticketplus.cl/events/tercera-generacion
Ticketplus,Red Bull Los Andes,,2026-11-07,08:00:00,,Nido de Cóndores,Lo Barnechea,115000,https://ticketplus.cl/events/red-bull-los-andes
Ticketplus,"Top Marques 2026, by Cars & Coffee Chile",,2026-11-07,10:00:00,,Club de Golf Mapocho,Pudahuel,88000,https://ticketplus.cl/events/top-marques-2026-by-cars-coffee-chile
Ticketplus,BIERFEST OKTOBER 2026,,2026-11-07,12:00:00,,Parque Padre Hurtado,La Reina,11500,https://ticketplus.cl/events/bierfest-oktober-2026
Ticketplus,"Carlos Cabezas ""Lanzamiento Mil Cabezas en vivo""",,2026-11-07,20:00:00,,Centro Cultural CA660 de la Fundación CorpArtes,Las Condes,1150,https://ticketplus.cl/events/carlos-cabezas-lanzamiento-mil-cabezas-en-vivo
Ticketplus,THE WEEKEND TANGO CHILE 2026,,2026-11-07,,2026-11-09,The Weekend Tango Chile,Las Condes,44760,https://ticketplus.cl/events/the-weekend-tango-chile-2026
Ticketplus,Ill Niño + (hed) p.e + Primer 55 + Drift Mothership,,2026-11-11,19:00:00,,Teatro Cariola,Santiago,46000,https://ticketplus.cl/events/ill-nino-hed-pe
Ticketplus,Las Cuatro Estaciones,,2026-11-11,19:00:00,,"Aula Magna Biblioteca, Universidad de los Andes",Las Condes,10000,https://ticketplus.cl/events/las-cuatro-estaciones-uandes
Ticketplus,Grandes Invitados: Orquesta de Cámara de Valdivia,,2026-11-11,19:30:00,,Gran Sala Sinfónica Nacional,Providencia,7260,https://ticketplus.cl/events/orquesta-camara-valdivia
Ticketplus,Retrospectiva Tryo teatro banda (La Araucana),,2026-11-11,,2026-11-18,Teatro Nacional Chileno,Santiago,5300,https://ticketplus.cl/events/retrospectiva-tryo-teatro-banda-la-araucana
Ticketplus,JAZE ★ JUEVES 12 NOVIEMBRE ★ Club Subterráneo,,2026-11-12,18:00:00,,Club Subterraneo,Providencia,27500,https://ticketplus.cl/events/jaze-jueves-12-noviembre-club-subterraneo
Ticketplus,MTV HITZ★ VIERNES 13 NOVIEMBRE ★ Club Subterráneo,,2026-11-13,18:00:00,,Club Subterraneo,Providencia,11000,https://ticketplus.cl/events/mtv-hitz-viernes-13-noviembre-club-subterraneo
Ticketmaster,EASYKID,,2026-11-14,,,Estadio Bicentenario La Florida,La Florida,,https://www.ticketmaster.cl/event/easykid-live-2026-scl
Ticketmaster,"DANIEL HABIF GIRA ""ASCENDER EL PASO FINAL""",,2026-11-15,,,Metropolitan Santiago,Santiago,,https://www.ticketmaster.cl/event/daniel-habif-gira-ascender-el-paso-final-metropolitan-santiago
Ticketplus,"Kenny Garrett Band ""Sounds From the Ancestors""",,2026-11-18,20:00:00,,Centro Cultural CA660 de la Fundación CorpArtes,Las Condes,26393,https://ticketplus.cl/events/kenny-garrett-band-sounds-from-the-ancestors
Ticketplus,Retrospectiva Tryo teatro banda (¡ PARLAMENTO! ),,2026-11-18,,2026-11-21,Teatro Nacional Chileno,Santiago,5300,https://ticketplus.cl/events/retrospectiva-tryo-teatro-banda-pedro-de-valdivia
Ticketplus,FELIPE BALDOMIR ★ JUEVES 19 NOVIEMBRE ★ Club Subterráneo,,2026-11-19,18:00:00,,Club Subterraneo,Providencia,17600,https://ticketplus.cl/events/felipe-baldomir-jueves-19-noviembre-club-subterraneo
Ticketplus,The cat empire ★ VIERNES 20 NOVIEMBRE ★ Club Subterráneo,,2026-11-20,18:00:00,,Club Subterraneo,Providencia,22000,https://ticketplus.cl/events/the-cat-empire-viernes-20-noviembre-club-subterraneo
Ticketmaster,Expo Bebé,,2026-11-20,,2026-11-22,Metropolitan Santiago,Santiago,,https://www.ticketmaster.cl/event/expo-bebe-2026
Ticketplus,Concierto 184° Aniversario Universidad de Chile,,2026-11-20,,2026-11-21,Gran Sala Sinfónica Nacional,Providencia,5500,https://ticketplus.cl/events/concierto-aniversario-universidad-de-chile-2026-11-20-19-30-00-0300
Ticketplus,Hijas del Pueblo,,2026-11-20,,2026-11-22,"Sala Julieta, Teatro Aleph Chile",La Cisterna,4950,https://ticketplus.cl/events/hijas-del-pueblo
Ticketmaster,Ed Sheeran - Loop Tour 2026,,2026-11-21,,2026-11-22,Estadio Bicentenario La Florida,La Florida,,https://www.ticketmaster.cl/event/ed-sheeran-loop-tour-2026-scl
Ticketplus,The Beetles – ANTHOLOGY – Sinfónico,,2026-11-21,,,Centro Cultural CA660 de la Fundación CorpArtes,Las Condes,33000,https://ticketplus.cl/events/the-beetles-anthology-sinfonico
Ticketplus,Corrida TECHO-Chile 2026,,2026-11-22,08:00:00,,Plaza de la Ciudadanía,Santiago,11500,https://ticketplus.cl/events/corrida-techo-chile-2026
Museo de la Educacion Gabriela Mistral,XIX Seminario de Educación y Género,,2026-11-25,,,Museo de la Educación Gabriela Mistral,Santiago,,https://www.museodelaeducacion.gob.cl/noticias/inician-postulaciones-al-xix-seminario-de-educacion-y-genero
Ticketplus,"La Previa / Concierto N°20 • Poemas, Danzas y Gloria",,2026-11-27,18:00:00,,(Foyer principal) Gran Sala Sinfónica Nacional,Providencia,0,https://ticketplus.cl/events/la-previa-concierto-n-20-poemas-danzas-y-gloria
Ticketplus,"Concierto N°20 • Poemas, Danzas y Gloria",,2026-11-27,,2026-11-28,Gran Sala Sinfónica Nacional,Providencia,5500,https://ticketplus.cl/events/concierto-n-20
Ticketplus,Remedios para el derecho a decidir,,2026-11-27,,2026-11-29,"Sala Julieta, Teatro Aleph Chile",La Cisterna,4950,https://ticketplus.cl/events/remedios-para-el-derecho-a-decidir
Ticketplus,MAIDEN UNITED 1980 feat. DENNIS STRATTON ★ SÁBADO 28 NOVIEMBRE ★ Club Subterráneo,,2026-11-28,18:00:00,,Club Subterraneo,Providencia,22000,https://ticketplus.cl/events/maiden-united-1980-feat-dennis-stratton-sabado-28-noviembre-club-subterraneo
Ticketplus,🔥 OFF PAES FESTIVAL 2026 🔥,,2026-12-02,22:00:00,2026-12-03,Ex Fábrica,Recoleta,23000,https://ticketplus.cl/events/off-paes-festival-2026
Ticketmaster,GORILLAZ - The Mountain Tour 2026,,2026-12-04,,,Estadio Bicentenario La Florida,La Florida,,https://www.ticketmaster.cl/event/gorillaz-live-2026-scl
Ticketplus,Entropía Rítmica,,2026-12-04,,2026-12-05,Gran Sala Sinfónica Nacional,Providencia,11000,https://ticketplus.cl/events/Entropia-Ritmica
Ticketmaster,Movimiento Original - 20 Años,,2026-12-05,,,Estadio Bicentenario La Florida,La Florida,,https://www.ticketmaster.cl/event/movimiento-original-estadio-bicentenario-la-florida
Ticketmaster,Slayer - Reign In Blood,,2026-12-10,,,Estadio Santa Laura USEK,Independencia,,https://www.ticketmaster.cl/event/slayer-2026
Ticketplus,Concierto especial de fin de año • Gala Lírica,,2026-12-11,,2026-12-19,Gran Sala Sinfónica Nacional,Providencia,10450,https://ticketplus.cl/events/concierto-especial-de-fin-de-ano-gala-lirica
Ticketmaster,Akriila - El Tour De Lucy,,2026-12-12,,,Centro Cultural Estación Mapocho,Santiago,,https://www.ticketmaster.cl/event/akriila-2026
Ticketplus,Nando García presenta: Lover Man,,2026-12-18,20:00:00,,MATUCANA 100 / EXPLANADA,Estación Central,5298,https://ticketplus.cl/events/nando-garcia-presenta-lover-man
Ticketplus,EL CASCANUECES - El Corazón de Navidad,,2026-12-18,,2026-12-19,Centro Cultural CA660 de la Fundación CorpArtes,Las Condes,35200,https://ticketplus.cl/events/el-cascanueces-el-corazon-de-navidad
Ticketplus,PASE FESTIVAL 2027,,2027-01-03,00:00:00,,FUNDACION TEATRO A MIL,Providencia,74165,https://ticketplus.cl/events/pase-festival-FITAM-2027
Ticketplus,Silksong: En concierto,,2027-01-30,19:00:00,,Centro Cultural Ceina,Santiago,19550,https://ticketplus.cl/events/silksong-en-concierto
Ticketmaster,Foo Fighters - Take Cover Tour 2027,,2027-02-28,,,Parque Estadio Nacional,Santiago,,https://www.ticketmaster.cl/event/foo-fighters-live-2027-scl
Ticketmaster,Lollapalooza Chile 2027,,2027-03-12,,2027-03-14,Parque O'Higgins,Santiago,,https://www.ticketmaster.cl/event/lollapalooza-chile-2027
Ticketplus,Canción Nacional Vol. 1,,2027-04-03,12:00:00,,Parque La Araucana,La Florida,48300,https://ticketplus.cl/events/cancion-nacional-vol-1
Ticketplus,La Fiesta de la Lana,,2027-05-29,,2027-05-30,"Centro Cultural Gabriela Mistral, GAM",Santiago,5750,https://ticketplus.cl/events/la-fiesta-de-la-lana
Ticketplus,Fechas con fila,,2028-12-04,,2028-12-08,Estadio Nacional,Ñuñoa,15750,https://ticketplus.cl/events/fechas-con-fila
Ticketplus,Diamanti,,2026-08-06,,2026-08-21,Sala Nemesio,La Reina,3500,https://ticketplus.cl/events/diamanti
Ticketplus,Entre Cuatro Paredes,,2026-08-19,,2026-08-21,Sala Tessier,Recoleta,7392,https://ticketplus.cl/events/entre-cuatro-paredes
Ticketplus,Milonga Jueves 20 Agosto 21hrs,,2026-08-20,21:00:00,2026-08-21,TEATRO CACHAFAZ,Ñuñoa,8800,https://ticketplus.cl/events/milonga-jueves-20-agosto-21hrs
Ticketplus,RUMBA Full Ultrabailable ★ JUEVES 20 AGOSTO ★ Club Subterráneo (+21M & +23H),,2026-08-20,23:00:00,2026-08-21,Club Subterráneo,Providencia,11000,https://ticketplus.cl/events/rumba-full-ultrabailable-jueves-20-agosto-club-subterraneo-21m-23h
Ticketplus,JUEVEOOO 🍭 En Caserío Fiesta Jueves 20 de Agosto en Hangar Bellavista,,2026-08-20,23:30:00,2026-08-21,HANGAR,Recoleta,4000,https://ticketplus.cl/events/jueveooo-en-caserio-fiesta-jueves-20-de-agosto-en-hangar-bellavista
Passline,Teenage Sex and Death at Camp Miasma / Centro Arte Alameda,,2026-08-21,14:45:00,,"Centro Arte Alameda Arturo Prat #33, Santiago",Santiago,2500,https://www.passline.com/eventos/teenage-sex-and-death-at-camp-miasma-centro-arte-alameda-546326
Passline,De Papel,,2026-08-21,17:00:00,,"Gam Sala N1 Av. Alameda Libertador Bernardo O\\\'Higgins 227, Santiago.",Santiago,5000,https://www.passline.com/eventos/de-papel-534578
Passline,Streetwise / Centro Arte Alameda,,2026-08-21,17:00:00,,"Centro Arte Alameda Arturo Prat #33, Santiago",Santiago,2000,https://www.passline.com/eventos/streetwise-centro-arte-alameda
Passline,Desconecta2,,2026-08-21,18:00:00,,Teatro Camilo Henriquez Amunátegui 31,Santiago,5000,https://www.passline.com/eventos/desconecta2-533981
Passline,El Circo de Tony Caluga en Puente Alto / Vacaciones de invierno,,2026-08-21,18:00:00,,Puente Alto Avenida San Carlos 1863,Puente Alto,5000,https://www.passline.com/eventos/el-circo-de-tony-caluga-en-puente-alto-vacaciones-de-invierno-542593
Passline,Onheama (Brasil),,2026-08-21,18:00:00,,"Municipal de Santiago Agustinas 794, 8320229 Santiago, Región Metropolitana, Chile",Santiago,7000,https://www.passline.com/eventos/onheama-brasil
Passline,Pionero,,2026-08-21,18:00:00,,"GAM -N2 Av. Alameda Libertador Bernardo O'Higgins 227, Santiago, Región Metropolitana, Chile",Santiago,5000,https://www.passline.com/eventos/pionero
Ticketplus,La Previa / Concierto N°15 • Appassionato,,2026-08-21,18:00:00,,(Foyer principal) Gran Sala Sinfónica Nacional,Providencia,0,https://ticketplus.cl/events/la-previa-concierto-n-15-appassionatto
Passline,La naturaleza de las cosas invisibles / Centro Arte Alameda,,2026-08-21,18:45:00,,Centro Arte Alameda / Sala CEINA Arturo Prat 33b,Santiago,2500,https://www.passline.com/eventos/la-naturaleza-de-las-cosas-invisibles-centro-arte-alameda-546244
Passline,Julie (+14),,2026-08-21,19:30:00,,"Sala 211 - Laboratorio escénico Santo domingo 711, Universidad mayor",Santiago,1500,https://www.passline.com/eventos/julie
Passline,Magia Sobre Hielo Melipilla,,2026-08-21,20:00:00,,COSTADO AUTO PLANET COSTADO AUTO PLANET,Melipilla,5000,https://www.passline.com/eventos/magia-sobre-hielo-melipilla-538147
Passline,Pank en Happy People (+18),,2026-08-21,20:00:00,,"Teatro Happy People Rancagua 395, 7501121 Providencia, Región Metropolitana, Chile",Providencia,7000,https://www.passline.com/eventos/pank-en-happy-people-546071
Ticketplus,Cuentos y cantos brujos: Noche campesina con curanto en olla,,2026-08-21,20:00:00,,"Sala Julieta, Teatro Aleph Chile",La Cisterna,11000,https://ticketplus.cl/events/cuentos-y-cantos-brujos
Ticketplus,Jorge Alís-MALON - viernes 21 Agosto 20 hrs,,2026-08-21,20:00:00,,TEATRO CACHAFAZ,Ñuñoa,19800,https://ticketplus.cl/events/jorge-alis-malon-viernes-21-agosto-20-hrs-2026-08-07-20-00-00-0400
Ticketplus,"Ángel Parra Trío presenta “Piscola Standards, 30 años”",,2026-08-21,20:00:00,,Centro Cultural CA660 de la Fundación CorpArtes,Las Condes,15840,https://ticketplus.cl/events/angel-parra-trio-presenta-piscola-standards-30-anos
Ticketplus,Show de Stand Up-Extra Jóvenes-No tanto-Viernes 21 Agosto a las 20:30 hrs,,2026-08-21,20:30:00,,TEATRO CACHAFAZ,Ñuñoa,6600,https://ticketplus.cl/events/show-de-stand-up-extra-jovenes-no-tanto-viernes-21-agosto-a-las-20-30-hrs
Passline,Ustedes ¿Son pareja? – viernes 21 agosto (+18),,2026-08-21,22:00:00,,Happy People - Teatro Bar Rancagua 395,Providencia,0,https://www.passline.com/eventos/ustedes-son-pareja-viernes-21-agosto
Passline,El Circo de Tony Caluga en Puente Alto / Vacaciones de invierno,,2026-08-22,15:30:00,,Puente Alto Avenida San Carlos 1863,Puente Alto,5000,https://www.passline.com/eventos/el-circo-de-tony-caluga-en-puente-alto-vacaciones-de-invierno-542593
Passline,Onheama (Brasil),,2026-08-22,16:00:00,,"Municipal de Santiago Agustinas 794, 8320229 Santiago, Región Metropolitana, Chile",Santiago,7000,https://www.passline.com/eventos/onheama-brasil
Passline,De Papel,,2026-08-22,17:00:00,,"Gam Sala N1 Av. Alameda Libertador Bernardo O\\\'Higgins 227, Santiago.",Santiago,5000,https://www.passline.com/eventos/de-papel-534578
Passline,Desconecta2,,2026-08-22,18:00:00,,Teatro Camilo Henriquez Amunátegui 31,Santiago,5000,https://www.passline.com/eventos/desconecta2-533981
Passline,Pionero,,2026-08-22,18:00:00,,"GAM -N2 Av. Alameda Libertador Bernardo O'Higgins 227, Santiago, Región Metropolitana, Chile",Santiago,5000,https://www.passline.com/eventos/pionero
Passline,Teenage Sex and Death at Camp Miasma / Centro Arte Alameda,,2026-08-22,20:30:00,,"Centro Arte Alameda Arturo Prat #33, Santiago",Santiago,2500,https://www.passline.com/eventos/teenage-sex-and-death-at-camp-miasma-centro-arte-alameda-546326
Passline,AURA CHILE | Sábado 22 de Agosto | Centro Parque (+26),,2026-08-22,22:00:00,,"Centro parque Pdte. Riesco 5330, Las Condes, Región Metropolitana, Chile",Las Condes,18000,https://www.passline.com/eventos/aura-chile-sabado-22-de-agosto-centro-parque
Passline,Onheama (Brasil),,2026-08-23,12:00:00,,"Municipal de Santiago Agustinas 794, 8320229 Santiago, Región Metropolitana, Chile",Santiago,7000,https://www.passline.com/eventos/onheama-brasil
Passline,La Misteriosa Mirada del Flamenco / Centro Arte Alameda,,2026-08-23,14:30:00,,Centro Arte Alameda Arturo Prat 33,Santiago,2000,https://www.passline.com/eventos/la-misteriosa-mirada-del-flamenco-centro-arte-alameda-546239
Passline,El Circo de Tony Caluga en Puente Alto / Vacaciones de invierno,,2026-08-23,15:30:00,,Puente Alto Avenida San Carlos 1863,Puente Alto,5000,https://www.passline.com/eventos/el-circo-de-tony-caluga-en-puente-alto-vacaciones-de-invierno-542593
Passline,De Papel,,2026-08-23,17:00:00,,"Gam Sala N1 Av. Alameda Libertador Bernardo O\\\'Higgins 227, Santiago.",Santiago,5000,https://www.passline.com/eventos/de-papel-534578
Passline,La Invitación / Centro Arte Alameda,,2026-08-23,18:00:00,,Centro Arte Alameda / Sala CEINA Arturo Prat 33b,Santiago,2500,https://www.passline.com/eventos/la-invitacion-centro-arte-alameda-546323
Passline,Pionero,,2026-08-23,18:00:00,,"GAM -N2 Av. Alameda Libertador Bernardo O'Higgins 227, Santiago, Región Metropolitana, Chile",Santiago,5000,https://www.passline.com/eventos/pionero
Passline,La Misteriosa Mirada del Flamenco / Centro Arte Alameda,,2026-08-25,14:30:00,,Centro Arte Alameda Arturo Prat 33,Santiago,2000,https://www.passline.com/eventos/la-misteriosa-mirada-del-flamenco-centro-arte-alameda-546239
Passline,Teenage Sex and Death at Camp Miasma / Centro Arte Alameda,,2026-08-25,16:30:00,,"Centro Arte Alameda Arturo Prat #33, Santiago",Santiago,2500,https://www.passline.com/eventos/teenage-sex-and-death-at-camp-miasma-centro-arte-alameda-546326
Passline,PANTHALASSA - Prismas de Navegación,,2026-08-26,20:00:00,,Centro Cultural Ceina Arturo Prat 33 - Santiago Centro,Santiago,0,https://www.passline.com/eventos/panthalassa-prismas-de-navegacion-533181
Passline,PANTHALASSA - Prismas de Navegación,,2026-08-26,20:00:00,,Centro Cultural Ceina Arturo Prat 33 - Santiago Centro,Santiago,0,https://www.passline.com/eventos/panthalassa-prismas-de-navegacion-533183
Passline,Teenage Sex and Death at Camp Miasma / Centro Arte Alameda,,2026-08-26,20:45:00,,"Centro Arte Alameda Arturo Prat #33, Santiago",Santiago,2500,https://www.passline.com/eventos/teenage-sex-and-death-at-camp-miasma-centro-arte-alameda-546326
Passline,El Circo de Tony Caluga en Puente Alto / Vacaciones de invierno,,2026-08-27,20:00:00,,Puente Alto Avenida San Carlos 1863,Puente Alto,5000,https://www.passline.com/eventos/el-circo-de-tony-caluga-en-puente-alto-vacaciones-de-invierno-542593
Passline,PANTHALASSA - Prismas de Navegación,,2026-08-27,20:00:00,,Centro Cultural Ceina Arturo Prat 33 - Santiago Centro,Santiago,0,https://www.passline.com/eventos/panthalassa-prismas-de-navegacion-533181
Passline,PANTHALASSA - Prismas de Navegación,,2026-08-27,20:00:00,,Centro Cultural Ceina Arturo Prat 33 - Santiago Centro,Santiago,0,https://www.passline.com/eventos/panthalassa-prismas-de-navegacion-533183
Passline,El Circo de Tony Caluga en Puente Alto / Vacaciones de invierno,,2026-08-28,18:00:00,,Puente Alto Avenida San Carlos 1863,Puente Alto,5000,https://www.passline.com/eventos/el-circo-de-tony-caluga-en-puente-alto-vacaciones-de-invierno-542593
Passline,Seba Lyon en MURALLA,,2026-08-28,19:00:00,,MURALLA Café diagonal paraguay 276,Santiago,4000,https://www.passline.com/eventos/seba-lyon-en-muralla
Passline,PANTHALASSA - Prismas de Navegación,,2026-08-28,20:00:00,,Centro Cultural Ceina Arturo Prat 33 - Santiago Centro,Santiago,0,https://www.passline.com/eventos/panthalassa-prismas-de-navegacion-533181
Passline,PANTHALASSA - Prismas de Navegación,,2026-08-28,20:00:00,,Centro Cultural Ceina Arturo Prat 33 - Santiago Centro,Santiago,0,https://www.passline.com/eventos/panthalassa-prismas-de-navegacion-533183
Passline,Meet and Drink La Previa,,2026-08-29,14:00:00,,Hotel Cumbres Lastarria,,,https://www.passline.com/eventos/meet-and-drink-la-previa
Passline,El Circo de Tony Caluga en Puente Alto / Vacaciones de invierno,,2026-08-29,15:30:00,,Puente Alto Avenida San Carlos 1863,Puente Alto,5000,https://www.passline.com/eventos/el-circo-de-tony-caluga-en-puente-alto-vacaciones-de-invierno-542593
Passline,Sky Sunset Winter,,2026-08-29,16:00:00,,MIRADOR SKY COSTANERA,,,https://www.passline.com/eventos/sky-sunset-winter-532274
Passline,SANTA FERIA EN MYSTIC,,2026-08-29,18:00:00,,Mystic Valley,,,https://www.passline.com/eventos/santa-feria-en-mystic
Passline,SO LIQUID • FREQUENCIES,,2026-08-29,18:00:00,,Centro de Eventos Ora,,,https://www.passline.com/eventos/so-liquid-frequencies
Passline,COFRADIAX,,2026-08-29,19:00:00,,Nasty Bar,,,https://www.passline.com/eventos/cofradiax
Passline,DREAM THEATER EXPERIENCE - NIGHTMARE CINEMA,,2026-08-29,20:00:00,,CLUB AMANDA,,,https://www.passline.com/eventos/dream-theater-experience-nightmare-cinema
Passline,GENESIS EN SANTIAGO DE CHILE,,2026-08-29,20:00:00,,Discoteca La Fama,,,https://www.passline.com/eventos/genesis-en-santiago-de-chile
Passline,GRUPO KARICIA Y CUECAS CON LOS META Y PONGA,,2026-08-29,20:00:00,,BAR VICTORIA,,,https://www.passline.com/eventos/grupo-karicia-y-cuecas-con-los-meta-y-ponga
Passline,PANTHALASSA - Prismas de Navegación,,2026-08-29,20:00:00,,Centro Cultural Ceina Arturo Prat 33 - Santiago Centro,Santiago,0,https://www.passline.com/eventos/panthalassa-prismas-de-navegacion-533181
Passline,PANTHALASSA - Prismas de Navegación,,2026-08-29,20:00:00,,Centro Cultural Ceina Arturo Prat 33 - Santiago Centro,Santiago,0,https://www.passline.com/eventos/panthalassa-prismas-de-navegacion-533183
Passline,PANTHALASSA - Prismas de Navegación,,2026-08-29,20:00:00,,Centro Cultural Ceina,,,https://www.passline.com/eventos/panthalassa-prismas-de-navegacion-533185
Passline,Pank en Happy People,,2026-08-29,20:00:00,,Teatro Happy People,,,https://www.passline.com/eventos/pank-en-happy-people-546909
Passline,Aura ★ SABADO 29 AGOSTO ★,,2026-08-29,20:30:00,,Aura club,,,https://www.passline.com/eventos/aura-sabado-29-agosto-532210
Passline,El Circo de Tony Caluga en Puente Alto / Vacaciones de invierno,,2026-08-30,15:30:00,,Puente Alto Avenida San Carlos 1863,Puente Alto,5000,https://www.passline.com/eventos/el-circo-de-tony-caluga-en-puente-alto-vacaciones-de-invierno-542593
Passline,ES HORA DE HABLAR,,2026-09-04,20:00:00,,Teatro fiebre,,,https://www.passline.com/eventos/es-hora-de-hablar
Passline,Las Tinajas Live Fest aniversario 2026,,2026-09-04,20:00:00,,Restaurant Las Tinajas,,,https://www.passline.com/eventos/las-tinajas-live-fest-aniversario-2026
Passline,TRIBUTO OASIS EN RBX,,2026-09-04,20:00:00,,Sala RBX,,,https://www.passline.com/eventos/tributo-oasis-en-rbx
Passline,Tocata Jamás - La Octava Dimensión - Wastarantino (Show de stand-up),,2026-09-04,20:00:00,,La Juguera,,,https://www.passline.com/eventos/tocata-jamas-la-octava-dimension-wastarantino-show-de-standup
Passline,Aura ★ VIERNES 04 SEPTIEMBRE ★,,2026-09-04,20:30:00,,Aura club,,,https://www.passline.com/eventos/aura-viernes-04-septiembre
Passline,Rockout Aniversario,,2026-09-04,20:30:00,,Bar Oxido,,,https://www.passline.com/eventos/rockout-aniversario
Passline,A.N.I.M.A.L. EN METRÓNOMO,,2026-09-04,21:00:00,,SALA METRONOMO,,,https://www.passline.com/eventos/animal-en-metronomo
Passline,BOWIE THE LEGEND BY STARMAN,,2026-09-04,21:00:00,,CLUB AMANDA,,,https://www.passline.com/eventos/bowie-the-legend-by-starman
Passline,Brain Damage - Tributo a PinkFloyd en La Florida,,2026-09-04,21:00:00,,Parque La Araucana,,,https://www.passline.com/eventos/brain-damage-tributo-a-pinkfloyd-en-la-florida
Passline,PAUL GILBERT WROC,,2026-09-04,21:00:00,,Teatro Cariola,,,https://www.passline.com/eventos/paul-gilbert-wroc
Passline,Release Party,,2026-09-04,21:00:00,,CLUB GORDOS,,,https://www.passline.com/eventos/release-party-focus
Passline,ES HORA DE HABLAR | 2da. Función,,2026-09-04,22:00:00,,Teatro fiebre,,,https://www.passline.com/eventos/es-hora-de-hablar-2da-funcion
Passline,FIESTA FOTOLOG X MAISON DEL BELLAQUEO,,2026-09-04,22:00:00,,Maison del bellaqueo,,,https://www.passline.com/eventos/fiesta-fotolog-x-maison-del-bellaqueo
Passline,"Feucen & la monga presentan: PERGOLAZO 2026 🎉, La FIESTA DE LA CENTRAL 👨‍🎓 - Vier 04 sept",,2026-09-04,22:00:00,,Fiesta LA MONGA,,,https://www.passline.com/eventos/feucen-la-monga-presentan-pergolazo-2026-la-fiesta-de-la-central-vier-04-septiembre-av-vicuna-mackenna-1895
Passline,Fiesta Montañita de los 90s&2000 con DJ Pelo Verde,,2026-09-04,22:00:00,,Montañita Las Vizcachas,,,https://www.passline.com/eventos/fiesta-montanita-de-los-90s2000-con-dj-pelo-verde
Passline,WOOF - HOT 2016,,2026-09-04,23:00:00,,Tom House,,,https://www.passline.com/eventos/woof-hot-2016
Passline,LOWERED CLASS by StrictlyLowered 🌐,,2026-09-05,10:00:00,,Cancha club deportivo noviciado,,,https://www.passline.com/eventos/lowered-class-by-strictlylowered
Passline,Certificación en felicidad de Tal Ben Shahar,,2026-09-05,11:00:00,,Hotel Le Meridien,,,https://www.passline.com/eventos/certificacion-en-felicidad-de-tal-ben-shahar
Passline,Estacionamiento Fiebre de Cumbia la Fonda,,2026-09-05,11:00:00,,Club Hipico,,,https://www.passline.com/eventos/estacionamiento-fiebre-de-cumbia-la-fonda
Passline,MEDIEVAL PARTY & VELADAA - PALACIO ASTORECA,,2026-09-05,12:00:00,,PALACIO ASTORECA,,,https://www.passline.com/eventos/medieval-party-veladaa-palacio-astoreca
Passline,Fiebre de Cumbia la Fonda.,,2026-09-05,13:00:00,,Club Hipico,,,https://www.passline.com/eventos/fiebre-de-cumbia-la-fonda-532553
Ticketplus,Concierto especial · Side by Side: OCOM - OSNCH,,2026-11-07,,,Gran Sala Sinfónica Nacional,Providencia,5500,https://ticketplus.cl/events/concierto-especial-side-by-side-ocom-osnch
Ticketplus,"Concierto ""Camino al último Vals"" | Teatro CA660",música,2026-08-26,19:30:00,,Centro Cultural CA660 de la Fundación CorpArtes,Las Condes,0,https://ticketplus.cl/events/concierto-camino-al-ultimo-vals-teatro-ca660
