cine,pelicula,fecha,hora,formato,idioma,duracion_min,clasificacion,poster,link_compra,sinopsis,trailer,generos,credito
Cinépolis Arauco Maipú,Coyote vs ACME,2026-08-31,11:00,2D,doblada,105,TE7,https://tickets-static-content.cinepolis.com/pimcore/19803/assets/Chile/Tickets/Movies/CoyoteVSAcme/Es/720x1022_24/resource.jpg,https://cinepolis.com/cl?cinema=cinepolis-arauco-maipu-santiago-poniente-y-norte&selected=cinepolis-arauco-maipu-santiago-poniente-y-norte,,,"COMEDIA, ANIMACIÓN, AVENTURA",
Cinépolis Arauco Maipú,Spider-Man: Un Nuevo Día,2026-08-31,11:10,4DX,doblada,144,TE7,https://tickets-static-content.cinepolis.com/pimcore/19604/assets/Chile/Tickets/Movies/SpiderManUnNuevoDia_copy/Es/SMBND_720x1022_2/resource.jpg,https://cinepolis.com/cl?cinema=cinepolis-arauco-maipu-santiago-poniente-y-norte&selected=cinepolis-arauco-maipu-santiago-poniente-y-norte,,,"AVENTURA, ACCIÓN",
Cinépolis Arauco Maipú,Mi vecino Totoro,2026-08-31,11:20,2D,doblada,87,TE,https://tickets-static-content.cinepolis.com/pimcore/20415/assets/Chile/Tickets/Movies/MiVecinoTotoro/Es/720x1022_19/resource.jpg,https://cinepolis.com/cl?cinema=cinepolis-arauco-maipu-santiago-poniente-y-norte&selected=cinepolis-arauco-maipu-santiago-poniente-y-norte,,,"ANIMACIÓN, AVENTURA, FANTASÍA",
Cinépolis Arauco Maipú,PAW Patrol: La Dino Película,2026-08-31,11:30,2D,doblada,88,TE,https://tickets-static-content.cinepolis.com/pimcore/20418/assets/Chile/Tickets/Movies/PAWPatrolLaDinoPelicula_copy/Es/PP3_Desktop_Poster_720x1022_2/resource.jpg,https://cinepolis.com/cl?cinema=cinepolis-arauco-maipu-santiago-poniente-y-norte&selected=cinepolis-arauco-maipu-santiago-poniente-y-norte,,,ANIMACIÓN,
Cinépolis Arauco Maipú,Spider-Man: Un Nuevo Día,2026-08-31,11:40,2D,doblada,144,TE7,https://tickets-static-content.cinepolis.com/pimcore/19604/assets/Chile/Tickets/Movies/SpiderManUnNuevoDia_copy/Es/SMBND_720x1022_2/resource.jpg,https://cinepolis.com/cl?cinema=cinepolis-arauco-maipu-santiago-poniente-y-norte&selected=cinepolis-arauco-maipu-santiago-poniente-y-norte,,,"AVENTURA, ACCIÓN",
Cinépolis Arauco Maipú,Papi Ricky: La película,2026-08-31,12:00,2D,,93,TE7,https://tickets-static-content.cinepolis.com/pimcore/21450/assets/Chile/Tickets/Movies/PapiRickyLaPelicula/Es/720x1022_19/resource.jpg,https://cinepolis.com/cl?cinema=cinepolis-arauco-maipu-santiago-poniente-y-norte&selected=cinepolis-arauco-maipu-santiago-poniente-y-norte,,,COMEDIA,
Cinépolis Arauco Maipú,Coyote vs ACME,2026-08-31,12:10,2D,doblada,105,TE7,https://tickets-static-content.cinepolis.com/pimcore/19803/assets/Chile/Tickets/Movies/CoyoteVSAcme/Es/720x1022_24/resource.jpg,https://cinepolis.com/cl?cinema=cinepolis-arauco-maipu-santiago-poniente-y-norte&selected=cinepolis-arauco-maipu-santiago-poniente-y-norte,,,"COMEDIA, ANIMACIÓN, AVENTURA",
Cinépolis Arauco Maipú,Spider-Man: Un Nuevo Día,2026-08-31,12:20,2D,doblada,144,TE7,https://tickets-static-content.cinepolis.com/pimcore/19604/assets/Chile/Tickets/Movies/SpiderManUnNuevoDia_copy/Es/SMBND_720x1022_2/resource.jpg,https://cinepolis.com/cl?cinema=cinepolis-arauco-maipu-santiago-poniente-y-norte&selected=cinepolis-arauco-maipu-santiago-poniente-y-norte,,,"AVENTURA, ACCIÓN",
Cinépolis Arauco Maipú,Coyote vs ACME,2026-08-31,13:20,2D,doblada,105,TE7,https://tickets-static-content.cinepolis.com/pimcore/19803/assets/Chile/Tickets/Movies/CoyoteVSAcme/Es/720x1022_24/resource.jpg,https://cinepolis.com/cl?cinema=cinepolis-arauco-maipu-santiago-poniente-y-norte&selected=cinepolis-arauco-maipu-santiago-poniente-y-norte,,,"COMEDIA, ANIMACIÓN, AVENTURA",
Cinépolis Arauco Maipú,La Odisea,2026-08-31,13:30,2D,doblada,172,14,https://tickets-static-content.cinepolis.com/pimcore/18518/assets/Chile/Tickets/Movies/LaOdisea/Es/720x1022_poster_La_odisea_copia_2__1/resource.jpg,https://cinepolis.com/cl?cinema=cinepolis-arauco-maipu-santiago-poniente-y-norte&selected=cinepolis-arauco-maipu-santiago-poniente-y-norte,,,ACCIÓN,
Cinépolis Arauco Maipú,PAW Patrol: La Dino Película,2026-08-31,13:40,2D,doblada,88,TE,https://tickets-static-content.cinepolis.com/pimcore/20418/assets/Chile/Tickets/Movies/PAWPatrolLaDinoPelicula_copy/Es/PP3_Desktop_Poster_720x1022_2/resource.jpg,https://cinepolis.com/cl?cinema=cinepolis-arauco-maipu-santiago-poniente-y-norte&selected=cinepolis-arauco-maipu-santiago-poniente-y-norte,,,ANIMACIÓN,
Cinépolis Arauco Maipú,Papi Ricky: La película,2026-08-31,13:50,2D,,93,TE7,https://tickets-static-content.cinepolis.com/pimcore/21450/assets/Chile/Tickets/Movies/PapiRickyLaPelicula/Es/720x1022_19/resource.jpg,https://cinepolis.com/cl?cinema=cinepolis-arauco-maipu-santiago-poniente-y-norte&selected=cinepolis-arauco-maipu-santiago-poniente-y-norte,,,COMEDIA,
Cinépolis Arauco Maipú,Harry Potter y la piedra filosofal,2026-08-31,14:10,4DX,doblada,166,TE7,https://tickets-static-content.cinepolis.com/pimcore/21310/assets/Chile/Tickets/Movies/HarryPotterPiedraFilosofal/Es/720x1022_19/resource.jpg,https://cinepolis.com/cl?cinema=cinepolis-arauco-maipu-santiago-poniente-y-norte&selected=cinepolis-arauco-maipu-santiago-poniente-y-norte,,,"AVENTURA, FANTASÍA",
Cinépolis Arauco Maipú,Minions & Monstruos,2026-08-31,14:20,2D,doblada,90,TE,https://tickets-static-content.cinepolis.com/pimcore/18773/assets/Chile/Tickets/Movies/MinionsYMonsters/Es/minons_720x1022/resource.jpg,https://cinepolis.com/cl?cinema=cinepolis-arauco-maipu-santiago-poniente-y-norte&selected=cinepolis-arauco-maipu-santiago-poniente-y-norte,,,ANIMACIÓN,
Cinépolis Arauco Maipú,Papi Ricky: La película,2026-08-31,14:30,2D,,93,TE7,https://tickets-static-content.cinepolis.com/pimcore/21450/assets/Chile/Tickets/Movies/PapiRickyLaPelicula/Es/720x1022_19/resource.jpg,https://cinepolis.com/cl?cinema=cinepolis-arauco-maipu-santiago-poniente-y-norte&selected=cinepolis-arauco-maipu-santiago-poniente-y-norte,,,COMEDIA,
Cinépolis Arauco Maipú,Spider-Man: Un Nuevo Día,2026-08-31,14:40,2D,doblada,144,TE7,https://tickets-static-content.cinepolis.com/pimcore/19604/assets/Chile/Tickets/Movies/SpiderManUnNuevoDia_copy/Es/SMBND_720x1022_2/resource.jpg,https://cinepolis.com/cl?cinema=cinepolis-arauco-maipu-santiago-poniente-y-norte&selected=cinepolis-arauco-maipu-santiago-poniente-y-norte,,,"AVENTURA, ACCIÓN",
Cinépolis Arauco Maipú,Spider-Man: Un Nuevo Día,2026-08-31,15:20,2D,doblada,144,TE7,https://tickets-static-content.cinepolis.com/pimcore/19604/assets/Chile/Tickets/Movies/SpiderManUnNuevoDia_copy/Es/SMBND_720x1022_2/resource.jpg,https://cinepolis.com/cl?cinema=cinepolis-arauco-maipu-santiago-poniente-y-norte&selected=cinepolis-arauco-maipu-santiago-poniente-y-norte,,,"AVENTURA, ACCIÓN",
Cinépolis Arauco Maipú,La noche del demonio: Están entre nosotros,2026-08-31,15:40,2D,doblada,105,14,https://tickets-static-content.cinepolis.com/pimcore/19801/assets/Chile/Tickets/Movies/LaNocheDelDemonioEstaEntreNosotros/Es/720x1022_19/resource.jpg,https://cinepolis.com/cl?cinema=cinepolis-arauco-maipu-santiago-poniente-y-norte&selected=cinepolis-arauco-maipu-santiago-poniente-y-norte,,,TERROR,
Cinépolis Arauco Maipú,Coyote vs ACME,2026-08-31,15:50,2D,doblada,105,TE7,https://tickets-static-content.cinepolis.com/pimcore/19803/assets/Chile/Tickets/Movies/CoyoteVSAcme/Es/720x1022_24/resource.jpg,https://cinepolis.com/cl?cinema=cinepolis-arauco-maipu-santiago-poniente-y-norte&selected=cinepolis-arauco-maipu-santiago-poniente-y-norte,,,"COMEDIA, ANIMACIÓN, AVENTURA",
Cinépolis Arauco Maipú,Spider-Man: Un Nuevo Día,2026-08-31,16:10,2D,doblada,144,TE7,https://tickets-static-content.cinepolis.com/pimcore/19604/assets/Chile/Tickets/Movies/SpiderManUnNuevoDia_copy/Es/SMBND_720x1022_2/resource.jpg,https://cinepolis.com/cl?cinema=cinepolis-arauco-maipu-santiago-poniente-y-norte&selected=cinepolis-arauco-maipu-santiago-poniente-y-norte,,,"AVENTURA, ACCIÓN",
Cinépolis Arauco Maipú,La Guerra de los Últimos,2026-08-31,16:25,2D,doblada,100,14,https://tickets-static-content.cinepolis.com/pimcore/20625/assets/Chile/Tickets/Movies/LaGuerraDeLosUltimos/Es/720x1022_19/resource.jpg,https://cinepolis.com/cl?cinema=cinepolis-arauco-maipu-santiago-poniente-y-norte&selected=cinepolis-arauco-maipu-santiago-poniente-y-norte,,,"DRAMA, CIENCIA FICCIÓN",
Cinépolis Arauco Maipú,Papi Ricky: La película,2026-08-31,16:50,2D,,93,TE7,https://tickets-static-content.cinepolis.com/pimcore/21450/assets/Chile/Tickets/Movies/PapiRickyLaPelicula/Es/720x1022_19/resource.jpg,https://cinepolis.com/cl?cinema=cinepolis-arauco-maipu-santiago-poniente-y-norte&selected=cinepolis-arauco-maipu-santiago-poniente-y-norte,,,COMEDIA,
Cinépolis Arauco Maipú,El Final De La Calle Oak,2026-08-31,17:00,2D,doblada,100,14,https://tickets-static-content.cinepolis.com/pimcore/20089/assets/Chile/Tickets/Movies/ElFinalDeLaCalleOak_copy/Es/P_720X1022_5_copy/resource.jpg,https://cinepolis.com/cl?cinema=cinepolis-arauco-maipu-santiago-poniente-y-norte&selected=cinepolis-arauco-maipu-santiago-poniente-y-norte,,,"AVENTURA, CIENCIA FICCIÓN",
Cinépolis Arauco Maipú,Harry Potter y la piedra filosofal,2026-08-31,17:30,4DX,doblada,166,TE7,https://tickets-static-content.cinepolis.com/pimcore/21310/assets/Chile/Tickets/Movies/HarryPotterPiedraFilosofal/Es/720x1022_19/resource.jpg,https://cinepolis.com/cl?cinema=cinepolis-arauco-maipu-santiago-poniente-y-norte&selected=cinepolis-arauco-maipu-santiago-poniente-y-norte,,,"AVENTURA, FANTASÍA",
Cinépolis Arauco Maipú,La Guerra de los Últimos,2026-08-31,17:45,2D,doblada,100,14,https://tickets-static-content.cinepolis.com/pimcore/20625/assets/Chile/Tickets/Movies/LaGuerraDeLosUltimos/Es/720x1022_19/resource.jpg,https://cinepolis.com/cl?cinema=cinepolis-arauco-maipu-santiago-poniente-y-norte&selected=cinepolis-arauco-maipu-santiago-poniente-y-norte,,,"DRAMA, CIENCIA FICCIÓN",
Cinépolis Arauco Maipú,La noche del demonio: Están entre nosotros,2026-08-31,18:05,2D,doblada,105,14,https://tickets-static-content.cinepolis.com/pimcore/19801/assets/Chile/Tickets/Movies/LaNocheDelDemonioEstaEntreNosotros/Es/720x1022_19/resource.jpg,https://cinepolis.com/cl?cinema=cinepolis-arauco-maipu-santiago-poniente-y-norte&selected=cinepolis-arauco-maipu-santiago-poniente-y-norte,,,TERROR,
Cinépolis Arauco Maipú,Coyote vs ACME,2026-08-31,18:10,2D,doblada,105,TE7,https://tickets-static-content.cinepolis.com/pimcore/19803/assets/Chile/Tickets/Movies/CoyoteVSAcme/Es/720x1022_24/resource.jpg,https://cinepolis.com/cl?cinema=cinepolis-arauco-maipu-santiago-poniente-y-norte&selected=cinepolis-arauco-maipu-santiago-poniente-y-norte,,,"COMEDIA, ANIMACIÓN, AVENTURA",
Cinépolis Arauco Maipú,Spider-Man: Un Nuevo Día,2026-08-31,18:30,2D,doblada,144,TE7,https://tickets-static-content.cinepolis.com/pimcore/19604/assets/Chile/Tickets/Movies/SpiderManUnNuevoDia_copy/Es/SMBND_720x1022_2/resource.jpg,https://cinepolis.com/cl?cinema=cinepolis-arauco-maipu-santiago-poniente-y-norte&selected=cinepolis-arauco-maipu-santiago-poniente-y-norte,,,"AVENTURA, ACCIÓN",
Cinépolis Arauco Maipú,Harry Potter y la piedra filosofal,2026-08-31,19:00,2D,doblada,166,TE7,https://tickets-static-content.cinepolis.com/pimcore/21310/assets/Chile/Tickets/Movies/HarryPotterPiedraFilosofal/Es/720x1022_19/resource.jpg,https://cinepolis.com/cl?cinema=cinepolis-arauco-maipu-santiago-poniente-y-norte&selected=cinepolis-arauco-maipu-santiago-poniente-y-norte,,,"AVENTURA, FANTASÍA",
Cinépolis Arauco Maipú,Spider-Man: Un Nuevo Día,2026-08-31,19:10,2D,doblada,144,TE7,https://tickets-static-content.cinepolis.com/pimcore/19604/assets/Chile/Tickets/Movies/SpiderManUnNuevoDia_copy/Es/SMBND_720x1022_2/resource.jpg,https://cinepolis.com/cl?cinema=cinepolis-arauco-maipu-santiago-poniente-y-norte&selected=cinepolis-arauco-maipu-santiago-poniente-y-norte,,,"AVENTURA, ACCIÓN",
Cinépolis Arauco Maipú,La Odisea,2026-08-31,19:15,2D,subtitulada,172,14,https://tickets-static-content.cinepolis.com/pimcore/18518/assets/Chile/Tickets/Movies/LaOdisea/Es/720x1022_poster_La_odisea_copia_2__1/resource.jpg,https://cinepolis.com/cl?cinema=cinepolis-arauco-maipu-santiago-poniente-y-norte&selected=cinepolis-arauco-maipu-santiago-poniente-y-norte,,,ACCIÓN,
Cinépolis Arauco Maipú,Papi Ricky: La película,2026-08-31,19:25,2D,,93,TE7,https://tickets-static-content.cinepolis.com/pimcore/21450/assets/Chile/Tickets/Movies/PapiRickyLaPelicula/Es/720x1022_19/resource.jpg,https://cinepolis.com/cl?cinema=cinepolis-arauco-maipu-santiago-poniente-y-norte&selected=cinepolis-arauco-maipu-santiago-poniente-y-norte,,,COMEDIA,
Cinépolis Arauco Maipú,La noche del demonio: Están entre nosotros,2026-08-31,20:20,2D,doblada,105,14,https://tickets-static-content.cinepolis.com/pimcore/19801/assets/Chile/Tickets/Movies/LaNocheDelDemonioEstaEntreNosotros/Es/720x1022_19/resource.jpg,https://cinepolis.com/cl?cinema=cinepolis-arauco-maipu-santiago-poniente-y-norte&selected=cinepolis-arauco-maipu-santiago-poniente-y-norte,,,TERROR,
Cinépolis Arauco Maipú,Coyote vs ACME,2026-08-31,20:30,2D,doblada,105,TE7,https://tickets-static-content.cinepolis.com/pimcore/19803/assets/Chile/Tickets/Movies/CoyoteVSAcme/Es/720x1022_24/resource.jpg,https://cinepolis.com/cl?cinema=cinepolis-arauco-maipu-santiago-poniente-y-norte&selected=cinepolis-arauco-maipu-santiago-poniente-y-norte,,,"COMEDIA, ANIMACIÓN, AVENTURA",
Cinépolis Arauco Maipú,La Guerra de los Últimos,2026-08-31,20:45,2D,subtitulada,100,14,https://tickets-static-content.cinepolis.com/pimcore/20625/assets/Chile/Tickets/Movies/LaGuerraDeLosUltimos/Es/720x1022_19/resource.jpg,https://cinepolis.com/cl?cinema=cinepolis-arauco-maipu-santiago-poniente-y-norte&selected=cinepolis-arauco-maipu-santiago-poniente-y-norte,,,"DRAMA, CIENCIA FICCIÓN",
Cinépolis Arauco Maipú,Spider-Man: Un Nuevo Día,2026-08-31,21:00,4DX,doblada,144,TE7,https://tickets-static-content.cinepolis.com/pimcore/19604/assets/Chile/Tickets/Movies/SpiderManUnNuevoDia_copy/Es/SMBND_720x1022_2/resource.jpg,https://cinepolis.com/cl?cinema=cinepolis-arauco-maipu-santiago-poniente-y-norte&selected=cinepolis-arauco-maipu-santiago-poniente-y-norte,,,"AVENTURA, ACCIÓN",
Cinépolis Arauco Maipú,Spider-Man: Un Nuevo Día,2026-08-31,21:30,2D,doblada,144,TE7,https://tickets-static-content.cinepolis.com/pimcore/19604/assets/Chile/Tickets/Movies/SpiderManUnNuevoDia_copy/Es/SMBND_720x1022_2/resource.jpg,https://cinepolis.com/cl?cinema=cinepolis-arauco-maipu-santiago-poniente-y-norte&selected=cinepolis-arauco-maipu-santiago-poniente-y-norte,,,"AVENTURA, ACCIÓN",
Cinépolis Arauco Maipú,Papi Ricky: La película,2026-08-31,21:40,2D,,93,TE7,https://tickets-static-content.cinepolis.com/pimcore/21450/assets/Chile/Tickets/Movies/PapiRickyLaPelicula/Es/720x1022_19/resource.jpg,https://cinepolis.com/cl?cinema=cinepolis-arauco-maipu-santiago-poniente-y-norte&selected=cinepolis-arauco-maipu-santiago-poniente-y-norte,,,COMEDIA,
Cinépolis Arauco Maipú,Spider-Man: Un Nuevo Día,2026-08-31,22:10,2D,doblada,144,TE7,https://tickets-static-content.cinepolis.com/pimcore/19604/assets/Chile/Tickets/Movies/SpiderManUnNuevoDia_copy/Es/SMBND_720x1022_2/resource.jpg,https://cinepolis.com/cl?cinema=cinepolis-arauco-maipu-santiago-poniente-y-norte&selected=cinepolis-arauco-maipu-santiago-poniente-y-norte,,,"AVENTURA, ACCIÓN",
Cinépolis Arauco Maipú,Sagrado corazón,2026-08-31,22:20,2D,doblada,92,TE7,https://tickets-static-content.cinepolis.com/pimcore/21449/assets/Chile/Tickets/Movies/SagradoCorazon/Es/720x1022_19/resource.jpg,https://cinepolis.com/cl?cinema=cinepolis-arauco-maipu-santiago-poniente-y-norte&selected=cinepolis-arauco-maipu-santiago-poniente-y-norte,,,"DOCUMENTAL, CIENCIA FICCIÓN",
Cinépolis Arauco Maipú,La noche del demonio: Están entre nosotros,2026-08-31,22:35,2D,doblada,105,14,https://tickets-static-content.cinepolis.com/pimcore/19801/assets/Chile/Tickets/Movies/LaNocheDelDemonioEstaEntreNosotros/Es/720x1022_19/resource.jpg,https://cinepolis.com/cl?cinema=cinepolis-arauco-maipu-santiago-poniente-y-norte&selected=cinepolis-arauco-maipu-santiago-poniente-y-norte,,,TERROR,
Cinépolis Arauco Maipú,El Final De La Calle Oak,2026-08-31,22:45,2D,doblada,100,14,https://tickets-static-content.cinepolis.com/pimcore/20089/assets/Chile/Tickets/Movies/ElFinalDeLaCalleOak_copy/Es/P_720X1022_5_copy/resource.jpg,https://cinepolis.com/cl?cinema=cinepolis-arauco-maipu-santiago-poniente-y-norte&selected=cinepolis-arauco-maipu-santiago-poniente-y-norte,,,"AVENTURA, CIENCIA FICCIÓN",
Cinépolis Arauco Maipú,Coyote vs ACME,2026-09-01,11:00,2D,doblada,105,TE7,https://tickets-static-content.cinepolis.com/pimcore/19803/assets/Chile/Tickets/Movies/CoyoteVSAcme/Es/720x1022_24/resource.jpg,https://cinepolis.com/cl?cinema=cinepolis-arauco-maipu-santiago-poniente-y-norte&selected=cinepolis-arauco-maipu-santiago-poniente-y-norte,,,"COMEDIA, ANIMACIÓN, AVENTURA",
Cinépolis Arauco Maipú,Spider-Man: Un Nuevo Día,2026-09-01,11:10,4DX,doblada,144,TE7,https://tickets-static-content.cinepolis.com/pimcore/19604/assets/Chile/Tickets/Movies/SpiderManUnNuevoDia_copy/Es/SMBND_720x1022_2/resource.jpg,https://cinepolis.com/cl?cinema=cinepolis-arauco-maipu-santiago-poniente-y-norte&selected=cinepolis-arauco-maipu-santiago-poniente-y-norte,,,"AVENTURA, ACCIÓN",
Cinépolis Arauco Maipú,Mi vecino Totoro,2026-09-01,11:20,2D,doblada,87,TE,https://tickets-static-content.cinepolis.com/pimcore/20415/assets/Chile/Tickets/Movies/MiVecinoTotoro/Es/720x1022_19/resource.jpg,https://cinepolis.com/cl?cinema=cinepolis-arauco-maipu-santiago-poniente-y-norte&selected=cinepolis-arauco-maipu-santiago-poniente-y-norte,,,"ANIMACIÓN, AVENTURA, FANTASÍA",
Cinépolis Arauco Maipú,PAW Patrol: La Dino Película,2026-09-01,11:30,2D,doblada,88,TE,https://tickets-static-content.cinepolis.com/pimcore/20418/assets/Chile/Tickets/Movies/PAWPatrolLaDinoPelicula_copy/Es/PP3_Desktop_Poster_720x1022_2/resource.jpg,https://cinepolis.com/cl?cinema=cinepolis-arauco-maipu-santiago-poniente-y-norte&selected=cinepolis-arauco-maipu-santiago-poniente-y-norte,,,ANIMACIÓN,
Cinépolis Arauco Maipú,Spider-Man: Un Nuevo Día,2026-09-01,11:40,2D,doblada,144,TE7,https://tickets-static-content.cinepolis.com/pimcore/19604/assets/Chile/Tickets/Movies/SpiderManUnNuevoDia_copy/Es/SMBND_720x1022_2/resource.jpg,https://cinepolis.com/cl?cinema=cinepolis-arauco-maipu-santiago-poniente-y-norte&selected=cinepolis-arauco-maipu-santiago-poniente-y-norte,,,"AVENTURA, ACCIÓN",
Cinépolis Arauco Maipú,Papi Ricky: La película,2026-09-01,12:00,2D,,93,TE7,https://tickets-static-content.cinepolis.com/pimcore/21450/assets/Chile/Tickets/Movies/PapiRickyLaPelicula/Es/720x1022_19/resource.jpg,https://cinepolis.com/cl?cinema=cinepolis-arauco-maipu-santiago-poniente-y-norte&selected=cinepolis-arauco-maipu-santiago-poniente-y-norte,,,COMEDIA,
Cinépolis Arauco Maipú,Coyote vs ACME,2026-09-01,12:10,2D,doblada,105,TE7,https://tickets-static-content.cinepolis.com/pimcore/19803/assets/Chile/Tickets/Movies/CoyoteVSAcme/Es/720x1022_24/resource.jpg,https://cinepolis.com/cl?cinema=cinepolis-arauco-maipu-santiago-poniente-y-norte&selected=cinepolis-arauco-maipu-santiago-poniente-y-norte,,,"COMEDIA, ANIMACIÓN, AVENTURA",
Cinépolis Arauco Maipú,Spider-Man: Un Nuevo Día,2026-09-01,12:20,2D,doblada,144,TE7,https://tickets-static-content.cinepolis.com/pimcore/19604/assets/Chile/Tickets/Movies/SpiderManUnNuevoDia_copy/Es/SMBND_720x1022_2/resource.jpg,https://cinepolis.com/cl?cinema=cinepolis-arauco-maipu-santiago-poniente-y-norte&selected=cinepolis-arauco-maipu-santiago-poniente-y-norte,,,"AVENTURA, ACCIÓN",
Cinépolis Arauco Maipú,Coyote vs ACME,2026-09-01,13:20,2D,doblada,105,TE7,https://tickets-static-content.cinepolis.com/pimcore/19803/assets/Chile/Tickets/Movies/CoyoteVSAcme/Es/720x1022_24/resource.jpg,https://cinepolis.com/cl?cinema=cinepolis-arauco-maipu-santiago-poniente-y-norte&selected=cinepolis-arauco-maipu-santiago-poniente-y-norte,,,"COMEDIA, ANIMACIÓN, AVENTURA",
Cinépolis Arauco Maipú,La Odisea,2026-09-01,13:30,2D,doblada,172,14,https://tickets-static-content.cinepolis.com/pimcore/18518/assets/Chile/Tickets/Movies/LaOdisea/Es/720x1022_poster_La_odisea_copia_2__1/resource.jpg,https://cinepolis.com/cl?cinema=cinepolis-arauco-maipu-santiago-poniente-y-norte&selected=cinepolis-arauco-maipu-santiago-poniente-y-norte,,,ACCIÓN,
Cinépolis Arauco Maipú,PAW Patrol: La Dino Película,2026-09-01,13:40,2D,doblada,88,TE,https://tickets-static-content.cinepolis.com/pimcore/20418/assets/Chile/Tickets/Movies/PAWPatrolLaDinoPelicula_copy/Es/PP3_Desktop_Poster_720x1022_2/resource.jpg,https://cinepolis.com/cl?cinema=cinepolis-arauco-maipu-santiago-poniente-y-norte&selected=cinepolis-arauco-maipu-santiago-poniente-y-norte,,,ANIMACIÓN,
Cinépolis Arauco Maipú,Papi Ricky: La película,2026-09-01,13:50,2D,,93,TE7,https://tickets-static-content.cinepolis.com/pimcore/21450/assets/Chile/Tickets/Movies/PapiRickyLaPelicula/Es/720x1022_19/resource.jpg,https://cinepolis.com/cl?cinema=cinepolis-arauco-maipu-santiago-poniente-y-norte&selected=cinepolis-arauco-maipu-santiago-poniente-y-norte,,,COMEDIA,
Cinépolis Arauco Maipú,Harry Potter y la piedra filosofal,2026-09-01,14:10,4DX,doblada,166,TE7,https://tickets-static-content.cinepolis.com/pimcore/21310/assets/Chile/Tickets/Movies/HarryPotterPiedraFilosofal/Es/720x1022_19/resource.jpg,https://cinepolis.com/cl?cinema=cinepolis-arauco-maipu-santiago-poniente-y-norte&selected=cinepolis-arauco-maipu-santiago-poniente-y-norte,,,"AVENTURA, FANTASÍA",
Cinépolis Arauco Maipú,Minions & Monstruos,2026-09-01,14:20,2D,doblada,90,TE,https://tickets-static-content.cinepolis.com/pimcore/18773/assets/Chile/Tickets/Movies/MinionsYMonsters/Es/minons_720x1022/resource.jpg,https://cinepolis.com/cl?cinema=cinepolis-arauco-maipu-santiago-poniente-y-norte&selected=cinepolis-arauco-maipu-santiago-poniente-y-norte,,,ANIMACIÓN,
Cinépolis Arauco Maipú,Papi Ricky: La película,2026-09-01,14:30,2D,,93,TE7,https://tickets-static-content.cinepolis.com/pimcore/21450/assets/Chile/Tickets/Movies/PapiRickyLaPelicula/Es/720x1022_19/resource.jpg,https://cinepolis.com/cl?cinema=cinepolis-arauco-maipu-santiago-poniente-y-norte&selected=cinepolis-arauco-maipu-santiago-poniente-y-norte,,,COMEDIA,
Cinépolis Arauco Maipú,Spider-Man: Un Nuevo Día,2026-09-01,14:40,2D,doblada,144,TE7,https://tickets-static-content.cinepolis.com/pimcore/19604/assets/Chile/Tickets/Movies/SpiderManUnNuevoDia_copy/Es/SMBND_720x1022_2/resource.jpg,https://cinepolis.com/cl?cinema=cinepolis-arauco-maipu-santiago-poniente-y-norte&selected=cinepolis-arauco-maipu-santiago-poniente-y-norte,,,"AVENTURA, ACCIÓN",
Cinépolis Arauco Maipú,Spider-Man: Un Nuevo Día,2026-09-01,15:20,2D,doblada,144,TE7,https://tickets-static-content.cinepolis.com/pimcore/19604/assets/Chile/Tickets/Movies/SpiderManUnNuevoDia_copy/Es/SMBND_720x1022_2/resource.jpg,https://cinepolis.com/cl?cinema=cinepolis-arauco-maipu-santiago-poniente-y-norte&selected=cinepolis-arauco-maipu-santiago-poniente-y-norte,,,"AVENTURA, ACCIÓN",
Cinépolis Arauco Maipú,La noche del demonio: Están entre nosotros,2026-09-01,15:40,2D,doblada,105,14,https://tickets-static-content.cinepolis.com/pimcore/19801/assets/Chile/Tickets/Movies/LaNocheDelDemonioEstaEntreNosotros/Es/720x1022_19/resource.jpg,https://cinepolis.com/cl?cinema=cinepolis-arauco-maipu-santiago-poniente-y-norte&selected=cinepolis-arauco-maipu-santiago-poniente-y-norte,,,TERROR,
Cinépolis Arauco Maipú,Coyote vs ACME,2026-09-01,15:50,2D,doblada,105,TE7,https://tickets-static-content.cinepolis.com/pimcore/19803/assets/Chile/Tickets/Movies/CoyoteVSAcme/Es/720x1022_24/resource.jpg,https://cinepolis.com/cl?cinema=cinepolis-arauco-maipu-santiago-poniente-y-norte&selected=cinepolis-arauco-maipu-santiago-poniente-y-norte,,,"COMEDIA, ANIMACIÓN, AVENTURA",
Cinépolis Arauco Maipú,Spider-Man: Un Nuevo Día,2026-09-01,16:10,2D,doblada,144,TE7,https://tickets-static-content.cinepolis.com/pimcore/19604/assets/Chile/Tickets/Movies/SpiderManUnNuevoDia_copy/Es/SMBND_720x1022_2/resource.jpg,https://cinepolis.com/cl?cinema=cinepolis-arauco-maipu-santiago-poniente-y-norte&selected=cinepolis-arauco-maipu-santiago-poniente-y-norte,,,"AVENTURA, ACCIÓN",
Cinépolis Arauco Maipú,La Guerra de los Últimos,2026-09-01,16:25,2D,doblada,100,14,https://tickets-static-content.cinepolis.com/pimcore/20625/assets/Chile/Tickets/Movies/LaGuerraDeLosUltimos/Es/720x1022_19/resource.jpg,https://cinepolis.com/cl?cinema=cinepolis-arauco-maipu-santiago-poniente-y-norte&selected=cinepolis-arauco-maipu-santiago-poniente-y-norte,,,"DRAMA, CIENCIA FICCIÓN",
Cinépolis Arauco Maipú,Papi Ricky: La película,2026-09-01,16:50,2D,,93,TE7,https://tickets-static-content.cinepolis.com/pimcore/21450/assets/Chile/Tickets/Movies/PapiRickyLaPelicula/Es/720x1022_19/resource.jpg,https://cinepolis.com/cl?cinema=cinepolis-arauco-maipu-santiago-poniente-y-norte&selected=cinepolis-arauco-maipu-santiago-poniente-y-norte,,,COMEDIA,
Cinépolis Arauco Maipú,El Final De La Calle Oak,2026-09-01,17:00,2D,doblada,100,14,https://tickets-static-content.cinepolis.com/pimcore/20089/assets/Chile/Tickets/Movies/ElFinalDeLaCalleOak_copy/Es/P_720X1022_5_copy/resource.jpg,https://cinepolis.com/cl?cinema=cinepolis-arauco-maipu-santiago-poniente-y-norte&selected=cinepolis-arauco-maipu-santiago-poniente-y-norte,,,"AVENTURA, CIENCIA FICCIÓN",
Cinépolis Arauco Maipú,Harry Potter y la piedra filosofal,2026-09-01,17:30,4DX,doblada,166,TE7,https://tickets-static-content.cinepolis.com/pimcore/21310/assets/Chile/Tickets/Movies/HarryPotterPiedraFilosofal/Es/720x1022_19/resource.jpg,https://cinepolis.com/cl?cinema=cinepolis-arauco-maipu-santiago-poniente-y-norte&selected=cinepolis-arauco-maipu-santiago-poniente-y-norte,,,"AVENTURA, FANTASÍA",
Cinépolis Arauco Maipú,La Guerra de los Últimos,2026-09-01,17:45,2D,doblada,100,14,https://tickets-static-content.cinepolis.com/pimcore/20625/assets/Chile/Tickets/Movies/LaGuerraDeLosUltimos/Es/720x1022_19/resource.jpg,https://cinepolis.com/cl?cinema=cinepolis-arauco-maipu-santiago-poniente-y-norte&selected=cinepolis-arauco-maipu-santiago-poniente-y-norte,,,"DRAMA, CIENCIA FICCIÓN",
Cinépolis Arauco Maipú,La noche del demonio: Están entre nosotros,2026-09-01,18:05,2D,doblada,105,14,https://tickets-static-content.cinepolis.com/pimcore/19801/assets/Chile/Tickets/Movies/LaNocheDelDemonioEstaEntreNosotros/Es/720x1022_19/resource.jpg,https://cinepolis.com/cl?cinema=cinepolis-arauco-maipu-santiago-poniente-y-norte&selected=cinepolis-arauco-maipu-santiago-poniente-y-norte,,,TERROR,
Cinépolis Arauco Maipú,Coyote vs ACME,2026-09-01,18:10,2D,doblada,105,TE7,https://tickets-static-content.cinepolis.com/pimcore/19803/assets/Chile/Tickets/Movies/CoyoteVSAcme/Es/720x1022_24/resource.jpg,https://cinepolis.com/cl?cinema=cinepolis-arauco-maipu-santiago-poniente-y-norte&selected=cinepolis-arauco-maipu-santiago-poniente-y-norte,,,"COMEDIA, ANIMACIÓN, AVENTURA",
Cinépolis Arauco Maipú,Spider-Man: Un Nuevo Día,2026-09-01,18:30,2D,doblada,144,TE7,https://tickets-static-content.cinepolis.com/pimcore/19604/assets/Chile/Tickets/Movies/SpiderManUnNuevoDia_copy/Es/SMBND_720x1022_2/resource.jpg,https://cinepolis.com/cl?cinema=cinepolis-arauco-maipu-santiago-poniente-y-norte&selected=cinepolis-arauco-maipu-santiago-poniente-y-norte,,,"AVENTURA, ACCIÓN",
Cinépolis Arauco Maipú,Harry Potter y la piedra filosofal,2026-09-01,19:00,2D,doblada,166,TE7,https://tickets-static-content.cinepolis.com/pimcore/21310/assets/Chile/Tickets/Movies/HarryPotterPiedraFilosofal/Es/720x1022_19/resource.jpg,https://cinepolis.com/cl?cinema=cinepolis-arauco-maipu-santiago-poniente-y-norte&selected=cinepolis-arauco-maipu-santiago-poniente-y-norte,,,"AVENTURA, FANTASÍA",
Cinépolis Arauco Maipú,Spider-Man: Un Nuevo Día,2026-09-01,19:10,2D,doblada,144,TE7,https://tickets-static-content.cinepolis.com/pimcore/19604/assets/Chile/Tickets/Movies/SpiderManUnNuevoDia_copy/Es/SMBND_720x1022_2/resource.jpg,https://cinepolis.com/cl?cinema=cinepolis-arauco-maipu-santiago-poniente-y-norte&selected=cinepolis-arauco-maipu-santiago-poniente-y-norte,,,"AVENTURA, ACCIÓN",
Cinépolis Arauco Maipú,La Odisea,2026-09-01,19:15,2D,subtitulada,172,14,https://tickets-static-content.cinepolis.com/pimcore/18518/assets/Chile/Tickets/Movies/LaOdisea/Es/720x1022_poster_La_odisea_copia_2__1/resource.jpg,https://cinepolis.com/cl?cinema=cinepolis-arauco-maipu-santiago-poniente-y-norte&selected=cinepolis-arauco-maipu-santiago-poniente-y-norte,,,ACCIÓN,
Cinépolis Arauco Maipú,Papi Ricky: La película,2026-09-01,19:25,2D,,93,TE7,https://tickets-static-content.cinepolis.com/pimcore/21450/assets/Chile/Tickets/Movies/PapiRickyLaPelicula/Es/720x1022_19/resource.jpg,https://cinepolis.com/cl?cinema=cinepolis-arauco-maipu-santiago-poniente-y-norte&selected=cinepolis-arauco-maipu-santiago-poniente-y-norte,,,COMEDIA,
Cinépolis Arauco Maipú,La noche del demonio: Están entre nosotros,2026-09-01,20:20,2D,doblada,105,14,https://tickets-static-content.cinepolis.com/pimcore/19801/assets/Chile/Tickets/Movies/LaNocheDelDemonioEstaEntreNosotros/Es/720x1022_19/resource.jpg,https://cinepolis.com/cl?cinema=cinepolis-arauco-maipu-santiago-poniente-y-norte&selected=cinepolis-arauco-maipu-santiago-poniente-y-norte,,,TERROR,
Cinépolis Arauco Maipú,Coyote vs ACME,2026-09-01,20:30,2D,doblada,105,TE7,https://tickets-static-content.cinepolis.com/pimcore/19803/assets/Chile/Tickets/Movies/CoyoteVSAcme/Es/720x1022_24/resource.jpg,https://cinepolis.com/cl?cinema=cinepolis-arauco-maipu-santiago-poniente-y-norte&selected=cinepolis-arauco-maipu-santiago-poniente-y-norte,,,"COMEDIA, ANIMACIÓN, AVENTURA",
Cinépolis Arauco Maipú,La Guerra de los Últimos,2026-09-01,20:45,2D,subtitulada,100,14,https://tickets-static-content.cinepolis.com/pimcore/20625/assets/Chile/Tickets/Movies/LaGuerraDeLosUltimos/Es/720x1022_19/resource.jpg,https://cinepolis.com/cl?cinema=cinepolis-arauco-maipu-santiago-poniente-y-norte&selected=cinepolis-arauco-maipu-santiago-poniente-y-norte,,,"DRAMA, CIENCIA FICCIÓN",
Cinépolis Arauco Maipú,Spider-Man: Un Nuevo Día,2026-09-01,21:00,4DX,doblada,144,TE7,https://tickets-static-content.cinepolis.com/pimcore/19604/assets/Chile/Tickets/Movies/SpiderManUnNuevoDia_copy/Es/SMBND_720x1022_2/resource.jpg,https://cinepolis.com/cl?cinema=cinepolis-arauco-maipu-santiago-poniente-y-norte&selected=cinepolis-arauco-maipu-santiago-poniente-y-norte,,,"AVENTURA, ACCIÓN",
Cinépolis Arauco Maipú,Spider-Man: Un Nuevo Día,2026-09-01,21:30,2D,doblada,144,TE7,https://tickets-static-content.cinepolis.com/pimcore/19604/assets/Chile/Tickets/Movies/SpiderManUnNuevoDia_copy/Es/SMBND_720x1022_2/resource.jpg,https://cinepolis.com/cl?cinema=cinepolis-arauco-maipu-santiago-poniente-y-norte&selected=cinepolis-arauco-maipu-santiago-poniente-y-norte,,,"AVENTURA, ACCIÓN",
Cinépolis Arauco Maipú,Papi Ricky: La película,2026-09-01,21:40,2D,,93,TE7,https://tickets-static-content.cinepolis.com/pimcore/21450/assets/Chile/Tickets/Movies/PapiRickyLaPelicula/Es/720x1022_19/resource.jpg,https://cinepolis.com/cl?cinema=cinepolis-arauco-maipu-santiago-poniente-y-norte&selected=cinepolis-arauco-maipu-santiago-poniente-y-norte,,,COMEDIA,
Cinépolis Arauco Maipú,Spider-Man: Un Nuevo Día,2026-09-01,22:10,2D,doblada,144,TE7,https://tickets-static-content.cinepolis.com/pimcore/19604/assets/Chile/Tickets/Movies/SpiderManUnNuevoDia_copy/Es/SMBND_720x1022_2/resource.jpg,https://cinepolis.com/cl?cinema=cinepolis-arauco-maipu-santiago-poniente-y-norte&selected=cinepolis-arauco-maipu-santiago-poniente-y-norte,,,"AVENTURA, ACCIÓN",
Cinépolis Arauco Maipú,Sagrado corazón,2026-09-01,22:20,2D,doblada,92,TE7,https://tickets-static-content.cinepolis.com/pimcore/21449/assets/Chile/Tickets/Movies/SagradoCorazon/Es/720x1022_19/resource.jpg,https://cinepolis.com/cl?cinema=cinepolis-arauco-maipu-santiago-poniente-y-norte&selected=cinepolis-arauco-maipu-santiago-poniente-y-norte,,,"DOCUMENTAL, CIENCIA FICCIÓN",
Cinépolis Arauco Maipú,La noche del demonio: Están entre nosotros,2026-09-01,22:35,2D,doblada,105,14,https://tickets-static-content.cinepolis.com/pimcore/19801/assets/Chile/Tickets/Movies/LaNocheDelDemonioEstaEntreNosotros/Es/720x1022_19/resource.jpg,https://cinepolis.com/cl?cinema=cinepolis-arauco-maipu-santiago-poniente-y-norte&selected=cinepolis-arauco-maipu-santiago-poniente-y-norte,,,TERROR,
Cinépolis Arauco Maipú,El Final De La Calle Oak,2026-09-01,22:45,2D,doblada,100,14,https://tickets-static-content.cinepolis.com/pimcore/20089/assets/Chile/Tickets/Movies/ElFinalDeLaCalleOak_copy/Es/P_720X1022_5_copy/resource.jpg,https://cinepolis.com/cl?cinema=cinepolis-arauco-maipu-santiago-poniente-y-norte&selected=cinepolis-arauco-maipu-santiago-poniente-y-norte,,,"AVENTURA, CIENCIA FICCIÓN",
Cinépolis Arauco Maipú,Coyote vs ACME,2026-09-02,11:00,2D,doblada,105,TE7,https://tickets-static-content.cinepolis.com/pimcore/19803/assets/Chile/Tickets/Movies/CoyoteVSAcme/Es/720x1022_24/resource.jpg,https://cinepolis.com/cl?cinema=cinepolis-arauco-maipu-santiago-poniente-y-norte&selected=cinepolis-arauco-maipu-santiago-poniente-y-norte,,,"COMEDIA, ANIMACIÓN, AVENTURA",
Cinépolis Arauco Maipú,Spider-Man: Un Nuevo Día,2026-09-02,11:10,4DX,doblada,144,TE7,https://tickets-static-content.cinepolis.com/pimcore/19604/assets/Chile/Tickets/Movies/SpiderManUnNuevoDia_copy/Es/SMBND_720x1022_2/resource.jpg,https://cinepolis.com/cl?cinema=cinepolis-arauco-maipu-santiago-poniente-y-norte&selected=cinepolis-arauco-maipu-santiago-poniente-y-norte,,,"AVENTURA, ACCIÓN",
Cinépolis Arauco Maipú,Mi vecino Totoro,2026-09-02,11:20,2D,doblada,87,TE,https://tickets-static-content.cinepolis.com/pimcore/20415/assets/Chile/Tickets/Movies/MiVecinoTotoro/Es/720x1022_19/resource.jpg,https://cinepolis.com/cl?cinema=cinepolis-arauco-maipu-santiago-poniente-y-norte&selected=cinepolis-arauco-maipu-santiago-poniente-y-norte,,,"ANIMACIÓN, AVENTURA, FANTASÍA",
Cinépolis Arauco Maipú,PAW Patrol: La Dino Película,2026-09-02,11:30,2D,doblada,88,TE,https://tickets-static-content.cinepolis.com/pimcore/20418/assets/Chile/Tickets/Movies/PAWPatrolLaDinoPelicula_copy/Es/PP3_Desktop_Poster_720x1022_2/resource.jpg,https://cinepolis.com/cl?cinema=cinepolis-arauco-maipu-santiago-poniente-y-norte&selected=cinepolis-arauco-maipu-santiago-poniente-y-norte,,,ANIMACIÓN,
Cinépolis Arauco Maipú,Spider-Man: Un Nuevo Día,2026-09-02,11:40,2D,doblada,144,TE7,https://tickets-static-content.cinepolis.com/pimcore/19604/assets/Chile/Tickets/Movies/SpiderManUnNuevoDia_copy/Es/SMBND_720x1022_2/resource.jpg,https://cinepolis.com/cl?cinema=cinepolis-arauco-maipu-santiago-poniente-y-norte&selected=cinepolis-arauco-maipu-santiago-poniente-y-norte,,,"AVENTURA, ACCIÓN",
Cinépolis Arauco Maipú,Papi Ricky: La película,2026-09-02,12:00,2D,,93,TE7,https://tickets-static-content.cinepolis.com/pimcore/21450/assets/Chile/Tickets/Movies/PapiRickyLaPelicula/Es/720x1022_19/resource.jpg,https://cinepolis.com/cl?cinema=cinepolis-arauco-maipu-santiago-poniente-y-norte&selected=cinepolis-arauco-maipu-santiago-poniente-y-norte,,,COMEDIA,
Cinépolis Arauco Maipú,Coyote vs ACME,2026-09-02,12:10,2D,doblada,105,TE7,https://tickets-static-content.cinepolis.com/pimcore/19803/assets/Chile/Tickets/Movies/CoyoteVSAcme/Es/720x1022_24/resource.jpg,https://cinepolis.com/cl?cinema=cinepolis-arauco-maipu-santiago-poniente-y-norte&selected=cinepolis-arauco-maipu-santiago-poniente-y-norte,,,"COMEDIA, ANIMACIÓN, AVENTURA",
Cinépolis Arauco Maipú,Spider-Man: Un Nuevo Día,2026-09-02,12:20,2D,doblada,144,TE7,https://tickets-static-content.cinepolis.com/pimcore/19604/assets/Chile/Tickets/Movies/SpiderManUnNuevoDia_copy/Es/SMBND_720x1022_2/resource.jpg,https://cinepolis.com/cl?cinema=cinepolis-arauco-maipu-santiago-poniente-y-norte&selected=cinepolis-arauco-maipu-santiago-poniente-y-norte,,,"AVENTURA, ACCIÓN",
Cinépolis Arauco Maipú,Coyote vs ACME,2026-09-02,13:20,2D,doblada,105,TE7,https://tickets-static-content.cinepolis.com/pimcore/19803/assets/Chile/Tickets/Movies/CoyoteVSAcme/Es/720x1022_24/resource.jpg,https://cinepolis.com/cl?cinema=cinepolis-arauco-maipu-santiago-poniente-y-norte&selected=cinepolis-arauco-maipu-santiago-poniente-y-norte,,,"COMEDIA, ANIMACIÓN, AVENTURA",
Cinépolis Arauco Maipú,La Odisea,2026-09-02,13:30,2D,doblada,172,14,https://tickets-static-content.cinepolis.com/pimcore/18518/assets/Chile/Tickets/Movies/LaOdisea/Es/720x1022_poster_La_odisea_copia_2__1/resource.jpg,https://cinepolis.com/cl?cinema=cinepolis-arauco-maipu-santiago-poniente-y-norte&selected=cinepolis-arauco-maipu-santiago-poniente-y-norte,,,ACCIÓN,
Cinépolis Arauco Maipú,PAW Patrol: La Dino Película,2026-09-02,13:40,2D,doblada,88,TE,https://tickets-static-content.cinepolis.com/pimcore/20418/assets/Chile/Tickets/Movies/PAWPatrolLaDinoPelicula_copy/Es/PP3_Desktop_Poster_720x1022_2/resource.jpg,https://cinepolis.com/cl?cinema=cinepolis-arauco-maipu-santiago-poniente-y-norte&selected=cinepolis-arauco-maipu-santiago-poniente-y-norte,,,ANIMACIÓN,
Cinépolis Arauco Maipú,Papi Ricky: La película,2026-09-02,13:50,2D,,93,TE7,https://tickets-static-content.cinepolis.com/pimcore/21450/assets/Chile/Tickets/Movies/PapiRickyLaPelicula/Es/720x1022_19/resource.jpg,https://cinepolis.com/cl?cinema=cinepolis-arauco-maipu-santiago-poniente-y-norte&selected=cinepolis-arauco-maipu-santiago-poniente-y-norte,,,COMEDIA,
Cinépolis Arauco Maipú,Harry Potter y la piedra filosofal,2026-09-02,14:10,4DX,doblada,166,TE7,https://tickets-static-content.cinepolis.com/pimcore/21310/assets/Chile/Tickets/Movies/HarryPotterPiedraFilosofal/Es/720x1022_19/resource.jpg,https://cinepolis.com/cl?cinema=cinepolis-arauco-maipu-santiago-poniente-y-norte&selected=cinepolis-arauco-maipu-santiago-poniente-y-norte,,,"AVENTURA, FANTASÍA",
Cinépolis Arauco Maipú,Minions & Monstruos,2026-09-02,14:20,2D,doblada,90,TE,https://tickets-static-content.cinepolis.com/pimcore/18773/assets/Chile/Tickets/Movies/MinionsYMonsters/Es/minons_720x1022/resource.jpg,https://cinepolis.com/cl?cinema=cinepolis-arauco-maipu-santiago-poniente-y-norte&selected=cinepolis-arauco-maipu-santiago-poniente-y-norte,,,ANIMACIÓN,
Cinépolis Arauco Maipú,Papi Ricky: La película,2026-09-02,14:30,2D,,93,TE7,https://tickets-static-content.cinepolis.com/pimcore/21450/assets/Chile/Tickets/Movies/PapiRickyLaPelicula/Es/720x1022_19/resource.jpg,https://cinepolis.com/cl?cinema=cinepolis-arauco-maipu-santiago-poniente-y-norte&selected=cinepolis-arauco-maipu-santiago-poniente-y-norte,,,COMEDIA,
Cinépolis Arauco Maipú,Spider-Man: Un Nuevo Día,2026-09-02,14:40,2D,doblada,144,TE7,https://tickets-static-content.cinepolis.com/pimcore/19604/assets/Chile/Tickets/Movies/SpiderManUnNuevoDia_copy/Es/SMBND_720x1022_2/resource.jpg,https://cinepolis.com/cl?cinema=cinepolis-arauco-maipu-santiago-poniente-y-norte&selected=cinepolis-arauco-maipu-santiago-poniente-y-norte,,,"AVENTURA, ACCIÓN",
Cinépolis Arauco Maipú,Spider-Man: Un Nuevo Día,2026-09-02,15:20,2D,doblada,144,TE7,https://tickets-static-content.cinepolis.com/pimcore/19604/assets/Chile/Tickets/Movies/SpiderManUnNuevoDia_copy/Es/SMBND_720x1022_2/resource.jpg,https://cinepolis.com/cl?cinema=cinepolis-arauco-maipu-santiago-poniente-y-norte&selected=cinepolis-arauco-maipu-santiago-poniente-y-norte,,,"AVENTURA, ACCIÓN",
Cinépolis Arauco Maipú,La noche del demonio: Están entre nosotros,2026-09-02,15:40,2D,doblada,105,14,https://tickets-static-content.cinepolis.com/pimcore/19801/assets/Chile/Tickets/Movies/LaNocheDelDemonioEstaEntreNosotros/Es/720x1022_19/resource.jpg,https://cinepolis.com/cl?cinema=cinepolis-arauco-maipu-santiago-poniente-y-norte&selected=cinepolis-arauco-maipu-santiago-poniente-y-norte,,,TERROR,
Cinépolis Arauco Maipú,Coyote vs ACME,2026-09-02,15:50,2D,doblada,105,TE7,https://tickets-static-content.cinepolis.com/pimcore/19803/assets/Chile/Tickets/Movies/CoyoteVSAcme/Es/720x1022_24/resource.jpg,https://cinepolis.com/cl?cinema=cinepolis-arauco-maipu-santiago-poniente-y-norte&selected=cinepolis-arauco-maipu-santiago-poniente-y-norte,,,"COMEDIA, ANIMACIÓN, AVENTURA",
Cinépolis Arauco Maipú,Spider-Man: Un Nuevo Día,2026-09-02,16:10,2D,doblada,144,TE7,https://tickets-static-content.cinepolis.com/pimcore/19604/assets/Chile/Tickets/Movies/SpiderManUnNuevoDia_copy/Es/SMBND_720x1022_2/resource.jpg,https://cinepolis.com/cl?cinema=cinepolis-arauco-maipu-santiago-poniente-y-norte&selected=cinepolis-arauco-maipu-santiago-poniente-y-norte,,,"AVENTURA, ACCIÓN",
Cinépolis Arauco Maipú,La Guerra de los Últimos,2026-09-02,16:25,2D,doblada,100,14,https://tickets-static-content.cinepolis.com/pimcore/20625/assets/Chile/Tickets/Movies/LaGuerraDeLosUltimos/Es/720x1022_19/resource.jpg,https://cinepolis.com/cl?cinema=cinepolis-arauco-maipu-santiago-poniente-y-norte&selected=cinepolis-arauco-maipu-santiago-poniente-y-norte,,,"DRAMA, CIENCIA FICCIÓN",
Cinépolis Arauco Maipú,Papi Ricky: La película,2026-09-02,16:50,2D,,93,TE7,https://tickets-static-content.cinepolis.com/pimcore/21450/assets/Chile/Tickets/Movies/PapiRickyLaPelicula/Es/720x1022_19/resource.jpg,https://cinepolis.com/cl?cinema=cinepolis-arauco-maipu-santiago-poniente-y-norte&selected=cinepolis-arauco-maipu-santiago-poniente-y-norte,,,COMEDIA,
Cinépolis Arauco Maipú,El Final De La Calle Oak,2026-09-02,17:00,2D,doblada,100,14,https://tickets-static-content.cinepolis.com/pimcore/20089/assets/Chile/Tickets/Movies/ElFinalDeLaCalleOak_copy/Es/P_720X1022_5_copy/resource.jpg,https://cinepolis.com/cl?cinema=cinepolis-arauco-maipu-santiago-poniente-y-norte&selected=cinepolis-arauco-maipu-santiago-poniente-y-norte,,,"AVENTURA, CIENCIA FICCIÓN",
Cinépolis Arauco Maipú,Harry Potter y la piedra filosofal,2026-09-02,17:30,4DX,doblada,166,TE7,https://tickets-static-content.cinepolis.com/pimcore/21310/assets/Chile/Tickets/Movies/HarryPotterPiedraFilosofal/Es/720x1022_19/resource.jpg,https://cinepolis.com/cl?cinema=cinepolis-arauco-maipu-santiago-poniente-y-norte&selected=cinepolis-arauco-maipu-santiago-poniente-y-norte,,,"AVENTURA, FANTASÍA",
Cinépolis Arauco Maipú,La Guerra de los Últimos,2026-09-02,17:45,2D,doblada,100,14,https://tickets-static-content.cinepolis.com/pimcore/20625/assets/Chile/Tickets/Movies/LaGuerraDeLosUltimos/Es/720x1022_19/resource.jpg,https://cinepolis.com/cl?cinema=cinepolis-arauco-maipu-santiago-poniente-y-norte&selected=cinepolis-arauco-maipu-santiago-poniente-y-norte,,,"DRAMA, CIENCIA FICCIÓN",
Cinépolis Arauco Maipú,La noche del demonio: Están entre nosotros,2026-09-02,18:05,2D,doblada,105,14,https://tickets-static-content.cinepolis.com/pimcore/19801/assets/Chile/Tickets/Movies/LaNocheDelDemonioEstaEntreNosotros/Es/720x1022_19/resource.jpg,https://cinepolis.com/cl?cinema=cinepolis-arauco-maipu-santiago-poniente-y-norte&selected=cinepolis-arauco-maipu-santiago-poniente-y-norte,,,TERROR,
Cinépolis Arauco Maipú,Coyote vs ACME,2026-09-02,18:10,2D,doblada,105,TE7,https://tickets-static-content.cinepolis.com/pimcore/19803/assets/Chile/Tickets/Movies/CoyoteVSAcme/Es/720x1022_24/resource.jpg,https://cinepolis.com/cl?cinema=cinepolis-arauco-maipu-santiago-poniente-y-norte&selected=cinepolis-arauco-maipu-santiago-poniente-y-norte,,,"COMEDIA, ANIMACIÓN, AVENTURA",
Cinépolis Arauco Maipú,Spider-Man: Un Nuevo Día,2026-09-02,18:30,2D,doblada,144,TE7,https://tickets-static-content.cinepolis.com/pimcore/19604/assets/Chile/Tickets/Movies/SpiderManUnNuevoDia_copy/Es/SMBND_720x1022_2/resource.jpg,https://cinepolis.com/cl?cinema=cinepolis-arauco-maipu-santiago-poniente-y-norte&selected=cinepolis-arauco-maipu-santiago-poniente-y-norte,,,"AVENTURA, ACCIÓN",
Cinépolis Arauco Maipú,Harry Potter y la piedra filosofal,2026-09-02,19:00,2D,doblada,166,TE7,https://tickets-static-content.cinepolis.com/pimcore/21310/assets/Chile/Tickets/Movies/HarryPotterPiedraFilosofal/Es/720x1022_19/resource.jpg,https://cinepolis.com/cl?cinema=cinepolis-arauco-maipu-santiago-poniente-y-norte&selected=cinepolis-arauco-maipu-santiago-poniente-y-norte,,,"AVENTURA, FANTASÍA",
Cinépolis Arauco Maipú,Spider-Man: Un Nuevo Día,2026-09-02,19:10,2D,doblada,144,TE7,https://tickets-static-content.cinepolis.com/pimcore/19604/assets/Chile/Tickets/Movies/SpiderManUnNuevoDia_copy/Es/SMBND_720x1022_2/resource.jpg,https://cinepolis.com/cl?cinema=cinepolis-arauco-maipu-santiago-poniente-y-norte&selected=cinepolis-arauco-maipu-santiago-poniente-y-norte,,,"AVENTURA, ACCIÓN",
Cinépolis Arauco Maipú,La Odisea,2026-09-02,19:15,2D,subtitulada,172,14,https://tickets-static-content.cinepolis.com/pimcore/18518/assets/Chile/Tickets/Movies/LaOdisea/Es/720x1022_poster_La_odisea_copia_2__1/resource.jpg,https://cinepolis.com/cl?cinema=cinepolis-arauco-maipu-santiago-poniente-y-norte&selected=cinepolis-arauco-maipu-santiago-poniente-y-norte,,,ACCIÓN,
Cinépolis Arauco Maipú,Papi Ricky: La película,2026-09-02,19:25,2D,,93,TE7,https://tickets-static-content.cinepolis.com/pimcore/21450/assets/Chile/Tickets/Movies/PapiRickyLaPelicula/Es/720x1022_19/resource.jpg,https://cinepolis.com/cl?cinema=cinepolis-arauco-maipu-santiago-poniente-y-norte&selected=cinepolis-arauco-maipu-santiago-poniente-y-norte,,,COMEDIA,
Cinépolis Arauco Maipú,La noche del demonio: Están entre nosotros,2026-09-02,20:20,2D,doblada,105,14,https://tickets-static-content.cinepolis.com/pimcore/19801/assets/Chile/Tickets/Movies/LaNocheDelDemonioEstaEntreNosotros/Es/720x1022_19/resource.jpg,https://cinepolis.com/cl?cinema=cinepolis-arauco-maipu-santiago-poniente-y-norte&selected=cinepolis-arauco-maipu-santiago-poniente-y-norte,,,TERROR,
Cinépolis Arauco Maipú,Coyote vs ACME,2026-09-02,20:30,2D,doblada,105,TE7,https://tickets-static-content.cinepolis.com/pimcore/19803/assets/Chile/Tickets/Movies/CoyoteVSAcme/Es/720x1022_24/resource.jpg,https://cinepolis.com/cl?cinema=cinepolis-arauco-maipu-santiago-poniente-y-norte&selected=cinepolis-arauco-maipu-santiago-poniente-y-norte,,,"COMEDIA, ANIMACIÓN, AVENTURA",
Cinépolis Arauco Maipú,La Guerra de los Últimos,2026-09-02,20:45,2D,subtitulada,100,14,https://tickets-static-content.cinepolis.com/pimcore/20625/assets/Chile/Tickets/Movies/LaGuerraDeLosUltimos/Es/720x1022_19/resource.jpg,https://cinepolis.com/cl?cinema=cinepolis-arauco-maipu-santiago-poniente-y-norte&selected=cinepolis-arauco-maipu-santiago-poniente-y-norte,,,"DRAMA, CIENCIA FICCIÓN",
Cinépolis Arauco Maipú,Spider-Man: Un Nuevo Día,2026-09-02,21:00,4DX,doblada,144,TE7,https://tickets-static-content.cinepolis.com/pimcore/19604/assets/Chile/Tickets/Movies/SpiderManUnNuevoDia_copy/Es/SMBND_720x1022_2/resource.jpg,https://cinepolis.com/cl?cinema=cinepolis-arauco-maipu-santiago-poniente-y-norte&selected=cinepolis-arauco-maipu-santiago-poniente-y-norte,,,"AVENTURA, ACCIÓN",
Cinépolis Arauco Maipú,Spider-Man: Un Nuevo Día,2026-09-02,21:30,2D,doblada,144,TE7,https://tickets-static-content.cinepolis.com/pimcore/19604/assets/Chile/Tickets/Movies/SpiderManUnNuevoDia_copy/Es/SMBND_720x1022_2/resource.jpg,https://cinepolis.com/cl?cinema=cinepolis-arauco-maipu-santiago-poniente-y-norte&selected=cinepolis-arauco-maipu-santiago-poniente-y-norte,,,"AVENTURA, ACCIÓN",
Cinépolis Arauco Maipú,Papi Ricky: La película,2026-09-02,21:40,2D,,93,TE7,https://tickets-static-content.cinepolis.com/pimcore/21450/assets/Chile/Tickets/Movies/PapiRickyLaPelicula/Es/720x1022_19/resource.jpg,https://cinepolis.com/cl?cinema=cinepolis-arauco-maipu-santiago-poniente-y-norte&selected=cinepolis-arauco-maipu-santiago-poniente-y-norte,,,COMEDIA,
Cinépolis Arauco Maipú,Spider-Man: Un Nuevo Día,2026-09-02,22:10,2D,doblada,144,TE7,https://tickets-static-content.cinepolis.com/pimcore/19604/assets/Chile/Tickets/Movies/SpiderManUnNuevoDia_copy/Es/SMBND_720x1022_2/resource.jpg,https://cinepolis.com/cl?cinema=cinepolis-arauco-maipu-santiago-poniente-y-norte&selected=cinepolis-arauco-maipu-santiago-poniente-y-norte,,,"AVENTURA, ACCIÓN",
Cinépolis Arauco Maipú,Sagrado corazón,2026-09-02,22:20,2D,doblada,92,TE7,https://tickets-static-content.cinepolis.com/pimcore/21449/assets/Chile/Tickets/Movies/SagradoCorazon/Es/720x1022_19/resource.jpg,https://cinepolis.com/cl?cinema=cinepolis-arauco-maipu-santiago-poniente-y-norte&selected=cinepolis-arauco-maipu-santiago-poniente-y-norte,,,"DOCUMENTAL, CIENCIA FICCIÓN",
Cinépolis Arauco Maipú,La noche del demonio: Están entre nosotros,2026-09-02,22:35,2D,doblada,105,14,https://tickets-static-content.cinepolis.com/pimcore/19801/assets/Chile/Tickets/Movies/LaNocheDelDemonioEstaEntreNosotros/Es/720x1022_19/resource.jpg,https://cinepolis.com/cl?cinema=cinepolis-arauco-maipu-santiago-poniente-y-norte&selected=cinepolis-arauco-maipu-santiago-poniente-y-norte,,,TERROR,
Cinépolis Arauco Maipú,El Final De La Calle Oak,2026-09-02,22:45,2D,doblada,100,14,https://tickets-static-content.cinepolis.com/pimcore/20089/assets/Chile/Tickets/Movies/ElFinalDeLaCalleOak_copy/Es/P_720X1022_5_copy/resource.jpg,https://cinepolis.com/cl?cinema=cinepolis-arauco-maipu-santiago-poniente-y-norte&selected=cinepolis-arauco-maipu-santiago-poniente-y-norte,,,"AVENTURA, CIENCIA FICCIÓN",
Cinépolis Arauco Quilicura,La noche del demonio: Están entre nosotros,2026-08-31,13:00,2D,doblada,105,14,https://tickets-static-content.cinepolis.com/pimcore/19801/assets/Chile/Tickets/Movies/LaNocheDelDemonioEstaEntreNosotros/Es/720x1022_19/resource.jpg,https://cinepolis.com/cl?cinema=cinepolis-arauco-quilicura-santiago-poniente-y-norte&selected=cinepolis-arauco-quilicura-santiago-poniente-y-norte,,,TERROR,
Cinépolis Arauco Quilicura,El Final De La Calle Oak,2026-08-31,13:30,2D,doblada,100,14,https://tickets-static-content.cinepolis.com/pimcore/20089/assets/Chile/Tickets/Movies/ElFinalDeLaCalleOak_copy/Es/P_720X1022_5_copy/resource.jpg,https://cinepolis.com/cl?cinema=cinepolis-arauco-quilicura-santiago-poniente-y-norte&selected=cinepolis-arauco-quilicura-santiago-poniente-y-norte,,,"AVENTURA, CIENCIA FICCIÓN",
Cinépolis Arauco Quilicura,Papi Ricky: La película,2026-08-31,14:00,2D,,93,TE7,https://tickets-static-content.cinepolis.com/pimcore/21450/assets/Chile/Tickets/Movies/PapiRickyLaPelicula/Es/720x1022_19/resource.jpg,https://cinepolis.com/cl?cinema=cinepolis-arauco-quilicura-santiago-poniente-y-norte&selected=cinepolis-arauco-quilicura-santiago-poniente-y-norte,,,COMEDIA,
Cinépolis Arauco Quilicura,Spider-Man: Un Nuevo Día,2026-08-31,14:30,2D,doblada,144,TE7,https://tickets-static-content.cinepolis.com/pimcore/19604/assets/Chile/Tickets/Movies/SpiderManUnNuevoDia_copy/Es/SMBND_720x1022_2/resource.jpg,https://cinepolis.com/cl?cinema=cinepolis-arauco-quilicura-santiago-poniente-y-norte&selected=cinepolis-arauco-quilicura-santiago-poniente-y-norte,,,"AVENTURA, ACCIÓN",
Cinépolis Arauco Quilicura,Coyote vs ACME,2026-08-31,14:45,2D,doblada,105,TE7,https://tickets-static-content.cinepolis.com/pimcore/19803/assets/Chile/Tickets/Movies/CoyoteVSAcme/Es/720x1022_24/resource.jpg,https://cinepolis.com/cl?cinema=cinepolis-arauco-quilicura-santiago-poniente-y-norte&selected=cinepolis-arauco-quilicura-santiago-poniente-y-norte,,,"COMEDIA, ANIMACIÓN, AVENTURA",
Cinépolis Arauco Quilicura,Spider-Man: Un Nuevo Día,2026-08-31,15:00,2D,doblada,144,TE7,https://tickets-static-content.cinepolis.com/pimcore/19604/assets/Chile/Tickets/Movies/SpiderManUnNuevoDia_copy/Es/SMBND_720x1022_2/resource.jpg,https://cinepolis.com/cl?cinema=cinepolis-arauco-quilicura-santiago-poniente-y-norte&selected=cinepolis-arauco-quilicura-santiago-poniente-y-norte,,,"AVENTURA, ACCIÓN",
Cinépolis Arauco Quilicura,La Odisea,2026-08-31,15:20,2D,doblada,172,14,https://tickets-static-content.cinepolis.com/pimcore/18518/assets/Chile/Tickets/Movies/LaOdisea/Es/720x1022_poster_La_odisea_copia_2__1/resource.jpg,https://cinepolis.com/cl?cinema=cinepolis-arauco-quilicura-santiago-poniente-y-norte&selected=cinepolis-arauco-quilicura-santiago-poniente-y-norte,,,ACCIÓN,
Cinépolis Arauco Quilicura,La Guerra de los Últimos,2026-08-31,15:40,2D,doblada,100,14,https://tickets-static-content.cinepolis.com/pimcore/20625/assets/Chile/Tickets/Movies/LaGuerraDeLosUltimos/Es/720x1022_19/resource.jpg,https://cinepolis.com/cl?cinema=cinepolis-arauco-quilicura-santiago-poniente-y-norte&selected=cinepolis-arauco-quilicura-santiago-poniente-y-norte,,,"DRAMA, CIENCIA FICCIÓN",
Cinépolis Arauco Quilicura,Papi Ricky: La película,2026-08-31,16:15,2D,,93,TE7,https://tickets-static-content.cinepolis.com/pimcore/21450/assets/Chile/Tickets/Movies/PapiRickyLaPelicula/Es/720x1022_19/resource.jpg,https://cinepolis.com/cl?cinema=cinepolis-arauco-quilicura-santiago-poniente-y-norte&selected=cinepolis-arauco-quilicura-santiago-poniente-y-norte,,,COMEDIA,
Cinépolis Arauco Quilicura,Coyote vs ACME,2026-08-31,17:15,2D,doblada,105,TE7,https://tickets-static-content.cinepolis.com/pimcore/19803/assets/Chile/Tickets/Movies/CoyoteVSAcme/Es/720x1022_24/resource.jpg,https://cinepolis.com/cl?cinema=cinepolis-arauco-quilicura-santiago-poniente-y-norte&selected=cinepolis-arauco-quilicura-santiago-poniente-y-norte,,,"COMEDIA, ANIMACIÓN, AVENTURA",
Cinépolis Arauco Quilicura,Spider-Man: Un Nuevo Día,2026-08-31,17:30,2D,doblada,144,TE7,https://tickets-static-content.cinepolis.com/pimcore/19604/assets/Chile/Tickets/Movies/SpiderManUnNuevoDia_copy/Es/SMBND_720x1022_2/resource.jpg,https://cinepolis.com/cl?cinema=cinepolis-arauco-quilicura-santiago-poniente-y-norte&selected=cinepolis-arauco-quilicura-santiago-poniente-y-norte,,,"AVENTURA, ACCIÓN",
Cinépolis Arauco Quilicura,Harry Potter y la piedra filosofal,2026-08-31,18:00,2D,doblada,166,TE7,https://tickets-static-content.cinepolis.com/pimcore/21310/assets/Chile/Tickets/Movies/HarryPotterPiedraFilosofal/Es/720x1022_19/resource.jpg,https://cinepolis.com/cl?cinema=cinepolis-arauco-quilicura-santiago-poniente-y-norte&selected=cinepolis-arauco-quilicura-santiago-poniente-y-norte,,,"AVENTURA, FANTASÍA",
Cinépolis Arauco Quilicura,La Guerra de los Últimos,2026-08-31,18:15,2D,doblada,100,14,https://tickets-static-content.cinepolis.com/pimcore/20625/assets/Chile/Tickets/Movies/LaGuerraDeLosUltimos/Es/720x1022_19/resource.jpg,https://cinepolis.com/cl?cinema=cinepolis-arauco-quilicura-santiago-poniente-y-norte&selected=cinepolis-arauco-quilicura-santiago-poniente-y-norte,,,"DRAMA, CIENCIA FICCIÓN",
Cinépolis Arauco Quilicura,Papi Ricky: La película,2026-08-31,18:30,2D,,93,TE7,https://tickets-static-content.cinepolis.com/pimcore/21450/assets/Chile/Tickets/Movies/PapiRickyLaPelicula/Es/720x1022_19/resource.jpg,https://cinepolis.com/cl?cinema=cinepolis-arauco-quilicura-santiago-poniente-y-norte&selected=cinepolis-arauco-quilicura-santiago-poniente-y-norte,,,COMEDIA,
Cinépolis Arauco Quilicura,La noche del demonio: Están entre nosotros,2026-08-31,18:50,2D,doblada,105,14,https://tickets-static-content.cinepolis.com/pimcore/19801/assets/Chile/Tickets/Movies/LaNocheDelDemonioEstaEntreNosotros/Es/720x1022_19/resource.jpg,https://cinepolis.com/cl?cinema=cinepolis-arauco-quilicura-santiago-poniente-y-norte&selected=cinepolis-arauco-quilicura-santiago-poniente-y-norte,,,TERROR,
Cinépolis Arauco Quilicura,Coyote vs ACME,2026-08-31,20:00,2D,doblada,105,TE7,https://tickets-static-content.cinepolis.com/pimcore/19803/assets/Chile/Tickets/Movies/CoyoteVSAcme/Es/720x1022_24/resource.jpg,https://cinepolis.com/cl?cinema=cinepolis-arauco-quilicura-santiago-poniente-y-norte&selected=cinepolis-arauco-quilicura-santiago-poniente-y-norte,,,"COMEDIA, ANIMACIÓN, AVENTURA",
Cinépolis Arauco Quilicura,Spider-Man: Un Nuevo Día,2026-08-31,20:30,2D,doblada,144,TE7,https://tickets-static-content.cinepolis.com/pimcore/19604/assets/Chile/Tickets/Movies/SpiderManUnNuevoDia_copy/Es/SMBND_720x1022_2/resource.jpg,https://cinepolis.com/cl?cinema=cinepolis-arauco-quilicura-santiago-poniente-y-norte&selected=cinepolis-arauco-quilicura-santiago-poniente-y-norte,,,"AVENTURA, ACCIÓN",
Cinépolis Arauco Quilicura,Papi Ricky: La película,2026-08-31,20:45,2D,,93,TE7,https://tickets-static-content.cinepolis.com/pimcore/21450/assets/Chile/Tickets/Movies/PapiRickyLaPelicula/Es/720x1022_19/resource.jpg,https://cinepolis.com/cl?cinema=cinepolis-arauco-quilicura-santiago-poniente-y-norte&selected=cinepolis-arauco-quilicura-santiago-poniente-y-norte,,,COMEDIA,
Cinépolis Arauco Quilicura,La Guerra de los Últimos,2026-08-31,21:00,2D,doblada,100,14,https://tickets-static-content.cinepolis.com/pimcore/20625/assets/Chile/Tickets/Movies/LaGuerraDeLosUltimos/Es/720x1022_19/resource.jpg,https://cinepolis.com/cl?cinema=cinepolis-arauco-quilicura-santiago-poniente-y-norte&selected=cinepolis-arauco-quilicura-santiago-poniente-y-norte,,,"DRAMA, CIENCIA FICCIÓN",
Cinépolis Arauco Quilicura,Spider-Man: Un Nuevo Día,2026-08-31,21:10,2D,doblada,144,TE7,https://tickets-static-content.cinepolis.com/pimcore/19604/assets/Chile/Tickets/Movies/SpiderManUnNuevoDia_copy/Es/SMBND_720x1022_2/resource.jpg,https://cinepolis.com/cl?cinema=cinepolis-arauco-quilicura-santiago-poniente-y-norte&selected=cinepolis-arauco-quilicura-santiago-poniente-y-norte,,,"AVENTURA, ACCIÓN",
Cinépolis Arauco Quilicura,La noche del demonio: Están entre nosotros,2026-08-31,21:25,2D,doblada,105,14,https://tickets-static-content.cinepolis.com/pimcore/19801/assets/Chile/Tickets/Movies/LaNocheDelDemonioEstaEntreNosotros/Es/720x1022_19/resource.jpg,https://cinepolis.com/cl?cinema=cinepolis-arauco-quilicura-santiago-poniente-y-norte&selected=cinepolis-arauco-quilicura-santiago-poniente-y-norte,,,TERROR,
Cinépolis Arauco Quilicura,La noche del demonio: Están entre nosotros,2026-09-01,13:00,2D,doblada,105,14,https://tickets-static-content.cinepolis.com/pimcore/19801/assets/Chile/Tickets/Movies/LaNocheDelDemonioEstaEntreNosotros/Es/720x1022_19/resource.jpg,https://cinepolis.com/cl?cinema=cinepolis-arauco-quilicura-santiago-poniente-y-norte&selected=cinepolis-arauco-quilicura-santiago-poniente-y-norte,,,TERROR,
Cinépolis Arauco Quilicura,El Final De La Calle Oak,2026-09-01,13:30,2D,doblada,100,14,https://tickets-static-content.cinepolis.com/pimcore/20089/assets/Chile/Tickets/Movies/ElFinalDeLaCalleOak_copy/Es/P_720X1022_5_copy/resource.jpg,https://cinepolis.com/cl?cinema=cinepolis-arauco-quilicura-santiago-poniente-y-norte&selected=cinepolis-arauco-quilicura-santiago-poniente-y-norte,,,"AVENTURA, CIENCIA FICCIÓN",
Cinépolis Arauco Quilicura,Papi Ricky: La película,2026-09-01,14:00,2D,,93,TE7,https://tickets-static-content.cinepolis.com/pimcore/21450/assets/Chile/Tickets/Movies/PapiRickyLaPelicula/Es/720x1022_19/resource.jpg,https://cinepolis.com/cl?cinema=cinepolis-arauco-quilicura-santiago-poniente-y-norte&selected=cinepolis-arauco-quilicura-santiago-poniente-y-norte,,,COMEDIA,
Cinépolis Arauco Quilicura,Spider-Man: Un Nuevo Día,2026-09-01,14:30,2D,doblada,144,TE7,https://tickets-static-content.cinepolis.com/pimcore/19604/assets/Chile/Tickets/Movies/SpiderManUnNuevoDia_copy/Es/SMBND_720x1022_2/resource.jpg,https://cinepolis.com/cl?cinema=cinepolis-arauco-quilicura-santiago-poniente-y-norte&selected=cinepolis-arauco-quilicura-santiago-poniente-y-norte,,,"AVENTURA, ACCIÓN",
Cinépolis Arauco Quilicura,Coyote vs ACME,2026-09-01,14:45,2D,doblada,105,TE7,https://tickets-static-content.cinepolis.com/pimcore/19803/assets/Chile/Tickets/Movies/CoyoteVSAcme/Es/720x1022_24/resource.jpg,https://cinepolis.com/cl?cinema=cinepolis-arauco-quilicura-santiago-poniente-y-norte&selected=cinepolis-arauco-quilicura-santiago-poniente-y-norte,,,"COMEDIA, ANIMACIÓN, AVENTURA",
Cinépolis Arauco Quilicura,Spider-Man: Un Nuevo Día,2026-09-01,15:00,2D,doblada,144,TE7,https://tickets-static-content.cinepolis.com/pimcore/19604/assets/Chile/Tickets/Movies/SpiderManUnNuevoDia_copy/Es/SMBND_720x1022_2/resource.jpg,https://cinepolis.com/cl?cinema=cinepolis-arauco-quilicura-santiago-poniente-y-norte&selected=cinepolis-arauco-quilicura-santiago-poniente-y-norte,,,"AVENTURA, ACCIÓN",
Cinépolis Arauco Quilicura,La Odisea,2026-09-01,15:20,2D,doblada,172,14,https://tickets-static-content.cinepolis.com/pimcore/18518/assets/Chile/Tickets/Movies/LaOdisea/Es/720x1022_poster_La_odisea_copia_2__1/resource.jpg,https://cinepolis.com/cl?cinema=cinepolis-arauco-quilicura-santiago-poniente-y-norte&selected=cinepolis-arauco-quilicura-santiago-poniente-y-norte,,,ACCIÓN,
Cinépolis Arauco Quilicura,La Guerra de los Últimos,2026-09-01,15:40,2D,doblada,100,14,https://tickets-static-content.cinepolis.com/pimcore/20625/assets/Chile/Tickets/Movies/LaGuerraDeLosUltimos/Es/720x1022_19/resource.jpg,https://cinepolis.com/cl?cinema=cinepolis-arauco-quilicura-santiago-poniente-y-norte&selected=cinepolis-arauco-quilicura-santiago-poniente-y-norte,,,"DRAMA, CIENCIA FICCIÓN",
Cinépolis Arauco Quilicura,Papi Ricky: La película,2026-09-01,16:15,2D,,93,TE7,https://tickets-static-content.cinepolis.com/pimcore/21450/assets/Chile/Tickets/Movies/PapiRickyLaPelicula/Es/720x1022_19/resource.jpg,https://cinepolis.com/cl?cinema=cinepolis-arauco-quilicura-santiago-poniente-y-norte&selected=cinepolis-arauco-quilicura-santiago-poniente-y-norte,,,COMEDIA,
Cinépolis Arauco Quilicura,Coyote vs ACME,2026-09-01,17:15,2D,doblada,105,TE7,https://tickets-static-content.cinepolis.com/pimcore/19803/assets/Chile/Tickets/Movies/CoyoteVSAcme/Es/720x1022_24/resource.jpg,https://cinepolis.com/cl?cinema=cinepolis-arauco-quilicura-santiago-poniente-y-norte&selected=cinepolis-arauco-quilicura-santiago-poniente-y-norte,,,"COMEDIA, ANIMACIÓN, AVENTURA",
Cinépolis Arauco Quilicura,Spider-Man: Un Nuevo Día,2026-09-01,17:30,2D,doblada,144,TE7,https://tickets-static-content.cinepolis.com/pimcore/19604/assets/Chile/Tickets/Movies/SpiderManUnNuevoDia_copy/Es/SMBND_720x1022_2/resource.jpg,https://cinepolis.com/cl?cinema=cinepolis-arauco-quilicura-santiago-poniente-y-norte&selected=cinepolis-arauco-quilicura-santiago-poniente-y-norte,,,"AVENTURA, ACCIÓN",
Cinépolis Arauco Quilicura,Harry Potter y la piedra filosofal,2026-09-01,18:00,2D,doblada,166,TE7,https://tickets-static-content.cinepolis.com/pimcore/21310/assets/Chile/Tickets/Movies/HarryPotterPiedraFilosofal/Es/720x1022_19/resource.jpg,https://cinepolis.com/cl?cinema=cinepolis-arauco-quilicura-santiago-poniente-y-norte&selected=cinepolis-arauco-quilicura-santiago-poniente-y-norte,,,"AVENTURA, FANTASÍA",
Cinépolis Arauco Quilicura,La Guerra de los Últimos,2026-09-01,18:15,2D,doblada,100,14,https://tickets-static-content.cinepolis.com/pimcore/20625/assets/Chile/Tickets/Movies/LaGuerraDeLosUltimos/Es/720x1022_19/resource.jpg,https://cinepolis.com/cl?cinema=cinepolis-arauco-quilicura-santiago-poniente-y-norte&selected=cinepolis-arauco-quilicura-santiago-poniente-y-norte,,,"DRAMA, CIENCIA FICCIÓN",
Cinépolis Arauco Quilicura,Papi Ricky: La película,2026-09-01,18:30,2D,,93,TE7,https://tickets-static-content.cinepolis.com/pimcore/21450/assets/Chile/Tickets/Movies/PapiRickyLaPelicula/Es/720x1022_19/resource.jpg,https://cinepolis.com/cl?cinema=cinepolis-arauco-quilicura-santiago-poniente-y-norte&selected=cinepolis-arauco-quilicura-santiago-poniente-y-norte,,,COMEDIA,
Cinépolis Arauco Quilicura,La noche del demonio: Están entre nosotros,2026-09-01,18:50,2D,doblada,105,14,https://tickets-static-content.cinepolis.com/pimcore/19801/assets/Chile/Tickets/Movies/LaNocheDelDemonioEstaEntreNosotros/Es/720x1022_19/resource.jpg,https://cinepolis.com/cl?cinema=cinepolis-arauco-quilicura-santiago-poniente-y-norte&selected=cinepolis-arauco-quilicura-santiago-poniente-y-norte,,,TERROR,
Cinépolis Arauco Quilicura,Coyote vs ACME,2026-09-01,20:00,2D,doblada,105,TE7,https://tickets-static-content.cinepolis.com/pimcore/19803/assets/Chile/Tickets/Movies/CoyoteVSAcme/Es/720x1022_24/resource.jpg,https://cinepolis.com/cl?cinema=cinepolis-arauco-quilicura-santiago-poniente-y-norte&selected=cinepolis-arauco-quilicura-santiago-poniente-y-norte,,,"COMEDIA, ANIMACIÓN, AVENTURA",
Cinépolis Arauco Quilicura,Spider-Man: Un Nuevo Día,2026-09-01,20:30,2D,doblada,144,TE7,https://tickets-static-content.cinepolis.com/pimcore/19604/assets/Chile/Tickets/Movies/SpiderManUnNuevoDia_copy/Es/SMBND_720x1022_2/resource.jpg,https://cinepolis.com/cl?cinema=cinepolis-arauco-quilicura-santiago-poniente-y-norte&selected=cinepolis-arauco-quilicura-santiago-poniente-y-norte,,,"AVENTURA, ACCIÓN",
Cinépolis Arauco Quilicura,Papi Ricky: La película,2026-09-01,20:45,2D,,93,TE7,https://tickets-static-content.cinepolis.com/pimcore/21450/assets/Chile/Tickets/Movies/PapiRickyLaPelicula/Es/720x1022_19/resource.jpg,https://cinepolis.com/cl?cinema=cinepolis-arauco-quilicura-santiago-poniente-y-norte&selected=cinepolis-arauco-quilicura-santiago-poniente-y-norte,,,COMEDIA,
Cinépolis Arauco Quilicura,La Guerra de los Últimos,2026-09-01,21:00,2D,doblada,100,14,https://tickets-static-content.cinepolis.com/pimcore/20625/assets/Chile/Tickets/Movies/LaGuerraDeLosUltimos/Es/720x1022_19/resource.jpg,https://cinepolis.com/cl?cinema=cinepolis-arauco-quilicura-santiago-poniente-y-norte&selected=cinepolis-arauco-quilicura-santiago-poniente-y-norte,,,"DRAMA, CIENCIA FICCIÓN",
Cinépolis Arauco Quilicura,Spider-Man: Un Nuevo Día,2026-09-01,21:10,2D,doblada,144,TE7,https://tickets-static-content.cinepolis.com/pimcore/19604/assets/Chile/Tickets/Movies/SpiderManUnNuevoDia_copy/Es/SMBND_720x1022_2/resource.jpg,https://cinepolis.com/cl?cinema=cinepolis-arauco-quilicura-santiago-poniente-y-norte&selected=cinepolis-arauco-quilicura-santiago-poniente-y-norte,,,"AVENTURA, ACCIÓN",
Cinépolis Arauco Quilicura,La noche del demonio: Están entre nosotros,2026-09-01,21:25,2D,doblada,105,14,https://tickets-static-content.cinepolis.com/pimcore/19801/assets/Chile/Tickets/Movies/LaNocheDelDemonioEstaEntreNosotros/Es/720x1022_19/resource.jpg,https://cinepolis.com/cl?cinema=cinepolis-arauco-quilicura-santiago-poniente-y-norte&selected=cinepolis-arauco-quilicura-santiago-poniente-y-norte,,,TERROR,
Cinépolis Arauco Quilicura,La noche del demonio: Están entre nosotros,2026-09-02,13:00,2D,doblada,105,14,https://tickets-static-content.cinepolis.com/pimcore/19801/assets/Chile/Tickets/Movies/LaNocheDelDemonioEstaEntreNosotros/Es/720x1022_19/resource.jpg,https://cinepolis.com/cl?cinema=cinepolis-arauco-quilicura-santiago-poniente-y-norte&selected=cinepolis-arauco-quilicura-santiago-poniente-y-norte,,,TERROR,
Cinépolis Arauco Quilicura,El Final De La Calle Oak,2026-09-02,13:30,2D,doblada,100,14,https://tickets-static-content.cinepolis.com/pimcore/20089/assets/Chile/Tickets/Movies/ElFinalDeLaCalleOak_copy/Es/P_720X1022_5_copy/resource.jpg,https://cinepolis.com/cl?cinema=cinepolis-arauco-quilicura-santiago-poniente-y-norte&selected=cinepolis-arauco-quilicura-santiago-poniente-y-norte,,,"AVENTURA, CIENCIA FICCIÓN",
Cinépolis Arauco Quilicura,Papi Ricky: La película,2026-09-02,14:00,2D,,93,TE7,https://tickets-static-content.cinepolis.com/pimcore/21450/assets/Chile/Tickets/Movies/PapiRickyLaPelicula/Es/720x1022_19/resource.jpg,https://cinepolis.com/cl?cinema=cinepolis-arauco-quilicura-santiago-poniente-y-norte&selected=cinepolis-arauco-quilicura-santiago-poniente-y-norte,,,COMEDIA,
Cinépolis Arauco Quilicura,Spider-Man: Un Nuevo Día,2026-09-02,14:30,2D,doblada,144,TE7,https://tickets-static-content.cinepolis.com/pimcore/19604/assets/Chile/Tickets/Movies/SpiderManUnNuevoDia_copy/Es/SMBND_720x1022_2/resource.jpg,https://cinepolis.com/cl?cinema=cinepolis-arauco-quilicura-santiago-poniente-y-norte&selected=cinepolis-arauco-quilicura-santiago-poniente-y-norte,,,"AVENTURA, ACCIÓN",
Cinépolis Arauco Quilicura,Coyote vs ACME,2026-09-02,14:45,2D,doblada,105,TE7,https://tickets-static-content.cinepolis.com/pimcore/19803/assets/Chile/Tickets/Movies/CoyoteVSAcme/Es/720x1022_24/resource.jpg,https://cinepolis.com/cl?cinema=cinepolis-arauco-quilicura-santiago-poniente-y-norte&selected=cinepolis-arauco-quilicura-santiago-poniente-y-norte,,,"COMEDIA, ANIMACIÓN, AVENTURA",
Cinépolis Arauco Quilicura,Spider-Man: Un Nuevo Día,2026-09-02,15:00,2D,doblada,144,TE7,https://tickets-static-content.cinepolis.com/pimcore/19604/assets/Chile/Tickets/Movies/SpiderManUnNuevoDia_copy/Es/SMBND_720x1022_2/resource.jpg,https://cinepolis.com/cl?cinema=cinepolis-arauco-quilicura-santiago-poniente-y-norte&selected=cinepolis-arauco-quilicura-santiago-poniente-y-norte,,,"AVENTURA, ACCIÓN",
Cinépolis Arauco Quilicura,La Odisea,2026-09-02,15:20,2D,doblada,172,14,https://tickets-static-content.cinepolis.com/pimcore/18518/assets/Chile/Tickets/Movies/LaOdisea/Es/720x1022_poster_La_odisea_copia_2__1/resource.jpg,https://cinepolis.com/cl?cinema=cinepolis-arauco-quilicura-santiago-poniente-y-norte&selected=cinepolis-arauco-quilicura-santiago-poniente-y-norte,,,ACCIÓN,
Cinépolis Arauco Quilicura,La Guerra de los Últimos,2026-09-02,15:40,2D,doblada,100,14,https://tickets-static-content.cinepolis.com/pimcore/20625/assets/Chile/Tickets/Movies/LaGuerraDeLosUltimos/Es/720x1022_19/resource.jpg,https://cinepolis.com/cl?cinema=cinepolis-arauco-quilicura-santiago-poniente-y-norte&selected=cinepolis-arauco-quilicura-santiago-poniente-y-norte,,,"DRAMA, CIENCIA FICCIÓN",
Cinépolis Arauco Quilicura,Papi Ricky: La película,2026-09-02,16:15,2D,,93,TE7,https://tickets-static-content.cinepolis.com/pimcore/21450/assets/Chile/Tickets/Movies/PapiRickyLaPelicula/Es/720x1022_19/resource.jpg,https://cinepolis.com/cl?cinema=cinepolis-arauco-quilicura-santiago-poniente-y-norte&selected=cinepolis-arauco-quilicura-santiago-poniente-y-norte,,,COMEDIA,
Cinépolis Arauco Quilicura,Coyote vs ACME,2026-09-02,17:15,2D,doblada,105,TE7,https://tickets-static-content.cinepolis.com/pimcore/19803/assets/Chile/Tickets/Movies/CoyoteVSAcme/Es/720x1022_24/resource.jpg,https://cinepolis.com/cl?cinema=cinepolis-arauco-quilicura-santiago-poniente-y-norte&selected=cinepolis-arauco-quilicura-santiago-poniente-y-norte,,,"COMEDIA, ANIMACIÓN, AVENTURA",
Cinépolis Arauco Quilicura,Spider-Man: Un Nuevo Día,2026-09-02,17:30,2D,doblada,144,TE7,https://tickets-static-content.cinepolis.com/pimcore/19604/assets/Chile/Tickets/Movies/SpiderManUnNuevoDia_copy/Es/SMBND_720x1022_2/resource.jpg,https://cinepolis.com/cl?cinema=cinepolis-arauco-quilicura-santiago-poniente-y-norte&selected=cinepolis-arauco-quilicura-santiago-poniente-y-norte,,,"AVENTURA, ACCIÓN",
Cinépolis Arauco Quilicura,Harry Potter y la piedra filosofal,2026-09-02,18:00,2D,doblada,166,TE7,https://tickets-static-content.cinepolis.com/pimcore/21310/assets/Chile/Tickets/Movies/HarryPotterPiedraFilosofal/Es/720x1022_19/resource.jpg,https://cinepolis.com/cl?cinema=cinepolis-arauco-quilicura-santiago-poniente-y-norte&selected=cinepolis-arauco-quilicura-santiago-poniente-y-norte,,,"AVENTURA, FANTASÍA",
Cinépolis Arauco Quilicura,La Guerra de los Últimos,2026-09-02,18:15,2D,doblada,100,14,https://tickets-static-content.cinepolis.com/pimcore/20625/assets/Chile/Tickets/Movies/LaGuerraDeLosUltimos/Es/720x1022_19/resource.jpg,https://cinepolis.com/cl?cinema=cinepolis-arauco-quilicura-santiago-poniente-y-norte&selected=cinepolis-arauco-quilicura-santiago-poniente-y-norte,,,"DRAMA, CIENCIA FICCIÓN",
Cinépolis Arauco Quilicura,Papi Ricky: La película,2026-09-02,18:30,2D,,93,TE7,https://tickets-static-content.cinepolis.com/pimcore/21450/assets/Chile/Tickets/Movies/PapiRickyLaPelicula/Es/720x1022_19/resource.jpg,https://cinepolis.com/cl?cinema=cinepolis-arauco-quilicura-santiago-poniente-y-norte&selected=cinepolis-arauco-quilicura-santiago-poniente-y-norte,,,COMEDIA,
Cinépolis Arauco Quilicura,La noche del demonio: Están entre nosotros,2026-09-02,18:50,2D,doblada,105,14,https://tickets-static-content.cinepolis.com/pimcore/19801/assets/Chile/Tickets/Movies/LaNocheDelDemonioEstaEntreNosotros/Es/720x1022_19/resource.jpg,https://cinepolis.com/cl?cinema=cinepolis-arauco-quilicura-santiago-poniente-y-norte&selected=cinepolis-arauco-quilicura-santiago-poniente-y-norte,,,TERROR,
Cinépolis Arauco Quilicura,Coyote vs ACME,2026-09-02,20:00,2D,doblada,105,TE7,https://tickets-static-content.cinepolis.com/pimcore/19803/assets/Chile/Tickets/Movies/CoyoteVSAcme/Es/720x1022_24/resource.jpg,https://cinepolis.com/cl?cinema=cinepolis-arauco-quilicura-santiago-poniente-y-norte&selected=cinepolis-arauco-quilicura-santiago-poniente-y-norte,,,"COMEDIA, ANIMACIÓN, AVENTURA",
Cinépolis Arauco Quilicura,Spider-Man: Un Nuevo Día,2026-09-02,20:30,2D,doblada,144,TE7,https://tickets-static-content.cinepolis.com/pimcore/19604/assets/Chile/Tickets/Movies/SpiderManUnNuevoDia_copy/Es/SMBND_720x1022_2/resource.jpg,https://cinepolis.com/cl?cinema=cinepolis-arauco-quilicura-santiago-poniente-y-norte&selected=cinepolis-arauco-quilicura-santiago-poniente-y-norte,,,"AVENTURA, ACCIÓN",
Cinépolis Arauco Quilicura,Papi Ricky: La película,2026-09-02,20:45,2D,,93,TE7,https://tickets-static-content.cinepolis.com/pimcore/21450/assets/Chile/Tickets/Movies/PapiRickyLaPelicula/Es/720x1022_19/resource.jpg,https://cinepolis.com/cl?cinema=cinepolis-arauco-quilicura-santiago-poniente-y-norte&selected=cinepolis-arauco-quilicura-santiago-poniente-y-norte,,,COMEDIA,
Cinépolis Arauco Quilicura,La Guerra de los Últimos,2026-09-02,21:00,2D,doblada,100,14,https://tickets-static-content.cinepolis.com/pimcore/20625/assets/Chile/Tickets/Movies/LaGuerraDeLosUltimos/Es/720x1022_19/resource.jpg,https://cinepolis.com/cl?cinema=cinepolis-arauco-quilicura-santiago-poniente-y-norte&selected=cinepolis-arauco-quilicura-santiago-poniente-y-norte,,,"DRAMA, CIENCIA FICCIÓN",
Cinépolis Arauco Quilicura,Spider-Man: Un Nuevo Día,2026-09-02,21:10,2D,doblada,144,TE7,https://tickets-static-content.cinepolis.com/pimcore/19604/assets/Chile/Tickets/Movies/SpiderManUnNuevoDia_copy/Es/SMBND_720x1022_2/resource.jpg,https://cinepolis.com/cl?cinema=cinepolis-arauco-quilicura-santiago-poniente-y-norte&selected=cinepolis-arauco-quilicura-santiago-poniente-y-norte,,,"AVENTURA, ACCIÓN",
Cinépolis Arauco Quilicura,La noche del demonio: Están entre nosotros,2026-09-02,21:25,2D,doblada,105,14,https://tickets-static-content.cinepolis.com/pimcore/19801/assets/Chile/Tickets/Movies/LaNocheDelDemonioEstaEntreNosotros/Es/720x1022_19/resource.jpg,https://cinepolis.com/cl?cinema=cinepolis-arauco-quilicura-santiago-poniente-y-norte&selected=cinepolis-arauco-quilicura-santiago-poniente-y-norte,,,TERROR,
Cinépolis Casacostanera,Coyote vs ACME,2026-08-31,14:30,2D,doblada,105,TE7,https://tickets-static-content.cinepolis.com/pimcore/19803/assets/Chile/Tickets/Movies/CoyoteVSAcme/Es/720x1022_24/resource.jpg,https://cinepolis.com/cl?cinema=cinepolis-casa-costanera-santiago-oriente&selected=cinepolis-casa-costanera-santiago-oriente,,,"COMEDIA, ANIMACIÓN, AVENTURA",
Cinépolis Casacostanera,La Odisea,2026-08-31,15:00,2D,subtitulada,172,14,https://tickets-static-content.cinepolis.com/pimcore/18518/assets/Chile/Tickets/Movies/LaOdisea/Es/720x1022_poster_La_odisea_copia_2__1/resource.jpg,https://cinepolis.com/cl?cinema=cinepolis-casa-costanera-santiago-oriente&selected=cinepolis-casa-costanera-santiago-oriente,,,ACCIÓN,
Cinépolis Casacostanera,La Guerra de los Últimos,2026-08-31,15:10,2D,subtitulada,100,14,https://tickets-static-content.cinepolis.com/pimcore/20625/assets/Chile/Tickets/Movies/LaGuerraDeLosUltimos/Es/720x1022_19/resource.jpg,https://cinepolis.com/cl?cinema=cinepolis-casa-costanera-santiago-oriente&selected=cinepolis-casa-costanera-santiago-oriente,,,"DRAMA, CIENCIA FICCIÓN",
Cinépolis Casacostanera,Harry Potter y la piedra filosofal,2026-08-31,17:00,2D,subtitulada,166,TE7,https://tickets-static-content.cinepolis.com/pimcore/21310/assets/Chile/Tickets/Movies/HarryPotterPiedraFilosofal/Es/720x1022_19/resource.jpg,https://cinepolis.com/cl?cinema=cinepolis-casa-costanera-santiago-oriente&selected=cinepolis-casa-costanera-santiago-oriente,,,"AVENTURA, FANTASÍA",
Cinépolis Casacostanera,La Odisea,2026-08-31,17:50,2D,subtitulada,172,14,https://tickets-static-content.cinepolis.com/pimcore/18518/assets/Chile/Tickets/Movies/LaOdisea/Es/720x1022_poster_La_odisea_copia_2__1/resource.jpg,https://cinepolis.com/cl?cinema=cinepolis-casa-costanera-santiago-oriente&selected=cinepolis-casa-costanera-santiago-oriente,,,ACCIÓN,
Cinépolis Casacostanera,Spider-Man: Un Nuevo Día,2026-08-31,18:40,2D,subtitulada,144,TE7,https://tickets-static-content.cinepolis.com/pimcore/19604/assets/Chile/Tickets/Movies/SpiderManUnNuevoDia_copy/Es/SMBND_720x1022_2/resource.jpg,https://cinepolis.com/cl?cinema=cinepolis-casa-costanera-santiago-oriente&selected=cinepolis-casa-costanera-santiago-oriente,,,"AVENTURA, ACCIÓN",
Cinépolis Casacostanera,Spider-Man: Un Nuevo Día,2026-08-31,20:40,2D,subtitulada,144,TE7,https://tickets-static-content.cinepolis.com/pimcore/19604/assets/Chile/Tickets/Movies/SpiderManUnNuevoDia_copy/Es/SMBND_720x1022_2/resource.jpg,https://cinepolis.com/cl?cinema=cinepolis-casa-costanera-santiago-oriente&selected=cinepolis-casa-costanera-santiago-oriente,,,"AVENTURA, ACCIÓN",
Cinépolis Casacostanera,La Odisea,2026-08-31,21:30,2D,subtitulada,172,14,https://tickets-static-content.cinepolis.com/pimcore/18518/assets/Chile/Tickets/Movies/LaOdisea/Es/720x1022_poster_La_odisea_copia_2__1/resource.jpg,https://cinepolis.com/cl?cinema=cinepolis-casa-costanera-santiago-oriente&selected=cinepolis-casa-costanera-santiago-oriente,,,ACCIÓN,
Cinépolis Casacostanera,Papi Ricky: La película,2026-08-31,22:00,2D,,93,TE7,https://tickets-static-content.cinepolis.com/pimcore/21450/assets/Chile/Tickets/Movies/PapiRickyLaPelicula/Es/720x1022_19/resource.jpg,https://cinepolis.com/cl?cinema=cinepolis-casa-costanera-santiago-oriente&selected=cinepolis-casa-costanera-santiago-oriente,,,COMEDIA,
Cinépolis Casacostanera,Coyote vs ACME,2026-09-01,14:30,2D,doblada,105,TE7,https://tickets-static-content.cinepolis.com/pimcore/19803/assets/Chile/Tickets/Movies/CoyoteVSAcme/Es/720x1022_24/resource.jpg,https://cinepolis.com/cl?cinema=cinepolis-casa-costanera-santiago-oriente&selected=cinepolis-casa-costanera-santiago-oriente,,,"COMEDIA, ANIMACIÓN, AVENTURA",
Cinépolis Casacostanera,La Odisea,2026-09-01,15:00,2D,subtitulada,172,14,https://tickets-static-content.cinepolis.com/pimcore/18518/assets/Chile/Tickets/Movies/LaOdisea/Es/720x1022_poster_La_odisea_copia_2__1/resource.jpg,https://cinepolis.com/cl?cinema=cinepolis-casa-costanera-santiago-oriente&selected=cinepolis-casa-costanera-santiago-oriente,,,ACCIÓN,
Cinépolis Casacostanera,La Guerra de los Últimos,2026-09-01,15:10,2D,subtitulada,100,14,https://tickets-static-content.cinepolis.com/pimcore/20625/assets/Chile/Tickets/Movies/LaGuerraDeLosUltimos/Es/720x1022_19/resource.jpg,https://cinepolis.com/cl?cinema=cinepolis-casa-costanera-santiago-oriente&selected=cinepolis-casa-costanera-santiago-oriente,,,"DRAMA, CIENCIA FICCIÓN",
Cinépolis Casacostanera,Harry Potter y la piedra filosofal,2026-09-01,17:00,2D,subtitulada,166,TE7,https://tickets-static-content.cinepolis.com/pimcore/21310/assets/Chile/Tickets/Movies/HarryPotterPiedraFilosofal/Es/720x1022_19/resource.jpg,https://cinepolis.com/cl?cinema=cinepolis-casa-costanera-santiago-oriente&selected=cinepolis-casa-costanera-santiago-oriente,,,"AVENTURA, FANTASÍA",
Cinépolis Casacostanera,La Odisea,2026-09-01,17:50,2D,subtitulada,172,14,https://tickets-static-content.cinepolis.com/pimcore/18518/assets/Chile/Tickets/Movies/LaOdisea/Es/720x1022_poster_La_odisea_copia_2__1/resource.jpg,https://cinepolis.com/cl?cinema=cinepolis-casa-costanera-santiago-oriente&selected=cinepolis-casa-costanera-santiago-oriente,,,ACCIÓN,
Cinépolis Casacostanera,Spider-Man: Un Nuevo Día,2026-09-01,18:40,2D,subtitulada,144,TE7,https://tickets-static-content.cinepolis.com/pimcore/19604/assets/Chile/Tickets/Movies/SpiderManUnNuevoDia_copy/Es/SMBND_720x1022_2/resource.jpg,https://cinepolis.com/cl?cinema=cinepolis-casa-costanera-santiago-oriente&selected=cinepolis-casa-costanera-santiago-oriente,,,"AVENTURA, ACCIÓN",
Cinépolis Casacostanera,Spider-Man: Un Nuevo Día,2026-09-01,20:40,2D,subtitulada,144,TE7,https://tickets-static-content.cinepolis.com/pimcore/19604/assets/Chile/Tickets/Movies/SpiderManUnNuevoDia_copy/Es/SMBND_720x1022_2/resource.jpg,https://cinepolis.com/cl?cinema=cinepolis-casa-costanera-santiago-oriente&selected=cinepolis-casa-costanera-santiago-oriente,,,"AVENTURA, ACCIÓN",
Cinépolis Casacostanera,La Odisea,2026-09-01,21:30,2D,subtitulada,172,14,https://tickets-static-content.cinepolis.com/pimcore/18518/assets/Chile/Tickets/Movies/LaOdisea/Es/720x1022_poster_La_odisea_copia_2__1/resource.jpg,https://cinepolis.com/cl?cinema=cinepolis-casa-costanera-santiago-oriente&selected=cinepolis-casa-costanera-santiago-oriente,,,ACCIÓN,
Cinépolis Casacostanera,Papi Ricky: La película,2026-09-01,22:00,2D,,93,TE7,https://tickets-static-content.cinepolis.com/pimcore/21450/assets/Chile/Tickets/Movies/PapiRickyLaPelicula/Es/720x1022_19/resource.jpg,https://cinepolis.com/cl?cinema=cinepolis-casa-costanera-santiago-oriente&selected=cinepolis-casa-costanera-santiago-oriente,,,COMEDIA,
Cinépolis Casacostanera,Coyote vs ACME,2026-09-02,14:30,2D,doblada,105,TE7,https://tickets-static-content.cinepolis.com/pimcore/19803/assets/Chile/Tickets/Movies/CoyoteVSAcme/Es/720x1022_24/resource.jpg,https://cinepolis.com/cl?cinema=cinepolis-casa-costanera-santiago-oriente&selected=cinepolis-casa-costanera-santiago-oriente,,,"COMEDIA, ANIMACIÓN, AVENTURA",
Cinépolis Casacostanera,La Odisea,2026-09-02,15:00,2D,subtitulada,172,14,https://tickets-static-content.cinepolis.com/pimcore/18518/assets/Chile/Tickets/Movies/LaOdisea/Es/720x1022_poster_La_odisea_copia_2__1/resource.jpg,https://cinepolis.com/cl?cinema=cinepolis-casa-costanera-santiago-oriente&selected=cinepolis-casa-costanera-santiago-oriente,,,ACCIÓN,
Cinépolis Casacostanera,La Guerra de los Últimos,2026-09-02,15:10,2D,subtitulada,100,14,https://tickets-static-content.cinepolis.com/pimcore/20625/assets/Chile/Tickets/Movies/LaGuerraDeLosUltimos/Es/720x1022_19/resource.jpg,https://cinepolis.com/cl?cinema=cinepolis-casa-costanera-santiago-oriente&selected=cinepolis-casa-costanera-santiago-oriente,,,"DRAMA, CIENCIA FICCIÓN",
Cinépolis Casacostanera,Harry Potter y la piedra filosofal,2026-09-02,17:00,2D,subtitulada,166,TE7,https://tickets-static-content.cinepolis.com/pimcore/21310/assets/Chile/Tickets/Movies/HarryPotterPiedraFilosofal/Es/720x1022_19/resource.jpg,https://cinepolis.com/cl?cinema=cinepolis-casa-costanera-santiago-oriente&selected=cinepolis-casa-costanera-santiago-oriente,,,"AVENTURA, FANTASÍA",
Cinépolis Casacostanera,La Odisea,2026-09-02,17:50,2D,subtitulada,172,14,https://tickets-static-content.cinepolis.com/pimcore/18518/assets/Chile/Tickets/Movies/LaOdisea/Es/720x1022_poster_La_odisea_copia_2__1/resource.jpg,https://cinepolis.com/cl?cinema=cinepolis-casa-costanera-santiago-oriente&selected=cinepolis-casa-costanera-santiago-oriente,,,ACCIÓN,
Cinépolis Casacostanera,Spider-Man: Un Nuevo Día,2026-09-02,18:40,2D,subtitulada,144,TE7,https://tickets-static-content.cinepolis.com/pimcore/19604/assets/Chile/Tickets/Movies/SpiderManUnNuevoDia_copy/Es/SMBND_720x1022_2/resource.jpg,https://cinepolis.com/cl?cinema=cinepolis-casa-costanera-santiago-oriente&selected=cinepolis-casa-costanera-santiago-oriente,,,"AVENTURA, ACCIÓN",
Cinépolis Casacostanera,Spider-Man: Un Nuevo Día,2026-09-02,20:40,2D,subtitulada,144,TE7,https://tickets-static-content.cinepolis.com/pimcore/19604/assets/Chile/Tickets/Movies/SpiderManUnNuevoDia_copy/Es/SMBND_720x1022_2/resource.jpg,https://cinepolis.com/cl?cinema=cinepolis-casa-costanera-santiago-oriente&selected=cinepolis-casa-costanera-santiago-oriente,,,"AVENTURA, ACCIÓN",
Cinépolis Casacostanera,La Odisea,2026-09-02,21:30,2D,subtitulada,172,14,https://tickets-static-content.cinepolis.com/pimcore/18518/assets/Chile/Tickets/Movies/LaOdisea/Es/720x1022_poster_La_odisea_copia_2__1/resource.jpg,https://cinepolis.com/cl?cinema=cinepolis-casa-costanera-santiago-oriente&selected=cinepolis-casa-costanera-santiago-oriente,,,ACCIÓN,
Cinépolis Casacostanera,Papi Ricky: La película,2026-09-02,22:00,2D,,93,TE7,https://tickets-static-content.cinepolis.com/pimcore/21450/assets/Chile/Tickets/Movies/PapiRickyLaPelicula/Es/720x1022_19/resource.jpg,https://cinepolis.com/cl?cinema=cinepolis-casa-costanera-santiago-oriente&selected=cinepolis-casa-costanera-santiago-oriente,,,COMEDIA,
Cinépolis La Reina,Spider-Man: Un Nuevo Día,2026-08-31,13:00,2D,doblada,144,TE7,https://tickets-static-content.cinepolis.com/pimcore/19604/assets/Chile/Tickets/Movies/SpiderManUnNuevoDia_copy/Es/SMBND_720x1022_2/resource.jpg,https://www.cinepolischile.cl/,,,"AVENTURA, ACCIÓN",
Cinépolis La Reina,La Odisea,2026-08-31,13:05,2D,subtitulada,172,14,https://tickets-static-content.cinepolis.com/pimcore/18518/assets/Chile/Tickets/Movies/LaOdisea/Es/720x1022_poster_La_odisea_copia_2__1/resource.jpg,https://www.cinepolischile.cl/,,,ACCIÓN,
Cinépolis La Reina,La Guerra de los Últimos,2026-08-31,13:15,2D,subtitulada,100,14,https://tickets-static-content.cinepolis.com/pimcore/20625/assets/Chile/Tickets/Movies/LaGuerraDeLosUltimos/Es/720x1022_19/resource.jpg,https://www.cinepolischile.cl/,,,"DRAMA, CIENCIA FICCIÓN",
Cinépolis La Reina,Papi Ricky: La película,2026-08-31,13:25,2D,,93,TE7,https://tickets-static-content.cinepolis.com/pimcore/21450/assets/Chile/Tickets/Movies/PapiRickyLaPelicula/Es/720x1022_19/resource.jpg,https://www.cinepolischile.cl/,,,COMEDIA,
Cinépolis La Reina,Sólo por una noche,2026-08-31,13:45,2D,subtitulada,102,14,https://tickets-static-content.cinepolis.com/pimcore/20834/assets/Chile/Tickets/Movies/SoloPorUnaNoche/Es/720x1022_19/resource.jpg,https://www.cinepolischile.cl/,,,COMEDIA,
Cinépolis La Reina,Harry Potter y la piedra filosofal,2026-08-31,14:00,2D,subtitulada,166,TE7,https://tickets-static-content.cinepolis.com/pimcore/21310/assets/Chile/Tickets/Movies/HarryPotterPiedraFilosofal/Es/720x1022_19/resource.jpg,https://www.cinepolischile.cl/,,,"AVENTURA, FANTASÍA",
Cinépolis La Reina,La noche del demonio: Están entre nosotros,2026-08-31,14:00,2D,subtitulada,105,14,https://tickets-static-content.cinepolis.com/pimcore/19801/assets/Chile/Tickets/Movies/LaNocheDelDemonioEstaEntreNosotros/Es/720x1022_19/resource.jpg,https://www.cinepolischile.cl/,,,TERROR,
Cinépolis La Reina,Sagrado corazón,2026-08-31,14:15,2D,subtitulada,92,TE7,https://tickets-static-content.cinepolis.com/pimcore/21449/assets/Chile/Tickets/Movies/SagradoCorazon/Es/720x1022_19/resource.jpg,https://www.cinepolischile.cl/,,,"DOCUMENTAL, CIENCIA FICCIÓN",
Cinépolis La Reina,La Odisea,2026-08-31,14:20,2D,subtitulada,172,14,https://tickets-static-content.cinepolis.com/pimcore/18518/assets/Chile/Tickets/Movies/LaOdisea/Es/720x1022_poster_La_odisea_copia_2__1/resource.jpg,https://www.cinepolischile.cl/,,,ACCIÓN,
Cinépolis La Reina,La Negociación,2026-08-31,14:25,2D,subtitulada,105,14,https://tickets-static-content.cinepolis.com/pimcore/20833/assets/Chile/Tickets/Movies/LaNegociacion/Es/720x1022_19/resource.jpg,https://www.cinepolischile.cl/,,,DRAMA,
Cinépolis La Reina,Spider-Man: Un Nuevo Día,2026-08-31,14:35,2D,subtitulada,144,TE7,https://tickets-static-content.cinepolis.com/pimcore/19604/assets/Chile/Tickets/Movies/SpiderManUnNuevoDia_copy/Es/SMBND_720x1022_2/resource.jpg,https://www.cinepolischile.cl/,,,"AVENTURA, ACCIÓN",
Cinépolis La Reina,Coyote vs ACME,2026-08-31,14:50,2D,doblada,105,TE7,https://tickets-static-content.cinepolis.com/pimcore/19803/assets/Chile/Tickets/Movies/CoyoteVSAcme/Es/720x1022_24/resource.jpg,https://www.cinepolischile.cl/,,,"COMEDIA, ANIMACIÓN, AVENTURA",
Cinépolis La Reina,PAW Patrol: La Dino Película,2026-08-31,15:00,2D,doblada,88,TE,https://tickets-static-content.cinepolis.com/pimcore/20418/assets/Chile/Tickets/Movies/PAWPatrolLaDinoPelicula_copy/Es/PP3_Desktop_Poster_720x1022_2/resource.jpg,https://www.cinepolischile.cl/,,,ANIMACIÓN,
Cinépolis La Reina,Spider-Man: Un Nuevo Día,2026-08-31,15:20,2D,subtitulada,144,TE7,https://tickets-static-content.cinepolis.com/pimcore/19604/assets/Chile/Tickets/Movies/SpiderManUnNuevoDia_copy/Es/SMBND_720x1022_2/resource.jpg,https://www.cinepolischile.cl/,,,"AVENTURA, ACCIÓN",
Cinépolis La Reina,Harry Potter y la piedra filosofal,2026-08-31,15:25,4DX,subtitulada,166,TE7,https://tickets-static-content.cinepolis.com/pimcore/21310/assets/Chile/Tickets/Movies/HarryPotterPiedraFilosofal/Es/720x1022_19/resource.jpg,https://www.cinepolischile.cl/,,,"AVENTURA, FANTASÍA",
Cinépolis La Reina,Papi Ricky: La película,2026-08-31,15:50,2D,,93,TE7,https://tickets-static-content.cinepolis.com/pimcore/21450/assets/Chile/Tickets/Movies/PapiRickyLaPelicula/Es/720x1022_19/resource.jpg,https://www.cinepolischile.cl/,,,COMEDIA,
Cinépolis La Reina,Spider-Man: Un Nuevo Día,2026-08-31,16:00,2D,subtitulada,144,TE7,https://tickets-static-content.cinepolis.com/pimcore/19604/assets/Chile/Tickets/Movies/SpiderManUnNuevoDia_copy/Es/SMBND_720x1022_2/resource.jpg,https://www.cinepolischile.cl/,,,"AVENTURA, ACCIÓN",
Cinépolis La Reina,La Guerra de los Últimos,2026-08-31,16:10,2D,subtitulada,100,14,https://tickets-static-content.cinepolis.com/pimcore/20625/assets/Chile/Tickets/Movies/LaGuerraDeLosUltimos/Es/720x1022_19/resource.jpg,https://www.cinepolischile.cl/,,,"DRAMA, CIENCIA FICCIÓN",
Cinépolis La Reina,Coyote vs ACME,2026-08-31,16:15,2D,doblada,105,TE7,https://tickets-static-content.cinepolis.com/pimcore/19803/assets/Chile/Tickets/Movies/CoyoteVSAcme/Es/720x1022_24/resource.jpg,https://www.cinepolischile.cl/,,,"COMEDIA, ANIMACIÓN, AVENTURA",
Cinépolis La Reina,El Final De La Calle Oak,2026-08-31,16:25,2D,subtitulada,100,14,https://tickets-static-content.cinepolis.com/pimcore/20089/assets/Chile/Tickets/Movies/ElFinalDeLaCalleOak_copy/Es/P_720X1022_5_copy/resource.jpg,https://www.cinepolischile.cl/,,,"AVENTURA, CIENCIA FICCIÓN",
Cinépolis La Reina,Spider-Man: Un Nuevo Día,2026-08-31,16:30,2D,subtitulada,144,TE7,https://tickets-static-content.cinepolis.com/pimcore/19604/assets/Chile/Tickets/Movies/SpiderManUnNuevoDia_copy/Es/SMBND_720x1022_2/resource.jpg,https://www.cinepolischile.cl/,,,"AVENTURA, ACCIÓN",
Cinépolis La Reina,Sagrado corazón,2026-08-31,16:40,2D,subtitulada,92,TE7,https://tickets-static-content.cinepolis.com/pimcore/21449/assets/Chile/Tickets/Movies/SagradoCorazon/Es/720x1022_19/resource.jpg,https://www.cinepolischile.cl/,,,"DOCUMENTAL, CIENCIA FICCIÓN",
Cinépolis La Reina,La Odisea,2026-08-31,16:45,2D,subtitulada,172,14,https://tickets-static-content.cinepolis.com/pimcore/18518/assets/Chile/Tickets/Movies/LaOdisea/Es/720x1022_poster_La_odisea_copia_2__1/resource.jpg,https://www.cinepolischile.cl/,,,ACCIÓN,
Cinépolis La Reina,Los Domingos,2026-08-31,16:55,2D,,115,14,https://tickets-static-content.cinepolis.com/pimcore/21451/assets/Chile/Tickets/Movies/LosDomingos/Es/720x1022_19/resource.jpg,https://www.cinepolischile.cl/,,,"DRAMA, SUSPENSO",
Cinépolis La Reina,Coyote vs ACME,2026-08-31,17:25,2D,doblada,105,TE7,https://tickets-static-content.cinepolis.com/pimcore/19803/assets/Chile/Tickets/Movies/CoyoteVSAcme/Es/720x1022_24/resource.jpg,https://www.cinepolischile.cl/,,,"COMEDIA, ANIMACIÓN, AVENTURA",
Cinépolis La Reina,Harry Potter y la piedra filosofal,2026-08-31,17:40,2D,subtitulada,166,TE7,https://tickets-static-content.cinepolis.com/pimcore/21310/assets/Chile/Tickets/Movies/HarryPotterPiedraFilosofal/Es/720x1022_19/resource.jpg,https://www.cinepolischile.cl/,,,"AVENTURA, FANTASÍA",
Cinépolis La Reina,Minions & Monstruos,2026-08-31,17:45,2D,doblada,90,TE,https://tickets-static-content.cinepolis.com/pimcore/18773/assets/Chile/Tickets/Movies/MinionsYMonsters/Es/minons_720x1022/resource.jpg,https://www.cinepolischile.cl/,,,ANIMACIÓN,
Cinépolis La Reina,Spider-Man: Un Nuevo Día,2026-08-31,17:50,2D,subtitulada,144,TE7,https://tickets-static-content.cinepolis.com/pimcore/19604/assets/Chile/Tickets/Movies/SpiderManUnNuevoDia_copy/Es/SMBND_720x1022_2/resource.jpg,https://www.cinepolischile.cl/,,,"AVENTURA, ACCIÓN",
Cinépolis La Reina,La Odisea,2026-08-31,18:00,2D,subtitulada,172,14,https://tickets-static-content.cinepolis.com/pimcore/18518/assets/Chile/Tickets/Movies/LaOdisea/Es/720x1022_poster_La_odisea_copia_2__1/resource.jpg,https://www.cinepolischile.cl/,,,ACCIÓN,
Cinépolis La Reina,Papi Ricky: La película,2026-08-31,18:20,2D,,93,TE7,https://tickets-static-content.cinepolis.com/pimcore/21450/assets/Chile/Tickets/Movies/PapiRickyLaPelicula/Es/720x1022_19/resource.jpg,https://www.cinepolischile.cl/,,,COMEDIA,
Cinépolis La Reina,Spider-Man: Un Nuevo Día,2026-08-31,18:40,2D,subtitulada,144,TE7,https://tickets-static-content.cinepolis.com/pimcore/19604/assets/Chile/Tickets/Movies/SpiderManUnNuevoDia_copy/Es/SMBND_720x1022_2/resource.jpg,https://www.cinepolischile.cl/,,,"AVENTURA, ACCIÓN",
Cinépolis La Reina,El Final De La Calle Oak,2026-08-31,18:45,2D,subtitulada,100,14,https://tickets-static-content.cinepolis.com/pimcore/20089/assets/Chile/Tickets/Movies/ElFinalDeLaCalleOak_copy/Es/P_720X1022_5_copy/resource.jpg,https://www.cinepolischile.cl/,,,"AVENTURA, CIENCIA FICCIÓN",
Cinépolis La Reina,Sagrado corazón,2026-08-31,18:55,2D,subtitulada,92,TE7,https://tickets-static-content.cinepolis.com/pimcore/21449/assets/Chile/Tickets/Movies/SagradoCorazon/Es/720x1022_19/resource.jpg,https://www.cinepolischile.cl/,,,"DOCUMENTAL, CIENCIA FICCIÓN",
Cinépolis La Reina,Harry Potter y la piedra filosofal,2026-08-31,19:00,2D,subtitulada,166,TE7,https://tickets-static-content.cinepolis.com/pimcore/21310/assets/Chile/Tickets/Movies/HarryPotterPiedraFilosofal/Es/720x1022_19/resource.jpg,https://www.cinepolischile.cl/,,,"AVENTURA, FANTASÍA",
Cinépolis La Reina,Coyote vs ACME,2026-08-31,19:05,2D,doblada,105,TE7,https://tickets-static-content.cinepolis.com/pimcore/19803/assets/Chile/Tickets/Movies/CoyoteVSAcme/Es/720x1022_24/resource.jpg,https://www.cinepolischile.cl/,,,"COMEDIA, ANIMACIÓN, AVENTURA",
Cinépolis La Reina,La noche del demonio: Están entre nosotros,2026-08-31,19:10,2D,subtitulada,105,14,https://tickets-static-content.cinepolis.com/pimcore/19801/assets/Chile/Tickets/Movies/LaNocheDelDemonioEstaEntreNosotros/Es/720x1022_19/resource.jpg,https://www.cinepolischile.cl/,,,TERROR,
Cinépolis La Reina,Spider-Man: Un Nuevo Día,2026-08-31,19:25,2D,subtitulada,144,TE7,https://tickets-static-content.cinepolis.com/pimcore/19604/assets/Chile/Tickets/Movies/SpiderManUnNuevoDia_copy/Es/SMBND_720x1022_2/resource.jpg,https://www.cinepolischile.cl/,,,"AVENTURA, ACCIÓN",
Cinépolis La Reina,La invitación,2026-08-31,19:40,2D,subtitulada,106,14,https://tickets-static-content.cinepolis.com/pimcore/19233/assets/Chile/Tickets/Movies/LaInvitacion/Es/720x1022_px_2/resource.jpg,https://www.cinepolischile.cl/,,,COMEDIA,
Cinépolis La Reina,Coyote vs ACME,2026-08-31,20:00,2D,subtitulada,105,TE7,https://tickets-static-content.cinepolis.com/pimcore/19803/assets/Chile/Tickets/Movies/CoyoteVSAcme/Es/720x1022_24/resource.jpg,https://www.cinepolischile.cl/,,,"COMEDIA, ANIMACIÓN, AVENTURA",
Cinépolis La Reina,La Odisea,2026-08-31,20:30,2D,subtitulada,172,14,https://tickets-static-content.cinepolis.com/pimcore/18518/assets/Chile/Tickets/Movies/LaOdisea/Es/720x1022_poster_La_odisea_copia_2__1/resource.jpg,https://www.cinepolischile.cl/,,,ACCIÓN,
Cinépolis La Reina,Toy Story 5,2026-08-31,20:35,2D,doblada,90,TE,https://tickets-static-content.cinepolis.com/pimcore/18179/assets/Chile/Tickets/Movies/ToyStory5/Es/720x1022_Toy_story_5_copia_2__4/resource.jpg,https://www.cinepolischile.cl/,,,"COMEDIA, ANIMACIÓN, AVENTURA",
Cinépolis La Reina,Papi Ricky: La película,2026-08-31,20:45,2D,,93,TE7,https://tickets-static-content.cinepolis.com/pimcore/21450/assets/Chile/Tickets/Movies/PapiRickyLaPelicula/Es/720x1022_19/resource.jpg,https://www.cinepolischile.cl/,,,COMEDIA,
Cinépolis La Reina,Spider-Man: Un Nuevo Día,2026-08-31,21:00,2D,subtitulada,144,TE7,https://tickets-static-content.cinepolis.com/pimcore/19604/assets/Chile/Tickets/Movies/SpiderManUnNuevoDia_copy/Es/SMBND_720x1022_2/resource.jpg,https://www.cinepolischile.cl/,,,"AVENTURA, ACCIÓN",
Cinépolis La Reina,Harry Potter y la piedra filosofal,2026-08-31,21:15,2D,subtitulada,166,TE7,https://tickets-static-content.cinepolis.com/pimcore/21310/assets/Chile/Tickets/Movies/HarryPotterPiedraFilosofal/Es/720x1022_19/resource.jpg,https://www.cinepolischile.cl/,,,"AVENTURA, FANTASÍA",
Cinépolis La Reina,El Final De La Calle Oak,2026-08-31,21:20,2D,subtitulada,100,14,https://tickets-static-content.cinepolis.com/pimcore/20089/assets/Chile/Tickets/Movies/ElFinalDeLaCalleOak_copy/Es/P_720X1022_5_copy/resource.jpg,https://www.cinepolischile.cl/,,,"AVENTURA, CIENCIA FICCIÓN",
Cinépolis La Reina,La muerte de Robin Hood,2026-08-31,21:25,2D,subtitulada,122,14,https://tickets-static-content.cinepolis.com/pimcore/21447/assets/Chile/Tickets/Movies/LaMuerteDeRobinHood/Es/720x1022_19/resource.jpg,https://www.cinepolischile.cl/,,,"TERROR, SUSPENSO",
Cinépolis La Reina,La Odisea,2026-08-31,21:30,2D,subtitulada,172,14,https://tickets-static-content.cinepolis.com/pimcore/18518/assets/Chile/Tickets/Movies/LaOdisea/Es/720x1022_poster_La_odisea_copia_2__1/resource.jpg,https://www.cinepolischile.cl/,,,ACCIÓN,
Cinépolis La Reina,Mi vecino Totoro,2026-08-31,21:35,2D,subtitulada,87,TE,https://tickets-static-content.cinepolis.com/pimcore/20415/assets/Chile/Tickets/Movies/MiVecinoTotoro/Es/720x1022_19/resource.jpg,https://www.cinepolischile.cl/,,,"ANIMACIÓN, AVENTURA, FANTASÍA",
Cinépolis La Reina,La Guerra de los Últimos,2026-08-31,21:50,2D,subtitulada,100,14,https://tickets-static-content.cinepolis.com/pimcore/20625/assets/Chile/Tickets/Movies/LaGuerraDeLosUltimos/Es/720x1022_19/resource.jpg,https://www.cinepolischile.cl/,,,"DRAMA, CIENCIA FICCIÓN",
Cinépolis La Reina,Spider-Man: Un Nuevo Día,2026-08-31,22:00,2D,subtitulada,144,TE7,https://tickets-static-content.cinepolis.com/pimcore/19604/assets/Chile/Tickets/Movies/SpiderManUnNuevoDia_copy/Es/SMBND_720x1022_2/resource.jpg,https://www.cinepolischile.cl/,,,"AVENTURA, ACCIÓN",
Cinépolis La Reina,"Adolescencia, Sexo Y Muerte En Campamento Miasma",2026-08-31,22:10,2D,subtitulada,112,14,https://tickets-static-content.cinepolis.com/pimcore/20419/assets/Chile/Tickets/Movies/AdolescenciaSexoYMuerteEnCampamentoMiasma_copy/Es/720x1022_2/resource.JPG,https://www.cinepolischile.cl/,,,"COMEDIA, TERROR",
Cinépolis La Reina,La noche del demonio: Están entre nosotros,2026-08-31,22:25,2D,subtitulada,105,14,https://tickets-static-content.cinepolis.com/pimcore/19801/assets/Chile/Tickets/Movies/LaNocheDelDemonioEstaEntreNosotros/Es/720x1022_19/resource.jpg,https://www.cinepolischile.cl/,,,TERROR,
Cinépolis La Reina,Papi Ricky: La película,2026-08-31,22:30,2D,,93,TE7,https://tickets-static-content.cinepolis.com/pimcore/21450/assets/Chile/Tickets/Movies/PapiRickyLaPelicula/Es/720x1022_19/resource.jpg,https://www.cinepolischile.cl/,,,COMEDIA,
Cinépolis La Reina,La Guerra de los Últimos,2026-09-01,13:00,2D,subtitulada,100,14,https://tickets-static-content.cinepolis.com/pimcore/20625/assets/Chile/Tickets/Movies/LaGuerraDeLosUltimos/Es/720x1022_19/resource.jpg,https://www.cinepolischile.cl/,,,"DRAMA, CIENCIA FICCIÓN",
Cinépolis La Reina,Spider-Man: Un Nuevo Día,2026-09-01,13:00,2D,doblada,144,TE7,https://tickets-static-content.cinepolis.com/pimcore/19604/assets/Chile/Tickets/Movies/SpiderManUnNuevoDia_copy/Es/SMBND_720x1022_2/resource.jpg,https://www.cinepolischile.cl/,,,"AVENTURA, ACCIÓN",
Cinépolis La Reina,La Odisea,2026-09-01,13:05,2D,subtitulada,172,14,https://tickets-static-content.cinepolis.com/pimcore/18518/assets/Chile/Tickets/Movies/LaOdisea/Es/720x1022_poster_La_odisea_copia_2__1/resource.jpg,https://www.cinepolischile.cl/,,,ACCIÓN,
Cinépolis La Reina,Papi Ricky: La película,2026-09-01,13:25,2D,,93,TE7,https://tickets-static-content.cinepolis.com/pimcore/21450/assets/Chile/Tickets/Movies/PapiRickyLaPelicula/Es/720x1022_19/resource.jpg,https://www.cinepolischile.cl/,,,COMEDIA,
Cinépolis La Reina,Sólo por una noche,2026-09-01,13:35,2D,subtitulada,102,14,https://tickets-static-content.cinepolis.com/pimcore/20834/assets/Chile/Tickets/Movies/SoloPorUnaNoche/Es/720x1022_19/resource.jpg,https://www.cinepolischile.cl/,,,COMEDIA,
Cinépolis La Reina,Harry Potter y la piedra filosofal,2026-09-01,14:00,2D,subtitulada,166,TE7,https://tickets-static-content.cinepolis.com/pimcore/21310/assets/Chile/Tickets/Movies/HarryPotterPiedraFilosofal/Es/720x1022_19/resource.jpg,https://www.cinepolischile.cl/,,,"AVENTURA, FANTASÍA",
Cinépolis La Reina,Mi vecino Totoro,2026-09-01,14:00,2D,subtitulada,87,TE,https://tickets-static-content.cinepolis.com/pimcore/20415/assets/Chile/Tickets/Movies/MiVecinoTotoro/Es/720x1022_19/resource.jpg,https://www.cinepolischile.cl/,,,"ANIMACIÓN, AVENTURA, FANTASÍA",
Cinépolis La Reina,Sagrado corazón,2026-09-01,14:00,2D,subtitulada,92,TE7,https://tickets-static-content.cinepolis.com/pimcore/21449/assets/Chile/Tickets/Movies/SagradoCorazon/Es/720x1022_19/resource.jpg,https://www.cinepolischile.cl/,,,"DOCUMENTAL, CIENCIA FICCIÓN",
Cinépolis La Reina,La noche del demonio: Están entre nosotros,2026-09-01,14:15,2D,subtitulada,105,14,https://tickets-static-content.cinepolis.com/pimcore/19801/assets/Chile/Tickets/Movies/LaNocheDelDemonioEstaEntreNosotros/Es/720x1022_19/resource.jpg,https://www.cinepolischile.cl/,,,TERROR,
Cinépolis La Reina,La Odisea,2026-09-01,14:20,2D,subtitulada,172,14,https://tickets-static-content.cinepolis.com/pimcore/18518/assets/Chile/Tickets/Movies/LaOdisea/Es/720x1022_poster_La_odisea_copia_2__1/resource.jpg,https://www.cinepolischile.cl/,,,ACCIÓN,
Cinépolis La Reina,Coyote vs ACME,2026-09-01,14:25,2D,doblada,105,TE7,https://tickets-static-content.cinepolis.com/pimcore/19803/assets/Chile/Tickets/Movies/CoyoteVSAcme/Es/720x1022_24/resource.jpg,https://www.cinepolischile.cl/,,,"COMEDIA, ANIMACIÓN, AVENTURA",
Cinépolis La Reina,La Negociación,2026-09-01,14:25,2D,subtitulada,105,14,https://tickets-static-content.cinepolis.com/pimcore/20833/assets/Chile/Tickets/Movies/LaNegociacion/Es/720x1022_19/resource.jpg,https://www.cinepolischile.cl/,,,DRAMA,
Cinépolis La Reina,Spider-Man: Un Nuevo Día,2026-09-01,14:35,2D,subtitulada,144,TE7,https://tickets-static-content.cinepolis.com/pimcore/19604/assets/Chile/Tickets/Movies/SpiderManUnNuevoDia_copy/Es/SMBND_720x1022_2/resource.jpg,https://www.cinepolischile.cl/,,,"AVENTURA, ACCIÓN",
Cinépolis La Reina,PAW Patrol: La Dino Película,2026-09-01,15:00,2D,doblada,88,TE,https://tickets-static-content.cinepolis.com/pimcore/20418/assets/Chile/Tickets/Movies/PAWPatrolLaDinoPelicula_copy/Es/PP3_Desktop_Poster_720x1022_2/resource.jpg,https://www.cinepolischile.cl/,,,ANIMACIÓN,
Cinépolis La Reina,Harry Potter y la piedra filosofal,2026-09-01,15:25,4DX,subtitulada,166,TE7,https://tickets-static-content.cinepolis.com/pimcore/21310/assets/Chile/Tickets/Movies/HarryPotterPiedraFilosofal/Es/720x1022_19/resource.jpg,https://www.cinepolischile.cl/,,,"AVENTURA, FANTASÍA",
Cinépolis La Reina,Spider-Man: Un Nuevo Día,2026-09-01,15:30,2D,subtitulada,144,TE7,https://tickets-static-content.cinepolis.com/pimcore/19604/assets/Chile/Tickets/Movies/SpiderManUnNuevoDia_copy/Es/SMBND_720x1022_2/resource.jpg,https://www.cinepolischile.cl/,,,"AVENTURA, ACCIÓN",
Cinépolis La Reina,La Guerra de los Últimos,2026-09-01,15:45,2D,subtitulada,100,14,https://tickets-static-content.cinepolis.com/pimcore/20625/assets/Chile/Tickets/Movies/LaGuerraDeLosUltimos/Es/720x1022_19/resource.jpg,https://www.cinepolischile.cl/,,,"DRAMA, CIENCIA FICCIÓN",
Cinépolis La Reina,Coyote vs ACME,2026-09-01,15:50,2D,doblada,105,TE7,https://tickets-static-content.cinepolis.com/pimcore/19803/assets/Chile/Tickets/Movies/CoyoteVSAcme/Es/720x1022_24/resource.jpg,https://www.cinepolischile.cl/,,,"COMEDIA, ANIMACIÓN, AVENTURA",
Cinépolis La Reina,Papi Ricky: La película,2026-09-01,15:50,2D,,93,TE7,https://tickets-static-content.cinepolis.com/pimcore/21450/assets/Chile/Tickets/Movies/PapiRickyLaPelicula/Es/720x1022_19/resource.jpg,https://www.cinepolischile.cl/,,,COMEDIA,
Cinépolis La Reina,Spider-Man: Un Nuevo Día,2026-09-01,16:00,2D,subtitulada,144,TE7,https://tickets-static-content.cinepolis.com/pimcore/19604/assets/Chile/Tickets/Movies/SpiderManUnNuevoDia_copy/Es/SMBND_720x1022_2/resource.jpg,https://www.cinepolischile.cl/,,,"AVENTURA, ACCIÓN",
Cinépolis La Reina,El Final De La Calle Oak,2026-09-01,16:10,2D,subtitulada,100,14,https://tickets-static-content.cinepolis.com/pimcore/20089/assets/Chile/Tickets/Movies/ElFinalDeLaCalleOak_copy/Es/P_720X1022_5_copy/resource.jpg,https://www.cinepolischile.cl/,,,"AVENTURA, CIENCIA FICCIÓN",
Cinépolis La Reina,Sagrado corazón,2026-09-01,16:30,2D,subtitulada,92,TE7,https://tickets-static-content.cinepolis.com/pimcore/21449/assets/Chile/Tickets/Movies/SagradoCorazon/Es/720x1022_19/resource.jpg,https://www.cinepolischile.cl/,,,"DOCUMENTAL, CIENCIA FICCIÓN",
Cinépolis La Reina,Spider-Man: Un Nuevo Día,2026-09-01,16:40,2D,subtitulada,144,TE7,https://tickets-static-content.cinepolis.com/pimcore/19604/assets/Chile/Tickets/Movies/SpiderManUnNuevoDia_copy/Es/SMBND_720x1022_2/resource.jpg,https://www.cinepolischile.cl/,,,"AVENTURA, ACCIÓN",
Cinépolis La Reina,Coyote vs ACME,2026-09-01,16:45,2D,doblada,105,TE7,https://tickets-static-content.cinepolis.com/pimcore/19803/assets/Chile/Tickets/Movies/CoyoteVSAcme/Es/720x1022_24/resource.jpg,https://www.cinepolischile.cl/,,,"COMEDIA, ANIMACIÓN, AVENTURA",
Cinépolis La Reina,La Odisea,2026-09-01,16:45,2D,subtitulada,172,14,https://tickets-static-content.cinepolis.com/pimcore/18518/assets/Chile/Tickets/Movies/LaOdisea/Es/720x1022_poster_La_odisea_copia_2__1/resource.jpg,https://www.cinepolischile.cl/,,,ACCIÓN,
Cinépolis La Reina,Los Domingos,2026-09-01,16:55,2D,,115,14,https://tickets-static-content.cinepolis.com/pimcore/21451/assets/Chile/Tickets/Movies/LosDomingos/Es/720x1022_19/resource.jpg,https://www.cinepolischile.cl/,,,"DRAMA, SUSPENSO",
Cinépolis La Reina,Harry Potter y la piedra filosofal,2026-09-01,17:40,2D,subtitulada,166,TE7,https://tickets-static-content.cinepolis.com/pimcore/21310/assets/Chile/Tickets/Movies/HarryPotterPiedraFilosofal/Es/720x1022_19/resource.jpg,https://www.cinepolischile.cl/,,,"AVENTURA, FANTASÍA",
Cinépolis La Reina,Minions & Monstruos,2026-09-01,17:45,2D,doblada,90,TE,https://tickets-static-content.cinepolis.com/pimcore/18773/assets/Chile/Tickets/Movies/MinionsYMonsters/Es/minons_720x1022/resource.jpg,https://www.cinepolischile.cl/,,,ANIMACIÓN,
Cinépolis La Reina,Spider-Man: Un Nuevo Día,2026-09-01,17:50,2D,subtitulada,144,TE7,https://tickets-static-content.cinepolis.com/pimcore/19604/assets/Chile/Tickets/Movies/SpiderManUnNuevoDia_copy/Es/SMBND_720x1022_2/resource.jpg,https://www.cinepolischile.cl/,,,"AVENTURA, ACCIÓN",
Cinépolis La Reina,La Odisea,2026-09-01,18:00,2D,subtitulada,172,14,https://tickets-static-content.cinepolis.com/pimcore/18518/assets/Chile/Tickets/Movies/LaOdisea/Es/720x1022_poster_La_odisea_copia_2__1/resource.jpg,https://www.cinepolischile.cl/,,,ACCIÓN,
Cinépolis La Reina,Papi Ricky: La película,2026-09-01,18:20,2D,,93,TE7,https://tickets-static-content.cinepolis.com/pimcore/21450/assets/Chile/Tickets/Movies/PapiRickyLaPelicula/Es/720x1022_19/resource.jpg,https://www.cinepolischile.cl/,,,COMEDIA,
Cinépolis La Reina,El Final De La Calle Oak,2026-09-01,18:25,2D,subtitulada,100,14,https://tickets-static-content.cinepolis.com/pimcore/20089/assets/Chile/Tickets/Movies/ElFinalDeLaCalleOak_copy/Es/P_720X1022_5_copy/resource.jpg,https://www.cinepolischile.cl/,,,"AVENTURA, CIENCIA FICCIÓN",
Cinépolis La Reina,Coyote vs ACME,2026-09-01,18:40,2D,doblada,105,TE7,https://tickets-static-content.cinepolis.com/pimcore/19803/assets/Chile/Tickets/Movies/CoyoteVSAcme/Es/720x1022_24/resource.jpg,https://www.cinepolischile.cl/,,,"COMEDIA, ANIMACIÓN, AVENTURA",
Cinépolis La Reina,Spider-Man: Un Nuevo Día,2026-09-01,18:40,2D,subtitulada,144,TE7,https://tickets-static-content.cinepolis.com/pimcore/19604/assets/Chile/Tickets/Movies/SpiderManUnNuevoDia_copy/Es/SMBND_720x1022_2/resource.jpg,https://www.cinepolischile.cl/,,,"AVENTURA, ACCIÓN",
Cinépolis La Reina,Sagrado corazón,2026-09-01,18:50,2D,subtitulada,92,TE7,https://tickets-static-content.cinepolis.com/pimcore/21449/assets/Chile/Tickets/Movies/SagradoCorazon/Es/720x1022_19/resource.jpg,https://www.cinepolischile.cl/,,,"DOCUMENTAL, CIENCIA FICCIÓN",
Cinépolis La Reina,Harry Potter y la piedra filosofal,2026-09-01,19:00,2D,subtitulada,166,TE7,https://tickets-static-content.cinepolis.com/pimcore/21310/assets/Chile/Tickets/Movies/HarryPotterPiedraFilosofal/Es/720x1022_19/resource.jpg,https://www.cinepolischile.cl/,,,"AVENTURA, FANTASÍA",
Cinépolis La Reina,Spider-Man: Un Nuevo Día,2026-09-01,19:25,2D,subtitulada,144,TE7,https://tickets-static-content.cinepolis.com/pimcore/19604/assets/Chile/Tickets/Movies/SpiderManUnNuevoDia_copy/Es/SMBND_720x1022_2/resource.jpg,https://www.cinepolischile.cl/,,,"AVENTURA, ACCIÓN",
Cinépolis La Reina,La invitación,2026-09-01,19:40,2D,subtitulada,106,14,https://tickets-static-content.cinepolis.com/pimcore/19233/assets/Chile/Tickets/Movies/LaInvitacion/Es/720x1022_px_2/resource.jpg,https://www.cinepolischile.cl/,,,COMEDIA,
Cinépolis La Reina,La noche del demonio: Están entre nosotros,2026-09-01,19:50,2D,subtitulada,105,14,https://tickets-static-content.cinepolis.com/pimcore/19801/assets/Chile/Tickets/Movies/LaNocheDelDemonioEstaEntreNosotros/Es/720x1022_19/resource.jpg,https://www.cinepolischile.cl/,,,TERROR,
Cinépolis La Reina,La Odisea,2026-09-01,20:30,2D,subtitulada,172,14,https://tickets-static-content.cinepolis.com/pimcore/18518/assets/Chile/Tickets/Movies/LaOdisea/Es/720x1022_poster_La_odisea_copia_2__1/resource.jpg,https://www.cinepolischile.cl/,,,ACCIÓN,
Cinépolis La Reina,Toy Story 5,2026-09-01,20:35,2D,doblada,90,TE,https://tickets-static-content.cinepolis.com/pimcore/18179/assets/Chile/Tickets/Movies/ToyStory5/Es/720x1022_Toy_story_5_copia_2__4/resource.jpg,https://www.cinepolischile.cl/,,,"COMEDIA, ANIMACIÓN, AVENTURA",
Cinépolis La Reina,Coyote vs ACME,2026-09-01,20:45,2D,subtitulada,105,TE7,https://tickets-static-content.cinepolis.com/pimcore/19803/assets/Chile/Tickets/Movies/CoyoteVSAcme/Es/720x1022_24/resource.jpg,https://www.cinepolischile.cl/,,,"COMEDIA, ANIMACIÓN, AVENTURA",
Cinépolis La Reina,Papi Ricky: La película,2026-09-01,20:45,2D,,93,TE7,https://tickets-static-content.cinepolis.com/pimcore/21450/assets/Chile/Tickets/Movies/PapiRickyLaPelicula/Es/720x1022_19/resource.jpg,https://www.cinepolischile.cl/,,,COMEDIA,
Cinépolis La Reina,La Guerra de los Últimos,2026-09-01,21:00,2D,subtitulada,100,14,https://tickets-static-content.cinepolis.com/pimcore/20625/assets/Chile/Tickets/Movies/LaGuerraDeLosUltimos/Es/720x1022_19/resource.jpg,https://www.cinepolischile.cl/,,,"DRAMA, CIENCIA FICCIÓN",
Cinépolis La Reina,Harry Potter y la piedra filosofal,2026-09-01,21:15,2D,subtitulada,166,TE7,https://tickets-static-content.cinepolis.com/pimcore/21310/assets/Chile/Tickets/Movies/HarryPotterPiedraFilosofal/Es/720x1022_19/resource.jpg,https://www.cinepolischile.cl/,,,"AVENTURA, FANTASÍA",
Cinépolis La Reina,La muerte de Robin Hood,2026-09-01,21:25,2D,subtitulada,122,14,https://tickets-static-content.cinepolis.com/pimcore/21447/assets/Chile/Tickets/Movies/LaMuerteDeRobinHood/Es/720x1022_19/resource.jpg,https://www.cinepolischile.cl/,,,"TERROR, SUSPENSO",
Cinépolis La Reina,El Final De La Calle Oak,2026-09-01,21:30,2D,subtitulada,100,14,https://tickets-static-content.cinepolis.com/pimcore/20089/assets/Chile/Tickets/Movies/ElFinalDeLaCalleOak_copy/Es/P_720X1022_5_copy/resource.jpg,https://www.cinepolischile.cl/,,,"AVENTURA, CIENCIA FICCIÓN",
Cinépolis La Reina,La Odisea,2026-09-01,21:30,2D,subtitulada,172,14,https://tickets-static-content.cinepolis.com/pimcore/18518/assets/Chile/Tickets/Movies/LaOdisea/Es/720x1022_poster_La_odisea_copia_2__1/resource.jpg,https://www.cinepolischile.cl/,,,ACCIÓN,
Cinépolis La Reina,Spider-Man: Un Nuevo Día,2026-09-01,22:00,2D,subtitulada,144,TE7,https://tickets-static-content.cinepolis.com/pimcore/19604/assets/Chile/Tickets/Movies/SpiderManUnNuevoDia_copy/Es/SMBND_720x1022_2/resource.jpg,https://www.cinepolischile.cl/,,,"AVENTURA, ACCIÓN",
Cinépolis La Reina,"Adolescencia, Sexo Y Muerte En Campamento Miasma",2026-09-01,22:10,2D,subtitulada,112,14,https://tickets-static-content.cinepolis.com/pimcore/20419/assets/Chile/Tickets/Movies/AdolescenciaSexoYMuerteEnCampamentoMiasma_copy/Es/720x1022_2/resource.JPG,https://www.cinepolischile.cl/,,,"COMEDIA, TERROR",
Cinépolis La Reina,La noche del demonio: Están entre nosotros,2026-09-01,22:15,2D,subtitulada,105,14,https://tickets-static-content.cinepolis.com/pimcore/19801/assets/Chile/Tickets/Movies/LaNocheDelDemonioEstaEntreNosotros/Es/720x1022_19/resource.jpg,https://www.cinepolischile.cl/,,,TERROR,
Cinépolis La Reina,Papi Ricky: La película,2026-09-01,22:30,2D,,93,TE7,https://tickets-static-content.cinepolis.com/pimcore/21450/assets/Chile/Tickets/Movies/PapiRickyLaPelicula/Es/720x1022_19/resource.jpg,https://www.cinepolischile.cl/,,,COMEDIA,
Cinépolis La Reina,Spider-Man: Un Nuevo Día,2026-09-02,13:00,2D,doblada,144,TE7,https://tickets-static-content.cinepolis.com/pimcore/19604/assets/Chile/Tickets/Movies/SpiderManUnNuevoDia_copy/Es/SMBND_720x1022_2/resource.jpg,https://www.cinepolischile.cl/,,,"AVENTURA, ACCIÓN",
Cinépolis La Reina,La Odisea,2026-09-02,13:05,2D,subtitulada,172,14,https://tickets-static-content.cinepolis.com/pimcore/18518/assets/Chile/Tickets/Movies/LaOdisea/Es/720x1022_poster_La_odisea_copia_2__1/resource.jpg,https://www.cinepolischile.cl/,,,ACCIÓN,
Cinépolis La Reina,La Guerra de los Últimos,2026-09-02,13:15,2D,subtitulada,100,14,https://tickets-static-content.cinepolis.com/pimcore/20625/assets/Chile/Tickets/Movies/LaGuerraDeLosUltimos/Es/720x1022_19/resource.jpg,https://www.cinepolischile.cl/,,,"DRAMA, CIENCIA FICCIÓN",
Cinépolis La Reina,Papi Ricky: La película,2026-09-02,13:25,2D,,93,TE7,https://tickets-static-content.cinepolis.com/pimcore/21450/assets/Chile/Tickets/Movies/PapiRickyLaPelicula/Es/720x1022_19/resource.jpg,https://www.cinepolischile.cl/,,,COMEDIA,
Cinépolis La Reina,Sólo por una noche,2026-09-02,13:45,2D,subtitulada,102,14,https://tickets-static-content.cinepolis.com/pimcore/20834/assets/Chile/Tickets/Movies/SoloPorUnaNoche/Es/720x1022_19/resource.jpg,https://www.cinepolischile.cl/,,,COMEDIA,
Cinépolis La Reina,Harry Potter y la piedra filosofal,2026-09-02,14:00,2D,subtitulada,166,TE7,https://tickets-static-content.cinepolis.com/pimcore/21310/assets/Chile/Tickets/Movies/HarryPotterPiedraFilosofal/Es/720x1022_19/resource.jpg,https://www.cinepolischile.cl/,,,"AVENTURA, FANTASÍA",
Cinépolis La Reina,Sagrado corazón,2026-09-02,14:00,2D,subtitulada,92,TE7,https://tickets-static-content.cinepolis.com/pimcore/21449/assets/Chile/Tickets/Movies/SagradoCorazon/Es/720x1022_19/resource.jpg,https://www.cinepolischile.cl/,,,"DOCUMENTAL, CIENCIA FICCIÓN",
Cinépolis La Reina,La noche del demonio: Están entre nosotros,2026-09-02,14:15,2D,subtitulada,105,14,https://tickets-static-content.cinepolis.com/pimcore/19801/assets/Chile/Tickets/Movies/LaNocheDelDemonioEstaEntreNosotros/Es/720x1022_19/resource.jpg,https://www.cinepolischile.cl/,,,TERROR,
Cinépolis La Reina,La Odisea,2026-09-02,14:20,2D,subtitulada,172,14,https://tickets-static-content.cinepolis.com/pimcore/18518/assets/Chile/Tickets/Movies/LaOdisea/Es/720x1022_poster_La_odisea_copia_2__1/resource.jpg,https://www.cinepolischile.cl/,,,ACCIÓN,
Cinépolis La Reina,La Negociación,2026-09-02,14:25,2D,subtitulada,105,14,https://tickets-static-content.cinepolis.com/pimcore/20833/assets/Chile/Tickets/Movies/LaNegociacion/Es/720x1022_19/resource.jpg,https://www.cinepolischile.cl/,,,DRAMA,
Cinépolis La Reina,Spider-Man: Un Nuevo Día,2026-09-02,14:35,2D,subtitulada,144,TE7,https://tickets-static-content.cinepolis.com/pimcore/19604/assets/Chile/Tickets/Movies/SpiderManUnNuevoDia_copy/Es/SMBND_720x1022_2/resource.jpg,https://www.cinepolischile.cl/,,,"AVENTURA, ACCIÓN",
Cinépolis La Reina,Coyote vs ACME,2026-09-02,14:50,2D,doblada,105,TE7,https://tickets-static-content.cinepolis.com/pimcore/19803/assets/Chile/Tickets/Movies/CoyoteVSAcme/Es/720x1022_24/resource.jpg,https://www.cinepolischile.cl/,,,"COMEDIA, ANIMACIÓN, AVENTURA",
Cinépolis La Reina,PAW Patrol: La Dino Película,2026-09-02,15:00,2D,doblada,88,TE,https://tickets-static-content.cinepolis.com/pimcore/20418/assets/Chile/Tickets/Movies/PAWPatrolLaDinoPelicula_copy/Es/PP3_Desktop_Poster_720x1022_2/resource.jpg,https://www.cinepolischile.cl/,,,ANIMACIÓN,
Cinépolis La Reina,Spider-Man: Un Nuevo Día,2026-09-02,15:20,2D,subtitulada,144,TE7,https://tickets-static-content.cinepolis.com/pimcore/19604/assets/Chile/Tickets/Movies/SpiderManUnNuevoDia_copy/Es/SMBND_720x1022_2/resource.jpg,https://www.cinepolischile.cl/,,,"AVENTURA, ACCIÓN",
Cinépolis La Reina,Harry Potter y la piedra filosofal,2026-09-02,15:25,4DX,subtitulada,166,TE7,https://tickets-static-content.cinepolis.com/pimcore/21310/assets/Chile/Tickets/Movies/HarryPotterPiedraFilosofal/Es/720x1022_19/resource.jpg,https://www.cinepolischile.cl/,,,"AVENTURA, FANTASÍA",
Cinépolis La Reina,Papi Ricky: La película,2026-09-02,15:50,2D,,93,TE7,https://tickets-static-content.cinepolis.com/pimcore/21450/assets/Chile/Tickets/Movies/PapiRickyLaPelicula/Es/720x1022_19/resource.jpg,https://www.cinepolischile.cl/,,,COMEDIA,
Cinépolis La Reina,Spider-Man: Un Nuevo Día,2026-09-02,16:00,2D,subtitulada,144,TE7,https://tickets-static-content.cinepolis.com/pimcore/19604/assets/Chile/Tickets/Movies/SpiderManUnNuevoDia_copy/Es/SMBND_720x1022_2/resource.jpg,https://www.cinepolischile.cl/,,,"AVENTURA, ACCIÓN",
Cinépolis La Reina,La Guerra de los Últimos,2026-09-02,16:10,2D,subtitulada,100,14,https://tickets-static-content.cinepolis.com/pimcore/20625/assets/Chile/Tickets/Movies/LaGuerraDeLosUltimos/Es/720x1022_19/resource.jpg,https://www.cinepolischile.cl/,,,"DRAMA, CIENCIA FICCIÓN",
Cinépolis La Reina,Coyote vs ACME,2026-09-02,16:15,2D,doblada,105,TE7,https://tickets-static-content.cinepolis.com/pimcore/19803/assets/Chile/Tickets/Movies/CoyoteVSAcme/Es/720x1022_24/resource.jpg,https://www.cinepolischile.cl/,,,"COMEDIA, ANIMACIÓN, AVENTURA",
Cinépolis La Reina,El Final De La Calle Oak,2026-09-02,16:25,2D,subtitulada,100,14,https://tickets-static-content.cinepolis.com/pimcore/20089/assets/Chile/Tickets/Movies/ElFinalDeLaCalleOak_copy/Es/P_720X1022_5_copy/resource.jpg,https://www.cinepolischile.cl/,,,"AVENTURA, CIENCIA FICCIÓN",
Cinépolis La Reina,Sagrado corazón,2026-09-02,16:30,2D,subtitulada,92,TE7,https://tickets-static-content.cinepolis.com/pimcore/21449/assets/Chile/Tickets/Movies/SagradoCorazon/Es/720x1022_19/resource.jpg,https://www.cinepolischile.cl/,,,"DOCUMENTAL, CIENCIA FICCIÓN",
Cinépolis La Reina,La Odisea,2026-09-02,16:45,2D,subtitulada,172,14,https://tickets-static-content.cinepolis.com/pimcore/18518/assets/Chile/Tickets/Movies/LaOdisea/Es/720x1022_poster_La_odisea_copia_2__1/resource.jpg,https://www.cinepolischile.cl/,,,ACCIÓN,
Cinépolis La Reina,Spider-Man: Un Nuevo Día,2026-09-02,16:45,2D,subtitulada,144,TE7,https://tickets-static-content.cinepolis.com/pimcore/19604/assets/Chile/Tickets/Movies/SpiderManUnNuevoDia_copy/Es/SMBND_720x1022_2/resource.jpg,https://www.cinepolischile.cl/,,,"AVENTURA, ACCIÓN",
Cinépolis La Reina,Los Domingos,2026-09-02,16:55,2D,,115,14,https://tickets-static-content.cinepolis.com/pimcore/21451/assets/Chile/Tickets/Movies/LosDomingos/Es/720x1022_19/resource.jpg,https://www.cinepolischile.cl/,,,"DRAMA, SUSPENSO",
Cinépolis La Reina,Coyote vs ACME,2026-09-02,17:25,2D,doblada,105,TE7,https://tickets-static-content.cinepolis.com/pimcore/19803/assets/Chile/Tickets/Movies/CoyoteVSAcme/Es/720x1022_24/resource.jpg,https://www.cinepolischile.cl/,,,"COMEDIA, ANIMACIÓN, AVENTURA",
Cinépolis La Reina,Harry Potter y la piedra filosofal,2026-09-02,17:40,2D,subtitulada,166,TE7,https://tickets-static-content.cinepolis.com/pimcore/21310/assets/Chile/Tickets/Movies/HarryPotterPiedraFilosofal/Es/720x1022_19/resource.jpg,https://www.cinepolischile.cl/,,,"AVENTURA, FANTASÍA",
Cinépolis La Reina,Minions & Monstruos,2026-09-02,17:45,2D,doblada,90,TE,https://tickets-static-content.cinepolis.com/pimcore/18773/assets/Chile/Tickets/Movies/MinionsYMonsters/Es/minons_720x1022/resource.jpg,https://www.cinepolischile.cl/,,,ANIMACIÓN,
Cinépolis La Reina,Spider-Man: Un Nuevo Día,2026-09-02,17:50,2D,subtitulada,144,TE7,https://tickets-static-content.cinepolis.com/pimcore/19604/assets/Chile/Tickets/Movies/SpiderManUnNuevoDia_copy/Es/SMBND_720x1022_2/resource.jpg,https://www.cinepolischile.cl/,,,"AVENTURA, ACCIÓN",
Cinépolis La Reina,La Odisea,2026-09-02,18:00,2D,subtitulada,172,14,https://tickets-static-content.cinepolis.com/pimcore/18518/assets/Chile/Tickets/Movies/LaOdisea/Es/720x1022_poster_La_odisea_copia_2__1/resource.jpg,https://www.cinepolischile.cl/,,,ACCIÓN,
Cinépolis La Reina,Papi Ricky: La película,2026-09-02,18:20,2D,,93,TE7,https://tickets-static-content.cinepolis.com/pimcore/21450/assets/Chile/Tickets/Movies/PapiRickyLaPelicula/Es/720x1022_19/resource.jpg,https://www.cinepolischile.cl/,,,COMEDIA,
Cinépolis La Reina,Spider-Man: Un Nuevo Día,2026-09-02,18:40,2D,subtitulada,144,TE7,https://tickets-static-content.cinepolis.com/pimcore/19604/assets/Chile/Tickets/Movies/SpiderManUnNuevoDia_copy/Es/SMBND_720x1022_2/resource.jpg,https://www.cinepolischile.cl/,,,"AVENTURA, ACCIÓN",
Cinépolis La Reina,El Final De La Calle Oak,2026-09-02,18:45,2D,subtitulada,100,14,https://tickets-static-content.cinepolis.com/pimcore/20089/assets/Chile/Tickets/Movies/ElFinalDeLaCalleOak_copy/Es/P_720X1022_5_copy/resource.jpg,https://www.cinepolischile.cl/,,,"AVENTURA, CIENCIA FICCIÓN",
Cinépolis La Reina,Sagrado corazón,2026-09-02,18:50,2D,subtitulada,92,TE7,https://tickets-static-content.cinepolis.com/pimcore/21449/assets/Chile/Tickets/Movies/SagradoCorazon/Es/720x1022_19/resource.jpg,https://www.cinepolischile.cl/,,,"DOCUMENTAL, CIENCIA FICCIÓN",
Cinépolis La Reina,Harry Potter y la piedra filosofal,2026-09-02,19:00,2D,subtitulada,166,TE7,https://tickets-static-content.cinepolis.com/pimcore/21310/assets/Chile/Tickets/Movies/HarryPotterPiedraFilosofal/Es/720x1022_19/resource.jpg,https://www.cinepolischile.cl/,,,"AVENTURA, FANTASÍA",
Cinépolis La Reina,Coyote vs ACME,2026-09-02,19:05,2D,doblada,105,TE7,https://tickets-static-content.cinepolis.com/pimcore/19803/assets/Chile/Tickets/Movies/CoyoteVSAcme/Es/720x1022_24/resource.jpg,https://www.cinepolischile.cl/,,,"COMEDIA, ANIMACIÓN, AVENTURA",
Cinépolis La Reina,La Guerra de los Últimos,2026-09-02,19:10,2D,subtitulada,100,14,https://tickets-static-content.cinepolis.com/pimcore/20625/assets/Chile/Tickets/Movies/LaGuerraDeLosUltimos/Es/720x1022_19/resource.jpg,https://www.cinepolischile.cl/,,,"DRAMA, CIENCIA FICCIÓN",
Cinépolis La Reina,Spider-Man: Un Nuevo Día,2026-09-02,19:25,2D,subtitulada,144,TE7,https://tickets-static-content.cinepolis.com/pimcore/19604/assets/Chile/Tickets/Movies/SpiderManUnNuevoDia_copy/Es/SMBND_720x1022_2/resource.jpg,https://www.cinepolischile.cl/,,,"AVENTURA, ACCIÓN",
Cinépolis La Reina,La invitación,2026-09-02,19:40,2D,subtitulada,106,14,https://tickets-static-content.cinepolis.com/pimcore/19233/assets/Chile/Tickets/Movies/LaInvitacion/Es/720x1022_px_2/resource.jpg,https://www.cinepolischile.cl/,,,COMEDIA,
Cinépolis La Reina,La noche del demonio: Están entre nosotros,2026-09-02,19:50,2D,subtitulada,105,14,https://tickets-static-content.cinepolis.com/pimcore/19801/assets/Chile/Tickets/Movies/LaNocheDelDemonioEstaEntreNosotros/Es/720x1022_19/resource.jpg,https://www.cinepolischile.cl/,,,TERROR,
Cinépolis La Reina,Coyote vs ACME,2026-09-02,20:15,2D,subtitulada,105,TE7,https://tickets-static-content.cinepolis.com/pimcore/19803/assets/Chile/Tickets/Movies/CoyoteVSAcme/Es/720x1022_24/resource.jpg,https://www.cinepolischile.cl/,,,"COMEDIA, ANIMACIÓN, AVENTURA",
Cinépolis La Reina,La Odisea,2026-09-02,20:30,2D,subtitulada,172,14,https://tickets-static-content.cinepolis.com/pimcore/18518/assets/Chile/Tickets/Movies/LaOdisea/Es/720x1022_poster_La_odisea_copia_2__1/resource.jpg,https://www.cinepolischile.cl/,,,ACCIÓN,
Cinépolis La Reina,Toy Story 5,2026-09-02,20:35,2D,doblada,90,TE,https://tickets-static-content.cinepolis.com/pimcore/18179/assets/Chile/Tickets/Movies/ToyStory5/Es/720x1022_Toy_story_5_copia_2__4/resource.jpg,https://www.cinepolischile.cl/,,,"COMEDIA, ANIMACIÓN, AVENTURA",
Cinépolis La Reina,Papi Ricky: La película,2026-09-02,20:45,2D,,93,TE7,https://tickets-static-content.cinepolis.com/pimcore/21450/assets/Chile/Tickets/Movies/PapiRickyLaPelicula/Es/720x1022_19/resource.jpg,https://www.cinepolischile.cl/,,,COMEDIA,
Cinépolis La Reina,Spider-Man: Un Nuevo Día,2026-09-02,21:00,2D,subtitulada,144,TE7,https://tickets-static-content.cinepolis.com/pimcore/19604/assets/Chile/Tickets/Movies/SpiderManUnNuevoDia_copy/Es/SMBND_720x1022_2/resource.jpg,https://www.cinepolischile.cl/,,,"AVENTURA, ACCIÓN",
Cinépolis La Reina,Harry Potter y la piedra filosofal,2026-09-02,21:15,2D,subtitulada,166,TE7,https://tickets-static-content.cinepolis.com/pimcore/21310/assets/Chile/Tickets/Movies/HarryPotterPiedraFilosofal/Es/720x1022_19/resource.jpg,https://www.cinepolischile.cl/,,,"AVENTURA, FANTASÍA",
Cinépolis La Reina,El Final De La Calle Oak,2026-09-02,21:20,2D,subtitulada,100,14,https://tickets-static-content.cinepolis.com/pimcore/20089/assets/Chile/Tickets/Movies/ElFinalDeLaCalleOak_copy/Es/P_720X1022_5_copy/resource.jpg,https://www.cinepolischile.cl/,,,"AVENTURA, CIENCIA FICCIÓN",
Cinépolis La Reina,La muerte de Robin Hood,2026-09-02,21:25,2D,subtitulada,122,14,https://tickets-static-content.cinepolis.com/pimcore/21447/assets/Chile/Tickets/Movies/LaMuerteDeRobinHood/Es/720x1022_19/resource.jpg,https://www.cinepolischile.cl/,,,"TERROR, SUSPENSO",
Cinépolis La Reina,La Odisea,2026-09-02,21:30,2D,subtitulada,172,14,https://tickets-static-content.cinepolis.com/pimcore/18518/assets/Chile/Tickets/Movies/LaOdisea/Es/720x1022_poster_La_odisea_copia_2__1/resource.jpg,https://www.cinepolischile.cl/,,,ACCIÓN,
Cinépolis La Reina,Mi vecino Totoro,2026-09-02,21:35,2D,subtitulada,87,TE,https://tickets-static-content.cinepolis.com/pimcore/20415/assets/Chile/Tickets/Movies/MiVecinoTotoro/Es/720x1022_19/resource.jpg,https://www.cinepolischile.cl/,,,"ANIMACIÓN, AVENTURA, FANTASÍA",
Cinépolis La Reina,La Guerra de los Últimos,2026-09-02,21:50,2D,subtitulada,100,14,https://tickets-static-content.cinepolis.com/pimcore/20625/assets/Chile/Tickets/Movies/LaGuerraDeLosUltimos/Es/720x1022_19/resource.jpg,https://www.cinepolischile.cl/,,,"DRAMA, CIENCIA FICCIÓN",
Cinépolis La Reina,Spider-Man: Un Nuevo Día,2026-09-02,22:00,2D,subtitulada,144,TE7,https://tickets-static-content.cinepolis.com/pimcore/19604/assets/Chile/Tickets/Movies/SpiderManUnNuevoDia_copy/Es/SMBND_720x1022_2/resource.jpg,https://www.cinepolischile.cl/,,,"AVENTURA, ACCIÓN",
Cinépolis La Reina,"Adolescencia, Sexo Y Muerte En Campamento Miasma",2026-09-02,22:10,2D,subtitulada,112,14,https://tickets-static-content.cinepolis.com/pimcore/20419/assets/Chile/Tickets/Movies/AdolescenciaSexoYMuerteEnCampamentoMiasma_copy/Es/720x1022_2/resource.JPG,https://www.cinepolischile.cl/,,,"COMEDIA, TERROR",
Cinépolis La Reina,La noche del demonio: Están entre nosotros,2026-09-02,22:15,2D,subtitulada,105,14,https://tickets-static-content.cinepolis.com/pimcore/19801/assets/Chile/Tickets/Movies/LaNocheDelDemonioEstaEntreNosotros/Es/720x1022_19/resource.jpg,https://www.cinepolischile.cl/,,,TERROR,
Cinépolis La Reina,Papi Ricky: La película,2026-09-02,22:30,2D,,93,TE7,https://tickets-static-content.cinepolis.com/pimcore/21450/assets/Chile/Tickets/Movies/PapiRickyLaPelicula/Es/720x1022_19/resource.jpg,https://www.cinepolischile.cl/,,,COMEDIA,
Cinépolis Maipú,Spider-Man: Un Nuevo Día,2026-08-31,13:40,2D,doblada,144,TE7,https://tickets-static-content.cinepolis.com/pimcore/19604/assets/Chile/Tickets/Movies/SpiderManUnNuevoDia_copy/Es/SMBND_720x1022_2/resource.jpg,https://cinepolis.com/cl?cinema=cinepolis-patio-outlet-maipu-santiago-poniente-y-norte&selected=cinepolis-patio-outlet-maipu-santiago-poniente-y-norte,,,"AVENTURA, ACCIÓN",
Cinépolis Maipú,Coyote vs ACME,2026-08-31,14:00,2D,doblada,105,TE7,https://tickets-static-content.cinepolis.com/pimcore/19803/assets/Chile/Tickets/Movies/CoyoteVSAcme/Es/720x1022_24/resource.jpg,https://cinepolis.com/cl?cinema=cinepolis-patio-outlet-maipu-santiago-poniente-y-norte&selected=cinepolis-patio-outlet-maipu-santiago-poniente-y-norte,,,"COMEDIA, ANIMACIÓN, AVENTURA",
Cinépolis Maipú,Spider-Man: Un Nuevo Día,2026-08-31,14:20,2D,doblada,144,TE7,https://tickets-static-content.cinepolis.com/pimcore/19604/assets/Chile/Tickets/Movies/SpiderManUnNuevoDia_copy/Es/SMBND_720x1022_2/resource.jpg,https://cinepolis.com/cl?cinema=cinepolis-patio-outlet-maipu-santiago-poniente-y-norte&selected=cinepolis-patio-outlet-maipu-santiago-poniente-y-norte,,,"AVENTURA, ACCIÓN",
Cinépolis Maipú,La Guerra de los Últimos,2026-08-31,15:20,2D,doblada,100,14,https://tickets-static-content.cinepolis.com/pimcore/20625/assets/Chile/Tickets/Movies/LaGuerraDeLosUltimos/Es/720x1022_19/resource.jpg,https://cinepolis.com/cl?cinema=cinepolis-patio-outlet-maipu-santiago-poniente-y-norte&selected=cinepolis-patio-outlet-maipu-santiago-poniente-y-norte,,,"DRAMA, CIENCIA FICCIÓN",
Cinépolis Maipú,Papi Ricky: La película,2026-08-31,16:30,2D,,93,TE7,https://tickets-static-content.cinepolis.com/pimcore/21450/assets/Chile/Tickets/Movies/PapiRickyLaPelicula/Es/720x1022_19/resource.jpg,https://cinepolis.com/cl?cinema=cinepolis-patio-outlet-maipu-santiago-poniente-y-norte&selected=cinepolis-patio-outlet-maipu-santiago-poniente-y-norte,,,COMEDIA,
Cinépolis Maipú,Spider-Man: Un Nuevo Día,2026-08-31,16:50,2D,doblada,144,TE7,https://tickets-static-content.cinepolis.com/pimcore/19604/assets/Chile/Tickets/Movies/SpiderManUnNuevoDia_copy/Es/SMBND_720x1022_2/resource.jpg,https://cinepolis.com/cl?cinema=cinepolis-patio-outlet-maipu-santiago-poniente-y-norte&selected=cinepolis-patio-outlet-maipu-santiago-poniente-y-norte,,,"AVENTURA, ACCIÓN",
Cinépolis Maipú,Spider-Man: Un Nuevo Día,2026-08-31,17:30,2D,doblada,144,TE7,https://tickets-static-content.cinepolis.com/pimcore/19604/assets/Chile/Tickets/Movies/SpiderManUnNuevoDia_copy/Es/SMBND_720x1022_2/resource.jpg,https://cinepolis.com/cl?cinema=cinepolis-patio-outlet-maipu-santiago-poniente-y-norte&selected=cinepolis-patio-outlet-maipu-santiago-poniente-y-norte,,,"AVENTURA, ACCIÓN",
Cinépolis Maipú,Harry Potter y la piedra filosofal,2026-08-31,18:00,2D,doblada,166,TE7,https://tickets-static-content.cinepolis.com/pimcore/21310/assets/Chile/Tickets/Movies/HarryPotterPiedraFilosofal/Es/720x1022_19/resource.jpg,https://cinepolis.com/cl?cinema=cinepolis-patio-outlet-maipu-santiago-poniente-y-norte&selected=cinepolis-patio-outlet-maipu-santiago-poniente-y-norte,,,"AVENTURA, FANTASÍA",
Cinépolis Maipú,Coyote vs ACME,2026-08-31,19:00,2D,doblada,105,TE7,https://tickets-static-content.cinepolis.com/pimcore/19803/assets/Chile/Tickets/Movies/CoyoteVSAcme/Es/720x1022_24/resource.jpg,https://cinepolis.com/cl?cinema=cinepolis-patio-outlet-maipu-santiago-poniente-y-norte&selected=cinepolis-patio-outlet-maipu-santiago-poniente-y-norte,,,"COMEDIA, ANIMACIÓN, AVENTURA",
Cinépolis Maipú,Spider-Man: Un Nuevo Día,2026-08-31,20:00,2D,doblada,144,TE7,https://tickets-static-content.cinepolis.com/pimcore/19604/assets/Chile/Tickets/Movies/SpiderManUnNuevoDia_copy/Es/SMBND_720x1022_2/resource.jpg,https://cinepolis.com/cl?cinema=cinepolis-patio-outlet-maipu-santiago-poniente-y-norte&selected=cinepolis-patio-outlet-maipu-santiago-poniente-y-norte,,,"AVENTURA, ACCIÓN",
Cinépolis Maipú,La Odisea,2026-08-31,20:45,2D,doblada,172,14,https://tickets-static-content.cinepolis.com/pimcore/18518/assets/Chile/Tickets/Movies/LaOdisea/Es/720x1022_poster_La_odisea_copia_2__1/resource.jpg,https://cinepolis.com/cl?cinema=cinepolis-patio-outlet-maipu-santiago-poniente-y-norte&selected=cinepolis-patio-outlet-maipu-santiago-poniente-y-norte,,,ACCIÓN,
Cinépolis Maipú,Papi Ricky: La película,2026-08-31,21:30,2D,,93,TE7,https://tickets-static-content.cinepolis.com/pimcore/21450/assets/Chile/Tickets/Movies/PapiRickyLaPelicula/Es/720x1022_19/resource.jpg,https://cinepolis.com/cl?cinema=cinepolis-patio-outlet-maipu-santiago-poniente-y-norte&selected=cinepolis-patio-outlet-maipu-santiago-poniente-y-norte,,,COMEDIA,
Cinépolis Maipú,La noche del demonio: Están entre nosotros,2026-08-31,21:45,2D,doblada,105,14,https://tickets-static-content.cinepolis.com/pimcore/19801/assets/Chile/Tickets/Movies/LaNocheDelDemonioEstaEntreNosotros/Es/720x1022_19/resource.jpg,https://cinepolis.com/cl?cinema=cinepolis-patio-outlet-maipu-santiago-poniente-y-norte&selected=cinepolis-patio-outlet-maipu-santiago-poniente-y-norte,,,TERROR,
Cinépolis Maipú,Spider-Man: Un Nuevo Día,2026-09-01,13:40,2D,doblada,144,TE7,https://tickets-static-content.cinepolis.com/pimcore/19604/assets/Chile/Tickets/Movies/SpiderManUnNuevoDia_copy/Es/SMBND_720x1022_2/resource.jpg,https://cinepolis.com/cl?cinema=cinepolis-patio-outlet-maipu-santiago-poniente-y-norte&selected=cinepolis-patio-outlet-maipu-santiago-poniente-y-norte,,,"AVENTURA, ACCIÓN",
Cinépolis Maipú,Coyote vs ACME,2026-09-01,14:00,2D,doblada,105,TE7,https://tickets-static-content.cinepolis.com/pimcore/19803/assets/Chile/Tickets/Movies/CoyoteVSAcme/Es/720x1022_24/resource.jpg,https://cinepolis.com/cl?cinema=cinepolis-patio-outlet-maipu-santiago-poniente-y-norte&selected=cinepolis-patio-outlet-maipu-santiago-poniente-y-norte,,,"COMEDIA, ANIMACIÓN, AVENTURA",
Cinépolis Maipú,Spider-Man: Un Nuevo Día,2026-09-01,14:20,2D,doblada,144,TE7,https://tickets-static-content.cinepolis.com/pimcore/19604/assets/Chile/Tickets/Movies/SpiderManUnNuevoDia_copy/Es/SMBND_720x1022_2/resource.jpg,https://cinepolis.com/cl?cinema=cinepolis-patio-outlet-maipu-santiago-poniente-y-norte&selected=cinepolis-patio-outlet-maipu-santiago-poniente-y-norte,,,"AVENTURA, ACCIÓN",
Cinépolis Maipú,La Guerra de los Últimos,2026-09-01,15:20,2D,doblada,100,14,https://tickets-static-content.cinepolis.com/pimcore/20625/assets/Chile/Tickets/Movies/LaGuerraDeLosUltimos/Es/720x1022_19/resource.jpg,https://cinepolis.com/cl?cinema=cinepolis-patio-outlet-maipu-santiago-poniente-y-norte&selected=cinepolis-patio-outlet-maipu-santiago-poniente-y-norte,,,"DRAMA, CIENCIA FICCIÓN",
Cinépolis Maipú,Papi Ricky: La película,2026-09-01,16:30,2D,,93,TE7,https://tickets-static-content.cinepolis.com/pimcore/21450/assets/Chile/Tickets/Movies/PapiRickyLaPelicula/Es/720x1022_19/resource.jpg,https://cinepolis.com/cl?cinema=cinepolis-patio-outlet-maipu-santiago-poniente-y-norte&selected=cinepolis-patio-outlet-maipu-santiago-poniente-y-norte,,,COMEDIA,
Cinépolis Maipú,Spider-Man: Un Nuevo Día,2026-09-01,16:50,2D,doblada,144,TE7,https://tickets-static-content.cinepolis.com/pimcore/19604/assets/Chile/Tickets/Movies/SpiderManUnNuevoDia_copy/Es/SMBND_720x1022_2/resource.jpg,https://cinepolis.com/cl?cinema=cinepolis-patio-outlet-maipu-santiago-poniente-y-norte&selected=cinepolis-patio-outlet-maipu-santiago-poniente-y-norte,,,"AVENTURA, ACCIÓN",
Cinépolis Maipú,Spider-Man: Un Nuevo Día,2026-09-01,17:30,2D,doblada,144,TE7,https://tickets-static-content.cinepolis.com/pimcore/19604/assets/Chile/Tickets/Movies/SpiderManUnNuevoDia_copy/Es/SMBND_720x1022_2/resource.jpg,https://cinepolis.com/cl?cinema=cinepolis-patio-outlet-maipu-santiago-poniente-y-norte&selected=cinepolis-patio-outlet-maipu-santiago-poniente-y-norte,,,"AVENTURA, ACCIÓN",
Cinépolis Maipú,Harry Potter y la piedra filosofal,2026-09-01,18:00,2D,doblada,166,TE7,https://tickets-static-content.cinepolis.com/pimcore/21310/assets/Chile/Tickets/Movies/HarryPotterPiedraFilosofal/Es/720x1022_19/resource.jpg,https://cinepolis.com/cl?cinema=cinepolis-patio-outlet-maipu-santiago-poniente-y-norte&selected=cinepolis-patio-outlet-maipu-santiago-poniente-y-norte,,,"AVENTURA, FANTASÍA",
Cinépolis Maipú,Coyote vs ACME,2026-09-01,19:00,2D,doblada,105,TE7,https://tickets-static-content.cinepolis.com/pimcore/19803/assets/Chile/Tickets/Movies/CoyoteVSAcme/Es/720x1022_24/resource.jpg,https://cinepolis.com/cl?cinema=cinepolis-patio-outlet-maipu-santiago-poniente-y-norte&selected=cinepolis-patio-outlet-maipu-santiago-poniente-y-norte,,,"COMEDIA, ANIMACIÓN, AVENTURA",
Cinépolis Maipú,Spider-Man: Un Nuevo Día,2026-09-01,20:00,2D,doblada,144,TE7,https://tickets-static-content.cinepolis.com/pimcore/19604/assets/Chile/Tickets/Movies/SpiderManUnNuevoDia_copy/Es/SMBND_720x1022_2/resource.jpg,https://cinepolis.com/cl?cinema=cinepolis-patio-outlet-maipu-santiago-poniente-y-norte&selected=cinepolis-patio-outlet-maipu-santiago-poniente-y-norte,,,"AVENTURA, ACCIÓN",
Cinépolis Maipú,La Odisea,2026-09-01,20:45,2D,doblada,172,14,https://tickets-static-content.cinepolis.com/pimcore/18518/assets/Chile/Tickets/Movies/LaOdisea/Es/720x1022_poster_La_odisea_copia_2__1/resource.jpg,https://cinepolis.com/cl?cinema=cinepolis-patio-outlet-maipu-santiago-poniente-y-norte&selected=cinepolis-patio-outlet-maipu-santiago-poniente-y-norte,,,ACCIÓN,
Cinépolis Maipú,Papi Ricky: La película,2026-09-01,21:30,2D,,93,TE7,https://tickets-static-content.cinepolis.com/pimcore/21450/assets/Chile/Tickets/Movies/PapiRickyLaPelicula/Es/720x1022_19/resource.jpg,https://cinepolis.com/cl?cinema=cinepolis-patio-outlet-maipu-santiago-poniente-y-norte&selected=cinepolis-patio-outlet-maipu-santiago-poniente-y-norte,,,COMEDIA,
Cinépolis Maipú,La noche del demonio: Están entre nosotros,2026-09-01,21:45,2D,doblada,105,14,https://tickets-static-content.cinepolis.com/pimcore/19801/assets/Chile/Tickets/Movies/LaNocheDelDemonioEstaEntreNosotros/Es/720x1022_19/resource.jpg,https://cinepolis.com/cl?cinema=cinepolis-patio-outlet-maipu-santiago-poniente-y-norte&selected=cinepolis-patio-outlet-maipu-santiago-poniente-y-norte,,,TERROR,
Cinépolis Maipú,Spider-Man: Un Nuevo Día,2026-09-02,13:40,2D,doblada,144,TE7,https://tickets-static-content.cinepolis.com/pimcore/19604/assets/Chile/Tickets/Movies/SpiderManUnNuevoDia_copy/Es/SMBND_720x1022_2/resource.jpg,https://cinepolis.com/cl?cinema=cinepolis-patio-outlet-maipu-santiago-poniente-y-norte&selected=cinepolis-patio-outlet-maipu-santiago-poniente-y-norte,,,"AVENTURA, ACCIÓN",
Cinépolis Maipú,Coyote vs ACME,2026-09-02,14:00,2D,doblada,105,TE7,https://tickets-static-content.cinepolis.com/pimcore/19803/assets/Chile/Tickets/Movies/CoyoteVSAcme/Es/720x1022_24/resource.jpg,https://cinepolis.com/cl?cinema=cinepolis-patio-outlet-maipu-santiago-poniente-y-norte&selected=cinepolis-patio-outlet-maipu-santiago-poniente-y-norte,,,"COMEDIA, ANIMACIÓN, AVENTURA",
Cinépolis Maipú,Spider-Man: Un Nuevo Día,2026-09-02,14:20,2D,doblada,144,TE7,https://tickets-static-content.cinepolis.com/pimcore/19604/assets/Chile/Tickets/Movies/SpiderManUnNuevoDia_copy/Es/SMBND_720x1022_2/resource.jpg,https://cinepolis.com/cl?cinema=cinepolis-patio-outlet-maipu-santiago-poniente-y-norte&selected=cinepolis-patio-outlet-maipu-santiago-poniente-y-norte,,,"AVENTURA, ACCIÓN",
Cinépolis Maipú,La Guerra de los Últimos,2026-09-02,15:20,2D,doblada,100,14,https://tickets-static-content.cinepolis.com/pimcore/20625/assets/Chile/Tickets/Movies/LaGuerraDeLosUltimos/Es/720x1022_19/resource.jpg,https://cinepolis.com/cl?cinema=cinepolis-patio-outlet-maipu-santiago-poniente-y-norte&selected=cinepolis-patio-outlet-maipu-santiago-poniente-y-norte,,,"DRAMA, CIENCIA FICCIÓN",
Cinépolis Maipú,Papi Ricky: La película,2026-09-02,16:30,2D,,93,TE7,https://tickets-static-content.cinepolis.com/pimcore/21450/assets/Chile/Tickets/Movies/PapiRickyLaPelicula/Es/720x1022_19/resource.jpg,https://cinepolis.com/cl?cinema=cinepolis-patio-outlet-maipu-santiago-poniente-y-norte&selected=cinepolis-patio-outlet-maipu-santiago-poniente-y-norte,,,COMEDIA,
Cinépolis Maipú,Spider-Man: Un Nuevo Día,2026-09-02,16:50,2D,doblada,144,TE7,https://tickets-static-content.cinepolis.com/pimcore/19604/assets/Chile/Tickets/Movies/SpiderManUnNuevoDia_copy/Es/SMBND_720x1022_2/resource.jpg,https://cinepolis.com/cl?cinema=cinepolis-patio-outlet-maipu-santiago-poniente-y-norte&selected=cinepolis-patio-outlet-maipu-santiago-poniente-y-norte,,,"AVENTURA, ACCIÓN",
Cinépolis Maipú,Spider-Man: Un Nuevo Día,2026-09-02,17:30,2D,doblada,144,TE7,https://tickets-static-content.cinepolis.com/pimcore/19604/assets/Chile/Tickets/Movies/SpiderManUnNuevoDia_copy/Es/SMBND_720x1022_2/resource.jpg,https://cinepolis.com/cl?cinema=cinepolis-patio-outlet-maipu-santiago-poniente-y-norte&selected=cinepolis-patio-outlet-maipu-santiago-poniente-y-norte,,,"AVENTURA, ACCIÓN",
Cinépolis Maipú,Harry Potter y la piedra filosofal,2026-09-02,18:00,2D,doblada,166,TE7,https://tickets-static-content.cinepolis.com/pimcore/21310/assets/Chile/Tickets/Movies/HarryPotterPiedraFilosofal/Es/720x1022_19/resource.jpg,https://cinepolis.com/cl?cinema=cinepolis-patio-outlet-maipu-santiago-poniente-y-norte&selected=cinepolis-patio-outlet-maipu-santiago-poniente-y-norte,,,"AVENTURA, FANTASÍA",
Cinépolis Maipú,Coyote vs ACME,2026-09-02,19:00,2D,doblada,105,TE7,https://tickets-static-content.cinepolis.com/pimcore/19803/assets/Chile/Tickets/Movies/CoyoteVSAcme/Es/720x1022_24/resource.jpg,https://cinepolis.com/cl?cinema=cinepolis-patio-outlet-maipu-santiago-poniente-y-norte&selected=cinepolis-patio-outlet-maipu-santiago-poniente-y-norte,,,"COMEDIA, ANIMACIÓN, AVENTURA",
Cinépolis Maipú,Spider-Man: Un Nuevo Día,2026-09-02,20:00,2D,doblada,144,TE7,https://tickets-static-content.cinepolis.com/pimcore/19604/assets/Chile/Tickets/Movies/SpiderManUnNuevoDia_copy/Es/SMBND_720x1022_2/resource.jpg,https://cinepolis.com/cl?cinema=cinepolis-patio-outlet-maipu-santiago-poniente-y-norte&selected=cinepolis-patio-outlet-maipu-santiago-poniente-y-norte,,,"AVENTURA, ACCIÓN",
Cinépolis Maipú,La Odisea,2026-09-02,20:45,2D,doblada,172,14,https://tickets-static-content.cinepolis.com/pimcore/18518/assets/Chile/Tickets/Movies/LaOdisea/Es/720x1022_poster_La_odisea_copia_2__1/resource.jpg,https://cinepolis.com/cl?cinema=cinepolis-patio-outlet-maipu-santiago-poniente-y-norte&selected=cinepolis-patio-outlet-maipu-santiago-poniente-y-norte,,,ACCIÓN,
Cinépolis Maipú,Papi Ricky: La película,2026-09-02,21:30,2D,,93,TE7,https://tickets-static-content.cinepolis.com/pimcore/21450/assets/Chile/Tickets/Movies/PapiRickyLaPelicula/Es/720x1022_19/resource.jpg,https://cinepolis.com/cl?cinema=cinepolis-patio-outlet-maipu-santiago-poniente-y-norte&selected=cinepolis-patio-outlet-maipu-santiago-poniente-y-norte,,,COMEDIA,
Cinépolis Maipú,La noche del demonio: Están entre nosotros,2026-09-02,21:45,2D,doblada,105,14,https://tickets-static-content.cinepolis.com/pimcore/19801/assets/Chile/Tickets/Movies/LaNocheDelDemonioEstaEntreNosotros/Es/720x1022_19/resource.jpg,https://cinepolis.com/cl?cinema=cinepolis-patio-outlet-maipu-santiago-poniente-y-norte&selected=cinepolis-patio-outlet-maipu-santiago-poniente-y-norte,,,TERROR,
Cinépolis Mallplaza Egaña,La Odisea,2026-08-31,10:30,IMAX,subtitulada,172,14,https://tickets-static-content.cinepolis.com/pimcore/18518/assets/Chile/Tickets/Movies/LaOdisea/Es/720x1022_poster_La_odisea_copia_2__1/resource.jpg,https://cinepolis.com/cl?cinema=cinepolis-plaza-egana-santiago-oriente&selected=cinepolis-plaza-egana-santiago-oriente,,,ACCIÓN,
Cinépolis Mallplaza Egaña,Coyote vs ACME,2026-08-31,12:00,2D,doblada,105,TE7,https://tickets-static-content.cinepolis.com/pimcore/19803/assets/Chile/Tickets/Movies/CoyoteVSAcme/Es/720x1022_24/resource.jpg,https://cinepolis.com/cl?cinema=cinepolis-plaza-egana-santiago-oriente&selected=cinepolis-plaza-egana-santiago-oriente,,,"COMEDIA, ANIMACIÓN, AVENTURA",
Cinépolis Mallplaza Egaña,Spider-Man: Un Nuevo Día,2026-08-31,12:00,2D,doblada,144,TE7,https://tickets-static-content.cinepolis.com/pimcore/19604/assets/Chile/Tickets/Movies/SpiderManUnNuevoDia_copy/Es/SMBND_720x1022_2/resource.jpg,https://cinepolis.com/cl?cinema=cinepolis-plaza-egana-santiago-oriente&selected=cinepolis-plaza-egana-santiago-oriente,,,"AVENTURA, ACCIÓN",
Cinépolis Mallplaza Egaña,Papi Ricky: La película,2026-08-31,12:15,2D,,93,TE7,https://tickets-static-content.cinepolis.com/pimcore/21450/assets/Chile/Tickets/Movies/PapiRickyLaPelicula/Es/720x1022_19/resource.jpg,https://cinepolis.com/cl?cinema=cinepolis-plaza-egana-santiago-oriente&selected=cinepolis-plaza-egana-santiago-oriente,,,COMEDIA,
Cinépolis Mallplaza Egaña,Coyote vs ACME,2026-08-31,12:45,2D,doblada,105,TE7,https://tickets-static-content.cinepolis.com/pimcore/19803/assets/Chile/Tickets/Movies/CoyoteVSAcme/Es/720x1022_24/resource.jpg,https://cinepolis.com/cl?cinema=cinepolis-plaza-egana-santiago-oriente&selected=cinepolis-plaza-egana-santiago-oriente,,,"COMEDIA, ANIMACIÓN, AVENTURA",
Cinépolis Mallplaza Egaña,La Odisea,2026-08-31,13:00,2D,subtitulada,172,14,https://tickets-static-content.cinepolis.com/pimcore/18518/assets/Chile/Tickets/Movies/LaOdisea/Es/720x1022_poster_La_odisea_copia_2__1/resource.jpg,https://cinepolis.com/cl?cinema=cinepolis-plaza-egana-santiago-oriente&selected=cinepolis-plaza-egana-santiago-oriente,,,ACCIÓN,
Cinépolis Mallplaza Egaña,Spider-Man: Un Nuevo Día,2026-08-31,13:15,2D,doblada,144,TE7,https://tickets-static-content.cinepolis.com/pimcore/19604/assets/Chile/Tickets/Movies/SpiderManUnNuevoDia_copy/Es/SMBND_720x1022_2/resource.jpg,https://cinepolis.com/cl?cinema=cinepolis-plaza-egana-santiago-oriente&selected=cinepolis-plaza-egana-santiago-oriente,,,"AVENTURA, ACCIÓN",
Cinépolis Mallplaza Egaña,Spider-Man: Un Nuevo Día,2026-08-31,13:55,3D,doblada,144,TE7,https://tickets-static-content.cinepolis.com/pimcore/19604/assets/Chile/Tickets/Movies/SpiderManUnNuevoDia_copy/Es/SMBND_720x1022_2/resource.jpg,https://cinepolis.com/cl?cinema=cinepolis-plaza-egana-santiago-oriente&selected=cinepolis-plaza-egana-santiago-oriente,,,"AVENTURA, ACCIÓN",
Cinépolis Mallplaza Egaña,La Odisea,2026-08-31,14:10,IMAX,subtitulada,172,14,https://tickets-static-content.cinepolis.com/pimcore/18518/assets/Chile/Tickets/Movies/LaOdisea/Es/720x1022_poster_La_odisea_copia_2__1/resource.jpg,https://cinepolis.com/cl?cinema=cinepolis-plaza-egana-santiago-oriente&selected=cinepolis-plaza-egana-santiago-oriente,,,ACCIÓN,
Cinépolis Mallplaza Egaña,Mi vecino Totoro,2026-08-31,14:20,2D,doblada,87,TE,https://tickets-static-content.cinepolis.com/pimcore/20415/assets/Chile/Tickets/Movies/MiVecinoTotoro/Es/720x1022_19/resource.jpg,https://cinepolis.com/cl?cinema=cinepolis-plaza-egana-santiago-oriente&selected=cinepolis-plaza-egana-santiago-oriente,,,"ANIMACIÓN, AVENTURA, FANTASÍA",
Cinépolis Mallplaza Egaña,Harry Potter y la piedra filosofal,2026-08-31,14:30,4DX,doblada,166,TE7,https://tickets-static-content.cinepolis.com/pimcore/21310/assets/Chile/Tickets/Movies/HarryPotterPiedraFilosofal/Es/720x1022_19/resource.jpg,https://cinepolis.com/cl?cinema=cinepolis-plaza-egana-santiago-oriente&selected=cinepolis-plaza-egana-santiago-oriente,,,"AVENTURA, FANTASÍA",
Cinépolis Mallplaza Egaña,Toy Story 5,2026-08-31,14:45,2D,doblada,90,TE,https://tickets-static-content.cinepolis.com/pimcore/18179/assets/Chile/Tickets/Movies/ToyStory5/Es/720x1022_Toy_story_5_copia_2__4/resource.jpg,https://cinepolis.com/cl?cinema=cinepolis-plaza-egana-santiago-oriente&selected=cinepolis-plaza-egana-santiago-oriente,,,"COMEDIA, ANIMACIÓN, AVENTURA",
Cinépolis Mallplaza Egaña,Spider-Man: Un Nuevo Día,2026-08-31,15:00,2D,doblada,144,TE7,https://tickets-static-content.cinepolis.com/pimcore/19604/assets/Chile/Tickets/Movies/SpiderManUnNuevoDia_copy/Es/SMBND_720x1022_2/resource.jpg,https://cinepolis.com/cl?cinema=cinepolis-plaza-egana-santiago-oriente&selected=cinepolis-plaza-egana-santiago-oriente,,,"AVENTURA, ACCIÓN",
Cinépolis Mallplaza Egaña,Coyote vs ACME,2026-08-31,15:10,2D,doblada,105,TE7,https://tickets-static-content.cinepolis.com/pimcore/19803/assets/Chile/Tickets/Movies/CoyoteVSAcme/Es/720x1022_24/resource.jpg,https://cinepolis.com/cl?cinema=cinepolis-plaza-egana-santiago-oriente&selected=cinepolis-plaza-egana-santiago-oriente,,,"COMEDIA, ANIMACIÓN, AVENTURA",
Cinépolis Mallplaza Egaña,Spider-Man: Un Nuevo Día,2026-08-31,16:15,2D,subtitulada,144,TE7,https://tickets-static-content.cinepolis.com/pimcore/19604/assets/Chile/Tickets/Movies/SpiderManUnNuevoDia_copy/Es/SMBND_720x1022_2/resource.jpg,https://cinepolis.com/cl?cinema=cinepolis-plaza-egana-santiago-oriente&selected=cinepolis-plaza-egana-santiago-oriente,,,"AVENTURA, ACCIÓN",
Cinépolis Mallplaza Egaña,Harry Potter y la piedra filosofal,2026-08-31,16:30,2D,doblada,166,TE7,https://tickets-static-content.cinepolis.com/pimcore/21310/assets/Chile/Tickets/Movies/HarryPotterPiedraFilosofal/Es/720x1022_19/resource.jpg,https://cinepolis.com/cl?cinema=cinepolis-plaza-egana-santiago-oriente&selected=cinepolis-plaza-egana-santiago-oriente,,,"AVENTURA, FANTASÍA",
Cinépolis Mallplaza Egaña,La Odisea,2026-08-31,16:45,2D,subtitulada,172,14,https://tickets-static-content.cinepolis.com/pimcore/18518/assets/Chile/Tickets/Movies/LaOdisea/Es/720x1022_poster_La_odisea_copia_2__1/resource.jpg,https://cinepolis.com/cl?cinema=cinepolis-plaza-egana-santiago-oriente&selected=cinepolis-plaza-egana-santiago-oriente,,,ACCIÓN,
Cinépolis Mallplaza Egaña,La noche del demonio: Están entre nosotros,2026-08-31,17:00,2D,doblada,105,14,https://tickets-static-content.cinepolis.com/pimcore/19801/assets/Chile/Tickets/Movies/LaNocheDelDemonioEstaEntreNosotros/Es/720x1022_19/resource.jpg,https://cinepolis.com/cl?cinema=cinepolis-plaza-egana-santiago-oriente&selected=cinepolis-plaza-egana-santiago-oriente,,,TERROR,
Cinépolis Mallplaza Egaña,Papi Ricky: La película,2026-08-31,17:20,2D,,93,TE7,https://tickets-static-content.cinepolis.com/pimcore/21450/assets/Chile/Tickets/Movies/PapiRickyLaPelicula/Es/720x1022_19/resource.jpg,https://cinepolis.com/cl?cinema=cinepolis-plaza-egana-santiago-oriente&selected=cinepolis-plaza-egana-santiago-oriente,,,COMEDIA,
Cinépolis Mallplaza Egaña,Coyote vs ACME,2026-08-31,17:45,2D,doblada,105,TE7,https://tickets-static-content.cinepolis.com/pimcore/19803/assets/Chile/Tickets/Movies/CoyoteVSAcme/Es/720x1022_24/resource.jpg,https://cinepolis.com/cl?cinema=cinepolis-plaza-egana-santiago-oriente&selected=cinepolis-plaza-egana-santiago-oriente,,,"COMEDIA, ANIMACIÓN, AVENTURA",
Cinépolis Mallplaza Egaña,La Odisea,2026-08-31,17:50,IMAX,subtitulada,172,14,https://tickets-static-content.cinepolis.com/pimcore/18518/assets/Chile/Tickets/Movies/LaOdisea/Es/720x1022_poster_La_odisea_copia_2__1/resource.jpg,https://cinepolis.com/cl?cinema=cinepolis-plaza-egana-santiago-oriente&selected=cinepolis-plaza-egana-santiago-oriente,,,ACCIÓN,
Cinépolis Mallplaza Egaña,Harry Potter y la piedra filosofal,2026-08-31,18:00,4DX,doblada,166,TE7,https://tickets-static-content.cinepolis.com/pimcore/21310/assets/Chile/Tickets/Movies/HarryPotterPiedraFilosofal/Es/720x1022_19/resource.jpg,https://cinepolis.com/cl?cinema=cinepolis-plaza-egana-santiago-oriente&selected=cinepolis-plaza-egana-santiago-oriente,,,"AVENTURA, FANTASÍA",
Cinépolis Mallplaza Egaña,Spider-Man: Un Nuevo Día,2026-08-31,18:15,2D,doblada,144,TE7,https://tickets-static-content.cinepolis.com/pimcore/19604/assets/Chile/Tickets/Movies/SpiderManUnNuevoDia_copy/Es/SMBND_720x1022_2/resource.jpg,https://cinepolis.com/cl?cinema=cinepolis-plaza-egana-santiago-oriente&selected=cinepolis-plaza-egana-santiago-oriente,,,"AVENTURA, ACCIÓN",
Cinépolis Mallplaza Egaña,Spider-Man: Un Nuevo Día,2026-08-31,19:20,2D,subtitulada,144,TE7,https://tickets-static-content.cinepolis.com/pimcore/19604/assets/Chile/Tickets/Movies/SpiderManUnNuevoDia_copy/Es/SMBND_720x1022_2/resource.jpg,https://cinepolis.com/cl?cinema=cinepolis-plaza-egana-santiago-oriente&selected=cinepolis-plaza-egana-santiago-oriente,,,"AVENTURA, ACCIÓN",
Cinépolis Mallplaza Egaña,La noche del demonio: Están entre nosotros,2026-08-31,19:35,2D,doblada,105,14,https://tickets-static-content.cinepolis.com/pimcore/19801/assets/Chile/Tickets/Movies/LaNocheDelDemonioEstaEntreNosotros/Es/720x1022_19/resource.jpg,https://cinepolis.com/cl?cinema=cinepolis-plaza-egana-santiago-oriente&selected=cinepolis-plaza-egana-santiago-oriente,,,TERROR,
Cinépolis Mallplaza Egaña,Papi Ricky: La película,2026-08-31,19:50,2D,,93,TE7,https://tickets-static-content.cinepolis.com/pimcore/21450/assets/Chile/Tickets/Movies/PapiRickyLaPelicula/Es/720x1022_19/resource.jpg,https://cinepolis.com/cl?cinema=cinepolis-plaza-egana-santiago-oriente&selected=cinepolis-plaza-egana-santiago-oriente,,,COMEDIA,
Cinépolis Mallplaza Egaña,La Guerra de los Últimos,2026-08-31,20:00,2D,subtitulada,100,14,https://tickets-static-content.cinepolis.com/pimcore/20625/assets/Chile/Tickets/Movies/LaGuerraDeLosUltimos/Es/720x1022_19/resource.jpg,https://cinepolis.com/cl?cinema=cinepolis-plaza-egana-santiago-oriente&selected=cinepolis-plaza-egana-santiago-oriente,,,"DRAMA, CIENCIA FICCIÓN",
Cinépolis Mallplaza Egaña,Coyote vs ACME,2026-08-31,20:20,2D,doblada,105,TE7,https://tickets-static-content.cinepolis.com/pimcore/19803/assets/Chile/Tickets/Movies/CoyoteVSAcme/Es/720x1022_24/resource.jpg,https://cinepolis.com/cl?cinema=cinepolis-plaza-egana-santiago-oriente&selected=cinepolis-plaza-egana-santiago-oriente,,,"COMEDIA, ANIMACIÓN, AVENTURA",
Cinépolis Mallplaza Egaña,La Odisea,2026-08-31,20:35,2D,subtitulada,172,14,https://tickets-static-content.cinepolis.com/pimcore/18518/assets/Chile/Tickets/Movies/LaOdisea/Es/720x1022_poster_La_odisea_copia_2__1/resource.jpg,https://cinepolis.com/cl?cinema=cinepolis-plaza-egana-santiago-oriente&selected=cinepolis-plaza-egana-santiago-oriente,,,ACCIÓN,
Cinépolis Mallplaza Egaña,Spider-Man: Un Nuevo Día,2026-08-31,21:20,2D,doblada,144,TE7,https://tickets-static-content.cinepolis.com/pimcore/19604/assets/Chile/Tickets/Movies/SpiderManUnNuevoDia_copy/Es/SMBND_720x1022_2/resource.jpg,https://cinepolis.com/cl?cinema=cinepolis-plaza-egana-santiago-oriente&selected=cinepolis-plaza-egana-santiago-oriente,,,"AVENTURA, ACCIÓN",
Cinépolis Mallplaza Egaña,La Odisea,2026-08-31,21:30,IMAX,subtitulada,172,14,https://tickets-static-content.cinepolis.com/pimcore/18518/assets/Chile/Tickets/Movies/LaOdisea/Es/720x1022_poster_La_odisea_copia_2__1/resource.jpg,https://cinepolis.com/cl?cinema=cinepolis-plaza-egana-santiago-oriente&selected=cinepolis-plaza-egana-santiago-oriente,,,ACCIÓN,
Cinépolis Mallplaza Egaña,Spider-Man: Un Nuevo Día,2026-08-31,21:50,4DX,doblada,144,TE7,https://tickets-static-content.cinepolis.com/pimcore/19604/assets/Chile/Tickets/Movies/SpiderManUnNuevoDia_copy/Es/SMBND_720x1022_2/resource.jpg,https://cinepolis.com/cl?cinema=cinepolis-plaza-egana-santiago-oriente&selected=cinepolis-plaza-egana-santiago-oriente,,,"AVENTURA, ACCIÓN",
Cinépolis Mallplaza Egaña,La noche del demonio: Están entre nosotros,2026-08-31,22:10,2D,doblada,105,14,https://tickets-static-content.cinepolis.com/pimcore/19801/assets/Chile/Tickets/Movies/LaNocheDelDemonioEstaEntreNosotros/Es/720x1022_19/resource.jpg,https://cinepolis.com/cl?cinema=cinepolis-plaza-egana-santiago-oriente&selected=cinepolis-plaza-egana-santiago-oriente,,,TERROR,
Cinépolis Mallplaza Egaña,Papi Ricky: La película,2026-08-31,22:20,2D,,93,TE7,https://tickets-static-content.cinepolis.com/pimcore/21450/assets/Chile/Tickets/Movies/PapiRickyLaPelicula/Es/720x1022_19/resource.jpg,https://cinepolis.com/cl?cinema=cinepolis-plaza-egana-santiago-oriente&selected=cinepolis-plaza-egana-santiago-oriente,,,COMEDIA,
Cinépolis Mallplaza Egaña,La Guerra de los Últimos,2026-08-31,22:30,2D,subtitulada,100,14,https://tickets-static-content.cinepolis.com/pimcore/20625/assets/Chile/Tickets/Movies/LaGuerraDeLosUltimos/Es/720x1022_19/resource.jpg,https://cinepolis.com/cl?cinema=cinepolis-plaza-egana-santiago-oriente&selected=cinepolis-plaza-egana-santiago-oriente,,,"DRAMA, CIENCIA FICCIÓN",
Cinépolis Mallplaza Egaña,El Final De La Calle Oak,2026-08-31,22:40,2D,doblada,100,14,https://tickets-static-content.cinepolis.com/pimcore/20089/assets/Chile/Tickets/Movies/ElFinalDeLaCalleOak_copy/Es/P_720X1022_5_copy/resource.jpg,https://cinepolis.com/cl?cinema=cinepolis-plaza-egana-santiago-oriente&selected=cinepolis-plaza-egana-santiago-oriente,,,"AVENTURA, CIENCIA FICCIÓN",
Cinépolis Mallplaza Egaña,La Odisea,2026-09-01,10:30,IMAX,subtitulada,172,14,https://tickets-static-content.cinepolis.com/pimcore/18518/assets/Chile/Tickets/Movies/LaOdisea/Es/720x1022_poster_La_odisea_copia_2__1/resource.jpg,https://cinepolis.com/cl?cinema=cinepolis-plaza-egana-santiago-oriente&selected=cinepolis-plaza-egana-santiago-oriente,,,ACCIÓN,
Cinépolis Mallplaza Egaña,Coyote vs ACME,2026-09-01,12:00,2D,doblada,105,TE7,https://tickets-static-content.cinepolis.com/pimcore/19803/assets/Chile/Tickets/Movies/CoyoteVSAcme/Es/720x1022_24/resource.jpg,https://cinepolis.com/cl?cinema=cinepolis-plaza-egana-santiago-oriente&selected=cinepolis-plaza-egana-santiago-oriente,,,"COMEDIA, ANIMACIÓN, AVENTURA",
Cinépolis Mallplaza Egaña,Spider-Man: Un Nuevo Día,2026-09-01,12:00,2D,doblada,144,TE7,https://tickets-static-content.cinepolis.com/pimcore/19604/assets/Chile/Tickets/Movies/SpiderManUnNuevoDia_copy/Es/SMBND_720x1022_2/resource.jpg,https://cinepolis.com/cl?cinema=cinepolis-plaza-egana-santiago-oriente&selected=cinepolis-plaza-egana-santiago-oriente,,,"AVENTURA, ACCIÓN",
Cinépolis Mallplaza Egaña,Papi Ricky: La película,2026-09-01,12:15,2D,,93,TE7,https://tickets-static-content.cinepolis.com/pimcore/21450/assets/Chile/Tickets/Movies/PapiRickyLaPelicula/Es/720x1022_19/resource.jpg,https://cinepolis.com/cl?cinema=cinepolis-plaza-egana-santiago-oriente&selected=cinepolis-plaza-egana-santiago-oriente,,,COMEDIA,
Cinépolis Mallplaza Egaña,Coyote vs ACME,2026-09-01,12:40,2D,doblada,105,TE7,https://tickets-static-content.cinepolis.com/pimcore/19803/assets/Chile/Tickets/Movies/CoyoteVSAcme/Es/720x1022_24/resource.jpg,https://cinepolis.com/cl?cinema=cinepolis-plaza-egana-santiago-oriente&selected=cinepolis-plaza-egana-santiago-oriente,,,"COMEDIA, ANIMACIÓN, AVENTURA",
Cinépolis Mallplaza Egaña,La Odisea,2026-09-01,13:00,2D,subtitulada,172,14,https://tickets-static-content.cinepolis.com/pimcore/18518/assets/Chile/Tickets/Movies/LaOdisea/Es/720x1022_poster_La_odisea_copia_2__1/resource.jpg,https://cinepolis.com/cl?cinema=cinepolis-plaza-egana-santiago-oriente&selected=cinepolis-plaza-egana-santiago-oriente,,,ACCIÓN,
Cinépolis Mallplaza Egaña,Spider-Man: Un Nuevo Día,2026-09-01,13:15,2D,doblada,144,TE7,https://tickets-static-content.cinepolis.com/pimcore/19604/assets/Chile/Tickets/Movies/SpiderManUnNuevoDia_copy/Es/SMBND_720x1022_2/resource.jpg,https://cinepolis.com/cl?cinema=cinepolis-plaza-egana-santiago-oriente&selected=cinepolis-plaza-egana-santiago-oriente,,,"AVENTURA, ACCIÓN",
Cinépolis Mallplaza Egaña,Spider-Man: Un Nuevo Día,2026-09-01,13:55,3D,doblada,144,TE7,https://tickets-static-content.cinepolis.com/pimcore/19604/assets/Chile/Tickets/Movies/SpiderManUnNuevoDia_copy/Es/SMBND_720x1022_2/resource.jpg,https://cinepolis.com/cl?cinema=cinepolis-plaza-egana-santiago-oriente&selected=cinepolis-plaza-egana-santiago-oriente,,,"AVENTURA, ACCIÓN",
Cinépolis Mallplaza Egaña,La Odisea,2026-09-01,14:10,IMAX,subtitulada,172,14,https://tickets-static-content.cinepolis.com/pimcore/18518/assets/Chile/Tickets/Movies/LaOdisea/Es/720x1022_poster_La_odisea_copia_2__1/resource.jpg,https://cinepolis.com/cl?cinema=cinepolis-plaza-egana-santiago-oriente&selected=cinepolis-plaza-egana-santiago-oriente,,,ACCIÓN,
Cinépolis Mallplaza Egaña,Mi vecino Totoro,2026-09-01,14:20,2D,doblada,87,TE,https://tickets-static-content.cinepolis.com/pimcore/20415/assets/Chile/Tickets/Movies/MiVecinoTotoro/Es/720x1022_19/resource.jpg,https://cinepolis.com/cl?cinema=cinepolis-plaza-egana-santiago-oriente&selected=cinepolis-plaza-egana-santiago-oriente,,,"ANIMACIÓN, AVENTURA, FANTASÍA",
Cinépolis Mallplaza Egaña,Harry Potter y la piedra filosofal,2026-09-01,14:30,4DX,doblada,166,TE7,https://tickets-static-content.cinepolis.com/pimcore/21310/assets/Chile/Tickets/Movies/HarryPotterPiedraFilosofal/Es/720x1022_19/resource.jpg,https://cinepolis.com/cl?cinema=cinepolis-plaza-egana-santiago-oriente&selected=cinepolis-plaza-egana-santiago-oriente,,,"AVENTURA, FANTASÍA",
Cinépolis Mallplaza Egaña,Toy Story 5,2026-09-01,14:45,2D,doblada,90,TE,https://tickets-static-content.cinepolis.com/pimcore/18179/assets/Chile/Tickets/Movies/ToyStory5/Es/720x1022_Toy_story_5_copia_2__4/resource.jpg,https://cinepolis.com/cl?cinema=cinepolis-plaza-egana-santiago-oriente&selected=cinepolis-plaza-egana-santiago-oriente,,,"COMEDIA, ANIMACIÓN, AVENTURA",
Cinépolis Mallplaza Egaña,Spider-Man: Un Nuevo Día,2026-09-01,15:00,2D,doblada,144,TE7,https://tickets-static-content.cinepolis.com/pimcore/19604/assets/Chile/Tickets/Movies/SpiderManUnNuevoDia_copy/Es/SMBND_720x1022_2/resource.jpg,https://cinepolis.com/cl?cinema=cinepolis-plaza-egana-santiago-oriente&selected=cinepolis-plaza-egana-santiago-oriente,,,"AVENTURA, ACCIÓN",
Cinépolis Mallplaza Egaña,Coyote vs ACME,2026-09-01,15:10,2D,doblada,105,TE7,https://tickets-static-content.cinepolis.com/pimcore/19803/assets/Chile/Tickets/Movies/CoyoteVSAcme/Es/720x1022_24/resource.jpg,https://cinepolis.com/cl?cinema=cinepolis-plaza-egana-santiago-oriente&selected=cinepolis-plaza-egana-santiago-oriente,,,"COMEDIA, ANIMACIÓN, AVENTURA",
Cinépolis Mallplaza Egaña,Spider-Man: Un Nuevo Día,2026-09-01,16:15,2D,subtitulada,144,TE7,https://tickets-static-content.cinepolis.com/pimcore/19604/assets/Chile/Tickets/Movies/SpiderManUnNuevoDia_copy/Es/SMBND_720x1022_2/resource.jpg,https://cinepolis.com/cl?cinema=cinepolis-plaza-egana-santiago-oriente&selected=cinepolis-plaza-egana-santiago-oriente,,,"AVENTURA, ACCIÓN",
Cinépolis Mallplaza Egaña,Harry Potter y la piedra filosofal,2026-09-01,16:30,2D,doblada,166,TE7,https://tickets-static-content.cinepolis.com/pimcore/21310/assets/Chile/Tickets/Movies/HarryPotterPiedraFilosofal/Es/720x1022_19/resource.jpg,https://cinepolis.com/cl?cinema=cinepolis-plaza-egana-santiago-oriente&selected=cinepolis-plaza-egana-santiago-oriente,,,"AVENTURA, FANTASÍA",
Cinépolis Mallplaza Egaña,La Odisea,2026-09-01,16:45,2D,subtitulada,172,14,https://tickets-static-content.cinepolis.com/pimcore/18518/assets/Chile/Tickets/Movies/LaOdisea/Es/720x1022_poster_La_odisea_copia_2__1/resource.jpg,https://cinepolis.com/cl?cinema=cinepolis-plaza-egana-santiago-oriente&selected=cinepolis-plaza-egana-santiago-oriente,,,ACCIÓN,
Cinépolis Mallplaza Egaña,La noche del demonio: Están entre nosotros,2026-09-01,17:00,2D,doblada,105,14,https://tickets-static-content.cinepolis.com/pimcore/19801/assets/Chile/Tickets/Movies/LaNocheDelDemonioEstaEntreNosotros/Es/720x1022_19/resource.jpg,https://cinepolis.com/cl?cinema=cinepolis-plaza-egana-santiago-oriente&selected=cinepolis-plaza-egana-santiago-oriente,,,TERROR,
Cinépolis Mallplaza Egaña,Papi Ricky: La película,2026-09-01,17:15,2D,,93,TE7,https://tickets-static-content.cinepolis.com/pimcore/21450/assets/Chile/Tickets/Movies/PapiRickyLaPelicula/Es/720x1022_19/resource.jpg,https://cinepolis.com/cl?cinema=cinepolis-plaza-egana-santiago-oriente&selected=cinepolis-plaza-egana-santiago-oriente,,,COMEDIA,
Cinépolis Mallplaza Egaña,Coyote vs ACME,2026-09-01,17:30,2D,doblada,105,TE7,https://tickets-static-content.cinepolis.com/pimcore/19803/assets/Chile/Tickets/Movies/CoyoteVSAcme/Es/720x1022_24/resource.jpg,https://cinepolis.com/cl?cinema=cinepolis-plaza-egana-santiago-oriente&selected=cinepolis-plaza-egana-santiago-oriente,,,"COMEDIA, ANIMACIÓN, AVENTURA",
Cinépolis Mallplaza Egaña,La Odisea,2026-09-01,17:50,IMAX,subtitulada,172,14,https://tickets-static-content.cinepolis.com/pimcore/18518/assets/Chile/Tickets/Movies/LaOdisea/Es/720x1022_poster_La_odisea_copia_2__1/resource.jpg,https://cinepolis.com/cl?cinema=cinepolis-plaza-egana-santiago-oriente&selected=cinepolis-plaza-egana-santiago-oriente,,,ACCIÓN,
Cinépolis Mallplaza Egaña,Harry Potter y la piedra filosofal,2026-09-01,18:00,4DX,doblada,166,TE7,https://tickets-static-content.cinepolis.com/pimcore/21310/assets/Chile/Tickets/Movies/HarryPotterPiedraFilosofal/Es/720x1022_19/resource.jpg,https://cinepolis.com/cl?cinema=cinepolis-plaza-egana-santiago-oriente&selected=cinepolis-plaza-egana-santiago-oriente,,,"AVENTURA, FANTASÍA",
Cinépolis Mallplaza Egaña,Spider-Man: Un Nuevo Día,2026-09-01,18:15,2D,doblada,144,TE7,https://tickets-static-content.cinepolis.com/pimcore/19604/assets/Chile/Tickets/Movies/SpiderManUnNuevoDia_copy/Es/SMBND_720x1022_2/resource.jpg,https://cinepolis.com/cl?cinema=cinepolis-plaza-egana-santiago-oriente&selected=cinepolis-plaza-egana-santiago-oriente,,,"AVENTURA, ACCIÓN",
Cinépolis Mallplaza Egaña,Spider-Man: Un Nuevo Día,2026-09-01,19:20,2D,subtitulada,144,TE7,https://tickets-static-content.cinepolis.com/pimcore/19604/assets/Chile/Tickets/Movies/SpiderManUnNuevoDia_copy/Es/SMBND_720x1022_2/resource.jpg,https://cinepolis.com/cl?cinema=cinepolis-plaza-egana-santiago-oriente&selected=cinepolis-plaza-egana-santiago-oriente,,,"AVENTURA, ACCIÓN",
Cinépolis Mallplaza Egaña,La noche del demonio: Están entre nosotros,2026-09-01,19:35,2D,doblada,105,14,https://tickets-static-content.cinepolis.com/pimcore/19801/assets/Chile/Tickets/Movies/LaNocheDelDemonioEstaEntreNosotros/Es/720x1022_19/resource.jpg,https://cinepolis.com/cl?cinema=cinepolis-plaza-egana-santiago-oriente&selected=cinepolis-plaza-egana-santiago-oriente,,,TERROR,
Cinépolis Mallplaza Egaña,Papi Ricky: La película,2026-09-01,19:50,2D,,93,TE7,https://tickets-static-content.cinepolis.com/pimcore/21450/assets/Chile/Tickets/Movies/PapiRickyLaPelicula/Es/720x1022_19/resource.jpg,https://cinepolis.com/cl?cinema=cinepolis-plaza-egana-santiago-oriente&selected=cinepolis-plaza-egana-santiago-oriente,,,COMEDIA,
Cinépolis Mallplaza Egaña,Coyote vs ACME,2026-09-01,20:15,2D,doblada,105,TE7,https://tickets-static-content.cinepolis.com/pimcore/19803/assets/Chile/Tickets/Movies/CoyoteVSAcme/Es/720x1022_24/resource.jpg,https://cinepolis.com/cl?cinema=cinepolis-plaza-egana-santiago-oriente&selected=cinepolis-plaza-egana-santiago-oriente,,,"COMEDIA, ANIMACIÓN, AVENTURA",
Cinépolis Mallplaza Egaña,La Odisea,2026-09-01,20:35,2D,subtitulada,172,14,https://tickets-static-content.cinepolis.com/pimcore/18518/assets/Chile/Tickets/Movies/LaOdisea/Es/720x1022_poster_La_odisea_copia_2__1/resource.jpg,https://cinepolis.com/cl?cinema=cinepolis-plaza-egana-santiago-oriente&selected=cinepolis-plaza-egana-santiago-oriente,,,ACCIÓN,
Cinépolis Mallplaza Egaña,Spider-Man: Un Nuevo Día,2026-09-01,21:20,2D,doblada,144,TE7,https://tickets-static-content.cinepolis.com/pimcore/19604/assets/Chile/Tickets/Movies/SpiderManUnNuevoDia_copy/Es/SMBND_720x1022_2/resource.jpg,https://cinepolis.com/cl?cinema=cinepolis-plaza-egana-santiago-oriente&selected=cinepolis-plaza-egana-santiago-oriente,,,"AVENTURA, ACCIÓN",
Cinépolis Mallplaza Egaña,La Odisea,2026-09-01,21:30,IMAX,subtitulada,172,14,https://tickets-static-content.cinepolis.com/pimcore/18518/assets/Chile/Tickets/Movies/LaOdisea/Es/720x1022_poster_La_odisea_copia_2__1/resource.jpg,https://cinepolis.com/cl?cinema=cinepolis-plaza-egana-santiago-oriente&selected=cinepolis-plaza-egana-santiago-oriente,,,ACCIÓN,
Cinépolis Mallplaza Egaña,Spider-Man: Un Nuevo Día,2026-09-01,21:50,4DX,doblada,144,TE7,https://tickets-static-content.cinepolis.com/pimcore/19604/assets/Chile/Tickets/Movies/SpiderManUnNuevoDia_copy/Es/SMBND_720x1022_2/resource.jpg,https://cinepolis.com/cl?cinema=cinepolis-plaza-egana-santiago-oriente&selected=cinepolis-plaza-egana-santiago-oriente,,,"AVENTURA, ACCIÓN",
Cinépolis Mallplaza Egaña,La noche del demonio: Están entre nosotros,2026-09-01,22:10,2D,doblada,105,14,https://tickets-static-content.cinepolis.com/pimcore/19801/assets/Chile/Tickets/Movies/LaNocheDelDemonioEstaEntreNosotros/Es/720x1022_19/resource.jpg,https://cinepolis.com/cl?cinema=cinepolis-plaza-egana-santiago-oriente&selected=cinepolis-plaza-egana-santiago-oriente,,,TERROR,
Cinépolis Mallplaza Egaña,Papi Ricky: La película,2026-09-01,22:20,2D,,93,TE7,https://tickets-static-content.cinepolis.com/pimcore/21450/assets/Chile/Tickets/Movies/PapiRickyLaPelicula/Es/720x1022_19/resource.jpg,https://cinepolis.com/cl?cinema=cinepolis-plaza-egana-santiago-oriente&selected=cinepolis-plaza-egana-santiago-oriente,,,COMEDIA,
Cinépolis Mallplaza Egaña,La Guerra de los Últimos,2026-09-01,22:30,2D,subtitulada,100,14,https://tickets-static-content.cinepolis.com/pimcore/20625/assets/Chile/Tickets/Movies/LaGuerraDeLosUltimos/Es/720x1022_19/resource.jpg,https://cinepolis.com/cl?cinema=cinepolis-plaza-egana-santiago-oriente&selected=cinepolis-plaza-egana-santiago-oriente,,,"DRAMA, CIENCIA FICCIÓN",
Cinépolis Mallplaza Egaña,El Final De La Calle Oak,2026-09-01,22:40,2D,doblada,100,14,https://tickets-static-content.cinepolis.com/pimcore/20089/assets/Chile/Tickets/Movies/ElFinalDeLaCalleOak_copy/Es/P_720X1022_5_copy/resource.jpg,https://cinepolis.com/cl?cinema=cinepolis-plaza-egana-santiago-oriente&selected=cinepolis-plaza-egana-santiago-oriente,,,"AVENTURA, CIENCIA FICCIÓN",
Cinépolis Mallplaza Egaña,La Odisea,2026-09-02,11:50,IMAX,subtitulada,172,14,https://tickets-static-content.cinepolis.com/pimcore/18518/assets/Chile/Tickets/Movies/LaOdisea/Es/720x1022_poster_La_odisea_copia_2__1/resource.jpg,https://cinepolis.com/cl?cinema=cinepolis-plaza-egana-santiago-oriente&selected=cinepolis-plaza-egana-santiago-oriente,,,ACCIÓN,
Cinépolis Mallplaza Egaña,Coyote vs ACME,2026-09-02,12:00,2D,doblada,105,TE7,https://tickets-static-content.cinepolis.com/pimcore/19803/assets/Chile/Tickets/Movies/CoyoteVSAcme/Es/720x1022_24/resource.jpg,https://cinepolis.com/cl?cinema=cinepolis-plaza-egana-santiago-oriente&selected=cinepolis-plaza-egana-santiago-oriente,,,"COMEDIA, ANIMACIÓN, AVENTURA",
Cinépolis Mallplaza Egaña,Spider-Man: Un Nuevo Día,2026-09-02,12:00,2D,doblada,144,TE7,https://tickets-static-content.cinepolis.com/pimcore/19604/assets/Chile/Tickets/Movies/SpiderManUnNuevoDia_copy/Es/SMBND_720x1022_2/resource.jpg,https://cinepolis.com/cl?cinema=cinepolis-plaza-egana-santiago-oriente&selected=cinepolis-plaza-egana-santiago-oriente,,,"AVENTURA, ACCIÓN",
Cinépolis Mallplaza Egaña,Papi Ricky: La película,2026-09-02,12:15,2D,,93,TE7,https://tickets-static-content.cinepolis.com/pimcore/21450/assets/Chile/Tickets/Movies/PapiRickyLaPelicula/Es/720x1022_19/resource.jpg,https://cinepolis.com/cl?cinema=cinepolis-plaza-egana-santiago-oriente&selected=cinepolis-plaza-egana-santiago-oriente,,,COMEDIA,
Cinépolis Mallplaza Egaña,Coyote vs ACME,2026-09-02,12:45,2D,doblada,105,TE7,https://tickets-static-content.cinepolis.com/pimcore/19803/assets/Chile/Tickets/Movies/CoyoteVSAcme/Es/720x1022_24/resource.jpg,https://cinepolis.com/cl?cinema=cinepolis-plaza-egana-santiago-oriente&selected=cinepolis-plaza-egana-santiago-oriente,,,"COMEDIA, ANIMACIÓN, AVENTURA",
Cinépolis Mallplaza Egaña,La Odisea,2026-09-02,13:00,2D,subtitulada,172,14,https://tickets-static-content.cinepolis.com/pimcore/18518/assets/Chile/Tickets/Movies/LaOdisea/Es/720x1022_poster_La_odisea_copia_2__1/resource.jpg,https://cinepolis.com/cl?cinema=cinepolis-plaza-egana-santiago-oriente&selected=cinepolis-plaza-egana-santiago-oriente,,,ACCIÓN,
Cinépolis Mallplaza Egaña,Spider-Man: Un Nuevo Día,2026-09-02,13:15,2D,doblada,144,TE7,https://tickets-static-content.cinepolis.com/pimcore/19604/assets/Chile/Tickets/Movies/SpiderManUnNuevoDia_copy/Es/SMBND_720x1022_2/resource.jpg,https://cinepolis.com/cl?cinema=cinepolis-plaza-egana-santiago-oriente&selected=cinepolis-plaza-egana-santiago-oriente,,,"AVENTURA, ACCIÓN",
Cinépolis Mallplaza Egaña,Spider-Man: Un Nuevo Día,2026-09-02,13:55,3D,doblada,144,TE7,https://tickets-static-content.cinepolis.com/pimcore/19604/assets/Chile/Tickets/Movies/SpiderManUnNuevoDia_copy/Es/SMBND_720x1022_2/resource.jpg,https://cinepolis.com/cl?cinema=cinepolis-plaza-egana-santiago-oriente&selected=cinepolis-plaza-egana-santiago-oriente,,,"AVENTURA, ACCIÓN",
Cinépolis Mallplaza Egaña,Mi vecino Totoro,2026-09-02,14:20,2D,doblada,87,TE,https://tickets-static-content.cinepolis.com/pimcore/20415/assets/Chile/Tickets/Movies/MiVecinoTotoro/Es/720x1022_19/resource.jpg,https://cinepolis.com/cl?cinema=cinepolis-plaza-egana-santiago-oriente&selected=cinepolis-plaza-egana-santiago-oriente,,,"ANIMACIÓN, AVENTURA, FANTASÍA",
Cinépolis Mallplaza Egaña,Harry Potter y la piedra filosofal,2026-09-02,14:30,4DX,doblada,166,TE7,https://tickets-static-content.cinepolis.com/pimcore/21310/assets/Chile/Tickets/Movies/HarryPotterPiedraFilosofal/Es/720x1022_19/resource.jpg,https://cinepolis.com/cl?cinema=cinepolis-plaza-egana-santiago-oriente&selected=cinepolis-plaza-egana-santiago-oriente,,,"AVENTURA, FANTASÍA",
Cinépolis Mallplaza Egaña,Toy Story 5,2026-09-02,14:45,2D,doblada,90,TE,https://tickets-static-content.cinepolis.com/pimcore/18179/assets/Chile/Tickets/Movies/ToyStory5/Es/720x1022_Toy_story_5_copia_2__4/resource.jpg,https://cinepolis.com/cl?cinema=cinepolis-plaza-egana-santiago-oriente&selected=cinepolis-plaza-egana-santiago-oriente,,,"COMEDIA, ANIMACIÓN, AVENTURA",
Cinépolis Mallplaza Egaña,Spider-Man: Un Nuevo Día,2026-09-02,15:00,2D,doblada,144,TE7,https://tickets-static-content.cinepolis.com/pimcore/19604/assets/Chile/Tickets/Movies/SpiderManUnNuevoDia_copy/Es/SMBND_720x1022_2/resource.jpg,https://cinepolis.com/cl?cinema=cinepolis-plaza-egana-santiago-oriente&selected=cinepolis-plaza-egana-santiago-oriente,,,"AVENTURA, ACCIÓN",
Cinépolis Mallplaza Egaña,Coyote vs ACME,2026-09-02,15:10,2D,doblada,105,TE7,https://tickets-static-content.cinepolis.com/pimcore/19803/assets/Chile/Tickets/Movies/CoyoteVSAcme/Es/720x1022_24/resource.jpg,https://cinepolis.com/cl?cinema=cinepolis-plaza-egana-santiago-oriente&selected=cinepolis-plaza-egana-santiago-oriente,,,"COMEDIA, ANIMACIÓN, AVENTURA",
Cinépolis Mallplaza Egaña,La Odisea,2026-09-02,15:30,IMAX,subtitulada,172,14,https://tickets-static-content.cinepolis.com/pimcore/18518/assets/Chile/Tickets/Movies/LaOdisea/Es/720x1022_poster_La_odisea_copia_2__1/resource.jpg,https://cinepolis.com/cl?cinema=cinepolis-plaza-egana-santiago-oriente&selected=cinepolis-plaza-egana-santiago-oriente,,,ACCIÓN,
Cinépolis Mallplaza Egaña,Spider-Man: Un Nuevo Día,2026-09-02,16:15,2D,subtitulada,144,TE7,https://tickets-static-content.cinepolis.com/pimcore/19604/assets/Chile/Tickets/Movies/SpiderManUnNuevoDia_copy/Es/SMBND_720x1022_2/resource.jpg,https://cinepolis.com/cl?cinema=cinepolis-plaza-egana-santiago-oriente&selected=cinepolis-plaza-egana-santiago-oriente,,,"AVENTURA, ACCIÓN",
Cinépolis Mallplaza Egaña,Harry Potter y la piedra filosofal,2026-09-02,16:30,2D,doblada,166,TE7,https://tickets-static-content.cinepolis.com/pimcore/21310/assets/Chile/Tickets/Movies/HarryPotterPiedraFilosofal/Es/720x1022_19/resource.jpg,https://cinepolis.com/cl?cinema=cinepolis-plaza-egana-santiago-oriente&selected=cinepolis-plaza-egana-santiago-oriente,,,"AVENTURA, FANTASÍA",
Cinépolis Mallplaza Egaña,La Odisea,2026-09-02,16:45,2D,subtitulada,172,14,https://tickets-static-content.cinepolis.com/pimcore/18518/assets/Chile/Tickets/Movies/LaOdisea/Es/720x1022_poster_La_odisea_copia_2__1/resource.jpg,https://cinepolis.com/cl?cinema=cinepolis-plaza-egana-santiago-oriente&selected=cinepolis-plaza-egana-santiago-oriente,,,ACCIÓN,
Cinépolis Mallplaza Egaña,La noche del demonio: Están entre nosotros,2026-09-02,17:00,2D,doblada,105,14,https://tickets-static-content.cinepolis.com/pimcore/19801/assets/Chile/Tickets/Movies/LaNocheDelDemonioEstaEntreNosotros/Es/720x1022_19/resource.jpg,https://cinepolis.com/cl?cinema=cinepolis-plaza-egana-santiago-oriente&selected=cinepolis-plaza-egana-santiago-oriente,,,TERROR,
Cinépolis Mallplaza Egaña,Papi Ricky: La película,2026-09-02,17:20,2D,,93,TE7,https://tickets-static-content.cinepolis.com/pimcore/21450/assets/Chile/Tickets/Movies/PapiRickyLaPelicula/Es/720x1022_19/resource.jpg,https://cinepolis.com/cl?cinema=cinepolis-plaza-egana-santiago-oriente&selected=cinepolis-plaza-egana-santiago-oriente,,,COMEDIA,
Cinépolis Mallplaza Egaña,Coyote vs ACME,2026-09-02,17:45,2D,doblada,105,TE7,https://tickets-static-content.cinepolis.com/pimcore/19803/assets/Chile/Tickets/Movies/CoyoteVSAcme/Es/720x1022_24/resource.jpg,https://cinepolis.com/cl?cinema=cinepolis-plaza-egana-santiago-oriente&selected=cinepolis-plaza-egana-santiago-oriente,,,"COMEDIA, ANIMACIÓN, AVENTURA",
Cinépolis Mallplaza Egaña,Harry Potter y la piedra filosofal,2026-09-02,18:00,4DX,doblada,166,TE7,https://tickets-static-content.cinepolis.com/pimcore/21310/assets/Chile/Tickets/Movies/HarryPotterPiedraFilosofal/Es/720x1022_19/resource.jpg,https://cinepolis.com/cl?cinema=cinepolis-plaza-egana-santiago-oriente&selected=cinepolis-plaza-egana-santiago-oriente,,,"AVENTURA, FANTASÍA",
Cinépolis Mallplaza Egaña,Spider-Man: Un Nuevo Día,2026-09-02,18:15,2D,doblada,144,TE7,https://tickets-static-content.cinepolis.com/pimcore/19604/assets/Chile/Tickets/Movies/SpiderManUnNuevoDia_copy/Es/SMBND_720x1022_2/resource.jpg,https://cinepolis.com/cl?cinema=cinepolis-plaza-egana-santiago-oriente&selected=cinepolis-plaza-egana-santiago-oriente,,,"AVENTURA, ACCIÓN",
Cinépolis Mallplaza Egaña,Katy Perry: The Lifetimes Tour - Live from Paris,2026-09-02,19:00,IMAX,subtitulada,132,TE,https://tickets-static-content.cinepolis.com/pimcore/21189/assets/Chile/Tickets/Movies/KatyPerry/Es/720x1022_19/resource.jpg,https://cinepolis.com/cl?cinema=cinepolis-plaza-egana-santiago-oriente&selected=cinepolis-plaza-egana-santiago-oriente,,,CONCIERTO,
Cinépolis Mallplaza Egaña,Spider-Man: Un Nuevo Día,2026-09-02,19:20,2D,subtitulada,144,TE7,https://tickets-static-content.cinepolis.com/pimcore/19604/assets/Chile/Tickets/Movies/SpiderManUnNuevoDia_copy/Es/SMBND_720x1022_2/resource.jpg,https://cinepolis.com/cl?cinema=cinepolis-plaza-egana-santiago-oriente&selected=cinepolis-plaza-egana-santiago-oriente,,,"AVENTURA, ACCIÓN",
Cinépolis Mallplaza Egaña,La noche del demonio: Están entre nosotros,2026-09-02,19:35,2D,doblada,105,14,https://tickets-static-content.cinepolis.com/pimcore/19801/assets/Chile/Tickets/Movies/LaNocheDelDemonioEstaEntreNosotros/Es/720x1022_19/resource.jpg,https://cinepolis.com/cl?cinema=cinepolis-plaza-egana-santiago-oriente&selected=cinepolis-plaza-egana-santiago-oriente,,,TERROR,
Cinépolis Mallplaza Egaña,Papi Ricky: La película,2026-09-02,19:50,2D,,93,TE7,https://tickets-static-content.cinepolis.com/pimcore/21450/assets/Chile/Tickets/Movies/PapiRickyLaPelicula/Es/720x1022_19/resource.jpg,https://cinepolis.com/cl?cinema=cinepolis-plaza-egana-santiago-oriente&selected=cinepolis-plaza-egana-santiago-oriente,,,COMEDIA,
Cinépolis Mallplaza Egaña,La Guerra de los Últimos,2026-09-02,20:00,2D,subtitulada,100,14,https://tickets-static-content.cinepolis.com/pimcore/20625/assets/Chile/Tickets/Movies/LaGuerraDeLosUltimos/Es/720x1022_19/resource.jpg,https://cinepolis.com/cl?cinema=cinepolis-plaza-egana-santiago-oriente&selected=cinepolis-plaza-egana-santiago-oriente,,,"DRAMA, CIENCIA FICCIÓN",
Cinépolis Mallplaza Egaña,Coyote vs ACME,2026-09-02,20:20,2D,doblada,105,TE7,https://tickets-static-content.cinepolis.com/pimcore/19803/assets/Chile/Tickets/Movies/CoyoteVSAcme/Es/720x1022_24/resource.jpg,https://cinepolis.com/cl?cinema=cinepolis-plaza-egana-santiago-oriente&selected=cinepolis-plaza-egana-santiago-oriente,,,"COMEDIA, ANIMACIÓN, AVENTURA",
Cinépolis Mallplaza Egaña,La Odisea,2026-09-02,20:35,2D,subtitulada,172,14,https://tickets-static-content.cinepolis.com/pimcore/18518/assets/Chile/Tickets/Movies/LaOdisea/Es/720x1022_poster_La_odisea_copia_2__1/resource.jpg,https://cinepolis.com/cl?cinema=cinepolis-plaza-egana-santiago-oriente&selected=cinepolis-plaza-egana-santiago-oriente,,,ACCIÓN,
Cinépolis Mallplaza Egaña,Spider-Man: Un Nuevo Día,2026-09-02,21:20,2D,doblada,144,TE7,https://tickets-static-content.cinepolis.com/pimcore/19604/assets/Chile/Tickets/Movies/SpiderManUnNuevoDia_copy/Es/SMBND_720x1022_2/resource.jpg,https://cinepolis.com/cl?cinema=cinepolis-plaza-egana-santiago-oriente&selected=cinepolis-plaza-egana-santiago-oriente,,,"AVENTURA, ACCIÓN",
Cinépolis Mallplaza Egaña,La Odisea,2026-09-02,21:50,IMAX,subtitulada,172,14,https://tickets-static-content.cinepolis.com/pimcore/18518/assets/Chile/Tickets/Movies/LaOdisea/Es/720x1022_poster_La_odisea_copia_2__1/resource.jpg,https://cinepolis.com/cl?cinema=cinepolis-plaza-egana-santiago-oriente&selected=cinepolis-plaza-egana-santiago-oriente,,,ACCIÓN,
Cinépolis Mallplaza Egaña,Spider-Man: Un Nuevo Día,2026-09-02,21:50,4DX,doblada,144,TE7,https://tickets-static-content.cinepolis.com/pimcore/19604/assets/Chile/Tickets/Movies/SpiderManUnNuevoDia_copy/Es/SMBND_720x1022_2/resource.jpg,https://cinepolis.com/cl?cinema=cinepolis-plaza-egana-santiago-oriente&selected=cinepolis-plaza-egana-santiago-oriente,,,"AVENTURA, ACCIÓN",
Cinépolis Mallplaza Egaña,La noche del demonio: Están entre nosotros,2026-09-02,22:10,2D,doblada,105,14,https://tickets-static-content.cinepolis.com/pimcore/19801/assets/Chile/Tickets/Movies/LaNocheDelDemonioEstaEntreNosotros/Es/720x1022_19/resource.jpg,https://cinepolis.com/cl?cinema=cinepolis-plaza-egana-santiago-oriente&selected=cinepolis-plaza-egana-santiago-oriente,,,TERROR,
Cinépolis Mallplaza Egaña,Papi Ricky: La película,2026-09-02,22:20,2D,,93,TE7,https://tickets-static-content.cinepolis.com/pimcore/21450/assets/Chile/Tickets/Movies/PapiRickyLaPelicula/Es/720x1022_19/resource.jpg,https://cinepolis.com/cl?cinema=cinepolis-plaza-egana-santiago-oriente&selected=cinepolis-plaza-egana-santiago-oriente,,,COMEDIA,
Cinépolis Mallplaza Egaña,La Guerra de los Últimos,2026-09-02,22:30,2D,subtitulada,100,14,https://tickets-static-content.cinepolis.com/pimcore/20625/assets/Chile/Tickets/Movies/LaGuerraDeLosUltimos/Es/720x1022_19/resource.jpg,https://cinepolis.com/cl?cinema=cinepolis-plaza-egana-santiago-oriente&selected=cinepolis-plaza-egana-santiago-oriente,,,"DRAMA, CIENCIA FICCIÓN",
Cinépolis Mallplaza Egaña,El Final De La Calle Oak,2026-09-02,22:40,2D,doblada,100,14,https://tickets-static-content.cinepolis.com/pimcore/20089/assets/Chile/Tickets/Movies/ElFinalDeLaCalleOak_copy/Es/P_720X1022_5_copy/resource.jpg,https://cinepolis.com/cl?cinema=cinepolis-plaza-egana-santiago-oriente&selected=cinepolis-plaza-egana-santiago-oriente,,,"AVENTURA, CIENCIA FICCIÓN",
Cinépolis Mallplaza Sur,La noche del demonio: Están entre nosotros,2026-08-31,13:20,2D,doblada,105,14,https://tickets-static-content.cinepolis.com/pimcore/19801/assets/Chile/Tickets/Movies/LaNocheDelDemonioEstaEntreNosotros/Es/720x1022_19/resource.jpg,https://cinepolis.com/cl?cinema=cinepolis-mall-plaza-sur-santiago-sur&selected=cinepolis-mall-plaza-sur-santiago-sur,,,TERROR,
Cinépolis Mallplaza Sur,Coyote vs ACME,2026-08-31,13:40,2D,doblada,105,TE7,https://tickets-static-content.cinepolis.com/pimcore/19803/assets/Chile/Tickets/Movies/CoyoteVSAcme/Es/720x1022_24/resource.jpg,https://cinepolis.com/cl?cinema=cinepolis-mall-plaza-sur-santiago-sur&selected=cinepolis-mall-plaza-sur-santiago-sur,,,"COMEDIA, ANIMACIÓN, AVENTURA",
Cinépolis Mallplaza Sur,Papi Ricky: La película,2026-08-31,14:05,2D,,93,TE7,https://tickets-static-content.cinepolis.com/pimcore/21450/assets/Chile/Tickets/Movies/PapiRickyLaPelicula/Es/720x1022_19/resource.jpg,https://cinepolis.com/cl?cinema=cinepolis-mall-plaza-sur-santiago-sur&selected=cinepolis-mall-plaza-sur-santiago-sur,,,COMEDIA,
Cinépolis Mallplaza Sur,La Guerra de los Últimos,2026-08-31,14:30,2D,doblada,100,14,https://tickets-static-content.cinepolis.com/pimcore/20625/assets/Chile/Tickets/Movies/LaGuerraDeLosUltimos/Es/720x1022_19/resource.jpg,https://cinepolis.com/cl?cinema=cinepolis-mall-plaza-sur-santiago-sur&selected=cinepolis-mall-plaza-sur-santiago-sur,,,"DRAMA, CIENCIA FICCIÓN",
Cinépolis Mallplaza Sur,Spider-Man: Un Nuevo Día,2026-08-31,14:45,2D,doblada,144,TE7,https://tickets-static-content.cinepolis.com/pimcore/19604/assets/Chile/Tickets/Movies/SpiderManUnNuevoDia_copy/Es/SMBND_720x1022_2/resource.jpg,https://cinepolis.com/cl?cinema=cinepolis-mall-plaza-sur-santiago-sur&selected=cinepolis-mall-plaza-sur-santiago-sur,,,"AVENTURA, ACCIÓN",
Cinépolis Mallplaza Sur,Spider-Man: Un Nuevo Día,2026-08-31,15:35,2D,doblada,144,TE7,https://tickets-static-content.cinepolis.com/pimcore/19604/assets/Chile/Tickets/Movies/SpiderManUnNuevoDia_copy/Es/SMBND_720x1022_2/resource.jpg,https://cinepolis.com/cl?cinema=cinepolis-mall-plaza-sur-santiago-sur&selected=cinepolis-mall-plaza-sur-santiago-sur,,,"AVENTURA, ACCIÓN",
Cinépolis Mallplaza Sur,La Odisea,2026-08-31,15:45,2D,subtitulada,172,14,https://tickets-static-content.cinepolis.com/pimcore/18518/assets/Chile/Tickets/Movies/LaOdisea/Es/720x1022_poster_La_odisea_copia_2__1/resource.jpg,https://cinepolis.com/cl?cinema=cinepolis-mall-plaza-sur-santiago-sur&selected=cinepolis-mall-plaza-sur-santiago-sur,,,ACCIÓN,
Cinépolis Mallplaza Sur,Coyote vs ACME,2026-08-31,16:00,2D,doblada,105,TE7,https://tickets-static-content.cinepolis.com/pimcore/19803/assets/Chile/Tickets/Movies/CoyoteVSAcme/Es/720x1022_24/resource.jpg,https://cinepolis.com/cl?cinema=cinepolis-mall-plaza-sur-santiago-sur&selected=cinepolis-mall-plaza-sur-santiago-sur,,,"COMEDIA, ANIMACIÓN, AVENTURA",
Cinépolis Mallplaza Sur,Papi Ricky: La película,2026-08-31,16:30,2D,,93,TE7,https://tickets-static-content.cinepolis.com/pimcore/21450/assets/Chile/Tickets/Movies/PapiRickyLaPelicula/Es/720x1022_19/resource.jpg,https://cinepolis.com/cl?cinema=cinepolis-mall-plaza-sur-santiago-sur&selected=cinepolis-mall-plaza-sur-santiago-sur,,,COMEDIA,
Cinépolis Mallplaza Sur,La Guerra de los Últimos,2026-08-31,17:15,2D,doblada,100,14,https://tickets-static-content.cinepolis.com/pimcore/20625/assets/Chile/Tickets/Movies/LaGuerraDeLosUltimos/Es/720x1022_19/resource.jpg,https://cinepolis.com/cl?cinema=cinepolis-mall-plaza-sur-santiago-sur&selected=cinepolis-mall-plaza-sur-santiago-sur,,,"DRAMA, CIENCIA FICCIÓN",
Cinépolis Mallplaza Sur,Spider-Man: Un Nuevo Día,2026-08-31,18:00,3D,doblada,144,TE7,https://tickets-static-content.cinepolis.com/pimcore/19604/assets/Chile/Tickets/Movies/SpiderManUnNuevoDia_copy/Es/SMBND_720x1022_2/resource.jpg,https://cinepolis.com/cl?cinema=cinepolis-mall-plaza-sur-santiago-sur&selected=cinepolis-mall-plaza-sur-santiago-sur,,,"AVENTURA, ACCIÓN",
Cinépolis Mallplaza Sur,Coyote vs ACME,2026-08-31,18:30,2D,doblada,105,TE7,https://tickets-static-content.cinepolis.com/pimcore/19803/assets/Chile/Tickets/Movies/CoyoteVSAcme/Es/720x1022_24/resource.jpg,https://cinepolis.com/cl?cinema=cinepolis-mall-plaza-sur-santiago-sur&selected=cinepolis-mall-plaza-sur-santiago-sur,,,"COMEDIA, ANIMACIÓN, AVENTURA",
Cinépolis Mallplaza Sur,Papi Ricky: La película,2026-08-31,18:50,2D,,93,TE7,https://tickets-static-content.cinepolis.com/pimcore/21450/assets/Chile/Tickets/Movies/PapiRickyLaPelicula/Es/720x1022_19/resource.jpg,https://cinepolis.com/cl?cinema=cinepolis-mall-plaza-sur-santiago-sur&selected=cinepolis-mall-plaza-sur-santiago-sur,,,COMEDIA,
Cinépolis Mallplaza Sur,Spider-Man: Un Nuevo Día,2026-08-31,18:55,2D,doblada,144,TE7,https://tickets-static-content.cinepolis.com/pimcore/19604/assets/Chile/Tickets/Movies/SpiderManUnNuevoDia_copy/Es/SMBND_720x1022_2/resource.jpg,https://cinepolis.com/cl?cinema=cinepolis-mall-plaza-sur-santiago-sur&selected=cinepolis-mall-plaza-sur-santiago-sur,,,"AVENTURA, ACCIÓN",
Cinépolis Mallplaza Sur,La noche del demonio: Están entre nosotros,2026-08-31,19:15,2D,subtitulada,105,14,https://tickets-static-content.cinepolis.com/pimcore/19801/assets/Chile/Tickets/Movies/LaNocheDelDemonioEstaEntreNosotros/Es/720x1022_19/resource.jpg,https://cinepolis.com/cl?cinema=cinepolis-mall-plaza-sur-santiago-sur&selected=cinepolis-mall-plaza-sur-santiago-sur,,,TERROR,
Cinépolis Mallplaza Sur,Harry Potter y la piedra filosofal,2026-08-31,20:00,2D,subtitulada,166,TE7,https://tickets-static-content.cinepolis.com/pimcore/21310/assets/Chile/Tickets/Movies/HarryPotterPiedraFilosofal/Es/720x1022_19/resource.jpg,https://cinepolis.com/cl?cinema=cinepolis-mall-plaza-sur-santiago-sur&selected=cinepolis-mall-plaza-sur-santiago-sur,,,"AVENTURA, FANTASÍA",
Cinépolis Mallplaza Sur,Spider-Man: Un Nuevo Día,2026-08-31,21:00,2D,doblada,144,TE7,https://tickets-static-content.cinepolis.com/pimcore/19604/assets/Chile/Tickets/Movies/SpiderManUnNuevoDia_copy/Es/SMBND_720x1022_2/resource.jpg,https://cinepolis.com/cl?cinema=cinepolis-mall-plaza-sur-santiago-sur&selected=cinepolis-mall-plaza-sur-santiago-sur,,,"AVENTURA, ACCIÓN",
Cinépolis Mallplaza Sur,Papi Ricky: La película,2026-08-31,21:20,2D,,93,TE7,https://tickets-static-content.cinepolis.com/pimcore/21450/assets/Chile/Tickets/Movies/PapiRickyLaPelicula/Es/720x1022_19/resource.jpg,https://cinepolis.com/cl?cinema=cinepolis-mall-plaza-sur-santiago-sur&selected=cinepolis-mall-plaza-sur-santiago-sur,,,COMEDIA,
Cinépolis Mallplaza Sur,Spider-Man: Un Nuevo Día,2026-08-31,21:30,2D,doblada,144,TE7,https://tickets-static-content.cinepolis.com/pimcore/19604/assets/Chile/Tickets/Movies/SpiderManUnNuevoDia_copy/Es/SMBND_720x1022_2/resource.jpg,https://cinepolis.com/cl?cinema=cinepolis-mall-plaza-sur-santiago-sur&selected=cinepolis-mall-plaza-sur-santiago-sur,,,"AVENTURA, ACCIÓN",
Cinépolis Mallplaza Sur,La noche del demonio: Están entre nosotros,2026-08-31,21:50,2D,subtitulada,105,14,https://tickets-static-content.cinepolis.com/pimcore/19801/assets/Chile/Tickets/Movies/LaNocheDelDemonioEstaEntreNosotros/Es/720x1022_19/resource.jpg,https://cinepolis.com/cl?cinema=cinepolis-mall-plaza-sur-santiago-sur&selected=cinepolis-mall-plaza-sur-santiago-sur,,,TERROR,
Cinépolis Mallplaza Sur,El Final De La Calle Oak,2026-08-31,22:00,2D,doblada,100,14,https://tickets-static-content.cinepolis.com/pimcore/20089/assets/Chile/Tickets/Movies/ElFinalDeLaCalleOak_copy/Es/P_720X1022_5_copy/resource.jpg,https://cinepolis.com/cl?cinema=cinepolis-mall-plaza-sur-santiago-sur&selected=cinepolis-mall-plaza-sur-santiago-sur,,,"AVENTURA, CIENCIA FICCIÓN",
Cinépolis Mallplaza Sur,La noche del demonio: Están entre nosotros,2026-09-01,13:20,2D,doblada,105,14,https://tickets-static-content.cinepolis.com/pimcore/19801/assets/Chile/Tickets/Movies/LaNocheDelDemonioEstaEntreNosotros/Es/720x1022_19/resource.jpg,https://cinepolis.com/cl?cinema=cinepolis-mall-plaza-sur-santiago-sur&selected=cinepolis-mall-plaza-sur-santiago-sur,,,TERROR,
Cinépolis Mallplaza Sur,Coyote vs ACME,2026-09-01,13:40,2D,doblada,105,TE7,https://tickets-static-content.cinepolis.com/pimcore/19803/assets/Chile/Tickets/Movies/CoyoteVSAcme/Es/720x1022_24/resource.jpg,https://cinepolis.com/cl?cinema=cinepolis-mall-plaza-sur-santiago-sur&selected=cinepolis-mall-plaza-sur-santiago-sur,,,"COMEDIA, ANIMACIÓN, AVENTURA",
Cinépolis Mallplaza Sur,Papi Ricky: La película,2026-09-01,14:05,2D,,93,TE7,https://tickets-static-content.cinepolis.com/pimcore/21450/assets/Chile/Tickets/Movies/PapiRickyLaPelicula/Es/720x1022_19/resource.jpg,https://cinepolis.com/cl?cinema=cinepolis-mall-plaza-sur-santiago-sur&selected=cinepolis-mall-plaza-sur-santiago-sur,,,COMEDIA,
Cinépolis Mallplaza Sur,La Guerra de los Últimos,2026-09-01,14:30,2D,doblada,100,14,https://tickets-static-content.cinepolis.com/pimcore/20625/assets/Chile/Tickets/Movies/LaGuerraDeLosUltimos/Es/720x1022_19/resource.jpg,https://cinepolis.com/cl?cinema=cinepolis-mall-plaza-sur-santiago-sur&selected=cinepolis-mall-plaza-sur-santiago-sur,,,"DRAMA, CIENCIA FICCIÓN",
Cinépolis Mallplaza Sur,Spider-Man: Un Nuevo Día,2026-09-01,14:45,2D,doblada,144,TE7,https://tickets-static-content.cinepolis.com/pimcore/19604/assets/Chile/Tickets/Movies/SpiderManUnNuevoDia_copy/Es/SMBND_720x1022_2/resource.jpg,https://cinepolis.com/cl?cinema=cinepolis-mall-plaza-sur-santiago-sur&selected=cinepolis-mall-plaza-sur-santiago-sur,,,"AVENTURA, ACCIÓN",
Cinépolis Mallplaza Sur,Spider-Man: Un Nuevo Día,2026-09-01,15:35,2D,doblada,144,TE7,https://tickets-static-content.cinepolis.com/pimcore/19604/assets/Chile/Tickets/Movies/SpiderManUnNuevoDia_copy/Es/SMBND_720x1022_2/resource.jpg,https://cinepolis.com/cl?cinema=cinepolis-mall-plaza-sur-santiago-sur&selected=cinepolis-mall-plaza-sur-santiago-sur,,,"AVENTURA, ACCIÓN",
Cinépolis Mallplaza Sur,La Odisea,2026-09-01,15:45,2D,subtitulada,172,14,https://tickets-static-content.cinepolis.com/pimcore/18518/assets/Chile/Tickets/Movies/LaOdisea/Es/720x1022_poster_La_odisea_copia_2__1/resource.jpg,https://cinepolis.com/cl?cinema=cinepolis-mall-plaza-sur-santiago-sur&selected=cinepolis-mall-plaza-sur-santiago-sur,,,ACCIÓN,
Cinépolis Mallplaza Sur,Coyote vs ACME,2026-09-01,16:00,2D,doblada,105,TE7,https://tickets-static-content.cinepolis.com/pimcore/19803/assets/Chile/Tickets/Movies/CoyoteVSAcme/Es/720x1022_24/resource.jpg,https://cinepolis.com/cl?cinema=cinepolis-mall-plaza-sur-santiago-sur&selected=cinepolis-mall-plaza-sur-santiago-sur,,,"COMEDIA, ANIMACIÓN, AVENTURA",
Cinépolis Mallplaza Sur,Papi Ricky: La película,2026-09-01,16:30,2D,,93,TE7,https://tickets-static-content.cinepolis.com/pimcore/21450/assets/Chile/Tickets/Movies/PapiRickyLaPelicula/Es/720x1022_19/resource.jpg,https://cinepolis.com/cl?cinema=cinepolis-mall-plaza-sur-santiago-sur&selected=cinepolis-mall-plaza-sur-santiago-sur,,,COMEDIA,
Cinépolis Mallplaza Sur,La Guerra de los Últimos,2026-09-01,17:15,2D,doblada,100,14,https://tickets-static-content.cinepolis.com/pimcore/20625/assets/Chile/Tickets/Movies/LaGuerraDeLosUltimos/Es/720x1022_19/resource.jpg,https://cinepolis.com/cl?cinema=cinepolis-mall-plaza-sur-santiago-sur&selected=cinepolis-mall-plaza-sur-santiago-sur,,,"DRAMA, CIENCIA FICCIÓN",
Cinépolis Mallplaza Sur,Spider-Man: Un Nuevo Día,2026-09-01,18:00,3D,doblada,144,TE7,https://tickets-static-content.cinepolis.com/pimcore/19604/assets/Chile/Tickets/Movies/SpiderManUnNuevoDia_copy/Es/SMBND_720x1022_2/resource.jpg,https://cinepolis.com/cl?cinema=cinepolis-mall-plaza-sur-santiago-sur&selected=cinepolis-mall-plaza-sur-santiago-sur,,,"AVENTURA, ACCIÓN",
Cinépolis Mallplaza Sur,Coyote vs ACME,2026-09-01,18:30,2D,doblada,105,TE7,https://tickets-static-content.cinepolis.com/pimcore/19803/assets/Chile/Tickets/Movies/CoyoteVSAcme/Es/720x1022_24/resource.jpg,https://cinepolis.com/cl?cinema=cinepolis-mall-plaza-sur-santiago-sur&selected=cinepolis-mall-plaza-sur-santiago-sur,,,"COMEDIA, ANIMACIÓN, AVENTURA",
Cinépolis Mallplaza Sur,Papi Ricky: La película,2026-09-01,18:50,2D,,93,TE7,https://tickets-static-content.cinepolis.com/pimcore/21450/assets/Chile/Tickets/Movies/PapiRickyLaPelicula/Es/720x1022_19/resource.jpg,https://cinepolis.com/cl?cinema=cinepolis-mall-plaza-sur-santiago-sur&selected=cinepolis-mall-plaza-sur-santiago-sur,,,COMEDIA,
Cinépolis Mallplaza Sur,Spider-Man: Un Nuevo Día,2026-09-01,18:55,2D,doblada,144,TE7,https://tickets-static-content.cinepolis.com/pimcore/19604/assets/Chile/Tickets/Movies/SpiderManUnNuevoDia_copy/Es/SMBND_720x1022_2/resource.jpg,https://cinepolis.com/cl?cinema=cinepolis-mall-plaza-sur-santiago-sur&selected=cinepolis-mall-plaza-sur-santiago-sur,,,"AVENTURA, ACCIÓN",
Cinépolis Mallplaza Sur,La noche del demonio: Están entre nosotros,2026-09-01,19:15,2D,subtitulada,105,14,https://tickets-static-content.cinepolis.com/pimcore/19801/assets/Chile/Tickets/Movies/LaNocheDelDemonioEstaEntreNosotros/Es/720x1022_19/resource.jpg,https://cinepolis.com/cl?cinema=cinepolis-mall-plaza-sur-santiago-sur&selected=cinepolis-mall-plaza-sur-santiago-sur,,,TERROR,
Cinépolis Mallplaza Sur,Harry Potter y la piedra filosofal,2026-09-01,20:00,2D,subtitulada,166,TE7,https://tickets-static-content.cinepolis.com/pimcore/21310/assets/Chile/Tickets/Movies/HarryPotterPiedraFilosofal/Es/720x1022_19/resource.jpg,https://cinepolis.com/cl?cinema=cinepolis-mall-plaza-sur-santiago-sur&selected=cinepolis-mall-plaza-sur-santiago-sur,,,"AVENTURA, FANTASÍA",
Cinépolis Mallplaza Sur,Spider-Man: Un Nuevo Día,2026-09-01,21:00,2D,doblada,144,TE7,https://tickets-static-content.cinepolis.com/pimcore/19604/assets/Chile/Tickets/Movies/SpiderManUnNuevoDia_copy/Es/SMBND_720x1022_2/resource.jpg,https://cinepolis.com/cl?cinema=cinepolis-mall-plaza-sur-santiago-sur&selected=cinepolis-mall-plaza-sur-santiago-sur,,,"AVENTURA, ACCIÓN",
Cinépolis Mallplaza Sur,Papi Ricky: La película,2026-09-01,21:20,2D,,93,TE7,https://tickets-static-content.cinepolis.com/pimcore/21450/assets/Chile/Tickets/Movies/PapiRickyLaPelicula/Es/720x1022_19/resource.jpg,https://cinepolis.com/cl?cinema=cinepolis-mall-plaza-sur-santiago-sur&selected=cinepolis-mall-plaza-sur-santiago-sur,,,COMEDIA,
Cinépolis Mallplaza Sur,Spider-Man: Un Nuevo Día,2026-09-01,21:30,2D,doblada,144,TE7,https://tickets-static-content.cinepolis.com/pimcore/19604/assets/Chile/Tickets/Movies/SpiderManUnNuevoDia_copy/Es/SMBND_720x1022_2/resource.jpg,https://cinepolis.com/cl?cinema=cinepolis-mall-plaza-sur-santiago-sur&selected=cinepolis-mall-plaza-sur-santiago-sur,,,"AVENTURA, ACCIÓN",
Cinépolis Mallplaza Sur,La noche del demonio: Están entre nosotros,2026-09-01,21:50,2D,subtitulada,105,14,https://tickets-static-content.cinepolis.com/pimcore/19801/assets/Chile/Tickets/Movies/LaNocheDelDemonioEstaEntreNosotros/Es/720x1022_19/resource.jpg,https://cinepolis.com/cl?cinema=cinepolis-mall-plaza-sur-santiago-sur&selected=cinepolis-mall-plaza-sur-santiago-sur,,,TERROR,
Cinépolis Mallplaza Sur,El Final De La Calle Oak,2026-09-01,22:00,2D,doblada,100,14,https://tickets-static-content.cinepolis.com/pimcore/20089/assets/Chile/Tickets/Movies/ElFinalDeLaCalleOak_copy/Es/P_720X1022_5_copy/resource.jpg,https://cinepolis.com/cl?cinema=cinepolis-mall-plaza-sur-santiago-sur&selected=cinepolis-mall-plaza-sur-santiago-sur,,,"AVENTURA, CIENCIA FICCIÓN",
Cinépolis Mallplaza Sur,La noche del demonio: Están entre nosotros,2026-09-02,13:20,2D,doblada,105,14,https://tickets-static-content.cinepolis.com/pimcore/19801/assets/Chile/Tickets/Movies/LaNocheDelDemonioEstaEntreNosotros/Es/720x1022_19/resource.jpg,https://cinepolis.com/cl?cinema=cinepolis-mall-plaza-sur-santiago-sur&selected=cinepolis-mall-plaza-sur-santiago-sur,,,TERROR,
Cinépolis Mallplaza Sur,Coyote vs ACME,2026-09-02,13:40,2D,doblada,105,TE7,https://tickets-static-content.cinepolis.com/pimcore/19803/assets/Chile/Tickets/Movies/CoyoteVSAcme/Es/720x1022_24/resource.jpg,https://cinepolis.com/cl?cinema=cinepolis-mall-plaza-sur-santiago-sur&selected=cinepolis-mall-plaza-sur-santiago-sur,,,"COMEDIA, ANIMACIÓN, AVENTURA",
Cinépolis Mallplaza Sur,Papi Ricky: La película,2026-09-02,14:05,2D,,93,TE7,https://tickets-static-content.cinepolis.com/pimcore/21450/assets/Chile/Tickets/Movies/PapiRickyLaPelicula/Es/720x1022_19/resource.jpg,https://cinepolis.com/cl?cinema=cinepolis-mall-plaza-sur-santiago-sur&selected=cinepolis-mall-plaza-sur-santiago-sur,,,COMEDIA,
Cinépolis Mallplaza Sur,La Guerra de los Últimos,2026-09-02,14:30,2D,doblada,100,14,https://tickets-static-content.cinepolis.com/pimcore/20625/assets/Chile/Tickets/Movies/LaGuerraDeLosUltimos/Es/720x1022_19/resource.jpg,https://cinepolis.com/cl?cinema=cinepolis-mall-plaza-sur-santiago-sur&selected=cinepolis-mall-plaza-sur-santiago-sur,,,"DRAMA, CIENCIA FICCIÓN",
Cinépolis Mallplaza Sur,Spider-Man: Un Nuevo Día,2026-09-02,14:45,2D,doblada,144,TE7,https://tickets-static-content.cinepolis.com/pimcore/19604/assets/Chile/Tickets/Movies/SpiderManUnNuevoDia_copy/Es/SMBND_720x1022_2/resource.jpg,https://cinepolis.com/cl?cinema=cinepolis-mall-plaza-sur-santiago-sur&selected=cinepolis-mall-plaza-sur-santiago-sur,,,"AVENTURA, ACCIÓN",
Cinépolis Mallplaza Sur,Spider-Man: Un Nuevo Día,2026-09-02,15:35,2D,doblada,144,TE7,https://tickets-static-content.cinepolis.com/pimcore/19604/assets/Chile/Tickets/Movies/SpiderManUnNuevoDia_copy/Es/SMBND_720x1022_2/resource.jpg,https://cinepolis.com/cl?cinema=cinepolis-mall-plaza-sur-santiago-sur&selected=cinepolis-mall-plaza-sur-santiago-sur,,,"AVENTURA, ACCIÓN",
Cinépolis Mallplaza Sur,La Odisea,2026-09-02,15:45,2D,subtitulada,172,14,https://tickets-static-content.cinepolis.com/pimcore/18518/assets/Chile/Tickets/Movies/LaOdisea/Es/720x1022_poster_La_odisea_copia_2__1/resource.jpg,https://cinepolis.com/cl?cinema=cinepolis-mall-plaza-sur-santiago-sur&selected=cinepolis-mall-plaza-sur-santiago-sur,,,ACCIÓN,
Cinépolis Mallplaza Sur,Coyote vs ACME,2026-09-02,16:00,2D,doblada,105,TE7,https://tickets-static-content.cinepolis.com/pimcore/19803/assets/Chile/Tickets/Movies/CoyoteVSAcme/Es/720x1022_24/resource.jpg,https://cinepolis.com/cl?cinema=cinepolis-mall-plaza-sur-santiago-sur&selected=cinepolis-mall-plaza-sur-santiago-sur,,,"COMEDIA, ANIMACIÓN, AVENTURA",
Cinépolis Mallplaza Sur,Papi Ricky: La película,2026-09-02,16:30,2D,,93,TE7,https://tickets-static-content.cinepolis.com/pimcore/21450/assets/Chile/Tickets/Movies/PapiRickyLaPelicula/Es/720x1022_19/resource.jpg,https://cinepolis.com/cl?cinema=cinepolis-mall-plaza-sur-santiago-sur&selected=cinepolis-mall-plaza-sur-santiago-sur,,,COMEDIA,
Cinépolis Mallplaza Sur,La Guerra de los Últimos,2026-09-02,17:15,2D,doblada,100,14,https://tickets-static-content.cinepolis.com/pimcore/20625/assets/Chile/Tickets/Movies/LaGuerraDeLosUltimos/Es/720x1022_19/resource.jpg,https://cinepolis.com/cl?cinema=cinepolis-mall-plaza-sur-santiago-sur&selected=cinepolis-mall-plaza-sur-santiago-sur,,,"DRAMA, CIENCIA FICCIÓN",
Cinépolis Mallplaza Sur,Spider-Man: Un Nuevo Día,2026-09-02,18:00,3D,doblada,144,TE7,https://tickets-static-content.cinepolis.com/pimcore/19604/assets/Chile/Tickets/Movies/SpiderManUnNuevoDia_copy/Es/SMBND_720x1022_2/resource.jpg,https://cinepolis.com/cl?cinema=cinepolis-mall-plaza-sur-santiago-sur&selected=cinepolis-mall-plaza-sur-santiago-sur,,,"AVENTURA, ACCIÓN",
Cinépolis Mallplaza Sur,Coyote vs ACME,2026-09-02,18:30,2D,doblada,105,TE7,https://tickets-static-content.cinepolis.com/pimcore/19803/assets/Chile/Tickets/Movies/CoyoteVSAcme/Es/720x1022_24/resource.jpg,https://cinepolis.com/cl?cinema=cinepolis-mall-plaza-sur-santiago-sur&selected=cinepolis-mall-plaza-sur-santiago-sur,,,"COMEDIA, ANIMACIÓN, AVENTURA",
Cinépolis Mallplaza Sur,Papi Ricky: La película,2026-09-02,18:50,2D,,93,TE7,https://tickets-static-content.cinepolis.com/pimcore/21450/assets/Chile/Tickets/Movies/PapiRickyLaPelicula/Es/720x1022_19/resource.jpg,https://cinepolis.com/cl?cinema=cinepolis-mall-plaza-sur-santiago-sur&selected=cinepolis-mall-plaza-sur-santiago-sur,,,COMEDIA,
Cinépolis Mallplaza Sur,Spider-Man: Un Nuevo Día,2026-09-02,18:55,2D,doblada,144,TE7,https://tickets-static-content.cinepolis.com/pimcore/19604/assets/Chile/Tickets/Movies/SpiderManUnNuevoDia_copy/Es/SMBND_720x1022_2/resource.jpg,https://cinepolis.com/cl?cinema=cinepolis-mall-plaza-sur-santiago-sur&selected=cinepolis-mall-plaza-sur-santiago-sur,,,"AVENTURA, ACCIÓN",
Cinépolis Mallplaza Sur,La noche del demonio: Están entre nosotros,2026-09-02,19:15,2D,subtitulada,105,14,https://tickets-static-content.cinepolis.com/pimcore/19801/assets/Chile/Tickets/Movies/LaNocheDelDemonioEstaEntreNosotros/Es/720x1022_19/resource.jpg,https://cinepolis.com/cl?cinema=cinepolis-mall-plaza-sur-santiago-sur&selected=cinepolis-mall-plaza-sur-santiago-sur,,,TERROR,
Cinépolis Mallplaza Sur,Harry Potter y la piedra filosofal,2026-09-02,20:00,2D,subtitulada,166,TE7,https://tickets-static-content.cinepolis.com/pimcore/21310/assets/Chile/Tickets/Movies/HarryPotterPiedraFilosofal/Es/720x1022_19/resource.jpg,https://cinepolis.com/cl?cinema=cinepolis-mall-plaza-sur-santiago-sur&selected=cinepolis-mall-plaza-sur-santiago-sur,,,"AVENTURA, FANTASÍA",
Cinépolis Mallplaza Sur,Spider-Man: Un Nuevo Día,2026-09-02,21:00,2D,doblada,144,TE7,https://tickets-static-content.cinepolis.com/pimcore/19604/assets/Chile/Tickets/Movies/SpiderManUnNuevoDia_copy/Es/SMBND_720x1022_2/resource.jpg,https://cinepolis.com/cl?cinema=cinepolis-mall-plaza-sur-santiago-sur&selected=cinepolis-mall-plaza-sur-santiago-sur,,,"AVENTURA, ACCIÓN",
Cinépolis Mallplaza Sur,Papi Ricky: La película,2026-09-02,21:20,2D,,93,TE7,https://tickets-static-content.cinepolis.com/pimcore/21450/assets/Chile/Tickets/Movies/PapiRickyLaPelicula/Es/720x1022_19/resource.jpg,https://cinepolis.com/cl?cinema=cinepolis-mall-plaza-sur-santiago-sur&selected=cinepolis-mall-plaza-sur-santiago-sur,,,COMEDIA,
Cinépolis Mallplaza Sur,Spider-Man: Un Nuevo Día,2026-09-02,21:30,2D,doblada,144,TE7,https://tickets-static-content.cinepolis.com/pimcore/19604/assets/Chile/Tickets/Movies/SpiderManUnNuevoDia_copy/Es/SMBND_720x1022_2/resource.jpg,https://cinepolis.com/cl?cinema=cinepolis-mall-plaza-sur-santiago-sur&selected=cinepolis-mall-plaza-sur-santiago-sur,,,"AVENTURA, ACCIÓN",
Cinépolis Mallplaza Sur,La noche del demonio: Están entre nosotros,2026-09-02,21:50,2D,subtitulada,105,14,https://tickets-static-content.cinepolis.com/pimcore/19801/assets/Chile/Tickets/Movies/LaNocheDelDemonioEstaEntreNosotros/Es/720x1022_19/resource.jpg,https://cinepolis.com/cl?cinema=cinepolis-mall-plaza-sur-santiago-sur&selected=cinepolis-mall-plaza-sur-santiago-sur,,,TERROR,
Cinépolis Mallplaza Sur,El Final De La Calle Oak,2026-09-02,22:00,2D,doblada,100,14,https://tickets-static-content.cinepolis.com/pimcore/20089/assets/Chile/Tickets/Movies/ElFinalDeLaCalleOak_copy/Es/P_720X1022_5_copy/resource.jpg,https://cinepolis.com/cl?cinema=cinepolis-mall-plaza-sur-santiago-sur&selected=cinepolis-mall-plaza-sur-santiago-sur,,,"AVENTURA, CIENCIA FICCIÓN",
Cinépolis Melipilla,Coyote vs ACME,2026-08-31,14:30,2D,doblada,105,TE7,https://tickets-static-content.cinepolis.com/pimcore/19803/assets/Chile/Tickets/Movies/CoyoteVSAcme/Es/720x1022_24/resource.jpg,https://cinepolis.com/cl?cinema=cinepolis-santa-maria-melipilla-santiago-poniente-y-norte&selected=cinepolis-santa-maria-melipilla-santiago-poniente-y-norte,,,"COMEDIA, ANIMACIÓN, AVENTURA",
Cinépolis Melipilla,PAW Patrol: La Dino Película,2026-08-31,15:10,2D,doblada,88,TE,https://tickets-static-content.cinepolis.com/pimcore/20418/assets/Chile/Tickets/Movies/PAWPatrolLaDinoPelicula_copy/Es/PP3_Desktop_Poster_720x1022_2/resource.jpg,https://cinepolis.com/cl?cinema=cinepolis-santa-maria-melipilla-santiago-poniente-y-norte&selected=cinepolis-santa-maria-melipilla-santiago-poniente-y-norte,,,ANIMACIÓN,
Cinépolis Melipilla,Spider-Man: Un Nuevo Día,2026-08-31,15:30,2D,doblada,144,TE7,https://tickets-static-content.cinepolis.com/pimcore/19604/assets/Chile/Tickets/Movies/SpiderManUnNuevoDia_copy/Es/SMBND_720x1022_2/resource.jpg,https://cinepolis.com/cl?cinema=cinepolis-santa-maria-melipilla-santiago-poniente-y-norte&selected=cinepolis-santa-maria-melipilla-santiago-poniente-y-norte,,,"AVENTURA, ACCIÓN",
Cinépolis Melipilla,Papi Ricky: La película,2026-08-31,16:00,2D,,93,TE7,https://tickets-static-content.cinepolis.com/pimcore/21450/assets/Chile/Tickets/Movies/PapiRickyLaPelicula/Es/720x1022_19/resource.jpg,https://cinepolis.com/cl?cinema=cinepolis-santa-maria-melipilla-santiago-poniente-y-norte&selected=cinepolis-santa-maria-melipilla-santiago-poniente-y-norte,,,COMEDIA,
Cinépolis Melipilla,La noche del demonio: Están entre nosotros,2026-08-31,17:00,2D,doblada,105,14,https://tickets-static-content.cinepolis.com/pimcore/19801/assets/Chile/Tickets/Movies/LaNocheDelDemonioEstaEntreNosotros/Es/720x1022_19/resource.jpg,https://cinepolis.com/cl?cinema=cinepolis-santa-maria-melipilla-santiago-poniente-y-norte&selected=cinepolis-santa-maria-melipilla-santiago-poniente-y-norte,,,TERROR,
Cinépolis Melipilla,La Guerra de los Últimos,2026-08-31,17:15,2D,subtitulada,100,14,https://tickets-static-content.cinepolis.com/pimcore/20625/assets/Chile/Tickets/Movies/LaGuerraDeLosUltimos/Es/720x1022_19/resource.jpg,https://cinepolis.com/cl?cinema=cinepolis-santa-maria-melipilla-santiago-poniente-y-norte&selected=cinepolis-santa-maria-melipilla-santiago-poniente-y-norte,,,"DRAMA, CIENCIA FICCIÓN",
Cinépolis Melipilla,Papi Ricky: La película,2026-08-31,18:30,2D,,93,TE7,https://tickets-static-content.cinepolis.com/pimcore/21450/assets/Chile/Tickets/Movies/PapiRickyLaPelicula/Es/720x1022_19/resource.jpg,https://cinepolis.com/cl?cinema=cinepolis-santa-maria-melipilla-santiago-poniente-y-norte&selected=cinepolis-santa-maria-melipilla-santiago-poniente-y-norte,,,COMEDIA,
Cinépolis Melipilla,Spider-Man: Un Nuevo Día,2026-08-31,18:45,2D,doblada,144,TE7,https://tickets-static-content.cinepolis.com/pimcore/19604/assets/Chile/Tickets/Movies/SpiderManUnNuevoDia_copy/Es/SMBND_720x1022_2/resource.jpg,https://cinepolis.com/cl?cinema=cinepolis-santa-maria-melipilla-santiago-poniente-y-norte&selected=cinepolis-santa-maria-melipilla-santiago-poniente-y-norte,,,"AVENTURA, ACCIÓN",
Cinépolis Melipilla,Coyote vs ACME,2026-08-31,19:35,2D,doblada,105,TE7,https://tickets-static-content.cinepolis.com/pimcore/19803/assets/Chile/Tickets/Movies/CoyoteVSAcme/Es/720x1022_24/resource.jpg,https://cinepolis.com/cl?cinema=cinepolis-santa-maria-melipilla-santiago-poniente-y-norte&selected=cinepolis-santa-maria-melipilla-santiago-poniente-y-norte,,,"COMEDIA, ANIMACIÓN, AVENTURA",
Cinépolis Melipilla,Harry Potter y la piedra filosofal,2026-08-31,20:00,2D,subtitulada,166,TE7,https://tickets-static-content.cinepolis.com/pimcore/21310/assets/Chile/Tickets/Movies/HarryPotterPiedraFilosofal/Es/720x1022_19/resource.jpg,https://cinepolis.com/cl?cinema=cinepolis-santa-maria-melipilla-santiago-poniente-y-norte&selected=cinepolis-santa-maria-melipilla-santiago-poniente-y-norte,,,"AVENTURA, FANTASÍA",
Cinépolis Melipilla,La Odisea,2026-08-31,21:10,2D,subtitulada,172,14,https://tickets-static-content.cinepolis.com/pimcore/18518/assets/Chile/Tickets/Movies/LaOdisea/Es/720x1022_poster_La_odisea_copia_2__1/resource.jpg,https://cinepolis.com/cl?cinema=cinepolis-santa-maria-melipilla-santiago-poniente-y-norte&selected=cinepolis-santa-maria-melipilla-santiago-poniente-y-norte,,,ACCIÓN,
Cinépolis Melipilla,Spider-Man: Un Nuevo Día,2026-08-31,22:00,2D,doblada,144,TE7,https://tickets-static-content.cinepolis.com/pimcore/19604/assets/Chile/Tickets/Movies/SpiderManUnNuevoDia_copy/Es/SMBND_720x1022_2/resource.jpg,https://cinepolis.com/cl?cinema=cinepolis-santa-maria-melipilla-santiago-poniente-y-norte&selected=cinepolis-santa-maria-melipilla-santiago-poniente-y-norte,,,"AVENTURA, ACCIÓN",
Cinépolis Melipilla,La noche del demonio: Están entre nosotros,2026-08-31,22:15,2D,doblada,105,14,https://tickets-static-content.cinepolis.com/pimcore/19801/assets/Chile/Tickets/Movies/LaNocheDelDemonioEstaEntreNosotros/Es/720x1022_19/resource.jpg,https://cinepolis.com/cl?cinema=cinepolis-santa-maria-melipilla-santiago-poniente-y-norte&selected=cinepolis-santa-maria-melipilla-santiago-poniente-y-norte,,,TERROR,
Cinépolis Melipilla,Coyote vs ACME,2026-09-01,14:30,2D,doblada,105,TE7,https://tickets-static-content.cinepolis.com/pimcore/19803/assets/Chile/Tickets/Movies/CoyoteVSAcme/Es/720x1022_24/resource.jpg,https://cinepolis.com/cl?cinema=cinepolis-santa-maria-melipilla-santiago-poniente-y-norte&selected=cinepolis-santa-maria-melipilla-santiago-poniente-y-norte,,,"COMEDIA, ANIMACIÓN, AVENTURA",
Cinépolis Melipilla,PAW Patrol: La Dino Película,2026-09-01,15:10,2D,doblada,88,TE,https://tickets-static-content.cinepolis.com/pimcore/20418/assets/Chile/Tickets/Movies/PAWPatrolLaDinoPelicula_copy/Es/PP3_Desktop_Poster_720x1022_2/resource.jpg,https://cinepolis.com/cl?cinema=cinepolis-santa-maria-melipilla-santiago-poniente-y-norte&selected=cinepolis-santa-maria-melipilla-santiago-poniente-y-norte,,,ANIMACIÓN,
Cinépolis Melipilla,Spider-Man: Un Nuevo Día,2026-09-01,15:30,2D,doblada,144,TE7,https://tickets-static-content.cinepolis.com/pimcore/19604/assets/Chile/Tickets/Movies/SpiderManUnNuevoDia_copy/Es/SMBND_720x1022_2/resource.jpg,https://cinepolis.com/cl?cinema=cinepolis-santa-maria-melipilla-santiago-poniente-y-norte&selected=cinepolis-santa-maria-melipilla-santiago-poniente-y-norte,,,"AVENTURA, ACCIÓN",
Cinépolis Melipilla,Papi Ricky: La película,2026-09-01,16:00,2D,,93,TE7,https://tickets-static-content.cinepolis.com/pimcore/21450/assets/Chile/Tickets/Movies/PapiRickyLaPelicula/Es/720x1022_19/resource.jpg,https://cinepolis.com/cl?cinema=cinepolis-santa-maria-melipilla-santiago-poniente-y-norte&selected=cinepolis-santa-maria-melipilla-santiago-poniente-y-norte,,,COMEDIA,
Cinépolis Melipilla,La noche del demonio: Están entre nosotros,2026-09-01,17:00,2D,doblada,105,14,https://tickets-static-content.cinepolis.com/pimcore/19801/assets/Chile/Tickets/Movies/LaNocheDelDemonioEstaEntreNosotros/Es/720x1022_19/resource.jpg,https://cinepolis.com/cl?cinema=cinepolis-santa-maria-melipilla-santiago-poniente-y-norte&selected=cinepolis-santa-maria-melipilla-santiago-poniente-y-norte,,,TERROR,
Cinépolis Melipilla,La Guerra de los Últimos,2026-09-01,17:15,2D,subtitulada,100,14,https://tickets-static-content.cinepolis.com/pimcore/20625/assets/Chile/Tickets/Movies/LaGuerraDeLosUltimos/Es/720x1022_19/resource.jpg,https://cinepolis.com/cl?cinema=cinepolis-santa-maria-melipilla-santiago-poniente-y-norte&selected=cinepolis-santa-maria-melipilla-santiago-poniente-y-norte,,,"DRAMA, CIENCIA FICCIÓN",
Cinépolis Melipilla,Papi Ricky: La película,2026-09-01,18:30,2D,,93,TE7,https://tickets-static-content.cinepolis.com/pimcore/21450/assets/Chile/Tickets/Movies/PapiRickyLaPelicula/Es/720x1022_19/resource.jpg,https://cinepolis.com/cl?cinema=cinepolis-santa-maria-melipilla-santiago-poniente-y-norte&selected=cinepolis-santa-maria-melipilla-santiago-poniente-y-norte,,,COMEDIA,
Cinépolis Melipilla,Spider-Man: Un Nuevo Día,2026-09-01,18:45,2D,doblada,144,TE7,https://tickets-static-content.cinepolis.com/pimcore/19604/assets/Chile/Tickets/Movies/SpiderManUnNuevoDia_copy/Es/SMBND_720x1022_2/resource.jpg,https://cinepolis.com/cl?cinema=cinepolis-santa-maria-melipilla-santiago-poniente-y-norte&selected=cinepolis-santa-maria-melipilla-santiago-poniente-y-norte,,,"AVENTURA, ACCIÓN",
Cinépolis Melipilla,Coyote vs ACME,2026-09-01,19:35,2D,doblada,105,TE7,https://tickets-static-content.cinepolis.com/pimcore/19803/assets/Chile/Tickets/Movies/CoyoteVSAcme/Es/720x1022_24/resource.jpg,https://cinepolis.com/cl?cinema=cinepolis-santa-maria-melipilla-santiago-poniente-y-norte&selected=cinepolis-santa-maria-melipilla-santiago-poniente-y-norte,,,"COMEDIA, ANIMACIÓN, AVENTURA",
Cinépolis Melipilla,Harry Potter y la piedra filosofal,2026-09-01,20:00,2D,subtitulada,166,TE7,https://tickets-static-content.cinepolis.com/pimcore/21310/assets/Chile/Tickets/Movies/HarryPotterPiedraFilosofal/Es/720x1022_19/resource.jpg,https://cinepolis.com/cl?cinema=cinepolis-santa-maria-melipilla-santiago-poniente-y-norte&selected=cinepolis-santa-maria-melipilla-santiago-poniente-y-norte,,,"AVENTURA, FANTASÍA",
Cinépolis Melipilla,La Odisea,2026-09-01,21:10,2D,subtitulada,172,14,https://tickets-static-content.cinepolis.com/pimcore/18518/assets/Chile/Tickets/Movies/LaOdisea/Es/720x1022_poster_La_odisea_copia_2__1/resource.jpg,https://cinepolis.com/cl?cinema=cinepolis-santa-maria-melipilla-santiago-poniente-y-norte&selected=cinepolis-santa-maria-melipilla-santiago-poniente-y-norte,,,ACCIÓN,
Cinépolis Melipilla,Spider-Man: Un Nuevo Día,2026-09-01,22:00,2D,doblada,144,TE7,https://tickets-static-content.cinepolis.com/pimcore/19604/assets/Chile/Tickets/Movies/SpiderManUnNuevoDia_copy/Es/SMBND_720x1022_2/resource.jpg,https://cinepolis.com/cl?cinema=cinepolis-santa-maria-melipilla-santiago-poniente-y-norte&selected=cinepolis-santa-maria-melipilla-santiago-poniente-y-norte,,,"AVENTURA, ACCIÓN",
Cinépolis Melipilla,La noche del demonio: Están entre nosotros,2026-09-01,22:15,2D,doblada,105,14,https://tickets-static-content.cinepolis.com/pimcore/19801/assets/Chile/Tickets/Movies/LaNocheDelDemonioEstaEntreNosotros/Es/720x1022_19/resource.jpg,https://cinepolis.com/cl?cinema=cinepolis-santa-maria-melipilla-santiago-poniente-y-norte&selected=cinepolis-santa-maria-melipilla-santiago-poniente-y-norte,,,TERROR,
Cinépolis Melipilla,Coyote vs ACME,2026-09-02,14:30,2D,doblada,105,TE7,https://tickets-static-content.cinepolis.com/pimcore/19803/assets/Chile/Tickets/Movies/CoyoteVSAcme/Es/720x1022_24/resource.jpg,https://cinepolis.com/cl?cinema=cinepolis-santa-maria-melipilla-santiago-poniente-y-norte&selected=cinepolis-santa-maria-melipilla-santiago-poniente-y-norte,,,"COMEDIA, ANIMACIÓN, AVENTURA",
Cinépolis Melipilla,PAW Patrol: La Dino Película,2026-09-02,15:10,2D,doblada,88,TE,https://tickets-static-content.cinepolis.com/pimcore/20418/assets/Chile/Tickets/Movies/PAWPatrolLaDinoPelicula_copy/Es/PP3_Desktop_Poster_720x1022_2/resource.jpg,https://cinepolis.com/cl?cinema=cinepolis-santa-maria-melipilla-santiago-poniente-y-norte&selected=cinepolis-santa-maria-melipilla-santiago-poniente-y-norte,,,ANIMACIÓN,
Cinépolis Melipilla,Spider-Man: Un Nuevo Día,2026-09-02,15:30,2D,doblada,144,TE7,https://tickets-static-content.cinepolis.com/pimcore/19604/assets/Chile/Tickets/Movies/SpiderManUnNuevoDia_copy/Es/SMBND_720x1022_2/resource.jpg,https://cinepolis.com/cl?cinema=cinepolis-santa-maria-melipilla-santiago-poniente-y-norte&selected=cinepolis-santa-maria-melipilla-santiago-poniente-y-norte,,,"AVENTURA, ACCIÓN",
Cinépolis Melipilla,Papi Ricky: La película,2026-09-02,16:00,2D,,93,TE7,https://tickets-static-content.cinepolis.com/pimcore/21450/assets/Chile/Tickets/Movies/PapiRickyLaPelicula/Es/720x1022_19/resource.jpg,https://cinepolis.com/cl?cinema=cinepolis-santa-maria-melipilla-santiago-poniente-y-norte&selected=cinepolis-santa-maria-melipilla-santiago-poniente-y-norte,,,COMEDIA,
Cinépolis Melipilla,La noche del demonio: Están entre nosotros,2026-09-02,17:00,2D,doblada,105,14,https://tickets-static-content.cinepolis.com/pimcore/19801/assets/Chile/Tickets/Movies/LaNocheDelDemonioEstaEntreNosotros/Es/720x1022_19/resource.jpg,https://cinepolis.com/cl?cinema=cinepolis-santa-maria-melipilla-santiago-poniente-y-norte&selected=cinepolis-santa-maria-melipilla-santiago-poniente-y-norte,,,TERROR,
Cinépolis Melipilla,La Guerra de los Últimos,2026-09-02,17:15,2D,subtitulada,100,14,https://tickets-static-content.cinepolis.com/pimcore/20625/assets/Chile/Tickets/Movies/LaGuerraDeLosUltimos/Es/720x1022_19/resource.jpg,https://cinepolis.com/cl?cinema=cinepolis-santa-maria-melipilla-santiago-poniente-y-norte&selected=cinepolis-santa-maria-melipilla-santiago-poniente-y-norte,,,"DRAMA, CIENCIA FICCIÓN",
Cinépolis Melipilla,Papi Ricky: La película,2026-09-02,18:30,2D,,93,TE7,https://tickets-static-content.cinepolis.com/pimcore/21450/assets/Chile/Tickets/Movies/PapiRickyLaPelicula/Es/720x1022_19/resource.jpg,https://cinepolis.com/cl?cinema=cinepolis-santa-maria-melipilla-santiago-poniente-y-norte&selected=cinepolis-santa-maria-melipilla-santiago-poniente-y-norte,,,COMEDIA,
Cinépolis Melipilla,Spider-Man: Un Nuevo Día,2026-09-02,18:45,2D,doblada,144,TE7,https://tickets-static-content.cinepolis.com/pimcore/19604/assets/Chile/Tickets/Movies/SpiderManUnNuevoDia_copy/Es/SMBND_720x1022_2/resource.jpg,https://cinepolis.com/cl?cinema=cinepolis-santa-maria-melipilla-santiago-poniente-y-norte&selected=cinepolis-santa-maria-melipilla-santiago-poniente-y-norte,,,"AVENTURA, ACCIÓN",
Cinépolis Melipilla,Coyote vs ACME,2026-09-02,19:35,2D,doblada,105,TE7,https://tickets-static-content.cinepolis.com/pimcore/19803/assets/Chile/Tickets/Movies/CoyoteVSAcme/Es/720x1022_24/resource.jpg,https://cinepolis.com/cl?cinema=cinepolis-santa-maria-melipilla-santiago-poniente-y-norte&selected=cinepolis-santa-maria-melipilla-santiago-poniente-y-norte,,,"COMEDIA, ANIMACIÓN, AVENTURA",
Cinépolis Melipilla,Harry Potter y la piedra filosofal,2026-09-02,20:00,2D,subtitulada,166,TE7,https://tickets-static-content.cinepolis.com/pimcore/21310/assets/Chile/Tickets/Movies/HarryPotterPiedraFilosofal/Es/720x1022_19/resource.jpg,https://cinepolis.com/cl?cinema=cinepolis-santa-maria-melipilla-santiago-poniente-y-norte&selected=cinepolis-santa-maria-melipilla-santiago-poniente-y-norte,,,"AVENTURA, FANTASÍA",
Cinépolis Melipilla,La Odisea,2026-09-02,21:10,2D,subtitulada,172,14,https://tickets-static-content.cinepolis.com/pimcore/18518/assets/Chile/Tickets/Movies/LaOdisea/Es/720x1022_poster_La_odisea_copia_2__1/resource.jpg,https://cinepolis.com/cl?cinema=cinepolis-santa-maria-melipilla-santiago-poniente-y-norte&selected=cinepolis-santa-maria-melipilla-santiago-poniente-y-norte,,,ACCIÓN,
Cinépolis Melipilla,Spider-Man: Un Nuevo Día,2026-09-02,22:00,2D,doblada,144,TE7,https://tickets-static-content.cinepolis.com/pimcore/19604/assets/Chile/Tickets/Movies/SpiderManUnNuevoDia_copy/Es/SMBND_720x1022_2/resource.jpg,https://cinepolis.com/cl?cinema=cinepolis-santa-maria-melipilla-santiago-poniente-y-norte&selected=cinepolis-santa-maria-melipilla-santiago-poniente-y-norte,,,"AVENTURA, ACCIÓN",
Cinépolis Melipilla,La noche del demonio: Están entre nosotros,2026-09-02,22:15,2D,doblada,105,14,https://tickets-static-content.cinepolis.com/pimcore/19801/assets/Chile/Tickets/Movies/LaNocheDelDemonioEstaEntreNosotros/Es/720x1022_19/resource.jpg,https://cinepolis.com/cl?cinema=cinepolis-santa-maria-melipilla-santiago-poniente-y-norte&selected=cinepolis-santa-maria-melipilla-santiago-poniente-y-norte,,,TERROR,
Cinépolis Melipilla (Serrano 395),Coyote vs ACME,2026-08-31,13:30,2D,doblada,105,TE7,https://tickets-static-content.cinepolis.com/pimcore/19803/assets/Chile/Tickets/Movies/CoyoteVSAcme/Es/720x1022_24/resource.jpg,https://cinepolis.com/cl?cinema=cinepolis-espacio-urbano-melipilla-santiago-poniente-y-norte&selected=cinepolis-espacio-urbano-melipilla-santiago-poniente-y-norte,,,"COMEDIA, ANIMACIÓN, AVENTURA",
Cinépolis Melipilla (Serrano 395),Spider-Man: Un Nuevo Día,2026-08-31,13:55,2D,doblada,144,TE7,https://tickets-static-content.cinepolis.com/pimcore/19604/assets/Chile/Tickets/Movies/SpiderManUnNuevoDia_copy/Es/SMBND_720x1022_2/resource.jpg,https://cinepolis.com/cl?cinema=cinepolis-espacio-urbano-melipilla-santiago-poniente-y-norte&selected=cinepolis-espacio-urbano-melipilla-santiago-poniente-y-norte,,,"AVENTURA, ACCIÓN",
Cinépolis Melipilla (Serrano 395),Spider-Man: Un Nuevo Día,2026-08-31,14:50,2D,doblada,144,TE7,https://tickets-static-content.cinepolis.com/pimcore/19604/assets/Chile/Tickets/Movies/SpiderManUnNuevoDia_copy/Es/SMBND_720x1022_2/resource.jpg,https://cinepolis.com/cl?cinema=cinepolis-espacio-urbano-melipilla-santiago-poniente-y-norte&selected=cinepolis-espacio-urbano-melipilla-santiago-poniente-y-norte,,,"AVENTURA, ACCIÓN",
Cinépolis Melipilla (Serrano 395),Papi Ricky: La película,2026-08-31,16:15,2D,,93,TE7,https://tickets-static-content.cinepolis.com/pimcore/21450/assets/Chile/Tickets/Movies/PapiRickyLaPelicula/Es/720x1022_19/resource.jpg,https://cinepolis.com/cl?cinema=cinepolis-espacio-urbano-melipilla-santiago-poniente-y-norte&selected=cinepolis-espacio-urbano-melipilla-santiago-poniente-y-norte,,,COMEDIA,
Cinépolis Melipilla (Serrano 395),Spider-Man: Un Nuevo Día,2026-08-31,17:15,2D,doblada,144,TE7,https://tickets-static-content.cinepolis.com/pimcore/19604/assets/Chile/Tickets/Movies/SpiderManUnNuevoDia_copy/Es/SMBND_720x1022_2/resource.jpg,https://cinepolis.com/cl?cinema=cinepolis-espacio-urbano-melipilla-santiago-poniente-y-norte&selected=cinepolis-espacio-urbano-melipilla-santiago-poniente-y-norte,,,"AVENTURA, ACCIÓN",
Cinépolis Melipilla (Serrano 395),Harry Potter y la piedra filosofal,2026-08-31,18:00,2D,doblada,166,TE7,https://tickets-static-content.cinepolis.com/pimcore/21310/assets/Chile/Tickets/Movies/HarryPotterPiedraFilosofal/Es/720x1022_19/resource.jpg,https://cinepolis.com/cl?cinema=cinepolis-espacio-urbano-melipilla-santiago-poniente-y-norte&selected=cinepolis-espacio-urbano-melipilla-santiago-poniente-y-norte,,,"AVENTURA, FANTASÍA",
Cinépolis Melipilla (Serrano 395),Coyote vs ACME,2026-08-31,18:40,2D,doblada,105,TE7,https://tickets-static-content.cinepolis.com/pimcore/19803/assets/Chile/Tickets/Movies/CoyoteVSAcme/Es/720x1022_24/resource.jpg,https://cinepolis.com/cl?cinema=cinepolis-espacio-urbano-melipilla-santiago-poniente-y-norte&selected=cinepolis-espacio-urbano-melipilla-santiago-poniente-y-norte,,,"COMEDIA, ANIMACIÓN, AVENTURA",
Cinépolis Melipilla (Serrano 395),Spider-Man: Un Nuevo Día,2026-08-31,20:30,2D,doblada,144,TE7,https://tickets-static-content.cinepolis.com/pimcore/19604/assets/Chile/Tickets/Movies/SpiderManUnNuevoDia_copy/Es/SMBND_720x1022_2/resource.jpg,https://cinepolis.com/cl?cinema=cinepolis-espacio-urbano-melipilla-santiago-poniente-y-norte&selected=cinepolis-espacio-urbano-melipilla-santiago-poniente-y-norte,,,"AVENTURA, ACCIÓN",
Cinépolis Melipilla (Serrano 395),La Guerra de los Últimos,2026-08-31,21:10,2D,doblada,100,14,https://tickets-static-content.cinepolis.com/pimcore/20625/assets/Chile/Tickets/Movies/LaGuerraDeLosUltimos/Es/720x1022_19/resource.jpg,https://cinepolis.com/cl?cinema=cinepolis-espacio-urbano-melipilla-santiago-poniente-y-norte&selected=cinepolis-espacio-urbano-melipilla-santiago-poniente-y-norte,,,"DRAMA, CIENCIA FICCIÓN",
Cinépolis Melipilla (Serrano 395),La noche del demonio: Están entre nosotros,2026-08-31,21:30,2D,doblada,105,14,https://tickets-static-content.cinepolis.com/pimcore/19801/assets/Chile/Tickets/Movies/LaNocheDelDemonioEstaEntreNosotros/Es/720x1022_19/resource.jpg,https://cinepolis.com/cl?cinema=cinepolis-espacio-urbano-melipilla-santiago-poniente-y-norte&selected=cinepolis-espacio-urbano-melipilla-santiago-poniente-y-norte,,,TERROR,
Cinépolis Melipilla (Serrano 395),Coyote vs ACME,2026-09-01,13:30,2D,doblada,105,TE7,https://tickets-static-content.cinepolis.com/pimcore/19803/assets/Chile/Tickets/Movies/CoyoteVSAcme/Es/720x1022_24/resource.jpg,https://cinepolis.com/cl?cinema=cinepolis-espacio-urbano-melipilla-santiago-poniente-y-norte&selected=cinepolis-espacio-urbano-melipilla-santiago-poniente-y-norte,,,"COMEDIA, ANIMACIÓN, AVENTURA",
Cinépolis Melipilla (Serrano 395),Spider-Man: Un Nuevo Día,2026-09-01,13:55,2D,doblada,144,TE7,https://tickets-static-content.cinepolis.com/pimcore/19604/assets/Chile/Tickets/Movies/SpiderManUnNuevoDia_copy/Es/SMBND_720x1022_2/resource.jpg,https://cinepolis.com/cl?cinema=cinepolis-espacio-urbano-melipilla-santiago-poniente-y-norte&selected=cinepolis-espacio-urbano-melipilla-santiago-poniente-y-norte,,,"AVENTURA, ACCIÓN",
Cinépolis Melipilla (Serrano 395),Spider-Man: Un Nuevo Día,2026-09-01,14:50,2D,doblada,144,TE7,https://tickets-static-content.cinepolis.com/pimcore/19604/assets/Chile/Tickets/Movies/SpiderManUnNuevoDia_copy/Es/SMBND_720x1022_2/resource.jpg,https://cinepolis.com/cl?cinema=cinepolis-espacio-urbano-melipilla-santiago-poniente-y-norte&selected=cinepolis-espacio-urbano-melipilla-santiago-poniente-y-norte,,,"AVENTURA, ACCIÓN",
Cinépolis Melipilla (Serrano 395),Papi Ricky: La película,2026-09-01,16:15,2D,,93,TE7,https://tickets-static-content.cinepolis.com/pimcore/21450/assets/Chile/Tickets/Movies/PapiRickyLaPelicula/Es/720x1022_19/resource.jpg,https://cinepolis.com/cl?cinema=cinepolis-espacio-urbano-melipilla-santiago-poniente-y-norte&selected=cinepolis-espacio-urbano-melipilla-santiago-poniente-y-norte,,,COMEDIA,
Cinépolis Melipilla (Serrano 395),Spider-Man: Un Nuevo Día,2026-09-01,17:15,2D,doblada,144,TE7,https://tickets-static-content.cinepolis.com/pimcore/19604/assets/Chile/Tickets/Movies/SpiderManUnNuevoDia_copy/Es/SMBND_720x1022_2/resource.jpg,https://cinepolis.com/cl?cinema=cinepolis-espacio-urbano-melipilla-santiago-poniente-y-norte&selected=cinepolis-espacio-urbano-melipilla-santiago-poniente-y-norte,,,"AVENTURA, ACCIÓN",
Cinépolis Melipilla (Serrano 395),Harry Potter y la piedra filosofal,2026-09-01,18:00,2D,doblada,166,TE7,https://tickets-static-content.cinepolis.com/pimcore/21310/assets/Chile/Tickets/Movies/HarryPotterPiedraFilosofal/Es/720x1022_19/resource.jpg,https://cinepolis.com/cl?cinema=cinepolis-espacio-urbano-melipilla-santiago-poniente-y-norte&selected=cinepolis-espacio-urbano-melipilla-santiago-poniente-y-norte,,,"AVENTURA, FANTASÍA",
Cinépolis Melipilla (Serrano 395),Coyote vs ACME,2026-09-01,18:40,2D,doblada,105,TE7,https://tickets-static-content.cinepolis.com/pimcore/19803/assets/Chile/Tickets/Movies/CoyoteVSAcme/Es/720x1022_24/resource.jpg,https://cinepolis.com/cl?cinema=cinepolis-espacio-urbano-melipilla-santiago-poniente-y-norte&selected=cinepolis-espacio-urbano-melipilla-santiago-poniente-y-norte,,,"COMEDIA, ANIMACIÓN, AVENTURA",
Cinépolis Melipilla (Serrano 395),Spider-Man: Un Nuevo Día,2026-09-01,20:30,2D,doblada,144,TE7,https://tickets-static-content.cinepolis.com/pimcore/19604/assets/Chile/Tickets/Movies/SpiderManUnNuevoDia_copy/Es/SMBND_720x1022_2/resource.jpg,https://cinepolis.com/cl?cinema=cinepolis-espacio-urbano-melipilla-santiago-poniente-y-norte&selected=cinepolis-espacio-urbano-melipilla-santiago-poniente-y-norte,,,"AVENTURA, ACCIÓN",
Cinépolis Melipilla (Serrano 395),La Guerra de los Últimos,2026-09-01,21:10,2D,doblada,100,14,https://tickets-static-content.cinepolis.com/pimcore/20625/assets/Chile/Tickets/Movies/LaGuerraDeLosUltimos/Es/720x1022_19/resource.jpg,https://cinepolis.com/cl?cinema=cinepolis-espacio-urbano-melipilla-santiago-poniente-y-norte&selected=cinepolis-espacio-urbano-melipilla-santiago-poniente-y-norte,,,"DRAMA, CIENCIA FICCIÓN",
Cinépolis Melipilla (Serrano 395),La noche del demonio: Están entre nosotros,2026-09-01,21:30,2D,doblada,105,14,https://tickets-static-content.cinepolis.com/pimcore/19801/assets/Chile/Tickets/Movies/LaNocheDelDemonioEstaEntreNosotros/Es/720x1022_19/resource.jpg,https://cinepolis.com/cl?cinema=cinepolis-espacio-urbano-melipilla-santiago-poniente-y-norte&selected=cinepolis-espacio-urbano-melipilla-santiago-poniente-y-norte,,,TERROR,
Cinépolis Melipilla (Serrano 395),Coyote vs ACME,2026-09-02,13:30,2D,doblada,105,TE7,https://tickets-static-content.cinepolis.com/pimcore/19803/assets/Chile/Tickets/Movies/CoyoteVSAcme/Es/720x1022_24/resource.jpg,https://cinepolis.com/cl?cinema=cinepolis-espacio-urbano-melipilla-santiago-poniente-y-norte&selected=cinepolis-espacio-urbano-melipilla-santiago-poniente-y-norte,,,"COMEDIA, ANIMACIÓN, AVENTURA",
Cinépolis Melipilla (Serrano 395),Spider-Man: Un Nuevo Día,2026-09-02,13:55,2D,doblada,144,TE7,https://tickets-static-content.cinepolis.com/pimcore/19604/assets/Chile/Tickets/Movies/SpiderManUnNuevoDia_copy/Es/SMBND_720x1022_2/resource.jpg,https://cinepolis.com/cl?cinema=cinepolis-espacio-urbano-melipilla-santiago-poniente-y-norte&selected=cinepolis-espacio-urbano-melipilla-santiago-poniente-y-norte,,,"AVENTURA, ACCIÓN",
Cinépolis Melipilla (Serrano 395),Spider-Man: Un Nuevo Día,2026-09-02,14:50,2D,doblada,144,TE7,https://tickets-static-content.cinepolis.com/pimcore/19604/assets/Chile/Tickets/Movies/SpiderManUnNuevoDia_copy/Es/SMBND_720x1022_2/resource.jpg,https://cinepolis.com/cl?cinema=cinepolis-espacio-urbano-melipilla-santiago-poniente-y-norte&selected=cinepolis-espacio-urbano-melipilla-santiago-poniente-y-norte,,,"AVENTURA, ACCIÓN",
Cinépolis Melipilla (Serrano 395),Papi Ricky: La película,2026-09-02,16:15,2D,,93,TE7,https://tickets-static-content.cinepolis.com/pimcore/21450/assets/Chile/Tickets/Movies/PapiRickyLaPelicula/Es/720x1022_19/resource.jpg,https://cinepolis.com/cl?cinema=cinepolis-espacio-urbano-melipilla-santiago-poniente-y-norte&selected=cinepolis-espacio-urbano-melipilla-santiago-poniente-y-norte,,,COMEDIA,
Cinépolis Melipilla (Serrano 395),Spider-Man: Un Nuevo Día,2026-09-02,17:15,2D,doblada,144,TE7,https://tickets-static-content.cinepolis.com/pimcore/19604/assets/Chile/Tickets/Movies/SpiderManUnNuevoDia_copy/Es/SMBND_720x1022_2/resource.jpg,https://cinepolis.com/cl?cinema=cinepolis-espacio-urbano-melipilla-santiago-poniente-y-norte&selected=cinepolis-espacio-urbano-melipilla-santiago-poniente-y-norte,,,"AVENTURA, ACCIÓN",
Cinépolis Melipilla (Serrano 395),Harry Potter y la piedra filosofal,2026-09-02,18:00,2D,doblada,166,TE7,https://tickets-static-content.cinepolis.com/pimcore/21310/assets/Chile/Tickets/Movies/HarryPotterPiedraFilosofal/Es/720x1022_19/resource.jpg,https://cinepolis.com/cl?cinema=cinepolis-espacio-urbano-melipilla-santiago-poniente-y-norte&selected=cinepolis-espacio-urbano-melipilla-santiago-poniente-y-norte,,,"AVENTURA, FANTASÍA",
Cinépolis Melipilla (Serrano 395),Coyote vs ACME,2026-09-02,18:40,2D,doblada,105,TE7,https://tickets-static-content.cinepolis.com/pimcore/19803/assets/Chile/Tickets/Movies/CoyoteVSAcme/Es/720x1022_24/resource.jpg,https://cinepolis.com/cl?cinema=cinepolis-espacio-urbano-melipilla-santiago-poniente-y-norte&selected=cinepolis-espacio-urbano-melipilla-santiago-poniente-y-norte,,,"COMEDIA, ANIMACIÓN, AVENTURA",
Cinépolis Melipilla (Serrano 395),Spider-Man: Un Nuevo Día,2026-09-02,20:30,2D,doblada,144,TE7,https://tickets-static-content.cinepolis.com/pimcore/19604/assets/Chile/Tickets/Movies/SpiderManUnNuevoDia_copy/Es/SMBND_720x1022_2/resource.jpg,https://cinepolis.com/cl?cinema=cinepolis-espacio-urbano-melipilla-santiago-poniente-y-norte&selected=cinepolis-espacio-urbano-melipilla-santiago-poniente-y-norte,,,"AVENTURA, ACCIÓN",
Cinépolis Melipilla (Serrano 395),La Guerra de los Últimos,2026-09-02,21:10,2D,doblada,100,14,https://tickets-static-content.cinepolis.com/pimcore/20625/assets/Chile/Tickets/Movies/LaGuerraDeLosUltimos/Es/720x1022_19/resource.jpg,https://cinepolis.com/cl?cinema=cinepolis-espacio-urbano-melipilla-santiago-poniente-y-norte&selected=cinepolis-espacio-urbano-melipilla-santiago-poniente-y-norte,,,"DRAMA, CIENCIA FICCIÓN",
Cinépolis Melipilla (Serrano 395),La noche del demonio: Están entre nosotros,2026-09-02,21:30,2D,doblada,105,14,https://tickets-static-content.cinepolis.com/pimcore/19801/assets/Chile/Tickets/Movies/LaNocheDelDemonioEstaEntreNosotros/Es/720x1022_19/resource.jpg,https://cinepolis.com/cl?cinema=cinepolis-espacio-urbano-melipilla-santiago-poniente-y-norte&selected=cinepolis-espacio-urbano-melipilla-santiago-poniente-y-norte,,,TERROR,
Cinépolis Parque Arauco,Papi Ricky: La película,2026-08-31,12:00,2D,,93,TE7,https://tickets-static-content.cinepolis.com/pimcore/21450/assets/Chile/Tickets/Movies/PapiRickyLaPelicula/Es/720x1022_19/resource.jpg,https://cinepolis.com/cl?cinema=cinepolis-parque-arauco-santiago-oriente&selected=cinepolis-parque-arauco-santiago-oriente,,,COMEDIA,
Cinépolis Parque Arauco,Spider-Man: Un Nuevo Día,2026-08-31,12:15,2D,subtitulada,144,TE7,https://tickets-static-content.cinepolis.com/pimcore/19604/assets/Chile/Tickets/Movies/SpiderManUnNuevoDia_copy/Es/SMBND_720x1022_2/resource.jpg,https://cinepolis.com/cl?cinema=cinepolis-parque-arauco-santiago-oriente&selected=cinepolis-parque-arauco-santiago-oriente,,,"AVENTURA, ACCIÓN",
Cinépolis Parque Arauco,La noche del demonio: Están entre nosotros,2026-08-31,12:30,2D,subtitulada,105,14,https://tickets-static-content.cinepolis.com/pimcore/19801/assets/Chile/Tickets/Movies/LaNocheDelDemonioEstaEntreNosotros/Es/720x1022_19/resource.jpg,https://cinepolis.com/cl?cinema=cinepolis-parque-arauco-santiago-oriente&selected=cinepolis-parque-arauco-santiago-oriente,,,TERROR,
Cinépolis Parque Arauco,La Guerra de los Últimos,2026-08-31,12:40,2D,subtitulada,100,14,https://tickets-static-content.cinepolis.com/pimcore/20625/assets/Chile/Tickets/Movies/LaGuerraDeLosUltimos/Es/720x1022_19/resource.jpg,https://cinepolis.com/cl?cinema=cinepolis-parque-arauco-santiago-oriente&selected=cinepolis-parque-arauco-santiago-oriente,,,"DRAMA, CIENCIA FICCIÓN",
Cinépolis Parque Arauco,Spider-Man: Un Nuevo Día,2026-08-31,13:10,3D,doblada,144,TE7,https://tickets-static-content.cinepolis.com/pimcore/19604/assets/Chile/Tickets/Movies/SpiderManUnNuevoDia_copy/Es/SMBND_720x1022_2/resource.jpg,https://cinepolis.com/cl?cinema=cinepolis-parque-arauco-santiago-oriente&selected=cinepolis-parque-arauco-santiago-oriente,,,"AVENTURA, ACCIÓN",
Cinépolis Parque Arauco,Harry Potter y la piedra filosofal,2026-08-31,13:30,4DX,subtitulada,166,TE7,https://tickets-static-content.cinepolis.com/pimcore/21310/assets/Chile/Tickets/Movies/HarryPotterPiedraFilosofal/Es/720x1022_19/resource.jpg,https://cinepolis.com/cl?cinema=cinepolis-parque-arauco-santiago-oriente&selected=cinepolis-parque-arauco-santiago-oriente,,,"AVENTURA, FANTASÍA",
Cinépolis Parque Arauco,Coyote vs ACME,2026-08-31,14:00,2D,doblada,105,TE7,https://tickets-static-content.cinepolis.com/pimcore/19803/assets/Chile/Tickets/Movies/CoyoteVSAcme/Es/720x1022_24/resource.jpg,https://cinepolis.com/cl?cinema=cinepolis-parque-arauco-santiago-oriente&selected=cinepolis-parque-arauco-santiago-oriente,,,"COMEDIA, ANIMACIÓN, AVENTURA",
Cinépolis Parque Arauco,La Odisea,2026-08-31,14:10,2D,subtitulada,172,14,https://tickets-static-content.cinepolis.com/pimcore/18518/assets/Chile/Tickets/Movies/LaOdisea/Es/720x1022_poster_La_odisea_copia_2__1/resource.jpg,https://cinepolis.com/cl?cinema=cinepolis-parque-arauco-santiago-oriente&selected=cinepolis-parque-arauco-santiago-oriente,,,ACCIÓN,
Cinépolis Parque Arauco,Papi Ricky: La película,2026-08-31,14:20,2D,,93,TE7,https://tickets-static-content.cinepolis.com/pimcore/21450/assets/Chile/Tickets/Movies/PapiRickyLaPelicula/Es/720x1022_19/resource.jpg,https://cinepolis.com/cl?cinema=cinepolis-parque-arauco-santiago-oriente&selected=cinepolis-parque-arauco-santiago-oriente,,,COMEDIA,
Cinépolis Parque Arauco,El Final De La Calle Oak,2026-08-31,14:30,ATMOS,subtitulada,100,14,https://tickets-static-content.cinepolis.com/pimcore/20089/assets/Chile/Tickets/Movies/ElFinalDeLaCalleOak_copy/Es/P_720X1022_5_copy/resource.jpg,https://cinepolis.com/cl?cinema=cinepolis-parque-arauco-santiago-oriente&selected=cinepolis-parque-arauco-santiago-oriente,,,"AVENTURA, CIENCIA FICCIÓN",
Cinépolis Parque Arauco,La Odisea,2026-08-31,14:45,2D,subtitulada,172,14,https://tickets-static-content.cinepolis.com/pimcore/18518/assets/Chile/Tickets/Movies/LaOdisea/Es/720x1022_poster_La_odisea_copia_2__1/resource.jpg,https://cinepolis.com/cl?cinema=cinepolis-parque-arauco-santiago-oriente&selected=cinepolis-parque-arauco-santiago-oriente,,,ACCIÓN,
Cinépolis Parque Arauco,Sagrado corazón,2026-08-31,15:00,2D,subtitulada,92,TE7,https://tickets-static-content.cinepolis.com/pimcore/21449/assets/Chile/Tickets/Movies/SagradoCorazon/Es/720x1022_19/resource.jpg,https://cinepolis.com/cl?cinema=cinepolis-parque-arauco-santiago-oriente&selected=cinepolis-parque-arauco-santiago-oriente,,,"DOCUMENTAL, CIENCIA FICCIÓN",
Cinépolis Parque Arauco,La Guerra de los Últimos,2026-08-31,15:20,2D,subtitulada,100,14,https://tickets-static-content.cinepolis.com/pimcore/20625/assets/Chile/Tickets/Movies/LaGuerraDeLosUltimos/Es/720x1022_19/resource.jpg,https://cinepolis.com/cl?cinema=cinepolis-parque-arauco-santiago-oriente&selected=cinepolis-parque-arauco-santiago-oriente,,,"DRAMA, CIENCIA FICCIÓN",
Cinépolis Parque Arauco,Spider-Man: Un Nuevo Día,2026-08-31,15:30,2D,subtitulada,144,TE7,https://tickets-static-content.cinepolis.com/pimcore/19604/assets/Chile/Tickets/Movies/SpiderManUnNuevoDia_copy/Es/SMBND_720x1022_2/resource.jpg,https://cinepolis.com/cl?cinema=cinepolis-parque-arauco-santiago-oriente&selected=cinepolis-parque-arauco-santiago-oriente,,,"AVENTURA, ACCIÓN",
Cinépolis Parque Arauco,Spider-Man: Un Nuevo Día,2026-08-31,16:15,3D,doblada,144,TE7,https://tickets-static-content.cinepolis.com/pimcore/19604/assets/Chile/Tickets/Movies/SpiderManUnNuevoDia_copy/Es/SMBND_720x1022_2/resource.jpg,https://cinepolis.com/cl?cinema=cinepolis-parque-arauco-santiago-oriente&selected=cinepolis-parque-arauco-santiago-oriente,,,"AVENTURA, ACCIÓN",
Cinépolis Parque Arauco,Coyote vs ACME,2026-08-31,16:30,2D,doblada,105,TE7,https://tickets-static-content.cinepolis.com/pimcore/19803/assets/Chile/Tickets/Movies/CoyoteVSAcme/Es/720x1022_24/resource.jpg,https://cinepolis.com/cl?cinema=cinepolis-parque-arauco-santiago-oriente&selected=cinepolis-parque-arauco-santiago-oriente,,,"COMEDIA, ANIMACIÓN, AVENTURA",
Cinépolis Parque Arauco,Papi Ricky: La película,2026-08-31,16:40,2D,,93,TE7,https://tickets-static-content.cinepolis.com/pimcore/21450/assets/Chile/Tickets/Movies/PapiRickyLaPelicula/Es/720x1022_19/resource.jpg,https://cinepolis.com/cl?cinema=cinepolis-parque-arauco-santiago-oriente&selected=cinepolis-parque-arauco-santiago-oriente,,,COMEDIA,
Cinépolis Parque Arauco,Spider-Man: Un Nuevo Día,2026-08-31,16:50,ATMOS,subtitulada,144,TE7,https://tickets-static-content.cinepolis.com/pimcore/19604/assets/Chile/Tickets/Movies/SpiderManUnNuevoDia_copy/Es/SMBND_720x1022_2/resource.jpg,https://cinepolis.com/cl?cinema=cinepolis-parque-arauco-santiago-oriente&selected=cinepolis-parque-arauco-santiago-oriente,,,"AVENTURA, ACCIÓN",
Cinépolis Parque Arauco,Spider-Man: Un Nuevo Día,2026-08-31,17:00,4DX,subtitulada,144,TE7,https://tickets-static-content.cinepolis.com/pimcore/19604/assets/Chile/Tickets/Movies/SpiderManUnNuevoDia_copy/Es/SMBND_720x1022_2/resource.jpg,https://cinepolis.com/cl?cinema=cinepolis-parque-arauco-santiago-oriente&selected=cinepolis-parque-arauco-santiago-oriente,,,"AVENTURA, ACCIÓN",
Cinépolis Parque Arauco,Sagrado corazón,2026-08-31,17:20,2D,subtitulada,92,TE7,https://tickets-static-content.cinepolis.com/pimcore/21449/assets/Chile/Tickets/Movies/SagradoCorazon/Es/720x1022_19/resource.jpg,https://cinepolis.com/cl?cinema=cinepolis-parque-arauco-santiago-oriente&selected=cinepolis-parque-arauco-santiago-oriente,,,"DOCUMENTAL, CIENCIA FICCIÓN",
Cinépolis Parque Arauco,La Odisea,2026-08-31,17:45,2D,subtitulada,172,14,https://tickets-static-content.cinepolis.com/pimcore/18518/assets/Chile/Tickets/Movies/LaOdisea/Es/720x1022_poster_La_odisea_copia_2__1/resource.jpg,https://cinepolis.com/cl?cinema=cinepolis-parque-arauco-santiago-oriente&selected=cinepolis-parque-arauco-santiago-oriente,,,ACCIÓN,
Cinépolis Parque Arauco,Harry Potter y la piedra filosofal,2026-08-31,18:00,2D,subtitulada,166,TE7,https://tickets-static-content.cinepolis.com/pimcore/21310/assets/Chile/Tickets/Movies/HarryPotterPiedraFilosofal/Es/720x1022_19/resource.jpg,https://cinepolis.com/cl?cinema=cinepolis-parque-arauco-santiago-oriente&selected=cinepolis-parque-arauco-santiago-oriente,,,"AVENTURA, FANTASÍA",
Cinépolis Parque Arauco,Los Domingos,2026-08-31,18:20,2D,,115,14,https://tickets-static-content.cinepolis.com/pimcore/21451/assets/Chile/Tickets/Movies/LosDomingos/Es/720x1022_19/resource.jpg,https://cinepolis.com/cl?cinema=cinepolis-parque-arauco-santiago-oriente&selected=cinepolis-parque-arauco-santiago-oriente,,,"DRAMA, SUSPENSO",
Cinépolis Parque Arauco,Spider-Man: Un Nuevo Día,2026-08-31,18:40,2D,subtitulada,144,TE7,https://tickets-static-content.cinepolis.com/pimcore/19604/assets/Chile/Tickets/Movies/SpiderManUnNuevoDia_copy/Es/SMBND_720x1022_2/resource.jpg,https://cinepolis.com/cl?cinema=cinepolis-parque-arauco-santiago-oriente&selected=cinepolis-parque-arauco-santiago-oriente,,,"AVENTURA, ACCIÓN",
Cinépolis Parque Arauco,Papi Ricky: La película,2026-08-31,19:00,2D,,93,TE7,https://tickets-static-content.cinepolis.com/pimcore/21450/assets/Chile/Tickets/Movies/PapiRickyLaPelicula/Es/720x1022_19/resource.jpg,https://cinepolis.com/cl?cinema=cinepolis-parque-arauco-santiago-oriente&selected=cinepolis-parque-arauco-santiago-oriente,,,COMEDIA,
Cinépolis Parque Arauco,Coyote vs ACME,2026-08-31,19:10,2D,doblada,105,TE7,https://tickets-static-content.cinepolis.com/pimcore/19803/assets/Chile/Tickets/Movies/CoyoteVSAcme/Es/720x1022_24/resource.jpg,https://cinepolis.com/cl?cinema=cinepolis-parque-arauco-santiago-oriente&selected=cinepolis-parque-arauco-santiago-oriente,,,"COMEDIA, ANIMACIÓN, AVENTURA",
Cinépolis Parque Arauco,Spider-Man: Un Nuevo Día,2026-08-31,19:20,3D,doblada,144,TE7,https://tickets-static-content.cinepolis.com/pimcore/19604/assets/Chile/Tickets/Movies/SpiderManUnNuevoDia_copy/Es/SMBND_720x1022_2/resource.jpg,https://cinepolis.com/cl?cinema=cinepolis-parque-arauco-santiago-oriente&selected=cinepolis-parque-arauco-santiago-oriente,,,"AVENTURA, ACCIÓN",
Cinépolis Parque Arauco,La noche del demonio: Están entre nosotros,2026-08-31,19:35,2D,subtitulada,105,14,https://tickets-static-content.cinepolis.com/pimcore/19801/assets/Chile/Tickets/Movies/LaNocheDelDemonioEstaEntreNosotros/Es/720x1022_19/resource.jpg,https://cinepolis.com/cl?cinema=cinepolis-parque-arauco-santiago-oriente&selected=cinepolis-parque-arauco-santiago-oriente,,,TERROR,
Cinépolis Parque Arauco,El Final De La Calle Oak,2026-08-31,20:00,ATMOS,subtitulada,100,14,https://tickets-static-content.cinepolis.com/pimcore/20089/assets/Chile/Tickets/Movies/ElFinalDeLaCalleOak_copy/Es/P_720X1022_5_copy/resource.jpg,https://cinepolis.com/cl?cinema=cinepolis-parque-arauco-santiago-oriente&selected=cinepolis-parque-arauco-santiago-oriente,,,"AVENTURA, CIENCIA FICCIÓN",
Cinépolis Parque Arauco,Harry Potter y la piedra filosofal,2026-08-31,20:15,4DX,subtitulada,166,TE7,https://tickets-static-content.cinepolis.com/pimcore/21310/assets/Chile/Tickets/Movies/HarryPotterPiedraFilosofal/Es/720x1022_19/resource.jpg,https://cinepolis.com/cl?cinema=cinepolis-parque-arauco-santiago-oriente&selected=cinepolis-parque-arauco-santiago-oriente,,,"AVENTURA, FANTASÍA",
Cinépolis Parque Arauco,La Odisea,2026-08-31,21:00,2D,subtitulada,172,14,https://tickets-static-content.cinepolis.com/pimcore/18518/assets/Chile/Tickets/Movies/LaOdisea/Es/720x1022_poster_La_odisea_copia_2__1/resource.jpg,https://cinepolis.com/cl?cinema=cinepolis-parque-arauco-santiago-oriente&selected=cinepolis-parque-arauco-santiago-oriente,,,ACCIÓN,
Cinépolis Parque Arauco,Papi Ricky: La película,2026-08-31,21:20,2D,,93,TE7,https://tickets-static-content.cinepolis.com/pimcore/21450/assets/Chile/Tickets/Movies/PapiRickyLaPelicula/Es/720x1022_19/resource.jpg,https://cinepolis.com/cl?cinema=cinepolis-parque-arauco-santiago-oriente&selected=cinepolis-parque-arauco-santiago-oriente,,,COMEDIA,
Cinépolis Parque Arauco,La Odisea,2026-08-31,21:30,2D,subtitulada,172,14,https://tickets-static-content.cinepolis.com/pimcore/18518/assets/Chile/Tickets/Movies/LaOdisea/Es/720x1022_poster_La_odisea_copia_2__1/resource.jpg,https://cinepolis.com/cl?cinema=cinepolis-parque-arauco-santiago-oriente&selected=cinepolis-parque-arauco-santiago-oriente,,,ACCIÓN,
Cinépolis Parque Arauco,La Guerra de los Últimos,2026-08-31,21:40,2D,subtitulada,100,14,https://tickets-static-content.cinepolis.com/pimcore/20625/assets/Chile/Tickets/Movies/LaGuerraDeLosUltimos/Es/720x1022_19/resource.jpg,https://cinepolis.com/cl?cinema=cinepolis-parque-arauco-santiago-oriente&selected=cinepolis-parque-arauco-santiago-oriente,,,"DRAMA, CIENCIA FICCIÓN",
Cinépolis Parque Arauco,Coyote vs ACME,2026-08-31,21:50,2D,subtitulada,105,TE7,https://tickets-static-content.cinepolis.com/pimcore/19803/assets/Chile/Tickets/Movies/CoyoteVSAcme/Es/720x1022_24/resource.jpg,https://cinepolis.com/cl?cinema=cinepolis-parque-arauco-santiago-oriente&selected=cinepolis-parque-arauco-santiago-oriente,,,"COMEDIA, ANIMACIÓN, AVENTURA",
Cinépolis Parque Arauco,Spider-Man: Un Nuevo Día,2026-08-31,21:50,2D,subtitulada,144,TE7,https://tickets-static-content.cinepolis.com/pimcore/19604/assets/Chile/Tickets/Movies/SpiderManUnNuevoDia_copy/Es/SMBND_720x1022_2/resource.jpg,https://cinepolis.com/cl?cinema=cinepolis-parque-arauco-santiago-oriente&selected=cinepolis-parque-arauco-santiago-oriente,,,"AVENTURA, ACCIÓN",
Cinépolis Parque Arauco,La noche del demonio: Están entre nosotros,2026-08-31,22:00,2D,subtitulada,105,14,https://tickets-static-content.cinepolis.com/pimcore/19801/assets/Chile/Tickets/Movies/LaNocheDelDemonioEstaEntreNosotros/Es/720x1022_19/resource.jpg,https://cinepolis.com/cl?cinema=cinepolis-parque-arauco-santiago-oriente&selected=cinepolis-parque-arauco-santiago-oriente,,,TERROR,
Cinépolis Parque Arauco,Spider-Man: Un Nuevo Día,2026-08-31,22:20,ATMOS,subtitulada,144,TE7,https://tickets-static-content.cinepolis.com/pimcore/19604/assets/Chile/Tickets/Movies/SpiderManUnNuevoDia_copy/Es/SMBND_720x1022_2/resource.jpg,https://cinepolis.com/cl?cinema=cinepolis-parque-arauco-santiago-oriente&selected=cinepolis-parque-arauco-santiago-oriente,,,"AVENTURA, ACCIÓN",
Cinépolis Parque Arauco,Sólo por una noche,2026-08-31,22:30,2D,subtitulada,102,14,https://tickets-static-content.cinepolis.com/pimcore/20834/assets/Chile/Tickets/Movies/SoloPorUnaNoche/Es/720x1022_19/resource.jpg,https://cinepolis.com/cl?cinema=cinepolis-parque-arauco-santiago-oriente&selected=cinepolis-parque-arauco-santiago-oriente,,,COMEDIA,
Cinépolis Parque Arauco,Papi Ricky: La película,2026-09-01,12:00,2D,,93,TE7,https://tickets-static-content.cinepolis.com/pimcore/21450/assets/Chile/Tickets/Movies/PapiRickyLaPelicula/Es/720x1022_19/resource.jpg,https://cinepolis.com/cl?cinema=cinepolis-parque-arauco-santiago-oriente&selected=cinepolis-parque-arauco-santiago-oriente,,,COMEDIA,
Cinépolis Parque Arauco,Spider-Man: Un Nuevo Día,2026-09-01,12:15,2D,subtitulada,144,TE7,https://tickets-static-content.cinepolis.com/pimcore/19604/assets/Chile/Tickets/Movies/SpiderManUnNuevoDia_copy/Es/SMBND_720x1022_2/resource.jpg,https://cinepolis.com/cl?cinema=cinepolis-parque-arauco-santiago-oriente&selected=cinepolis-parque-arauco-santiago-oriente,,,"AVENTURA, ACCIÓN",
Cinépolis Parque Arauco,La noche del demonio: Están entre nosotros,2026-09-01,12:30,2D,subtitulada,105,14,https://tickets-static-content.cinepolis.com/pimcore/19801/assets/Chile/Tickets/Movies/LaNocheDelDemonioEstaEntreNosotros/Es/720x1022_19/resource.jpg,https://cinepolis.com/cl?cinema=cinepolis-parque-arauco-santiago-oriente&selected=cinepolis-parque-arauco-santiago-oriente,,,TERROR,
Cinépolis Parque Arauco,La Guerra de los Últimos,2026-09-01,12:40,2D,subtitulada,100,14,https://tickets-static-content.cinepolis.com/pimcore/20625/assets/Chile/Tickets/Movies/LaGuerraDeLosUltimos/Es/720x1022_19/resource.jpg,https://cinepolis.com/cl?cinema=cinepolis-parque-arauco-santiago-oriente&selected=cinepolis-parque-arauco-santiago-oriente,,,"DRAMA, CIENCIA FICCIÓN",
Cinépolis Parque Arauco,Spider-Man: Un Nuevo Día,2026-09-01,13:10,3D,doblada,144,TE7,https://tickets-static-content.cinepolis.com/pimcore/19604/assets/Chile/Tickets/Movies/SpiderManUnNuevoDia_copy/Es/SMBND_720x1022_2/resource.jpg,https://cinepolis.com/cl?cinema=cinepolis-parque-arauco-santiago-oriente&selected=cinepolis-parque-arauco-santiago-oriente,,,"AVENTURA, ACCIÓN",
Cinépolis Parque Arauco,Harry Potter y la piedra filosofal,2026-09-01,13:30,4DX,subtitulada,166,TE7,https://tickets-static-content.cinepolis.com/pimcore/21310/assets/Chile/Tickets/Movies/HarryPotterPiedraFilosofal/Es/720x1022_19/resource.jpg,https://cinepolis.com/cl?cinema=cinepolis-parque-arauco-santiago-oriente&selected=cinepolis-parque-arauco-santiago-oriente,,,"AVENTURA, FANTASÍA",
Cinépolis Parque Arauco,Coyote vs ACME,2026-09-01,14:00,2D,doblada,105,TE7,https://tickets-static-content.cinepolis.com/pimcore/19803/assets/Chile/Tickets/Movies/CoyoteVSAcme/Es/720x1022_24/resource.jpg,https://cinepolis.com/cl?cinema=cinepolis-parque-arauco-santiago-oriente&selected=cinepolis-parque-arauco-santiago-oriente,,,"COMEDIA, ANIMACIÓN, AVENTURA",
Cinépolis Parque Arauco,La Odisea,2026-09-01,14:10,2D,subtitulada,172,14,https://tickets-static-content.cinepolis.com/pimcore/18518/assets/Chile/Tickets/Movies/LaOdisea/Es/720x1022_poster_La_odisea_copia_2__1/resource.jpg,https://cinepolis.com/cl?cinema=cinepolis-parque-arauco-santiago-oriente&selected=cinepolis-parque-arauco-santiago-oriente,,,ACCIÓN,
Cinépolis Parque Arauco,Papi Ricky: La película,2026-09-01,14:20,2D,,93,TE7,https://tickets-static-content.cinepolis.com/pimcore/21450/assets/Chile/Tickets/Movies/PapiRickyLaPelicula/Es/720x1022_19/resource.jpg,https://cinepolis.com/cl?cinema=cinepolis-parque-arauco-santiago-oriente&selected=cinepolis-parque-arauco-santiago-oriente,,,COMEDIA,
Cinépolis Parque Arauco,El Final De La Calle Oak,2026-09-01,14:30,ATMOS,subtitulada,100,14,https://tickets-static-content.cinepolis.com/pimcore/20089/assets/Chile/Tickets/Movies/ElFinalDeLaCalleOak_copy/Es/P_720X1022_5_copy/resource.jpg,https://cinepolis.com/cl?cinema=cinepolis-parque-arauco-santiago-oriente&selected=cinepolis-parque-arauco-santiago-oriente,,,"AVENTURA, CIENCIA FICCIÓN",
Cinépolis Parque Arauco,La Odisea,2026-09-01,14:45,2D,subtitulada,172,14,https://tickets-static-content.cinepolis.com/pimcore/18518/assets/Chile/Tickets/Movies/LaOdisea/Es/720x1022_poster_La_odisea_copia_2__1/resource.jpg,https://cinepolis.com/cl?cinema=cinepolis-parque-arauco-santiago-oriente&selected=cinepolis-parque-arauco-santiago-oriente,,,ACCIÓN,
Cinépolis Parque Arauco,Sagrado corazón,2026-09-01,15:00,2D,subtitulada,92,TE7,https://tickets-static-content.cinepolis.com/pimcore/21449/assets/Chile/Tickets/Movies/SagradoCorazon/Es/720x1022_19/resource.jpg,https://cinepolis.com/cl?cinema=cinepolis-parque-arauco-santiago-oriente&selected=cinepolis-parque-arauco-santiago-oriente,,,"DOCUMENTAL, CIENCIA FICCIÓN",
Cinépolis Parque Arauco,La Guerra de los Últimos,2026-09-01,15:20,2D,subtitulada,100,14,https://tickets-static-content.cinepolis.com/pimcore/20625/assets/Chile/Tickets/Movies/LaGuerraDeLosUltimos/Es/720x1022_19/resource.jpg,https://cinepolis.com/cl?cinema=cinepolis-parque-arauco-santiago-oriente&selected=cinepolis-parque-arauco-santiago-oriente,,,"DRAMA, CIENCIA FICCIÓN",
Cinépolis Parque Arauco,Spider-Man: Un Nuevo Día,2026-09-01,15:30,2D,subtitulada,144,TE7,https://tickets-static-content.cinepolis.com/pimcore/19604/assets/Chile/Tickets/Movies/SpiderManUnNuevoDia_copy/Es/SMBND_720x1022_2/resource.jpg,https://cinepolis.com/cl?cinema=cinepolis-parque-arauco-santiago-oriente&selected=cinepolis-parque-arauco-santiago-oriente,,,"AVENTURA, ACCIÓN",
Cinépolis Parque Arauco,Spider-Man: Un Nuevo Día,2026-09-01,16:15,3D,doblada,144,TE7,https://tickets-static-content.cinepolis.com/pimcore/19604/assets/Chile/Tickets/Movies/SpiderManUnNuevoDia_copy/Es/SMBND_720x1022_2/resource.jpg,https://cinepolis.com/cl?cinema=cinepolis-parque-arauco-santiago-oriente&selected=cinepolis-parque-arauco-santiago-oriente,,,"AVENTURA, ACCIÓN",
Cinépolis Parque Arauco,Coyote vs ACME,2026-09-01,16:30,2D,doblada,105,TE7,https://tickets-static-content.cinepolis.com/pimcore/19803/assets/Chile/Tickets/Movies/CoyoteVSAcme/Es/720x1022_24/resource.jpg,https://cinepolis.com/cl?cinema=cinepolis-parque-arauco-santiago-oriente&selected=cinepolis-parque-arauco-santiago-oriente,,,"COMEDIA, ANIMACIÓN, AVENTURA",
Cinépolis Parque Arauco,Papi Ricky: La película,2026-09-01,16:40,2D,,93,TE7,https://tickets-static-content.cinepolis.com/pimcore/21450/assets/Chile/Tickets/Movies/PapiRickyLaPelicula/Es/720x1022_19/resource.jpg,https://cinepolis.com/cl?cinema=cinepolis-parque-arauco-santiago-oriente&selected=cinepolis-parque-arauco-santiago-oriente,,,COMEDIA,
Cinépolis Parque Arauco,Spider-Man: Un Nuevo Día,2026-09-01,16:50,ATMOS,subtitulada,144,TE7,https://tickets-static-content.cinepolis.com/pimcore/19604/assets/Chile/Tickets/Movies/SpiderManUnNuevoDia_copy/Es/SMBND_720x1022_2/resource.jpg,https://cinepolis.com/cl?cinema=cinepolis-parque-arauco-santiago-oriente&selected=cinepolis-parque-arauco-santiago-oriente,,,"AVENTURA, ACCIÓN",
Cinépolis Parque Arauco,Spider-Man: Un Nuevo Día,2026-09-01,17:00,4DX,subtitulada,144,TE7,https://tickets-static-content.cinepolis.com/pimcore/19604/assets/Chile/Tickets/Movies/SpiderManUnNuevoDia_copy/Es/SMBND_720x1022_2/resource.jpg,https://cinepolis.com/cl?cinema=cinepolis-parque-arauco-santiago-oriente&selected=cinepolis-parque-arauco-santiago-oriente,,,"AVENTURA, ACCIÓN",
Cinépolis Parque Arauco,Sagrado corazón,2026-09-01,17:20,2D,subtitulada,92,TE7,https://tickets-static-content.cinepolis.com/pimcore/21449/assets/Chile/Tickets/Movies/SagradoCorazon/Es/720x1022_19/resource.jpg,https://cinepolis.com/cl?cinema=cinepolis-parque-arauco-santiago-oriente&selected=cinepolis-parque-arauco-santiago-oriente,,,"DOCUMENTAL, CIENCIA FICCIÓN",
Cinépolis Parque Arauco,La Odisea,2026-09-01,17:45,2D,subtitulada,172,14,https://tickets-static-content.cinepolis.com/pimcore/18518/assets/Chile/Tickets/Movies/LaOdisea/Es/720x1022_poster_La_odisea_copia_2__1/resource.jpg,https://cinepolis.com/cl?cinema=cinepolis-parque-arauco-santiago-oriente&selected=cinepolis-parque-arauco-santiago-oriente,,,ACCIÓN,
Cinépolis Parque Arauco,Harry Potter y la piedra filosofal,2026-09-01,18:00,2D,subtitulada,166,TE7,https://tickets-static-content.cinepolis.com/pimcore/21310/assets/Chile/Tickets/Movies/HarryPotterPiedraFilosofal/Es/720x1022_19/resource.jpg,https://cinepolis.com/cl?cinema=cinepolis-parque-arauco-santiago-oriente&selected=cinepolis-parque-arauco-santiago-oriente,,,"AVENTURA, FANTASÍA",
Cinépolis Parque Arauco,Los Domingos,2026-09-01,18:20,2D,,115,14,https://tickets-static-content.cinepolis.com/pimcore/21451/assets/Chile/Tickets/Movies/LosDomingos/Es/720x1022_19/resource.jpg,https://cinepolis.com/cl?cinema=cinepolis-parque-arauco-santiago-oriente&selected=cinepolis-parque-arauco-santiago-oriente,,,"DRAMA, SUSPENSO",
Cinépolis Parque Arauco,Spider-Man: Un Nuevo Día,2026-09-01,18:40,2D,subtitulada,144,TE7,https://tickets-static-content.cinepolis.com/pimcore/19604/assets/Chile/Tickets/Movies/SpiderManUnNuevoDia_copy/Es/SMBND_720x1022_2/resource.jpg,https://cinepolis.com/cl?cinema=cinepolis-parque-arauco-santiago-oriente&selected=cinepolis-parque-arauco-santiago-oriente,,,"AVENTURA, ACCIÓN",
Cinépolis Parque Arauco,Papi Ricky: La película,2026-09-01,19:00,2D,,93,TE7,https://tickets-static-content.cinepolis.com/pimcore/21450/assets/Chile/Tickets/Movies/PapiRickyLaPelicula/Es/720x1022_19/resource.jpg,https://cinepolis.com/cl?cinema=cinepolis-parque-arauco-santiago-oriente&selected=cinepolis-parque-arauco-santiago-oriente,,,COMEDIA,
Cinépolis Parque Arauco,Coyote vs ACME,2026-09-01,19:10,2D,doblada,105,TE7,https://tickets-static-content.cinepolis.com/pimcore/19803/assets/Chile/Tickets/Movies/CoyoteVSAcme/Es/720x1022_24/resource.jpg,https://cinepolis.com/cl?cinema=cinepolis-parque-arauco-santiago-oriente&selected=cinepolis-parque-arauco-santiago-oriente,,,"COMEDIA, ANIMACIÓN, AVENTURA",
Cinépolis Parque Arauco,Spider-Man: Un Nuevo Día,2026-09-01,19:20,3D,doblada,144,TE7,https://tickets-static-content.cinepolis.com/pimcore/19604/assets/Chile/Tickets/Movies/SpiderManUnNuevoDia_copy/Es/SMBND_720x1022_2/resource.jpg,https://cinepolis.com/cl?cinema=cinepolis-parque-arauco-santiago-oriente&selected=cinepolis-parque-arauco-santiago-oriente,,,"AVENTURA, ACCIÓN",
Cinépolis Parque Arauco,La noche del demonio: Están entre nosotros,2026-09-01,19:35,2D,subtitulada,105,14,https://tickets-static-content.cinepolis.com/pimcore/19801/assets/Chile/Tickets/Movies/LaNocheDelDemonioEstaEntreNosotros/Es/720x1022_19/resource.jpg,https://cinepolis.com/cl?cinema=cinepolis-parque-arauco-santiago-oriente&selected=cinepolis-parque-arauco-santiago-oriente,,,TERROR,
Cinépolis Parque Arauco,El Final De La Calle Oak,2026-09-01,20:00,ATMOS,subtitulada,100,14,https://tickets-static-content.cinepolis.com/pimcore/20089/assets/Chile/Tickets/Movies/ElFinalDeLaCalleOak_copy/Es/P_720X1022_5_copy/resource.jpg,https://cinepolis.com/cl?cinema=cinepolis-parque-arauco-santiago-oriente&selected=cinepolis-parque-arauco-santiago-oriente,,,"AVENTURA, CIENCIA FICCIÓN",
Cinépolis Parque Arauco,Harry Potter y la piedra filosofal,2026-09-01,20:15,4DX,subtitulada,166,TE7,https://tickets-static-content.cinepolis.com/pimcore/21310/assets/Chile/Tickets/Movies/HarryPotterPiedraFilosofal/Es/720x1022_19/resource.jpg,https://cinepolis.com/cl?cinema=cinepolis-parque-arauco-santiago-oriente&selected=cinepolis-parque-arauco-santiago-oriente,,,"AVENTURA, FANTASÍA",
Cinépolis Parque Arauco,La Odisea,2026-09-01,21:00,2D,subtitulada,172,14,https://tickets-static-content.cinepolis.com/pimcore/18518/assets/Chile/Tickets/Movies/LaOdisea/Es/720x1022_poster_La_odisea_copia_2__1/resource.jpg,https://cinepolis.com/cl?cinema=cinepolis-parque-arauco-santiago-oriente&selected=cinepolis-parque-arauco-santiago-oriente,,,ACCIÓN,
Cinépolis Parque Arauco,Papi Ricky: La película,2026-09-01,21:20,2D,,93,TE7,https://tickets-static-content.cinepolis.com/pimcore/21450/assets/Chile/Tickets/Movies/PapiRickyLaPelicula/Es/720x1022_19/resource.jpg,https://cinepolis.com/cl?cinema=cinepolis-parque-arauco-santiago-oriente&selected=cinepolis-parque-arauco-santiago-oriente,,,COMEDIA,
Cinépolis Parque Arauco,La Odisea,2026-09-01,21:30,2D,subtitulada,172,14,https://tickets-static-content.cinepolis.com/pimcore/18518/assets/Chile/Tickets/Movies/LaOdisea/Es/720x1022_poster_La_odisea_copia_2__1/resource.jpg,https://cinepolis.com/cl?cinema=cinepolis-parque-arauco-santiago-oriente&selected=cinepolis-parque-arauco-santiago-oriente,,,ACCIÓN,
Cinépolis Parque Arauco,La Guerra de los Últimos,2026-09-01,21:40,2D,subtitulada,100,14,https://tickets-static-content.cinepolis.com/pimcore/20625/assets/Chile/Tickets/Movies/LaGuerraDeLosUltimos/Es/720x1022_19/resource.jpg,https://cinepolis.com/cl?cinema=cinepolis-parque-arauco-santiago-oriente&selected=cinepolis-parque-arauco-santiago-oriente,,,"DRAMA, CIENCIA FICCIÓN",
Cinépolis Parque Arauco,Coyote vs ACME,2026-09-01,21:50,2D,subtitulada,105,TE7,https://tickets-static-content.cinepolis.com/pimcore/19803/assets/Chile/Tickets/Movies/CoyoteVSAcme/Es/720x1022_24/resource.jpg,https://cinepolis.com/cl?cinema=cinepolis-parque-arauco-santiago-oriente&selected=cinepolis-parque-arauco-santiago-oriente,,,"COMEDIA, ANIMACIÓN, AVENTURA",
Cinépolis Parque Arauco,Spider-Man: Un Nuevo Día,2026-09-01,21:50,2D,subtitulada,144,TE7,https://tickets-static-content.cinepolis.com/pimcore/19604/assets/Chile/Tickets/Movies/SpiderManUnNuevoDia_copy/Es/SMBND_720x1022_2/resource.jpg,https://cinepolis.com/cl?cinema=cinepolis-parque-arauco-santiago-oriente&selected=cinepolis-parque-arauco-santiago-oriente,,,"AVENTURA, ACCIÓN",
Cinépolis Parque Arauco,La noche del demonio: Están entre nosotros,2026-09-01,22:00,2D,subtitulada,105,14,https://tickets-static-content.cinepolis.com/pimcore/19801/assets/Chile/Tickets/Movies/LaNocheDelDemonioEstaEntreNosotros/Es/720x1022_19/resource.jpg,https://cinepolis.com/cl?cinema=cinepolis-parque-arauco-santiago-oriente&selected=cinepolis-parque-arauco-santiago-oriente,,,TERROR,
Cinépolis Parque Arauco,Spider-Man: Un Nuevo Día,2026-09-01,22:20,ATMOS,subtitulada,144,TE7,https://tickets-static-content.cinepolis.com/pimcore/19604/assets/Chile/Tickets/Movies/SpiderManUnNuevoDia_copy/Es/SMBND_720x1022_2/resource.jpg,https://cinepolis.com/cl?cinema=cinepolis-parque-arauco-santiago-oriente&selected=cinepolis-parque-arauco-santiago-oriente,,,"AVENTURA, ACCIÓN",
Cinépolis Parque Arauco,Sólo por una noche,2026-09-01,22:30,2D,subtitulada,102,14,https://tickets-static-content.cinepolis.com/pimcore/20834/assets/Chile/Tickets/Movies/SoloPorUnaNoche/Es/720x1022_19/resource.jpg,https://cinepolis.com/cl?cinema=cinepolis-parque-arauco-santiago-oriente&selected=cinepolis-parque-arauco-santiago-oriente,,,COMEDIA,
Cinépolis Parque Arauco,Spider-Man: Un Nuevo Día,2026-09-02,12:15,2D,subtitulada,144,TE7,https://tickets-static-content.cinepolis.com/pimcore/19604/assets/Chile/Tickets/Movies/SpiderManUnNuevoDia_copy/Es/SMBND_720x1022_2/resource.jpg,https://cinepolis.com/cl?cinema=cinepolis-parque-arauco-santiago-oriente&selected=cinepolis-parque-arauco-santiago-oriente,,,"AVENTURA, ACCIÓN",
Cinépolis Parque Arauco,La noche del demonio: Están entre nosotros,2026-09-02,12:30,2D,subtitulada,105,14,https://tickets-static-content.cinepolis.com/pimcore/19801/assets/Chile/Tickets/Movies/LaNocheDelDemonioEstaEntreNosotros/Es/720x1022_19/resource.jpg,https://cinepolis.com/cl?cinema=cinepolis-parque-arauco-santiago-oriente&selected=cinepolis-parque-arauco-santiago-oriente,,,TERROR,
Cinépolis Parque Arauco,La Guerra de los Últimos,2026-09-02,12:40,2D,subtitulada,100,14,https://tickets-static-content.cinepolis.com/pimcore/20625/assets/Chile/Tickets/Movies/LaGuerraDeLosUltimos/Es/720x1022_19/resource.jpg,https://cinepolis.com/cl?cinema=cinepolis-parque-arauco-santiago-oriente&selected=cinepolis-parque-arauco-santiago-oriente,,,"DRAMA, CIENCIA FICCIÓN",
Cinépolis Parque Arauco,Spider-Man: Un Nuevo Día,2026-09-02,13:10,3D,doblada,144,TE7,https://tickets-static-content.cinepolis.com/pimcore/19604/assets/Chile/Tickets/Movies/SpiderManUnNuevoDia_copy/Es/SMBND_720x1022_2/resource.jpg,https://cinepolis.com/cl?cinema=cinepolis-parque-arauco-santiago-oriente&selected=cinepolis-parque-arauco-santiago-oriente,,,"AVENTURA, ACCIÓN",
Cinépolis Parque Arauco,Papi Ricky: La película,2026-09-02,13:20,2D,,93,TE7,https://tickets-static-content.cinepolis.com/pimcore/21450/assets/Chile/Tickets/Movies/PapiRickyLaPelicula/Es/720x1022_19/resource.jpg,https://cinepolis.com/cl?cinema=cinepolis-parque-arauco-santiago-oriente&selected=cinepolis-parque-arauco-santiago-oriente,,,COMEDIA,
Cinépolis Parque Arauco,Harry Potter y la piedra filosofal,2026-09-02,13:30,4DX,subtitulada,166,TE7,https://tickets-static-content.cinepolis.com/pimcore/21310/assets/Chile/Tickets/Movies/HarryPotterPiedraFilosofal/Es/720x1022_19/resource.jpg,https://cinepolis.com/cl?cinema=cinepolis-parque-arauco-santiago-oriente&selected=cinepolis-parque-arauco-santiago-oriente,,,"AVENTURA, FANTASÍA",
Cinépolis Parque Arauco,Coyote vs ACME,2026-09-02,14:00,2D,doblada,105,TE7,https://tickets-static-content.cinepolis.com/pimcore/19803/assets/Chile/Tickets/Movies/CoyoteVSAcme/Es/720x1022_24/resource.jpg,https://cinepolis.com/cl?cinema=cinepolis-parque-arauco-santiago-oriente&selected=cinepolis-parque-arauco-santiago-oriente,,,"COMEDIA, ANIMACIÓN, AVENTURA",
Cinépolis Parque Arauco,La Odisea,2026-09-02,14:10,2D,subtitulada,172,14,https://tickets-static-content.cinepolis.com/pimcore/18518/assets/Chile/Tickets/Movies/LaOdisea/Es/720x1022_poster_La_odisea_copia_2__1/resource.jpg,https://cinepolis.com/cl?cinema=cinepolis-parque-arauco-santiago-oriente&selected=cinepolis-parque-arauco-santiago-oriente,,,ACCIÓN,
Cinépolis Parque Arauco,El Final De La Calle Oak,2026-09-02,14:30,ATMOS,subtitulada,100,14,https://tickets-static-content.cinepolis.com/pimcore/20089/assets/Chile/Tickets/Movies/ElFinalDeLaCalleOak_copy/Es/P_720X1022_5_copy/resource.jpg,https://cinepolis.com/cl?cinema=cinepolis-parque-arauco-santiago-oriente&selected=cinepolis-parque-arauco-santiago-oriente,,,"AVENTURA, CIENCIA FICCIÓN",
Cinépolis Parque Arauco,La Odisea,2026-09-02,14:45,2D,subtitulada,172,14,https://tickets-static-content.cinepolis.com/pimcore/18518/assets/Chile/Tickets/Movies/LaOdisea/Es/720x1022_poster_La_odisea_copia_2__1/resource.jpg,https://cinepolis.com/cl?cinema=cinepolis-parque-arauco-santiago-oriente&selected=cinepolis-parque-arauco-santiago-oriente,,,ACCIÓN,
Cinépolis Parque Arauco,Sagrado corazón,2026-09-02,15:00,2D,subtitulada,92,TE7,https://tickets-static-content.cinepolis.com/pimcore/21449/assets/Chile/Tickets/Movies/SagradoCorazon/Es/720x1022_19/resource.jpg,https://cinepolis.com/cl?cinema=cinepolis-parque-arauco-santiago-oriente&selected=cinepolis-parque-arauco-santiago-oriente,,,"DOCUMENTAL, CIENCIA FICCIÓN",
Cinépolis Parque Arauco,La Guerra de los Últimos,2026-09-02,15:20,2D,subtitulada,100,14,https://tickets-static-content.cinepolis.com/pimcore/20625/assets/Chile/Tickets/Movies/LaGuerraDeLosUltimos/Es/720x1022_19/resource.jpg,https://cinepolis.com/cl?cinema=cinepolis-parque-arauco-santiago-oriente&selected=cinepolis-parque-arauco-santiago-oriente,,,"DRAMA, CIENCIA FICCIÓN",
Cinépolis Parque Arauco,Spider-Man: Un Nuevo Día,2026-09-02,15:30,2D,subtitulada,144,TE7,https://tickets-static-content.cinepolis.com/pimcore/19604/assets/Chile/Tickets/Movies/SpiderManUnNuevoDia_copy/Es/SMBND_720x1022_2/resource.jpg,https://cinepolis.com/cl?cinema=cinepolis-parque-arauco-santiago-oriente&selected=cinepolis-parque-arauco-santiago-oriente,,,"AVENTURA, ACCIÓN",
Cinépolis Parque Arauco,Papi Ricky: La película,2026-09-02,15:50,2D,,93,TE7,https://tickets-static-content.cinepolis.com/pimcore/21450/assets/Chile/Tickets/Movies/PapiRickyLaPelicula/Es/720x1022_19/resource.jpg,https://cinepolis.com/cl?cinema=cinepolis-parque-arauco-santiago-oriente&selected=cinepolis-parque-arauco-santiago-oriente,,,COMEDIA,
Cinépolis Parque Arauco,Spider-Man: Un Nuevo Día,2026-09-02,16:15,3D,doblada,144,TE7,https://tickets-static-content.cinepolis.com/pimcore/19604/assets/Chile/Tickets/Movies/SpiderManUnNuevoDia_copy/Es/SMBND_720x1022_2/resource.jpg,https://cinepolis.com/cl?cinema=cinepolis-parque-arauco-santiago-oriente&selected=cinepolis-parque-arauco-santiago-oriente,,,"AVENTURA, ACCIÓN",
Cinépolis Parque Arauco,Coyote vs ACME,2026-09-02,16:30,2D,doblada,105,TE7,https://tickets-static-content.cinepolis.com/pimcore/19803/assets/Chile/Tickets/Movies/CoyoteVSAcme/Es/720x1022_24/resource.jpg,https://cinepolis.com/cl?cinema=cinepolis-parque-arauco-santiago-oriente&selected=cinepolis-parque-arauco-santiago-oriente,,,"COMEDIA, ANIMACIÓN, AVENTURA",
Cinépolis Parque Arauco,Spider-Man: Un Nuevo Día,2026-09-02,16:50,ATMOS,subtitulada,144,TE7,https://tickets-static-content.cinepolis.com/pimcore/19604/assets/Chile/Tickets/Movies/SpiderManUnNuevoDia_copy/Es/SMBND_720x1022_2/resource.jpg,https://cinepolis.com/cl?cinema=cinepolis-parque-arauco-santiago-oriente&selected=cinepolis-parque-arauco-santiago-oriente,,,"AVENTURA, ACCIÓN",
Cinépolis Parque Arauco,Spider-Man: Un Nuevo Día,2026-09-02,17:00,4DX,subtitulada,144,TE7,https://tickets-static-content.cinepolis.com/pimcore/19604/assets/Chile/Tickets/Movies/SpiderManUnNuevoDia_copy/Es/SMBND_720x1022_2/resource.jpg,https://cinepolis.com/cl?cinema=cinepolis-parque-arauco-santiago-oriente&selected=cinepolis-parque-arauco-santiago-oriente,,,"AVENTURA, ACCIÓN",
Cinépolis Parque Arauco,Sagrado corazón,2026-09-02,17:20,2D,subtitulada,92,TE7,https://tickets-static-content.cinepolis.com/pimcore/21449/assets/Chile/Tickets/Movies/SagradoCorazon/Es/720x1022_19/resource.jpg,https://cinepolis.com/cl?cinema=cinepolis-parque-arauco-santiago-oriente&selected=cinepolis-parque-arauco-santiago-oriente,,,"DOCUMENTAL, CIENCIA FICCIÓN",
Cinépolis Parque Arauco,La Odisea,2026-09-02,17:45,2D,subtitulada,172,14,https://tickets-static-content.cinepolis.com/pimcore/18518/assets/Chile/Tickets/Movies/LaOdisea/Es/720x1022_poster_La_odisea_copia_2__1/resource.jpg,https://cinepolis.com/cl?cinema=cinepolis-parque-arauco-santiago-oriente&selected=cinepolis-parque-arauco-santiago-oriente,,,ACCIÓN,
Cinépolis Parque Arauco,Harry Potter y la piedra filosofal,2026-09-02,18:00,2D,subtitulada,166,TE7,https://tickets-static-content.cinepolis.com/pimcore/21310/assets/Chile/Tickets/Movies/HarryPotterPiedraFilosofal/Es/720x1022_19/resource.jpg,https://cinepolis.com/cl?cinema=cinepolis-parque-arauco-santiago-oriente&selected=cinepolis-parque-arauco-santiago-oriente,,,"AVENTURA, FANTASÍA",
Cinépolis Parque Arauco,Papi Ricky: La película,2026-09-02,18:10,2D,,93,TE7,https://tickets-static-content.cinepolis.com/pimcore/21450/assets/Chile/Tickets/Movies/PapiRickyLaPelicula/Es/720x1022_19/resource.jpg,https://cinepolis.com/cl?cinema=cinepolis-parque-arauco-santiago-oriente&selected=cinepolis-parque-arauco-santiago-oriente,,,COMEDIA,
Cinépolis Parque Arauco,Los Domingos,2026-09-02,18:20,2D,,115,14,https://tickets-static-content.cinepolis.com/pimcore/21451/assets/Chile/Tickets/Movies/LosDomingos/Es/720x1022_19/resource.jpg,https://cinepolis.com/cl?cinema=cinepolis-parque-arauco-santiago-oriente&selected=cinepolis-parque-arauco-santiago-oriente,,,"DRAMA, SUSPENSO",
Cinépolis Parque Arauco,Spider-Man: Un Nuevo Día,2026-09-02,18:40,2D,subtitulada,144,TE7,https://tickets-static-content.cinepolis.com/pimcore/19604/assets/Chile/Tickets/Movies/SpiderManUnNuevoDia_copy/Es/SMBND_720x1022_2/resource.jpg,https://cinepolis.com/cl?cinema=cinepolis-parque-arauco-santiago-oriente&selected=cinepolis-parque-arauco-santiago-oriente,,,"AVENTURA, ACCIÓN",
Cinépolis Parque Arauco,Coyote vs ACME,2026-09-02,19:10,2D,doblada,105,TE7,https://tickets-static-content.cinepolis.com/pimcore/19803/assets/Chile/Tickets/Movies/CoyoteVSAcme/Es/720x1022_24/resource.jpg,https://cinepolis.com/cl?cinema=cinepolis-parque-arauco-santiago-oriente&selected=cinepolis-parque-arauco-santiago-oriente,,,"COMEDIA, ANIMACIÓN, AVENTURA",
Cinépolis Parque Arauco,Spider-Man: Un Nuevo Día,2026-09-02,19:20,3D,doblada,144,TE7,https://tickets-static-content.cinepolis.com/pimcore/19604/assets/Chile/Tickets/Movies/SpiderManUnNuevoDia_copy/Es/SMBND_720x1022_2/resource.jpg,https://cinepolis.com/cl?cinema=cinepolis-parque-arauco-santiago-oriente&selected=cinepolis-parque-arauco-santiago-oriente,,,"AVENTURA, ACCIÓN",
Cinépolis Parque Arauco,La noche del demonio: Están entre nosotros,2026-09-02,19:35,2D,subtitulada,105,14,https://tickets-static-content.cinepolis.com/pimcore/19801/assets/Chile/Tickets/Movies/LaNocheDelDemonioEstaEntreNosotros/Es/720x1022_19/resource.jpg,https://cinepolis.com/cl?cinema=cinepolis-parque-arauco-santiago-oriente&selected=cinepolis-parque-arauco-santiago-oriente,,,TERROR,
Cinépolis Parque Arauco,El Final De La Calle Oak,2026-09-02,20:00,ATMOS,subtitulada,100,14,https://tickets-static-content.cinepolis.com/pimcore/20089/assets/Chile/Tickets/Movies/ElFinalDeLaCalleOak_copy/Es/P_720X1022_5_copy/resource.jpg,https://cinepolis.com/cl?cinema=cinepolis-parque-arauco-santiago-oriente&selected=cinepolis-parque-arauco-santiago-oriente,,,"AVENTURA, CIENCIA FICCIÓN",
Cinépolis Parque Arauco,Harry Potter y la piedra filosofal,2026-09-02,20:15,4DX,subtitulada,166,TE7,https://tickets-static-content.cinepolis.com/pimcore/21310/assets/Chile/Tickets/Movies/HarryPotterPiedraFilosofal/Es/720x1022_19/resource.jpg,https://cinepolis.com/cl?cinema=cinepolis-parque-arauco-santiago-oriente&selected=cinepolis-parque-arauco-santiago-oriente,,,"AVENTURA, FANTASÍA",
Cinépolis Parque Arauco,Katy Perry: The Lifetimes Tour - Live from Paris,2026-09-02,20:30,2D,subtitulada,132,TE,https://tickets-static-content.cinepolis.com/pimcore/21189/assets/Chile/Tickets/Movies/KatyPerry/Es/720x1022_19/resource.jpg,https://cinepolis.com/cl?cinema=cinepolis-parque-arauco-santiago-oriente&selected=cinepolis-parque-arauco-santiago-oriente,,,CONCIERTO,
Cinépolis Parque Arauco,La Odisea,2026-09-02,21:00,2D,subtitulada,172,14,https://tickets-static-content.cinepolis.com/pimcore/18518/assets/Chile/Tickets/Movies/LaOdisea/Es/720x1022_poster_La_odisea_copia_2__1/resource.jpg,https://cinepolis.com/cl?cinema=cinepolis-parque-arauco-santiago-oriente&selected=cinepolis-parque-arauco-santiago-oriente,,,ACCIÓN,
Cinépolis Parque Arauco,La Odisea,2026-09-02,21:30,2D,subtitulada,172,14,https://tickets-static-content.cinepolis.com/pimcore/18518/assets/Chile/Tickets/Movies/LaOdisea/Es/720x1022_poster_La_odisea_copia_2__1/resource.jpg,https://cinepolis.com/cl?cinema=cinepolis-parque-arauco-santiago-oriente&selected=cinepolis-parque-arauco-santiago-oriente,,,ACCIÓN,
Cinépolis Parque Arauco,La Guerra de los Últimos,2026-09-02,21:40,2D,subtitulada,100,14,https://tickets-static-content.cinepolis.com/pimcore/20625/assets/Chile/Tickets/Movies/LaGuerraDeLosUltimos/Es/720x1022_19/resource.jpg,https://cinepolis.com/cl?cinema=cinepolis-parque-arauco-santiago-oriente&selected=cinepolis-parque-arauco-santiago-oriente,,,"DRAMA, CIENCIA FICCIÓN",
Cinépolis Parque Arauco,Coyote vs ACME,2026-09-02,21:50,2D,subtitulada,105,TE7,https://tickets-static-content.cinepolis.com/pimcore/19803/assets/Chile/Tickets/Movies/CoyoteVSAcme/Es/720x1022_24/resource.jpg,https://cinepolis.com/cl?cinema=cinepolis-parque-arauco-santiago-oriente&selected=cinepolis-parque-arauco-santiago-oriente,,,"COMEDIA, ANIMACIÓN, AVENTURA",
Cinépolis Parque Arauco,Spider-Man: Un Nuevo Día,2026-09-02,21:50,2D,subtitulada,144,TE7,https://tickets-static-content.cinepolis.com/pimcore/19604/assets/Chile/Tickets/Movies/SpiderManUnNuevoDia_copy/Es/SMBND_720x1022_2/resource.jpg,https://cinepolis.com/cl?cinema=cinepolis-parque-arauco-santiago-oriente&selected=cinepolis-parque-arauco-santiago-oriente,,,"AVENTURA, ACCIÓN",
Cinépolis Parque Arauco,La noche del demonio: Están entre nosotros,2026-09-02,22:00,2D,subtitulada,105,14,https://tickets-static-content.cinepolis.com/pimcore/19801/assets/Chile/Tickets/Movies/LaNocheDelDemonioEstaEntreNosotros/Es/720x1022_19/resource.jpg,https://cinepolis.com/cl?cinema=cinepolis-parque-arauco-santiago-oriente&selected=cinepolis-parque-arauco-santiago-oriente,,,TERROR,
Cinépolis Parque Arauco,Spider-Man: Un Nuevo Día,2026-09-02,22:20,ATMOS,subtitulada,144,TE7,https://tickets-static-content.cinepolis.com/pimcore/19604/assets/Chile/Tickets/Movies/SpiderManUnNuevoDia_copy/Es/SMBND_720x1022_2/resource.jpg,https://cinepolis.com/cl?cinema=cinepolis-parque-arauco-santiago-oriente&selected=cinepolis-parque-arauco-santiago-oriente,,,"AVENTURA, ACCIÓN",
Cinépolis Parque Arauco,Sólo por una noche,2026-09-02,22:30,2D,subtitulada,102,14,https://tickets-static-content.cinepolis.com/pimcore/20834/assets/Chile/Tickets/Movies/SoloPorUnaNoche/Es/720x1022_19/resource.jpg,https://cinepolis.com/cl?cinema=cinepolis-parque-arauco-santiago-oriente&selected=cinepolis-parque-arauco-santiago-oriente,,,COMEDIA,
Cinépolis Paseo Los Dominicos,Harry Potter y la piedra filosofal,2026-08-31,15:00,2D,subtitulada,166,TE7,https://tickets-static-content.cinepolis.com/pimcore/21310/assets/Chile/Tickets/Movies/HarryPotterPiedraFilosofal/Es/720x1022_19/resource.jpg,https://cinepolis.com/cl?cinema=cinepolis-los-dominicos-santiago-oriente&selected=cinepolis-los-dominicos-santiago-oriente,,,"AVENTURA, FANTASÍA",
Cinépolis Paseo Los Dominicos,Coyote vs ACME,2026-08-31,15:15,2D,doblada,105,TE7,https://tickets-static-content.cinepolis.com/pimcore/19803/assets/Chile/Tickets/Movies/CoyoteVSAcme/Es/720x1022_24/resource.jpg,https://cinepolis.com/cl?cinema=cinepolis-los-dominicos-santiago-oriente&selected=cinepolis-los-dominicos-santiago-oriente,,,"COMEDIA, ANIMACIÓN, AVENTURA",
Cinépolis Paseo Los Dominicos,Sagrado corazón,2026-08-31,15:30,2D,subtitulada,92,TE7,https://tickets-static-content.cinepolis.com/pimcore/21449/assets/Chile/Tickets/Movies/SagradoCorazon/Es/720x1022_19/resource.jpg,https://cinepolis.com/cl?cinema=cinepolis-los-dominicos-santiago-oriente&selected=cinepolis-los-dominicos-santiago-oriente,,,"DOCUMENTAL, CIENCIA FICCIÓN",
Cinépolis Paseo Los Dominicos,La Guerra de los Últimos,2026-08-31,15:40,2D,subtitulada,100,14,https://tickets-static-content.cinepolis.com/pimcore/20625/assets/Chile/Tickets/Movies/LaGuerraDeLosUltimos/Es/720x1022_19/resource.jpg,https://cinepolis.com/cl?cinema=cinepolis-los-dominicos-santiago-oriente&selected=cinepolis-los-dominicos-santiago-oriente,,,"DRAMA, CIENCIA FICCIÓN",
Cinépolis Paseo Los Dominicos,Coyote vs ACME,2026-08-31,16:45,2D,doblada,105,TE7,https://tickets-static-content.cinepolis.com/pimcore/19803/assets/Chile/Tickets/Movies/CoyoteVSAcme/Es/720x1022_24/resource.jpg,https://cinepolis.com/cl?cinema=cinepolis-los-dominicos-santiago-oriente&selected=cinepolis-los-dominicos-santiago-oriente,,,"COMEDIA, ANIMACIÓN, AVENTURA",
Cinépolis Paseo Los Dominicos,Los Domingos,2026-08-31,17:10,2D,,115,14,https://tickets-static-content.cinepolis.com/pimcore/21451/assets/Chile/Tickets/Movies/LosDomingos/Es/720x1022_19/resource.jpg,https://cinepolis.com/cl?cinema=cinepolis-los-dominicos-santiago-oriente&selected=cinepolis-los-dominicos-santiago-oriente,,,"DRAMA, SUSPENSO",
Cinépolis Paseo Los Dominicos,Spider-Man: Un Nuevo Día,2026-08-31,17:35,2D,subtitulada,144,TE7,https://tickets-static-content.cinepolis.com/pimcore/19604/assets/Chile/Tickets/Movies/SpiderManUnNuevoDia_copy/Es/SMBND_720x1022_2/resource.jpg,https://cinepolis.com/cl?cinema=cinepolis-los-dominicos-santiago-oriente&selected=cinepolis-los-dominicos-santiago-oriente,,,"AVENTURA, ACCIÓN",
Cinépolis Paseo Los Dominicos,Sagrado corazón,2026-08-31,18:05,2D,subtitulada,92,TE7,https://tickets-static-content.cinepolis.com/pimcore/21449/assets/Chile/Tickets/Movies/SagradoCorazon/Es/720x1022_19/resource.jpg,https://cinepolis.com/cl?cinema=cinepolis-los-dominicos-santiago-oriente&selected=cinepolis-los-dominicos-santiago-oriente,,,"DOCUMENTAL, CIENCIA FICCIÓN",
Cinépolis Paseo Los Dominicos,Harry Potter y la piedra filosofal,2026-08-31,18:30,2D,subtitulada,166,TE7,https://tickets-static-content.cinepolis.com/pimcore/21310/assets/Chile/Tickets/Movies/HarryPotterPiedraFilosofal/Es/720x1022_19/resource.jpg,https://cinepolis.com/cl?cinema=cinepolis-los-dominicos-santiago-oriente&selected=cinepolis-los-dominicos-santiago-oriente,,,"AVENTURA, FANTASÍA",
Cinépolis Paseo Los Dominicos,Papi Ricky: La película,2026-08-31,19:00,2D,,93,TE7,https://tickets-static-content.cinepolis.com/pimcore/21450/assets/Chile/Tickets/Movies/PapiRickyLaPelicula/Es/720x1022_19/resource.jpg,https://cinepolis.com/cl?cinema=cinepolis-los-dominicos-santiago-oriente&selected=cinepolis-los-dominicos-santiago-oriente,,,COMEDIA,
Cinépolis Paseo Los Dominicos,Coyote vs ACME,2026-08-31,19:30,2D,subtitulada,105,TE7,https://tickets-static-content.cinepolis.com/pimcore/19803/assets/Chile/Tickets/Movies/CoyoteVSAcme/Es/720x1022_24/resource.jpg,https://cinepolis.com/cl?cinema=cinepolis-los-dominicos-santiago-oriente&selected=cinepolis-los-dominicos-santiago-oriente,,,"COMEDIA, ANIMACIÓN, AVENTURA",
Cinépolis Paseo Los Dominicos,La Odisea,2026-08-31,20:00,2D,subtitulada,172,14,https://tickets-static-content.cinepolis.com/pimcore/18518/assets/Chile/Tickets/Movies/LaOdisea/Es/720x1022_poster_La_odisea_copia_2__1/resource.jpg,https://cinepolis.com/cl?cinema=cinepolis-los-dominicos-santiago-oriente&selected=cinepolis-los-dominicos-santiago-oriente,,,ACCIÓN,
Cinépolis Paseo Los Dominicos,Sagrado corazón,2026-08-31,20:30,2D,subtitulada,92,TE7,https://tickets-static-content.cinepolis.com/pimcore/21449/assets/Chile/Tickets/Movies/SagradoCorazon/Es/720x1022_19/resource.jpg,https://cinepolis.com/cl?cinema=cinepolis-los-dominicos-santiago-oriente&selected=cinepolis-los-dominicos-santiago-oriente,,,"DOCUMENTAL, CIENCIA FICCIÓN",
Cinépolis Paseo Los Dominicos,Spider-Man: Un Nuevo Día,2026-08-31,21:00,2D,subtitulada,144,TE7,https://tickets-static-content.cinepolis.com/pimcore/19604/assets/Chile/Tickets/Movies/SpiderManUnNuevoDia_copy/Es/SMBND_720x1022_2/resource.jpg,https://cinepolis.com/cl?cinema=cinepolis-los-dominicos-santiago-oriente&selected=cinepolis-los-dominicos-santiago-oriente,,,"AVENTURA, ACCIÓN",
Cinépolis Paseo Los Dominicos,Papi Ricky: La película,2026-08-31,21:30,2D,,93,TE7,https://tickets-static-content.cinepolis.com/pimcore/21450/assets/Chile/Tickets/Movies/PapiRickyLaPelicula/Es/720x1022_19/resource.jpg,https://cinepolis.com/cl?cinema=cinepolis-los-dominicos-santiago-oriente&selected=cinepolis-los-dominicos-santiago-oriente,,,COMEDIA,
Cinépolis Paseo Los Dominicos,La Guerra de los Últimos,2026-08-31,22:00,2D,subtitulada,100,14,https://tickets-static-content.cinepolis.com/pimcore/20625/assets/Chile/Tickets/Movies/LaGuerraDeLosUltimos/Es/720x1022_19/resource.jpg,https://cinepolis.com/cl?cinema=cinepolis-los-dominicos-santiago-oriente&selected=cinepolis-los-dominicos-santiago-oriente,,,"DRAMA, CIENCIA FICCIÓN",
Cinépolis Paseo Los Dominicos,Harry Potter y la piedra filosofal,2026-09-01,15:00,2D,subtitulada,166,TE7,https://tickets-static-content.cinepolis.com/pimcore/21310/assets/Chile/Tickets/Movies/HarryPotterPiedraFilosofal/Es/720x1022_19/resource.jpg,https://cinepolis.com/cl?cinema=cinepolis-los-dominicos-santiago-oriente&selected=cinepolis-los-dominicos-santiago-oriente,,,"AVENTURA, FANTASÍA",
Cinépolis Paseo Los Dominicos,Coyote vs ACME,2026-09-01,15:15,2D,doblada,105,TE7,https://tickets-static-content.cinepolis.com/pimcore/19803/assets/Chile/Tickets/Movies/CoyoteVSAcme/Es/720x1022_24/resource.jpg,https://cinepolis.com/cl?cinema=cinepolis-los-dominicos-santiago-oriente&selected=cinepolis-los-dominicos-santiago-oriente,,,"COMEDIA, ANIMACIÓN, AVENTURA",
Cinépolis Paseo Los Dominicos,Sagrado corazón,2026-09-01,15:30,2D,subtitulada,92,TE7,https://tickets-static-content.cinepolis.com/pimcore/21449/assets/Chile/Tickets/Movies/SagradoCorazon/Es/720x1022_19/resource.jpg,https://cinepolis.com/cl?cinema=cinepolis-los-dominicos-santiago-oriente&selected=cinepolis-los-dominicos-santiago-oriente,,,"DOCUMENTAL, CIENCIA FICCIÓN",
Cinépolis Paseo Los Dominicos,La Guerra de los Últimos,2026-09-01,15:40,2D,subtitulada,100,14,https://tickets-static-content.cinepolis.com/pimcore/20625/assets/Chile/Tickets/Movies/LaGuerraDeLosUltimos/Es/720x1022_19/resource.jpg,https://cinepolis.com/cl?cinema=cinepolis-los-dominicos-santiago-oriente&selected=cinepolis-los-dominicos-santiago-oriente,,,"DRAMA, CIENCIA FICCIÓN",
Cinépolis Paseo Los Dominicos,Coyote vs ACME,2026-09-01,16:45,2D,doblada,105,TE7,https://tickets-static-content.cinepolis.com/pimcore/19803/assets/Chile/Tickets/Movies/CoyoteVSAcme/Es/720x1022_24/resource.jpg,https://cinepolis.com/cl?cinema=cinepolis-los-dominicos-santiago-oriente&selected=cinepolis-los-dominicos-santiago-oriente,,,"COMEDIA, ANIMACIÓN, AVENTURA",
Cinépolis Paseo Los Dominicos,Los Domingos,2026-09-01,17:10,2D,,115,14,https://tickets-static-content.cinepolis.com/pimcore/21451/assets/Chile/Tickets/Movies/LosDomingos/Es/720x1022_19/resource.jpg,https://cinepolis.com/cl?cinema=cinepolis-los-dominicos-santiago-oriente&selected=cinepolis-los-dominicos-santiago-oriente,,,"DRAMA, SUSPENSO",
Cinépolis Paseo Los Dominicos,Spider-Man: Un Nuevo Día,2026-09-01,17:35,2D,subtitulada,144,TE7,https://tickets-static-content.cinepolis.com/pimcore/19604/assets/Chile/Tickets/Movies/SpiderManUnNuevoDia_copy/Es/SMBND_720x1022_2/resource.jpg,https://cinepolis.com/cl?cinema=cinepolis-los-dominicos-santiago-oriente&selected=cinepolis-los-dominicos-santiago-oriente,,,"AVENTURA, ACCIÓN",
Cinépolis Paseo Los Dominicos,Sagrado corazón,2026-09-01,18:05,2D,subtitulada,92,TE7,https://tickets-static-content.cinepolis.com/pimcore/21449/assets/Chile/Tickets/Movies/SagradoCorazon/Es/720x1022_19/resource.jpg,https://cinepolis.com/cl?cinema=cinepolis-los-dominicos-santiago-oriente&selected=cinepolis-los-dominicos-santiago-oriente,,,"DOCUMENTAL, CIENCIA FICCIÓN",
Cinépolis Paseo Los Dominicos,Harry Potter y la piedra filosofal,2026-09-01,18:30,2D,subtitulada,166,TE7,https://tickets-static-content.cinepolis.com/pimcore/21310/assets/Chile/Tickets/Movies/HarryPotterPiedraFilosofal/Es/720x1022_19/resource.jpg,https://cinepolis.com/cl?cinema=cinepolis-los-dominicos-santiago-oriente&selected=cinepolis-los-dominicos-santiago-oriente,,,"AVENTURA, FANTASÍA",
Cinépolis Paseo Los Dominicos,Papi Ricky: La película,2026-09-01,19:00,2D,,93,TE7,https://tickets-static-content.cinepolis.com/pimcore/21450/assets/Chile/Tickets/Movies/PapiRickyLaPelicula/Es/720x1022_19/resource.jpg,https://cinepolis.com/cl?cinema=cinepolis-los-dominicos-santiago-oriente&selected=cinepolis-los-dominicos-santiago-oriente,,,COMEDIA,
Cinépolis Paseo Los Dominicos,Coyote vs ACME,2026-09-01,19:30,2D,subtitulada,105,TE7,https://tickets-static-content.cinepolis.com/pimcore/19803/assets/Chile/Tickets/Movies/CoyoteVSAcme/Es/720x1022_24/resource.jpg,https://cinepolis.com/cl?cinema=cinepolis-los-dominicos-santiago-oriente&selected=cinepolis-los-dominicos-santiago-oriente,,,"COMEDIA, ANIMACIÓN, AVENTURA",
Cinépolis Paseo Los Dominicos,La Odisea,2026-09-01,20:00,2D,subtitulada,172,14,https://tickets-static-content.cinepolis.com/pimcore/18518/assets/Chile/Tickets/Movies/LaOdisea/Es/720x1022_poster_La_odisea_copia_2__1/resource.jpg,https://cinepolis.com/cl?cinema=cinepolis-los-dominicos-santiago-oriente&selected=cinepolis-los-dominicos-santiago-oriente,,,ACCIÓN,
Cinépolis Paseo Los Dominicos,Sagrado corazón,2026-09-01,20:30,2D,subtitulada,92,TE7,https://tickets-static-content.cinepolis.com/pimcore/21449/assets/Chile/Tickets/Movies/SagradoCorazon/Es/720x1022_19/resource.jpg,https://cinepolis.com/cl?cinema=cinepolis-los-dominicos-santiago-oriente&selected=cinepolis-los-dominicos-santiago-oriente,,,"DOCUMENTAL, CIENCIA FICCIÓN",
Cinépolis Paseo Los Dominicos,Spider-Man: Un Nuevo Día,2026-09-01,21:00,2D,subtitulada,144,TE7,https://tickets-static-content.cinepolis.com/pimcore/19604/assets/Chile/Tickets/Movies/SpiderManUnNuevoDia_copy/Es/SMBND_720x1022_2/resource.jpg,https://cinepolis.com/cl?cinema=cinepolis-los-dominicos-santiago-oriente&selected=cinepolis-los-dominicos-santiago-oriente,,,"AVENTURA, ACCIÓN",
Cinépolis Paseo Los Dominicos,Papi Ricky: La película,2026-09-01,21:30,2D,,93,TE7,https://tickets-static-content.cinepolis.com/pimcore/21450/assets/Chile/Tickets/Movies/PapiRickyLaPelicula/Es/720x1022_19/resource.jpg,https://cinepolis.com/cl?cinema=cinepolis-los-dominicos-santiago-oriente&selected=cinepolis-los-dominicos-santiago-oriente,,,COMEDIA,
Cinépolis Paseo Los Dominicos,La Guerra de los Últimos,2026-09-01,22:00,2D,subtitulada,100,14,https://tickets-static-content.cinepolis.com/pimcore/20625/assets/Chile/Tickets/Movies/LaGuerraDeLosUltimos/Es/720x1022_19/resource.jpg,https://cinepolis.com/cl?cinema=cinepolis-los-dominicos-santiago-oriente&selected=cinepolis-los-dominicos-santiago-oriente,,,"DRAMA, CIENCIA FICCIÓN",
Cinépolis Paseo Los Dominicos,Harry Potter y la piedra filosofal,2026-09-02,15:00,2D,subtitulada,166,TE7,https://tickets-static-content.cinepolis.com/pimcore/21310/assets/Chile/Tickets/Movies/HarryPotterPiedraFilosofal/Es/720x1022_19/resource.jpg,https://cinepolis.com/cl?cinema=cinepolis-los-dominicos-santiago-oriente&selected=cinepolis-los-dominicos-santiago-oriente,,,"AVENTURA, FANTASÍA",
Cinépolis Paseo Los Dominicos,Coyote vs ACME,2026-09-02,15:15,2D,doblada,105,TE7,https://tickets-static-content.cinepolis.com/pimcore/19803/assets/Chile/Tickets/Movies/CoyoteVSAcme/Es/720x1022_24/resource.jpg,https://cinepolis.com/cl?cinema=cinepolis-los-dominicos-santiago-oriente&selected=cinepolis-los-dominicos-santiago-oriente,,,"COMEDIA, ANIMACIÓN, AVENTURA",
Cinépolis Paseo Los Dominicos,Sagrado corazón,2026-09-02,15:30,2D,subtitulada,92,TE7,https://tickets-static-content.cinepolis.com/pimcore/21449/assets/Chile/Tickets/Movies/SagradoCorazon/Es/720x1022_19/resource.jpg,https://cinepolis.com/cl?cinema=cinepolis-los-dominicos-santiago-oriente&selected=cinepolis-los-dominicos-santiago-oriente,,,"DOCUMENTAL, CIENCIA FICCIÓN",
Cinépolis Paseo Los Dominicos,La Guerra de los Últimos,2026-09-02,15:40,2D,subtitulada,100,14,https://tickets-static-content.cinepolis.com/pimcore/20625/assets/Chile/Tickets/Movies/LaGuerraDeLosUltimos/Es/720x1022_19/resource.jpg,https://cinepolis.com/cl?cinema=cinepolis-los-dominicos-santiago-oriente&selected=cinepolis-los-dominicos-santiago-oriente,,,"DRAMA, CIENCIA FICCIÓN",
Cinépolis Paseo Los Dominicos,Coyote vs ACME,2026-09-02,16:45,2D,doblada,105,TE7,https://tickets-static-content.cinepolis.com/pimcore/19803/assets/Chile/Tickets/Movies/CoyoteVSAcme/Es/720x1022_24/resource.jpg,https://cinepolis.com/cl?cinema=cinepolis-los-dominicos-santiago-oriente&selected=cinepolis-los-dominicos-santiago-oriente,,,"COMEDIA, ANIMACIÓN, AVENTURA",
Cinépolis Paseo Los Dominicos,Los Domingos,2026-09-02,17:10,2D,,115,14,https://tickets-static-content.cinepolis.com/pimcore/21451/assets/Chile/Tickets/Movies/LosDomingos/Es/720x1022_19/resource.jpg,https://cinepolis.com/cl?cinema=cinepolis-los-dominicos-santiago-oriente&selected=cinepolis-los-dominicos-santiago-oriente,,,"DRAMA, SUSPENSO",
Cinépolis Paseo Los Dominicos,Spider-Man: Un Nuevo Día,2026-09-02,17:35,2D,subtitulada,144,TE7,https://tickets-static-content.cinepolis.com/pimcore/19604/assets/Chile/Tickets/Movies/SpiderManUnNuevoDia_copy/Es/SMBND_720x1022_2/resource.jpg,https://cinepolis.com/cl?cinema=cinepolis-los-dominicos-santiago-oriente&selected=cinepolis-los-dominicos-santiago-oriente,,,"AVENTURA, ACCIÓN",
Cinépolis Paseo Los Dominicos,Sagrado corazón,2026-09-02,18:05,2D,subtitulada,92,TE7,https://tickets-static-content.cinepolis.com/pimcore/21449/assets/Chile/Tickets/Movies/SagradoCorazon/Es/720x1022_19/resource.jpg,https://cinepolis.com/cl?cinema=cinepolis-los-dominicos-santiago-oriente&selected=cinepolis-los-dominicos-santiago-oriente,,,"DOCUMENTAL, CIENCIA FICCIÓN",
Cinépolis Paseo Los Dominicos,Harry Potter y la piedra filosofal,2026-09-02,18:30,2D,subtitulada,166,TE7,https://tickets-static-content.cinepolis.com/pimcore/21310/assets/Chile/Tickets/Movies/HarryPotterPiedraFilosofal/Es/720x1022_19/resource.jpg,https://cinepolis.com/cl?cinema=cinepolis-los-dominicos-santiago-oriente&selected=cinepolis-los-dominicos-santiago-oriente,,,"AVENTURA, FANTASÍA",
Cinépolis Paseo Los Dominicos,Papi Ricky: La película,2026-09-02,19:00,2D,,93,TE7,https://tickets-static-content.cinepolis.com/pimcore/21450/assets/Chile/Tickets/Movies/PapiRickyLaPelicula/Es/720x1022_19/resource.jpg,https://cinepolis.com/cl?cinema=cinepolis-los-dominicos-santiago-oriente&selected=cinepolis-los-dominicos-santiago-oriente,,,COMEDIA,
Cinépolis Paseo Los Dominicos,Coyote vs ACME,2026-09-02,19:30,2D,subtitulada,105,TE7,https://tickets-static-content.cinepolis.com/pimcore/19803/assets/Chile/Tickets/Movies/CoyoteVSAcme/Es/720x1022_24/resource.jpg,https://cinepolis.com/cl?cinema=cinepolis-los-dominicos-santiago-oriente&selected=cinepolis-los-dominicos-santiago-oriente,,,"COMEDIA, ANIMACIÓN, AVENTURA",
Cinépolis Paseo Los Dominicos,La Odisea,2026-09-02,20:00,2D,subtitulada,172,14,https://tickets-static-content.cinepolis.com/pimcore/18518/assets/Chile/Tickets/Movies/LaOdisea/Es/720x1022_poster_La_odisea_copia_2__1/resource.jpg,https://cinepolis.com/cl?cinema=cinepolis-los-dominicos-santiago-oriente&selected=cinepolis-los-dominicos-santiago-oriente,,,ACCIÓN,
Cinépolis Paseo Los Dominicos,Sagrado corazón,2026-09-02,20:30,2D,subtitulada,92,TE7,https://tickets-static-content.cinepolis.com/pimcore/21449/assets/Chile/Tickets/Movies/SagradoCorazon/Es/720x1022_19/resource.jpg,https://cinepolis.com/cl?cinema=cinepolis-los-dominicos-santiago-oriente&selected=cinepolis-los-dominicos-santiago-oriente,,,"DOCUMENTAL, CIENCIA FICCIÓN",
Cinépolis Paseo Los Dominicos,Spider-Man: Un Nuevo Día,2026-09-02,21:00,2D,subtitulada,144,TE7,https://tickets-static-content.cinepolis.com/pimcore/19604/assets/Chile/Tickets/Movies/SpiderManUnNuevoDia_copy/Es/SMBND_720x1022_2/resource.jpg,https://cinepolis.com/cl?cinema=cinepolis-los-dominicos-santiago-oriente&selected=cinepolis-los-dominicos-santiago-oriente,,,"AVENTURA, ACCIÓN",
Cinépolis Paseo Los Dominicos,Papi Ricky: La película,2026-09-02,21:30,2D,,93,TE7,https://tickets-static-content.cinepolis.com/pimcore/21450/assets/Chile/Tickets/Movies/PapiRickyLaPelicula/Es/720x1022_19/resource.jpg,https://cinepolis.com/cl?cinema=cinepolis-los-dominicos-santiago-oriente&selected=cinepolis-los-dominicos-santiago-oriente,,,COMEDIA,
Cinépolis Paseo Los Dominicos,La Guerra de los Últimos,2026-09-02,22:00,2D,subtitulada,100,14,https://tickets-static-content.cinepolis.com/pimcore/20625/assets/Chile/Tickets/Movies/LaGuerraDeLosUltimos/Es/720x1022_19/resource.jpg,https://cinepolis.com/cl?cinema=cinepolis-los-dominicos-santiago-oriente&selected=cinepolis-los-dominicos-santiago-oriente,,,"DRAMA, CIENCIA FICCIÓN",
Cinépolis Paseo Los Trapenses,Sagrado corazón,2026-08-31,15:00,2D,subtitulada,92,TE7,https://tickets-static-content.cinepolis.com/pimcore/21449/assets/Chile/Tickets/Movies/SagradoCorazon/Es/720x1022_19/resource.jpg,https://www.cinepolischile.cl/,,,"DOCUMENTAL, CIENCIA FICCIÓN",
Cinépolis Paseo Los Trapenses,Coyote vs ACME,2026-08-31,16:00,2D,doblada,105,TE7,https://tickets-static-content.cinepolis.com/pimcore/19803/assets/Chile/Tickets/Movies/CoyoteVSAcme/Es/720x1022_24/resource.jpg,https://www.cinepolischile.cl/,,,"COMEDIA, ANIMACIÓN, AVENTURA",
Cinépolis Paseo Los Trapenses,PAW Patrol: La Dino Película,2026-08-31,16:45,2D,doblada,88,TE,https://tickets-static-content.cinepolis.com/pimcore/20418/assets/Chile/Tickets/Movies/PAWPatrolLaDinoPelicula_copy/Es/PP3_Desktop_Poster_720x1022_2/resource.jpg,https://www.cinepolischile.cl/,,,ANIMACIÓN,
Cinépolis Paseo Los Trapenses,Sagrado corazón,2026-08-31,17:10,2D,subtitulada,92,TE7,https://tickets-static-content.cinepolis.com/pimcore/21449/assets/Chile/Tickets/Movies/SagradoCorazon/Es/720x1022_19/resource.jpg,https://www.cinepolischile.cl/,,,"DOCUMENTAL, CIENCIA FICCIÓN",
Cinépolis Paseo Los Trapenses,La Guerra de los Últimos,2026-08-31,17:20,2D,subtitulada,100,14,https://tickets-static-content.cinepolis.com/pimcore/20625/assets/Chile/Tickets/Movies/LaGuerraDeLosUltimos/Es/720x1022_19/resource.jpg,https://www.cinepolischile.cl/,,,"DRAMA, CIENCIA FICCIÓN",
Cinépolis Paseo Los Trapenses,Spider-Man: Un Nuevo Día,2026-08-31,17:35,2D,subtitulada,144,TE7,https://tickets-static-content.cinepolis.com/pimcore/19604/assets/Chile/Tickets/Movies/SpiderManUnNuevoDia_copy/Es/SMBND_720x1022_2/resource.jpg,https://www.cinepolischile.cl/,,,"AVENTURA, ACCIÓN",
Cinépolis Paseo Los Trapenses,Los Domingos,2026-08-31,17:50,2D,,115,14,https://tickets-static-content.cinepolis.com/pimcore/21451/assets/Chile/Tickets/Movies/LosDomingos/Es/720x1022_19/resource.jpg,https://www.cinepolischile.cl/,,,"DRAMA, SUSPENSO",
Cinépolis Paseo Los Trapenses,Coyote vs ACME,2026-08-31,18:30,2D,doblada,105,TE7,https://tickets-static-content.cinepolis.com/pimcore/19803/assets/Chile/Tickets/Movies/CoyoteVSAcme/Es/720x1022_24/resource.jpg,https://www.cinepolischile.cl/,,,"COMEDIA, ANIMACIÓN, AVENTURA",
Cinépolis Paseo Los Trapenses,Papi Ricky: La película,2026-08-31,19:00,2D,,93,TE7,https://tickets-static-content.cinepolis.com/pimcore/21450/assets/Chile/Tickets/Movies/PapiRickyLaPelicula/Es/720x1022_19/resource.jpg,https://www.cinepolischile.cl/,,,COMEDIA,
Cinépolis Paseo Los Trapenses,Sagrado corazón,2026-08-31,19:30,2D,subtitulada,92,TE7,https://tickets-static-content.cinepolis.com/pimcore/21449/assets/Chile/Tickets/Movies/SagradoCorazon/Es/720x1022_19/resource.jpg,https://www.cinepolischile.cl/,,,"DOCUMENTAL, CIENCIA FICCIÓN",
Cinépolis Paseo Los Trapenses,Harry Potter y la piedra filosofal,2026-08-31,20:00,2D,subtitulada,166,TE7,https://tickets-static-content.cinepolis.com/pimcore/21310/assets/Chile/Tickets/Movies/HarryPotterPiedraFilosofal/Es/720x1022_19/resource.jpg,https://www.cinepolischile.cl/,,,"AVENTURA, FANTASÍA",
Cinépolis Paseo Los Trapenses,La Odisea,2026-08-31,20:30,2D,subtitulada,172,14,https://tickets-static-content.cinepolis.com/pimcore/18518/assets/Chile/Tickets/Movies/LaOdisea/Es/720x1022_poster_La_odisea_copia_2__1/resource.jpg,https://www.cinepolischile.cl/,,,ACCIÓN,
Cinépolis Paseo Los Trapenses,Spider-Man: Un Nuevo Día,2026-08-31,20:45,2D,subtitulada,144,TE7,https://tickets-static-content.cinepolis.com/pimcore/19604/assets/Chile/Tickets/Movies/SpiderManUnNuevoDia_copy/Es/SMBND_720x1022_2/resource.jpg,https://www.cinepolischile.cl/,,,"AVENTURA, ACCIÓN",
Cinépolis Paseo Los Trapenses,Coyote vs ACME,2026-08-31,21:00,2D,subtitulada,105,TE7,https://tickets-static-content.cinepolis.com/pimcore/19803/assets/Chile/Tickets/Movies/CoyoteVSAcme/Es/720x1022_24/resource.jpg,https://www.cinepolischile.cl/,,,"COMEDIA, ANIMACIÓN, AVENTURA",
Cinépolis Paseo Los Trapenses,Papi Ricky: La película,2026-08-31,21:25,2D,,93,TE7,https://tickets-static-content.cinepolis.com/pimcore/21450/assets/Chile/Tickets/Movies/PapiRickyLaPelicula/Es/720x1022_19/resource.jpg,https://www.cinepolischile.cl/,,,COMEDIA,
Cinépolis Paseo Los Trapenses,La Guerra de los Últimos,2026-08-31,21:45,2D,subtitulada,100,14,https://tickets-static-content.cinepolis.com/pimcore/20625/assets/Chile/Tickets/Movies/LaGuerraDeLosUltimos/Es/720x1022_19/resource.jpg,https://www.cinepolischile.cl/,,,"DRAMA, CIENCIA FICCIÓN",
Cinépolis Paseo Los Trapenses,Sagrado corazón,2026-09-01,15:00,2D,subtitulada,92,TE7,https://tickets-static-content.cinepolis.com/pimcore/21449/assets/Chile/Tickets/Movies/SagradoCorazon/Es/720x1022_19/resource.jpg,https://www.cinepolischile.cl/,,,"DOCUMENTAL, CIENCIA FICCIÓN",
Cinépolis Paseo Los Trapenses,Coyote vs ACME,2026-09-01,16:00,2D,doblada,105,TE7,https://tickets-static-content.cinepolis.com/pimcore/19803/assets/Chile/Tickets/Movies/CoyoteVSAcme/Es/720x1022_24/resource.jpg,https://www.cinepolischile.cl/,,,"COMEDIA, ANIMACIÓN, AVENTURA",
Cinépolis Paseo Los Trapenses,PAW Patrol: La Dino Película,2026-09-01,16:45,2D,doblada,88,TE,https://tickets-static-content.cinepolis.com/pimcore/20418/assets/Chile/Tickets/Movies/PAWPatrolLaDinoPelicula_copy/Es/PP3_Desktop_Poster_720x1022_2/resource.jpg,https://www.cinepolischile.cl/,,,ANIMACIÓN,
Cinépolis Paseo Los Trapenses,Sagrado corazón,2026-09-01,17:10,2D,subtitulada,92,TE7,https://tickets-static-content.cinepolis.com/pimcore/21449/assets/Chile/Tickets/Movies/SagradoCorazon/Es/720x1022_19/resource.jpg,https://www.cinepolischile.cl/,,,"DOCUMENTAL, CIENCIA FICCIÓN",
Cinépolis Paseo Los Trapenses,La Guerra de los Últimos,2026-09-01,17:20,2D,subtitulada,100,14,https://tickets-static-content.cinepolis.com/pimcore/20625/assets/Chile/Tickets/Movies/LaGuerraDeLosUltimos/Es/720x1022_19/resource.jpg,https://www.cinepolischile.cl/,,,"DRAMA, CIENCIA FICCIÓN",
Cinépolis Paseo Los Trapenses,Spider-Man: Un Nuevo Día,2026-09-01,17:35,2D,subtitulada,144,TE7,https://tickets-static-content.cinepolis.com/pimcore/19604/assets/Chile/Tickets/Movies/SpiderManUnNuevoDia_copy/Es/SMBND_720x1022_2/resource.jpg,https://www.cinepolischile.cl/,,,"AVENTURA, ACCIÓN",
Cinépolis Paseo Los Trapenses,Los Domingos,2026-09-01,17:50,2D,,115,14,https://tickets-static-content.cinepolis.com/pimcore/21451/assets/Chile/Tickets/Movies/LosDomingos/Es/720x1022_19/resource.jpg,https://www.cinepolischile.cl/,,,"DRAMA, SUSPENSO",
Cinépolis Paseo Los Trapenses,Coyote vs ACME,2026-09-01,18:30,2D,doblada,105,TE7,https://tickets-static-content.cinepolis.com/pimcore/19803/assets/Chile/Tickets/Movies/CoyoteVSAcme/Es/720x1022_24/resource.jpg,https://www.cinepolischile.cl/,,,"COMEDIA, ANIMACIÓN, AVENTURA",
Cinépolis Paseo Los Trapenses,Papi Ricky: La película,2026-09-01,19:00,2D,,93,TE7,https://tickets-static-content.cinepolis.com/pimcore/21450/assets/Chile/Tickets/Movies/PapiRickyLaPelicula/Es/720x1022_19/resource.jpg,https://www.cinepolischile.cl/,,,COMEDIA,
Cinépolis Paseo Los Trapenses,Sagrado corazón,2026-09-01,19:30,2D,subtitulada,92,TE7,https://tickets-static-content.cinepolis.com/pimcore/21449/assets/Chile/Tickets/Movies/SagradoCorazon/Es/720x1022_19/resource.jpg,https://www.cinepolischile.cl/,,,"DOCUMENTAL, CIENCIA FICCIÓN",
Cinépolis Paseo Los Trapenses,Harry Potter y la piedra filosofal,2026-09-01,20:00,2D,subtitulada,166,TE7,https://tickets-static-content.cinepolis.com/pimcore/21310/assets/Chile/Tickets/Movies/HarryPotterPiedraFilosofal/Es/720x1022_19/resource.jpg,https://www.cinepolischile.cl/,,,"AVENTURA, FANTASÍA",
Cinépolis Paseo Los Trapenses,La Odisea,2026-09-01,20:30,2D,subtitulada,172,14,https://tickets-static-content.cinepolis.com/pimcore/18518/assets/Chile/Tickets/Movies/LaOdisea/Es/720x1022_poster_La_odisea_copia_2__1/resource.jpg,https://www.cinepolischile.cl/,,,ACCIÓN,
Cinépolis Paseo Los Trapenses,Spider-Man: Un Nuevo Día,2026-09-01,20:45,2D,subtitulada,144,TE7,https://tickets-static-content.cinepolis.com/pimcore/19604/assets/Chile/Tickets/Movies/SpiderManUnNuevoDia_copy/Es/SMBND_720x1022_2/resource.jpg,https://www.cinepolischile.cl/,,,"AVENTURA, ACCIÓN",
Cinépolis Paseo Los Trapenses,Coyote vs ACME,2026-09-01,21:00,2D,subtitulada,105,TE7,https://tickets-static-content.cinepolis.com/pimcore/19803/assets/Chile/Tickets/Movies/CoyoteVSAcme/Es/720x1022_24/resource.jpg,https://www.cinepolischile.cl/,,,"COMEDIA, ANIMACIÓN, AVENTURA",
Cinépolis Paseo Los Trapenses,Papi Ricky: La película,2026-09-01,21:25,2D,,93,TE7,https://tickets-static-content.cinepolis.com/pimcore/21450/assets/Chile/Tickets/Movies/PapiRickyLaPelicula/Es/720x1022_19/resource.jpg,https://www.cinepolischile.cl/,,,COMEDIA,
Cinépolis Paseo Los Trapenses,La Guerra de los Últimos,2026-09-01,21:45,2D,subtitulada,100,14,https://tickets-static-content.cinepolis.com/pimcore/20625/assets/Chile/Tickets/Movies/LaGuerraDeLosUltimos/Es/720x1022_19/resource.jpg,https://www.cinepolischile.cl/,,,"DRAMA, CIENCIA FICCIÓN",
Cinépolis Paseo Los Trapenses,Sagrado corazón,2026-09-02,15:00,2D,subtitulada,92,TE7,https://tickets-static-content.cinepolis.com/pimcore/21449/assets/Chile/Tickets/Movies/SagradoCorazon/Es/720x1022_19/resource.jpg,https://www.cinepolischile.cl/,,,"DOCUMENTAL, CIENCIA FICCIÓN",
Cinépolis Paseo Los Trapenses,Coyote vs ACME,2026-09-02,16:00,2D,doblada,105,TE7,https://tickets-static-content.cinepolis.com/pimcore/19803/assets/Chile/Tickets/Movies/CoyoteVSAcme/Es/720x1022_24/resource.jpg,https://www.cinepolischile.cl/,,,"COMEDIA, ANIMACIÓN, AVENTURA",
Cinépolis Paseo Los Trapenses,PAW Patrol: La Dino Película,2026-09-02,16:45,2D,doblada,88,TE,https://tickets-static-content.cinepolis.com/pimcore/20418/assets/Chile/Tickets/Movies/PAWPatrolLaDinoPelicula_copy/Es/PP3_Desktop_Poster_720x1022_2/resource.jpg,https://www.cinepolischile.cl/,,,ANIMACIÓN,
Cinépolis Paseo Los Trapenses,Sagrado corazón,2026-09-02,17:10,2D,subtitulada,92,TE7,https://tickets-static-content.cinepolis.com/pimcore/21449/assets/Chile/Tickets/Movies/SagradoCorazon/Es/720x1022_19/resource.jpg,https://www.cinepolischile.cl/,,,"DOCUMENTAL, CIENCIA FICCIÓN",
Cinépolis Paseo Los Trapenses,La Guerra de los Últimos,2026-09-02,17:20,2D,subtitulada,100,14,https://tickets-static-content.cinepolis.com/pimcore/20625/assets/Chile/Tickets/Movies/LaGuerraDeLosUltimos/Es/720x1022_19/resource.jpg,https://www.cinepolischile.cl/,,,"DRAMA, CIENCIA FICCIÓN",
Cinépolis Paseo Los Trapenses,Spider-Man: Un Nuevo Día,2026-09-02,17:35,2D,subtitulada,144,TE7,https://tickets-static-content.cinepolis.com/pimcore/19604/assets/Chile/Tickets/Movies/SpiderManUnNuevoDia_copy/Es/SMBND_720x1022_2/resource.jpg,https://www.cinepolischile.cl/,,,"AVENTURA, ACCIÓN",
Cinépolis Paseo Los Trapenses,Los Domingos,2026-09-02,17:50,2D,,115,14,https://tickets-static-content.cinepolis.com/pimcore/21451/assets/Chile/Tickets/Movies/LosDomingos/Es/720x1022_19/resource.jpg,https://www.cinepolischile.cl/,,,"DRAMA, SUSPENSO",
Cinépolis Paseo Los Trapenses,Coyote vs ACME,2026-09-02,18:30,2D,doblada,105,TE7,https://tickets-static-content.cinepolis.com/pimcore/19803/assets/Chile/Tickets/Movies/CoyoteVSAcme/Es/720x1022_24/resource.jpg,https://www.cinepolischile.cl/,,,"COMEDIA, ANIMACIÓN, AVENTURA",
Cinépolis Paseo Los Trapenses,Papi Ricky: La película,2026-09-02,19:00,2D,,93,TE7,https://tickets-static-content.cinepolis.com/pimcore/21450/assets/Chile/Tickets/Movies/PapiRickyLaPelicula/Es/720x1022_19/resource.jpg,https://www.cinepolischile.cl/,,,COMEDIA,
Cinépolis Paseo Los Trapenses,Sagrado corazón,2026-09-02,19:30,2D,subtitulada,92,TE7,https://tickets-static-content.cinepolis.com/pimcore/21449/assets/Chile/Tickets/Movies/SagradoCorazon/Es/720x1022_19/resource.jpg,https://www.cinepolischile.cl/,,,"DOCUMENTAL, CIENCIA FICCIÓN",
Cinépolis Paseo Los Trapenses,Harry Potter y la piedra filosofal,2026-09-02,20:00,2D,subtitulada,166,TE7,https://tickets-static-content.cinepolis.com/pimcore/21310/assets/Chile/Tickets/Movies/HarryPotterPiedraFilosofal/Es/720x1022_19/resource.jpg,https://www.cinepolischile.cl/,,,"AVENTURA, FANTASÍA",
Cinépolis Paseo Los Trapenses,La Odisea,2026-09-02,20:30,2D,subtitulada,172,14,https://tickets-static-content.cinepolis.com/pimcore/18518/assets/Chile/Tickets/Movies/LaOdisea/Es/720x1022_poster_La_odisea_copia_2__1/resource.jpg,https://www.cinepolischile.cl/,,,ACCIÓN,
Cinépolis Paseo Los Trapenses,Spider-Man: Un Nuevo Día,2026-09-02,20:45,2D,subtitulada,144,TE7,https://tickets-static-content.cinepolis.com/pimcore/19604/assets/Chile/Tickets/Movies/SpiderManUnNuevoDia_copy/Es/SMBND_720x1022_2/resource.jpg,https://www.cinepolischile.cl/,,,"AVENTURA, ACCIÓN",
Cinépolis Paseo Los Trapenses,Coyote vs ACME,2026-09-02,21:00,2D,subtitulada,105,TE7,https://tickets-static-content.cinepolis.com/pimcore/19803/assets/Chile/Tickets/Movies/CoyoteVSAcme/Es/720x1022_24/resource.jpg,https://www.cinepolischile.cl/,,,"COMEDIA, ANIMACIÓN, AVENTURA",
Cinépolis Paseo Los Trapenses,Papi Ricky: La película,2026-09-02,21:25,2D,,93,TE7,https://tickets-static-content.cinepolis.com/pimcore/21450/assets/Chile/Tickets/Movies/PapiRickyLaPelicula/Es/720x1022_19/resource.jpg,https://www.cinepolischile.cl/,,,COMEDIA,
Cinépolis Paseo Los Trapenses,La Guerra de los Últimos,2026-09-02,21:45,2D,subtitulada,100,14,https://tickets-static-content.cinepolis.com/pimcore/20625/assets/Chile/Tickets/Movies/LaGuerraDeLosUltimos/Es/720x1022_19/resource.jpg,https://www.cinepolischile.cl/,,,"DRAMA, CIENCIA FICCIÓN",
Cinépolis Paseo San Bernardo,Spider-Man: Un Nuevo Día,2026-08-31,13:00,2D,doblada,144,TE7,https://tickets-static-content.cinepolis.com/pimcore/19604/assets/Chile/Tickets/Movies/SpiderManUnNuevoDia_copy/Es/SMBND_720x1022_2/resource.jpg,https://cinepolis.com/cl?cinema=cinepolis-san-bernardo-santiago-sur&selected=cinepolis-san-bernardo-santiago-sur,,,"AVENTURA, ACCIÓN",
Cinépolis Paseo San Bernardo,Coyote vs ACME,2026-08-31,13:15,2D,doblada,105,TE7,https://tickets-static-content.cinepolis.com/pimcore/19803/assets/Chile/Tickets/Movies/CoyoteVSAcme/Es/720x1022_24/resource.jpg,https://cinepolis.com/cl?cinema=cinepolis-san-bernardo-santiago-sur&selected=cinepolis-san-bernardo-santiago-sur,,,"COMEDIA, ANIMACIÓN, AVENTURA",
Cinépolis Paseo San Bernardo,Spider-Man: Un Nuevo Día,2026-08-31,13:50,2D,doblada,144,TE7,https://tickets-static-content.cinepolis.com/pimcore/19604/assets/Chile/Tickets/Movies/SpiderManUnNuevoDia_copy/Es/SMBND_720x1022_2/resource.jpg,https://cinepolis.com/cl?cinema=cinepolis-san-bernardo-santiago-sur&selected=cinepolis-san-bernardo-santiago-sur,,,"AVENTURA, ACCIÓN",
Cinépolis Paseo San Bernardo,Sagrado corazón,2026-08-31,14:30,2D,doblada,92,TE7,https://tickets-static-content.cinepolis.com/pimcore/21449/assets/Chile/Tickets/Movies/SagradoCorazon/Es/720x1022_19/resource.jpg,https://cinepolis.com/cl?cinema=cinepolis-san-bernardo-santiago-sur&selected=cinepolis-san-bernardo-santiago-sur,,,"DOCUMENTAL, CIENCIA FICCIÓN",
Cinépolis Paseo San Bernardo,Coyote vs ACME,2026-08-31,14:45,2D,doblada,105,TE7,https://tickets-static-content.cinepolis.com/pimcore/19803/assets/Chile/Tickets/Movies/CoyoteVSAcme/Es/720x1022_24/resource.jpg,https://cinepolis.com/cl?cinema=cinepolis-san-bernardo-santiago-sur&selected=cinepolis-san-bernardo-santiago-sur,,,"COMEDIA, ANIMACIÓN, AVENTURA",
Cinépolis Paseo San Bernardo,Spider-Man: Un Nuevo Día,2026-08-31,15:00,2D,doblada,144,TE7,https://tickets-static-content.cinepolis.com/pimcore/19604/assets/Chile/Tickets/Movies/SpiderManUnNuevoDia_copy/Es/SMBND_720x1022_2/resource.jpg,https://cinepolis.com/cl?cinema=cinepolis-san-bernardo-santiago-sur&selected=cinepolis-san-bernardo-santiago-sur,,,"AVENTURA, ACCIÓN",
Cinépolis Paseo San Bernardo,El Final De La Calle Oak,2026-08-31,15:40,2D,doblada,100,14,https://tickets-static-content.cinepolis.com/pimcore/20089/assets/Chile/Tickets/Movies/ElFinalDeLaCalleOak_copy/Es/P_720X1022_5_copy/resource.jpg,https://cinepolis.com/cl?cinema=cinepolis-san-bernardo-santiago-sur&selected=cinepolis-san-bernardo-santiago-sur,,,"AVENTURA, CIENCIA FICCIÓN",
Cinépolis Paseo San Bernardo,Papi Ricky: La película,2026-08-31,16:15,2D,,93,TE7,https://tickets-static-content.cinepolis.com/pimcore/21450/assets/Chile/Tickets/Movies/PapiRickyLaPelicula/Es/720x1022_19/resource.jpg,https://cinepolis.com/cl?cinema=cinepolis-san-bernardo-santiago-sur&selected=cinepolis-san-bernardo-santiago-sur,,,COMEDIA,
Cinépolis Paseo San Bernardo,Harry Potter y la piedra filosofal,2026-08-31,16:45,2D,doblada,166,TE7,https://tickets-static-content.cinepolis.com/pimcore/21310/assets/Chile/Tickets/Movies/HarryPotterPiedraFilosofal/Es/720x1022_19/resource.jpg,https://cinepolis.com/cl?cinema=cinepolis-san-bernardo-santiago-sur&selected=cinepolis-san-bernardo-santiago-sur,,,"AVENTURA, FANTASÍA",
Cinépolis Paseo San Bernardo,Spider-Man: Un Nuevo Día,2026-08-31,17:00,2D,doblada,144,TE7,https://tickets-static-content.cinepolis.com/pimcore/19604/assets/Chile/Tickets/Movies/SpiderManUnNuevoDia_copy/Es/SMBND_720x1022_2/resource.jpg,https://cinepolis.com/cl?cinema=cinepolis-san-bernardo-santiago-sur&selected=cinepolis-san-bernardo-santiago-sur,,,"AVENTURA, ACCIÓN",
Cinépolis Paseo San Bernardo,Coyote vs ACME,2026-08-31,17:20,2D,doblada,105,TE7,https://tickets-static-content.cinepolis.com/pimcore/19803/assets/Chile/Tickets/Movies/CoyoteVSAcme/Es/720x1022_24/resource.jpg,https://cinepolis.com/cl?cinema=cinepolis-san-bernardo-santiago-sur&selected=cinepolis-san-bernardo-santiago-sur,,,"COMEDIA, ANIMACIÓN, AVENTURA",
Cinépolis Paseo San Bernardo,La noche del demonio: Están entre nosotros,2026-08-31,18:00,2D,doblada,105,14,https://tickets-static-content.cinepolis.com/pimcore/19801/assets/Chile/Tickets/Movies/LaNocheDelDemonioEstaEntreNosotros/Es/720x1022_19/resource.jpg,https://cinepolis.com/cl?cinema=cinepolis-san-bernardo-santiago-sur&selected=cinepolis-san-bernardo-santiago-sur,,,TERROR,
Cinépolis Paseo San Bernardo,La Guerra de los Últimos,2026-08-31,18:15,2D,doblada,100,14,https://tickets-static-content.cinepolis.com/pimcore/20625/assets/Chile/Tickets/Movies/LaGuerraDeLosUltimos/Es/720x1022_19/resource.jpg,https://cinepolis.com/cl?cinema=cinepolis-san-bernardo-santiago-sur&selected=cinepolis-san-bernardo-santiago-sur,,,"DRAMA, CIENCIA FICCIÓN",
Cinépolis Paseo San Bernardo,Papi Ricky: La película,2026-08-31,18:40,2D,,93,TE7,https://tickets-static-content.cinepolis.com/pimcore/21450/assets/Chile/Tickets/Movies/PapiRickyLaPelicula/Es/720x1022_19/resource.jpg,https://cinepolis.com/cl?cinema=cinepolis-san-bernardo-santiago-sur&selected=cinepolis-san-bernardo-santiago-sur,,,COMEDIA,
Cinépolis Paseo San Bernardo,Coyote vs ACME,2026-08-31,19:45,2D,doblada,105,TE7,https://tickets-static-content.cinepolis.com/pimcore/19803/assets/Chile/Tickets/Movies/CoyoteVSAcme/Es/720x1022_24/resource.jpg,https://cinepolis.com/cl?cinema=cinepolis-san-bernardo-santiago-sur&selected=cinepolis-san-bernardo-santiago-sur,,,"COMEDIA, ANIMACIÓN, AVENTURA",
Cinépolis Paseo San Bernardo,Spider-Man: Un Nuevo Día,2026-08-31,20:00,2D,doblada,144,TE7,https://tickets-static-content.cinepolis.com/pimcore/19604/assets/Chile/Tickets/Movies/SpiderManUnNuevoDia_copy/Es/SMBND_720x1022_2/resource.jpg,https://cinepolis.com/cl?cinema=cinepolis-san-bernardo-santiago-sur&selected=cinepolis-san-bernardo-santiago-sur,,,"AVENTURA, ACCIÓN",
Cinépolis Paseo San Bernardo,Harry Potter y la piedra filosofal,2026-08-31,20:10,2D,doblada,166,TE7,https://tickets-static-content.cinepolis.com/pimcore/21310/assets/Chile/Tickets/Movies/HarryPotterPiedraFilosofal/Es/720x1022_19/resource.jpg,https://cinepolis.com/cl?cinema=cinepolis-san-bernardo-santiago-sur&selected=cinepolis-san-bernardo-santiago-sur,,,"AVENTURA, FANTASÍA",
Cinépolis Paseo San Bernardo,La noche del demonio: Están entre nosotros,2026-08-31,20:30,2D,doblada,105,14,https://tickets-static-content.cinepolis.com/pimcore/19801/assets/Chile/Tickets/Movies/LaNocheDelDemonioEstaEntreNosotros/Es/720x1022_19/resource.jpg,https://cinepolis.com/cl?cinema=cinepolis-san-bernardo-santiago-sur&selected=cinepolis-san-bernardo-santiago-sur,,,TERROR,
Cinépolis Paseo San Bernardo,La Guerra de los Últimos,2026-08-31,20:50,2D,doblada,100,14,https://tickets-static-content.cinepolis.com/pimcore/20625/assets/Chile/Tickets/Movies/LaGuerraDeLosUltimos/Es/720x1022_19/resource.jpg,https://cinepolis.com/cl?cinema=cinepolis-san-bernardo-santiago-sur&selected=cinepolis-san-bernardo-santiago-sur,,,"DRAMA, CIENCIA FICCIÓN",
Cinépolis Paseo San Bernardo,Papi Ricky: La película,2026-08-31,21:10,2D,,93,TE7,https://tickets-static-content.cinepolis.com/pimcore/21450/assets/Chile/Tickets/Movies/PapiRickyLaPelicula/Es/720x1022_19/resource.jpg,https://cinepolis.com/cl?cinema=cinepolis-san-bernardo-santiago-sur&selected=cinepolis-san-bernardo-santiago-sur,,,COMEDIA,
Cinépolis Paseo San Bernardo,Spider-Man: Un Nuevo Día,2026-09-01,13:00,2D,doblada,144,TE7,https://tickets-static-content.cinepolis.com/pimcore/19604/assets/Chile/Tickets/Movies/SpiderManUnNuevoDia_copy/Es/SMBND_720x1022_2/resource.jpg,https://cinepolis.com/cl?cinema=cinepolis-san-bernardo-santiago-sur&selected=cinepolis-san-bernardo-santiago-sur,,,"AVENTURA, ACCIÓN",
Cinépolis Paseo San Bernardo,Coyote vs ACME,2026-09-01,13:15,2D,doblada,105,TE7,https://tickets-static-content.cinepolis.com/pimcore/19803/assets/Chile/Tickets/Movies/CoyoteVSAcme/Es/720x1022_24/resource.jpg,https://cinepolis.com/cl?cinema=cinepolis-san-bernardo-santiago-sur&selected=cinepolis-san-bernardo-santiago-sur,,,"COMEDIA, ANIMACIÓN, AVENTURA",
Cinépolis Paseo San Bernardo,Spider-Man: Un Nuevo Día,2026-09-01,13:50,2D,doblada,144,TE7,https://tickets-static-content.cinepolis.com/pimcore/19604/assets/Chile/Tickets/Movies/SpiderManUnNuevoDia_copy/Es/SMBND_720x1022_2/resource.jpg,https://cinepolis.com/cl?cinema=cinepolis-san-bernardo-santiago-sur&selected=cinepolis-san-bernardo-santiago-sur,,,"AVENTURA, ACCIÓN",
Cinépolis Paseo San Bernardo,Sagrado corazón,2026-09-01,14:30,2D,doblada,92,TE7,https://tickets-static-content.cinepolis.com/pimcore/21449/assets/Chile/Tickets/Movies/SagradoCorazon/Es/720x1022_19/resource.jpg,https://cinepolis.com/cl?cinema=cinepolis-san-bernardo-santiago-sur&selected=cinepolis-san-bernardo-santiago-sur,,,"DOCUMENTAL, CIENCIA FICCIÓN",
Cinépolis Paseo San Bernardo,Coyote vs ACME,2026-09-01,14:45,2D,doblada,105,TE7,https://tickets-static-content.cinepolis.com/pimcore/19803/assets/Chile/Tickets/Movies/CoyoteVSAcme/Es/720x1022_24/resource.jpg,https://cinepolis.com/cl?cinema=cinepolis-san-bernardo-santiago-sur&selected=cinepolis-san-bernardo-santiago-sur,,,"COMEDIA, ANIMACIÓN, AVENTURA",
Cinépolis Paseo San Bernardo,Spider-Man: Un Nuevo Día,2026-09-01,15:00,2D,doblada,144,TE7,https://tickets-static-content.cinepolis.com/pimcore/19604/assets/Chile/Tickets/Movies/SpiderManUnNuevoDia_copy/Es/SMBND_720x1022_2/resource.jpg,https://cinepolis.com/cl?cinema=cinepolis-san-bernardo-santiago-sur&selected=cinepolis-san-bernardo-santiago-sur,,,"AVENTURA, ACCIÓN",
Cinépolis Paseo San Bernardo,El Final De La Calle Oak,2026-09-01,15:40,2D,doblada,100,14,https://tickets-static-content.cinepolis.com/pimcore/20089/assets/Chile/Tickets/Movies/ElFinalDeLaCalleOak_copy/Es/P_720X1022_5_copy/resource.jpg,https://cinepolis.com/cl?cinema=cinepolis-san-bernardo-santiago-sur&selected=cinepolis-san-bernardo-santiago-sur,,,"AVENTURA, CIENCIA FICCIÓN",
Cinépolis Paseo San Bernardo,Papi Ricky: La película,2026-09-01,16:15,2D,,93,TE7,https://tickets-static-content.cinepolis.com/pimcore/21450/assets/Chile/Tickets/Movies/PapiRickyLaPelicula/Es/720x1022_19/resource.jpg,https://cinepolis.com/cl?cinema=cinepolis-san-bernardo-santiago-sur&selected=cinepolis-san-bernardo-santiago-sur,,,COMEDIA,
Cinépolis Paseo San Bernardo,Harry Potter y la piedra filosofal,2026-09-01,16:45,2D,doblada,166,TE7,https://tickets-static-content.cinepolis.com/pimcore/21310/assets/Chile/Tickets/Movies/HarryPotterPiedraFilosofal/Es/720x1022_19/resource.jpg,https://cinepolis.com/cl?cinema=cinepolis-san-bernardo-santiago-sur&selected=cinepolis-san-bernardo-santiago-sur,,,"AVENTURA, FANTASÍA",
Cinépolis Paseo San Bernardo,Spider-Man: Un Nuevo Día,2026-09-01,17:00,2D,doblada,144,TE7,https://tickets-static-content.cinepolis.com/pimcore/19604/assets/Chile/Tickets/Movies/SpiderManUnNuevoDia_copy/Es/SMBND_720x1022_2/resource.jpg,https://cinepolis.com/cl?cinema=cinepolis-san-bernardo-santiago-sur&selected=cinepolis-san-bernardo-santiago-sur,,,"AVENTURA, ACCIÓN",
Cinépolis Paseo San Bernardo,Coyote vs ACME,2026-09-01,17:20,2D,doblada,105,TE7,https://tickets-static-content.cinepolis.com/pimcore/19803/assets/Chile/Tickets/Movies/CoyoteVSAcme/Es/720x1022_24/resource.jpg,https://cinepolis.com/cl?cinema=cinepolis-san-bernardo-santiago-sur&selected=cinepolis-san-bernardo-santiago-sur,,,"COMEDIA, ANIMACIÓN, AVENTURA",
Cinépolis Paseo San Bernardo,La noche del demonio: Están entre nosotros,2026-09-01,18:00,2D,doblada,105,14,https://tickets-static-content.cinepolis.com/pimcore/19801/assets/Chile/Tickets/Movies/LaNocheDelDemonioEstaEntreNosotros/Es/720x1022_19/resource.jpg,https://cinepolis.com/cl?cinema=cinepolis-san-bernardo-santiago-sur&selected=cinepolis-san-bernardo-santiago-sur,,,TERROR,
Cinépolis Paseo San Bernardo,La Guerra de los Últimos,2026-09-01,18:15,2D,doblada,100,14,https://tickets-static-content.cinepolis.com/pimcore/20625/assets/Chile/Tickets/Movies/LaGuerraDeLosUltimos/Es/720x1022_19/resource.jpg,https://cinepolis.com/cl?cinema=cinepolis-san-bernardo-santiago-sur&selected=cinepolis-san-bernardo-santiago-sur,,,"DRAMA, CIENCIA FICCIÓN",
Cinépolis Paseo San Bernardo,Papi Ricky: La película,2026-09-01,18:40,2D,,93,TE7,https://tickets-static-content.cinepolis.com/pimcore/21450/assets/Chile/Tickets/Movies/PapiRickyLaPelicula/Es/720x1022_19/resource.jpg,https://cinepolis.com/cl?cinema=cinepolis-san-bernardo-santiago-sur&selected=cinepolis-san-bernardo-santiago-sur,,,COMEDIA,
Cinépolis Paseo San Bernardo,Coyote vs ACME,2026-09-01,19:45,2D,doblada,105,TE7,https://tickets-static-content.cinepolis.com/pimcore/19803/assets/Chile/Tickets/Movies/CoyoteVSAcme/Es/720x1022_24/resource.jpg,https://cinepolis.com/cl?cinema=cinepolis-san-bernardo-santiago-sur&selected=cinepolis-san-bernardo-santiago-sur,,,"COMEDIA, ANIMACIÓN, AVENTURA",
Cinépolis Paseo San Bernardo,Spider-Man: Un Nuevo Día,2026-09-01,20:00,2D,doblada,144,TE7,https://tickets-static-content.cinepolis.com/pimcore/19604/assets/Chile/Tickets/Movies/SpiderManUnNuevoDia_copy/Es/SMBND_720x1022_2/resource.jpg,https://cinepolis.com/cl?cinema=cinepolis-san-bernardo-santiago-sur&selected=cinepolis-san-bernardo-santiago-sur,,,"AVENTURA, ACCIÓN",
Cinépolis Paseo San Bernardo,Harry Potter y la piedra filosofal,2026-09-01,20:10,2D,doblada,166,TE7,https://tickets-static-content.cinepolis.com/pimcore/21310/assets/Chile/Tickets/Movies/HarryPotterPiedraFilosofal/Es/720x1022_19/resource.jpg,https://cinepolis.com/cl?cinema=cinepolis-san-bernardo-santiago-sur&selected=cinepolis-san-bernardo-santiago-sur,,,"AVENTURA, FANTASÍA",
Cinépolis Paseo San Bernardo,La noche del demonio: Están entre nosotros,2026-09-01,20:30,2D,doblada,105,14,https://tickets-static-content.cinepolis.com/pimcore/19801/assets/Chile/Tickets/Movies/LaNocheDelDemonioEstaEntreNosotros/Es/720x1022_19/resource.jpg,https://cinepolis.com/cl?cinema=cinepolis-san-bernardo-santiago-sur&selected=cinepolis-san-bernardo-santiago-sur,,,TERROR,
Cinépolis Paseo San Bernardo,La Guerra de los Últimos,2026-09-01,20:50,2D,doblada,100,14,https://tickets-static-content.cinepolis.com/pimcore/20625/assets/Chile/Tickets/Movies/LaGuerraDeLosUltimos/Es/720x1022_19/resource.jpg,https://cinepolis.com/cl?cinema=cinepolis-san-bernardo-santiago-sur&selected=cinepolis-san-bernardo-santiago-sur,,,"DRAMA, CIENCIA FICCIÓN",
Cinépolis Paseo San Bernardo,Papi Ricky: La película,2026-09-01,21:10,2D,,93,TE7,https://tickets-static-content.cinepolis.com/pimcore/21450/assets/Chile/Tickets/Movies/PapiRickyLaPelicula/Es/720x1022_19/resource.jpg,https://cinepolis.com/cl?cinema=cinepolis-san-bernardo-santiago-sur&selected=cinepolis-san-bernardo-santiago-sur,,,COMEDIA,
Cinépolis Paseo San Bernardo,Spider-Man: Un Nuevo Día,2026-09-02,13:00,2D,doblada,144,TE7,https://tickets-static-content.cinepolis.com/pimcore/19604/assets/Chile/Tickets/Movies/SpiderManUnNuevoDia_copy/Es/SMBND_720x1022_2/resource.jpg,https://cinepolis.com/cl?cinema=cinepolis-san-bernardo-santiago-sur&selected=cinepolis-san-bernardo-santiago-sur,,,"AVENTURA, ACCIÓN",
Cinépolis Paseo San Bernardo,Coyote vs ACME,2026-09-02,13:15,2D,doblada,105,TE7,https://tickets-static-content.cinepolis.com/pimcore/19803/assets/Chile/Tickets/Movies/CoyoteVSAcme/Es/720x1022_24/resource.jpg,https://cinepolis.com/cl?cinema=cinepolis-san-bernardo-santiago-sur&selected=cinepolis-san-bernardo-santiago-sur,,,"COMEDIA, ANIMACIÓN, AVENTURA",
Cinépolis Paseo San Bernardo,Spider-Man: Un Nuevo Día,2026-09-02,13:50,2D,doblada,144,TE7,https://tickets-static-content.cinepolis.com/pimcore/19604/assets/Chile/Tickets/Movies/SpiderManUnNuevoDia_copy/Es/SMBND_720x1022_2/resource.jpg,https://cinepolis.com/cl?cinema=cinepolis-san-bernardo-santiago-sur&selected=cinepolis-san-bernardo-santiago-sur,,,"AVENTURA, ACCIÓN",
Cinépolis Paseo San Bernardo,Sagrado corazón,2026-09-02,14:30,2D,doblada,92,TE7,https://tickets-static-content.cinepolis.com/pimcore/21449/assets/Chile/Tickets/Movies/SagradoCorazon/Es/720x1022_19/resource.jpg,https://cinepolis.com/cl?cinema=cinepolis-san-bernardo-santiago-sur&selected=cinepolis-san-bernardo-santiago-sur,,,"DOCUMENTAL, CIENCIA FICCIÓN",
Cinépolis Paseo San Bernardo,Coyote vs ACME,2026-09-02,14:45,2D,doblada,105,TE7,https://tickets-static-content.cinepolis.com/pimcore/19803/assets/Chile/Tickets/Movies/CoyoteVSAcme/Es/720x1022_24/resource.jpg,https://cinepolis.com/cl?cinema=cinepolis-san-bernardo-santiago-sur&selected=cinepolis-san-bernardo-santiago-sur,,,"COMEDIA, ANIMACIÓN, AVENTURA",
Cinépolis Paseo San Bernardo,Spider-Man: Un Nuevo Día,2026-09-02,15:00,2D,doblada,144,TE7,https://tickets-static-content.cinepolis.com/pimcore/19604/assets/Chile/Tickets/Movies/SpiderManUnNuevoDia_copy/Es/SMBND_720x1022_2/resource.jpg,https://cinepolis.com/cl?cinema=cinepolis-san-bernardo-santiago-sur&selected=cinepolis-san-bernardo-santiago-sur,,,"AVENTURA, ACCIÓN",
Cinépolis Paseo San Bernardo,El Final De La Calle Oak,2026-09-02,15:40,2D,doblada,100,14,https://tickets-static-content.cinepolis.com/pimcore/20089/assets/Chile/Tickets/Movies/ElFinalDeLaCalleOak_copy/Es/P_720X1022_5_copy/resource.jpg,https://cinepolis.com/cl?cinema=cinepolis-san-bernardo-santiago-sur&selected=cinepolis-san-bernardo-santiago-sur,,,"AVENTURA, CIENCIA FICCIÓN",
Cinépolis Paseo San Bernardo,Papi Ricky: La película,2026-09-02,16:15,2D,,93,TE7,https://tickets-static-content.cinepolis.com/pimcore/21450/assets/Chile/Tickets/Movies/PapiRickyLaPelicula/Es/720x1022_19/resource.jpg,https://cinepolis.com/cl?cinema=cinepolis-san-bernardo-santiago-sur&selected=cinepolis-san-bernardo-santiago-sur,,,COMEDIA,
Cinépolis Paseo San Bernardo,Harry Potter y la piedra filosofal,2026-09-02,16:45,2D,doblada,166,TE7,https://tickets-static-content.cinepolis.com/pimcore/21310/assets/Chile/Tickets/Movies/HarryPotterPiedraFilosofal/Es/720x1022_19/resource.jpg,https://cinepolis.com/cl?cinema=cinepolis-san-bernardo-santiago-sur&selected=cinepolis-san-bernardo-santiago-sur,,,"AVENTURA, FANTASÍA",
Cinépolis Paseo San Bernardo,Spider-Man: Un Nuevo Día,2026-09-02,17:00,2D,doblada,144,TE7,https://tickets-static-content.cinepolis.com/pimcore/19604/assets/Chile/Tickets/Movies/SpiderManUnNuevoDia_copy/Es/SMBND_720x1022_2/resource.jpg,https://cinepolis.com/cl?cinema=cinepolis-san-bernardo-santiago-sur&selected=cinepolis-san-bernardo-santiago-sur,,,"AVENTURA, ACCIÓN",
Cinépolis Paseo San Bernardo,Coyote vs ACME,2026-09-02,17:20,2D,doblada,105,TE7,https://tickets-static-content.cinepolis.com/pimcore/19803/assets/Chile/Tickets/Movies/CoyoteVSAcme/Es/720x1022_24/resource.jpg,https://cinepolis.com/cl?cinema=cinepolis-san-bernardo-santiago-sur&selected=cinepolis-san-bernardo-santiago-sur,,,"COMEDIA, ANIMACIÓN, AVENTURA",
Cinépolis Paseo San Bernardo,La noche del demonio: Están entre nosotros,2026-09-02,18:00,2D,doblada,105,14,https://tickets-static-content.cinepolis.com/pimcore/19801/assets/Chile/Tickets/Movies/LaNocheDelDemonioEstaEntreNosotros/Es/720x1022_19/resource.jpg,https://cinepolis.com/cl?cinema=cinepolis-san-bernardo-santiago-sur&selected=cinepolis-san-bernardo-santiago-sur,,,TERROR,
Cinépolis Paseo San Bernardo,La Guerra de los Últimos,2026-09-02,18:15,2D,doblada,100,14,https://tickets-static-content.cinepolis.com/pimcore/20625/assets/Chile/Tickets/Movies/LaGuerraDeLosUltimos/Es/720x1022_19/resource.jpg,https://cinepolis.com/cl?cinema=cinepolis-san-bernardo-santiago-sur&selected=cinepolis-san-bernardo-santiago-sur,,,"DRAMA, CIENCIA FICCIÓN",
Cinépolis Paseo San Bernardo,Papi Ricky: La película,2026-09-02,18:40,2D,,93,TE7,https://tickets-static-content.cinepolis.com/pimcore/21450/assets/Chile/Tickets/Movies/PapiRickyLaPelicula/Es/720x1022_19/resource.jpg,https://cinepolis.com/cl?cinema=cinepolis-san-bernardo-santiago-sur&selected=cinepolis-san-bernardo-santiago-sur,,,COMEDIA,
Cinépolis Paseo San Bernardo,Coyote vs ACME,2026-09-02,19:45,2D,doblada,105,TE7,https://tickets-static-content.cinepolis.com/pimcore/19803/assets/Chile/Tickets/Movies/CoyoteVSAcme/Es/720x1022_24/resource.jpg,https://cinepolis.com/cl?cinema=cinepolis-san-bernardo-santiago-sur&selected=cinepolis-san-bernardo-santiago-sur,,,"COMEDIA, ANIMACIÓN, AVENTURA",
Cinépolis Paseo San Bernardo,Spider-Man: Un Nuevo Día,2026-09-02,20:00,2D,doblada,144,TE7,https://tickets-static-content.cinepolis.com/pimcore/19604/assets/Chile/Tickets/Movies/SpiderManUnNuevoDia_copy/Es/SMBND_720x1022_2/resource.jpg,https://cinepolis.com/cl?cinema=cinepolis-san-bernardo-santiago-sur&selected=cinepolis-san-bernardo-santiago-sur,,,"AVENTURA, ACCIÓN",
Cinépolis Paseo San Bernardo,Harry Potter y la piedra filosofal,2026-09-02,20:10,2D,doblada,166,TE7,https://tickets-static-content.cinepolis.com/pimcore/21310/assets/Chile/Tickets/Movies/HarryPotterPiedraFilosofal/Es/720x1022_19/resource.jpg,https://cinepolis.com/cl?cinema=cinepolis-san-bernardo-santiago-sur&selected=cinepolis-san-bernardo-santiago-sur,,,"AVENTURA, FANTASÍA",
Cinépolis Paseo San Bernardo,La noche del demonio: Están entre nosotros,2026-09-02,20:30,2D,doblada,105,14,https://tickets-static-content.cinepolis.com/pimcore/19801/assets/Chile/Tickets/Movies/LaNocheDelDemonioEstaEntreNosotros/Es/720x1022_19/resource.jpg,https://cinepolis.com/cl?cinema=cinepolis-san-bernardo-santiago-sur&selected=cinepolis-san-bernardo-santiago-sur,,,TERROR,
Cinépolis Paseo San Bernardo,La Guerra de los Últimos,2026-09-02,20:50,2D,doblada,100,14,https://tickets-static-content.cinepolis.com/pimcore/20625/assets/Chile/Tickets/Movies/LaGuerraDeLosUltimos/Es/720x1022_19/resource.jpg,https://cinepolis.com/cl?cinema=cinepolis-san-bernardo-santiago-sur&selected=cinepolis-san-bernardo-santiago-sur,,,"DRAMA, CIENCIA FICCIÓN",
Cinépolis Paseo San Bernardo,Papi Ricky: La película,2026-09-02,21:10,2D,,93,TE7,https://tickets-static-content.cinepolis.com/pimcore/21450/assets/Chile/Tickets/Movies/PapiRickyLaPelicula/Es/720x1022_19/resource.jpg,https://cinepolis.com/cl?cinema=cinepolis-san-bernardo-santiago-sur&selected=cinepolis-san-bernardo-santiago-sur,,,COMEDIA,
Cinépolis Plaza Los Dominicos,Papi Ricky: La película,2026-08-31,14:00,2D,,93,TE7,https://tickets-static-content.cinepolis.com/pimcore/21450/assets/Chile/Tickets/Movies/PapiRickyLaPelicula/Es/720x1022_19/resource.jpg,https://www.cinepolischile.cl/,,,COMEDIA,
Cinépolis Plaza Los Dominicos,Coyote vs ACME,2026-08-31,14:10,2D,doblada,105,TE7,https://tickets-static-content.cinepolis.com/pimcore/19803/assets/Chile/Tickets/Movies/CoyoteVSAcme/Es/720x1022_24/resource.jpg,https://www.cinepolischile.cl/,,,"COMEDIA, ANIMACIÓN, AVENTURA",
Cinépolis Plaza Los Dominicos,Harry Potter y la piedra filosofal,2026-08-31,14:15,4DX,subtitulada,166,TE7,https://tickets-static-content.cinepolis.com/pimcore/21310/assets/Chile/Tickets/Movies/HarryPotterPiedraFilosofal/Es/720x1022_19/resource.jpg,https://www.cinepolischile.cl/,,,"AVENTURA, FANTASÍA",
Cinépolis Plaza Los Dominicos,La Guerra de los Últimos,2026-08-31,14:40,2D,subtitulada,100,14,https://tickets-static-content.cinepolis.com/pimcore/20625/assets/Chile/Tickets/Movies/LaGuerraDeLosUltimos/Es/720x1022_19/resource.jpg,https://www.cinepolischile.cl/,,,"DRAMA, CIENCIA FICCIÓN",
Cinépolis Plaza Los Dominicos,Harry Potter y la piedra filosofal,2026-08-31,15:15,2D,subtitulada,166,TE7,https://tickets-static-content.cinepolis.com/pimcore/21310/assets/Chile/Tickets/Movies/HarryPotterPiedraFilosofal/Es/720x1022_19/resource.jpg,https://www.cinepolischile.cl/,,,"AVENTURA, FANTASÍA",
Cinépolis Plaza Los Dominicos,PAW Patrol: La Dino Película,2026-08-31,15:50,2D,doblada,88,TE,https://tickets-static-content.cinepolis.com/pimcore/20418/assets/Chile/Tickets/Movies/PAWPatrolLaDinoPelicula_copy/Es/PP3_Desktop_Poster_720x1022_2/resource.jpg,https://www.cinepolischile.cl/,,,ANIMACIÓN,
Cinépolis Plaza Los Dominicos,Spider-Man: Un Nuevo Día,2026-08-31,16:10,2D,doblada,144,TE7,https://tickets-static-content.cinepolis.com/pimcore/19604/assets/Chile/Tickets/Movies/SpiderManUnNuevoDia_copy/Es/SMBND_720x1022_2/resource.jpg,https://www.cinepolischile.cl/,,,"AVENTURA, ACCIÓN",
Cinépolis Plaza Los Dominicos,Coyote vs ACME,2026-08-31,16:30,2D,doblada,105,TE7,https://tickets-static-content.cinepolis.com/pimcore/19803/assets/Chile/Tickets/Movies/CoyoteVSAcme/Es/720x1022_24/resource.jpg,https://www.cinepolischile.cl/,,,"COMEDIA, ANIMACIÓN, AVENTURA",
Cinépolis Plaza Los Dominicos,La noche del demonio: Están entre nosotros,2026-08-31,17:20,2D,subtitulada,105,14,https://tickets-static-content.cinepolis.com/pimcore/19801/assets/Chile/Tickets/Movies/LaNocheDelDemonioEstaEntreNosotros/Es/720x1022_19/resource.jpg,https://www.cinepolischile.cl/,,,TERROR,
Cinépolis Plaza Los Dominicos,Papi Ricky: La película,2026-08-31,18:00,2D,,93,TE7,https://tickets-static-content.cinepolis.com/pimcore/21450/assets/Chile/Tickets/Movies/PapiRickyLaPelicula/Es/720x1022_19/resource.jpg,https://www.cinepolischile.cl/,,,COMEDIA,
Cinépolis Plaza Los Dominicos,Harry Potter y la piedra filosofal,2026-08-31,18:15,4DX,subtitulada,166,TE7,https://tickets-static-content.cinepolis.com/pimcore/21310/assets/Chile/Tickets/Movies/HarryPotterPiedraFilosofal/Es/720x1022_19/resource.jpg,https://www.cinepolischile.cl/,,,"AVENTURA, FANTASÍA",
Cinépolis Plaza Los Dominicos,La Odisea,2026-08-31,18:40,2D,subtitulada,172,14,https://tickets-static-content.cinepolis.com/pimcore/18518/assets/Chile/Tickets/Movies/LaOdisea/Es/720x1022_poster_La_odisea_copia_2__1/resource.jpg,https://www.cinepolischile.cl/,,,ACCIÓN,
Cinépolis Plaza Los Dominicos,Coyote vs ACME,2026-08-31,19:00,2D,doblada,105,TE7,https://tickets-static-content.cinepolis.com/pimcore/19803/assets/Chile/Tickets/Movies/CoyoteVSAcme/Es/720x1022_24/resource.jpg,https://www.cinepolischile.cl/,,,"COMEDIA, ANIMACIÓN, AVENTURA",
Cinépolis Plaza Los Dominicos,Spider-Man: Un Nuevo Día,2026-08-31,19:20,2D,subtitulada,144,TE7,https://tickets-static-content.cinepolis.com/pimcore/19604/assets/Chile/Tickets/Movies/SpiderManUnNuevoDia_copy/Es/SMBND_720x1022_2/resource.jpg,https://www.cinepolischile.cl/,,,"AVENTURA, ACCIÓN",
Cinépolis Plaza Los Dominicos,La Guerra de los Últimos,2026-08-31,19:50,2D,subtitulada,100,14,https://tickets-static-content.cinepolis.com/pimcore/20625/assets/Chile/Tickets/Movies/LaGuerraDeLosUltimos/Es/720x1022_19/resource.jpg,https://www.cinepolischile.cl/,,,"DRAMA, CIENCIA FICCIÓN",
Cinépolis Plaza Los Dominicos,Coyote vs ACME,2026-08-31,20:30,2D,doblada,105,TE7,https://tickets-static-content.cinepolis.com/pimcore/19803/assets/Chile/Tickets/Movies/CoyoteVSAcme/Es/720x1022_24/resource.jpg,https://www.cinepolischile.cl/,,,"COMEDIA, ANIMACIÓN, AVENTURA",
Cinépolis Plaza Los Dominicos,Papi Ricky: La película,2026-08-31,21:30,2D,,93,TE7,https://tickets-static-content.cinepolis.com/pimcore/21450/assets/Chile/Tickets/Movies/PapiRickyLaPelicula/Es/720x1022_19/resource.jpg,https://www.cinepolischile.cl/,,,COMEDIA,
Cinépolis Plaza Los Dominicos,Spider-Man: Un Nuevo Día,2026-08-31,21:45,4DX,subtitulada,144,TE7,https://tickets-static-content.cinepolis.com/pimcore/19604/assets/Chile/Tickets/Movies/SpiderManUnNuevoDia_copy/Es/SMBND_720x1022_2/resource.jpg,https://www.cinepolischile.cl/,,,"AVENTURA, ACCIÓN",
Cinépolis Plaza Los Dominicos,Harry Potter y la piedra filosofal,2026-08-31,22:15,2D,subtitulada,166,TE7,https://tickets-static-content.cinepolis.com/pimcore/21310/assets/Chile/Tickets/Movies/HarryPotterPiedraFilosofal/Es/720x1022_19/resource.jpg,https://www.cinepolischile.cl/,,,"AVENTURA, FANTASÍA",
Cinépolis Plaza Los Dominicos,Spider-Man: Un Nuevo Día,2026-08-31,22:30,2D,subtitulada,144,TE7,https://tickets-static-content.cinepolis.com/pimcore/19604/assets/Chile/Tickets/Movies/SpiderManUnNuevoDia_copy/Es/SMBND_720x1022_2/resource.jpg,https://www.cinepolischile.cl/,,,"AVENTURA, ACCIÓN",
Cinépolis Plaza Los Dominicos,La Guerra de los Últimos,2026-08-31,22:40,2D,subtitulada,100,14,https://tickets-static-content.cinepolis.com/pimcore/20625/assets/Chile/Tickets/Movies/LaGuerraDeLosUltimos/Es/720x1022_19/resource.jpg,https://www.cinepolischile.cl/,,,"DRAMA, CIENCIA FICCIÓN",
Cinépolis Plaza Los Dominicos,Papi Ricky: La película,2026-09-01,14:00,2D,,93,TE7,https://tickets-static-content.cinepolis.com/pimcore/21450/assets/Chile/Tickets/Movies/PapiRickyLaPelicula/Es/720x1022_19/resource.jpg,https://www.cinepolischile.cl/,,,COMEDIA,
Cinépolis Plaza Los Dominicos,Coyote vs ACME,2026-09-01,14:10,2D,doblada,105,TE7,https://tickets-static-content.cinepolis.com/pimcore/19803/assets/Chile/Tickets/Movies/CoyoteVSAcme/Es/720x1022_24/resource.jpg,https://www.cinepolischile.cl/,,,"COMEDIA, ANIMACIÓN, AVENTURA",
Cinépolis Plaza Los Dominicos,Harry Potter y la piedra filosofal,2026-09-01,14:15,4DX,subtitulada,166,TE7,https://tickets-static-content.cinepolis.com/pimcore/21310/assets/Chile/Tickets/Movies/HarryPotterPiedraFilosofal/Es/720x1022_19/resource.jpg,https://www.cinepolischile.cl/,,,"AVENTURA, FANTASÍA",
Cinépolis Plaza Los Dominicos,La Guerra de los Últimos,2026-09-01,14:40,2D,subtitulada,100,14,https://tickets-static-content.cinepolis.com/pimcore/20625/assets/Chile/Tickets/Movies/LaGuerraDeLosUltimos/Es/720x1022_19/resource.jpg,https://www.cinepolischile.cl/,,,"DRAMA, CIENCIA FICCIÓN",
Cinépolis Plaza Los Dominicos,Harry Potter y la piedra filosofal,2026-09-01,15:15,2D,subtitulada,166,TE7,https://tickets-static-content.cinepolis.com/pimcore/21310/assets/Chile/Tickets/Movies/HarryPotterPiedraFilosofal/Es/720x1022_19/resource.jpg,https://www.cinepolischile.cl/,,,"AVENTURA, FANTASÍA",
Cinépolis Plaza Los Dominicos,PAW Patrol: La Dino Película,2026-09-01,15:50,2D,doblada,88,TE,https://tickets-static-content.cinepolis.com/pimcore/20418/assets/Chile/Tickets/Movies/PAWPatrolLaDinoPelicula_copy/Es/PP3_Desktop_Poster_720x1022_2/resource.jpg,https://www.cinepolischile.cl/,,,ANIMACIÓN,
Cinépolis Plaza Los Dominicos,Spider-Man: Un Nuevo Día,2026-09-01,16:10,2D,doblada,144,TE7,https://tickets-static-content.cinepolis.com/pimcore/19604/assets/Chile/Tickets/Movies/SpiderManUnNuevoDia_copy/Es/SMBND_720x1022_2/resource.jpg,https://www.cinepolischile.cl/,,,"AVENTURA, ACCIÓN",
Cinépolis Plaza Los Dominicos,Coyote vs ACME,2026-09-01,16:30,2D,doblada,105,TE7,https://tickets-static-content.cinepolis.com/pimcore/19803/assets/Chile/Tickets/Movies/CoyoteVSAcme/Es/720x1022_24/resource.jpg,https://www.cinepolischile.cl/,,,"COMEDIA, ANIMACIÓN, AVENTURA",
Cinépolis Plaza Los Dominicos,La noche del demonio: Están entre nosotros,2026-09-01,17:20,2D,subtitulada,105,14,https://tickets-static-content.cinepolis.com/pimcore/19801/assets/Chile/Tickets/Movies/LaNocheDelDemonioEstaEntreNosotros/Es/720x1022_19/resource.jpg,https://www.cinepolischile.cl/,,,TERROR,
Cinépolis Plaza Los Dominicos,Papi Ricky: La película,2026-09-01,18:00,2D,,93,TE7,https://tickets-static-content.cinepolis.com/pimcore/21450/assets/Chile/Tickets/Movies/PapiRickyLaPelicula/Es/720x1022_19/resource.jpg,https://www.cinepolischile.cl/,,,COMEDIA,
Cinépolis Plaza Los Dominicos,Harry Potter y la piedra filosofal,2026-09-01,18:15,4DX,subtitulada,166,TE7,https://tickets-static-content.cinepolis.com/pimcore/21310/assets/Chile/Tickets/Movies/HarryPotterPiedraFilosofal/Es/720x1022_19/resource.jpg,https://www.cinepolischile.cl/,,,"AVENTURA, FANTASÍA",
Cinépolis Plaza Los Dominicos,La Odisea,2026-09-01,18:40,2D,subtitulada,172,14,https://tickets-static-content.cinepolis.com/pimcore/18518/assets/Chile/Tickets/Movies/LaOdisea/Es/720x1022_poster_La_odisea_copia_2__1/resource.jpg,https://www.cinepolischile.cl/,,,ACCIÓN,
Cinépolis Plaza Los Dominicos,Coyote vs ACME,2026-09-01,19:00,2D,doblada,105,TE7,https://tickets-static-content.cinepolis.com/pimcore/19803/assets/Chile/Tickets/Movies/CoyoteVSAcme/Es/720x1022_24/resource.jpg,https://www.cinepolischile.cl/,,,"COMEDIA, ANIMACIÓN, AVENTURA",
Cinépolis Plaza Los Dominicos,Spider-Man: Un Nuevo Día,2026-09-01,19:20,2D,subtitulada,144,TE7,https://tickets-static-content.cinepolis.com/pimcore/19604/assets/Chile/Tickets/Movies/SpiderManUnNuevoDia_copy/Es/SMBND_720x1022_2/resource.jpg,https://www.cinepolischile.cl/,,,"AVENTURA, ACCIÓN",
Cinépolis Plaza Los Dominicos,La Guerra de los Últimos,2026-09-01,19:50,2D,subtitulada,100,14,https://tickets-static-content.cinepolis.com/pimcore/20625/assets/Chile/Tickets/Movies/LaGuerraDeLosUltimos/Es/720x1022_19/resource.jpg,https://www.cinepolischile.cl/,,,"DRAMA, CIENCIA FICCIÓN",
Cinépolis Plaza Los Dominicos,Coyote vs ACME,2026-09-01,20:30,2D,doblada,105,TE7,https://tickets-static-content.cinepolis.com/pimcore/19803/assets/Chile/Tickets/Movies/CoyoteVSAcme/Es/720x1022_24/resource.jpg,https://www.cinepolischile.cl/,,,"COMEDIA, ANIMACIÓN, AVENTURA",
Cinépolis Plaza Los Dominicos,Papi Ricky: La película,2026-09-01,21:30,2D,,93,TE7,https://tickets-static-content.cinepolis.com/pimcore/21450/assets/Chile/Tickets/Movies/PapiRickyLaPelicula/Es/720x1022_19/resource.jpg,https://www.cinepolischile.cl/,,,COMEDIA,
Cinépolis Plaza Los Dominicos,Spider-Man: Un Nuevo Día,2026-09-01,21:45,4DX,subtitulada,144,TE7,https://tickets-static-content.cinepolis.com/pimcore/19604/assets/Chile/Tickets/Movies/SpiderManUnNuevoDia_copy/Es/SMBND_720x1022_2/resource.jpg,https://www.cinepolischile.cl/,,,"AVENTURA, ACCIÓN",
Cinépolis Plaza Los Dominicos,Harry Potter y la piedra filosofal,2026-09-01,22:15,2D,subtitulada,166,TE7,https://tickets-static-content.cinepolis.com/pimcore/21310/assets/Chile/Tickets/Movies/HarryPotterPiedraFilosofal/Es/720x1022_19/resource.jpg,https://www.cinepolischile.cl/,,,"AVENTURA, FANTASÍA",
Cinépolis Plaza Los Dominicos,Spider-Man: Un Nuevo Día,2026-09-01,22:30,2D,subtitulada,144,TE7,https://tickets-static-content.cinepolis.com/pimcore/19604/assets/Chile/Tickets/Movies/SpiderManUnNuevoDia_copy/Es/SMBND_720x1022_2/resource.jpg,https://www.cinepolischile.cl/,,,"AVENTURA, ACCIÓN",
Cinépolis Plaza Los Dominicos,La Guerra de los Últimos,2026-09-01,22:40,2D,subtitulada,100,14,https://tickets-static-content.cinepolis.com/pimcore/20625/assets/Chile/Tickets/Movies/LaGuerraDeLosUltimos/Es/720x1022_19/resource.jpg,https://www.cinepolischile.cl/,,,"DRAMA, CIENCIA FICCIÓN",
Cinépolis Plaza Los Dominicos,Papi Ricky: La película,2026-09-02,14:00,2D,,93,TE7,https://tickets-static-content.cinepolis.com/pimcore/21450/assets/Chile/Tickets/Movies/PapiRickyLaPelicula/Es/720x1022_19/resource.jpg,https://www.cinepolischile.cl/,,,COMEDIA,
Cinépolis Plaza Los Dominicos,Coyote vs ACME,2026-09-02,14:10,2D,doblada,105,TE7,https://tickets-static-content.cinepolis.com/pimcore/19803/assets/Chile/Tickets/Movies/CoyoteVSAcme/Es/720x1022_24/resource.jpg,https://www.cinepolischile.cl/,,,"COMEDIA, ANIMACIÓN, AVENTURA",
Cinépolis Plaza Los Dominicos,Harry Potter y la piedra filosofal,2026-09-02,14:15,4DX,subtitulada,166,TE7,https://tickets-static-content.cinepolis.com/pimcore/21310/assets/Chile/Tickets/Movies/HarryPotterPiedraFilosofal/Es/720x1022_19/resource.jpg,https://www.cinepolischile.cl/,,,"AVENTURA, FANTASÍA",
Cinépolis Plaza Los Dominicos,La Guerra de los Últimos,2026-09-02,14:40,2D,subtitulada,100,14,https://tickets-static-content.cinepolis.com/pimcore/20625/assets/Chile/Tickets/Movies/LaGuerraDeLosUltimos/Es/720x1022_19/resource.jpg,https://www.cinepolischile.cl/,,,"DRAMA, CIENCIA FICCIÓN",
Cinépolis Plaza Los Dominicos,Harry Potter y la piedra filosofal,2026-09-02,15:15,2D,subtitulada,166,TE7,https://tickets-static-content.cinepolis.com/pimcore/21310/assets/Chile/Tickets/Movies/HarryPotterPiedraFilosofal/Es/720x1022_19/resource.jpg,https://www.cinepolischile.cl/,,,"AVENTURA, FANTASÍA",
Cinépolis Plaza Los Dominicos,PAW Patrol: La Dino Película,2026-09-02,15:50,2D,doblada,88,TE,https://tickets-static-content.cinepolis.com/pimcore/20418/assets/Chile/Tickets/Movies/PAWPatrolLaDinoPelicula_copy/Es/PP3_Desktop_Poster_720x1022_2/resource.jpg,https://www.cinepolischile.cl/,,,ANIMACIÓN,
Cinépolis Plaza Los Dominicos,Spider-Man: Un Nuevo Día,2026-09-02,16:10,2D,doblada,144,TE7,https://tickets-static-content.cinepolis.com/pimcore/19604/assets/Chile/Tickets/Movies/SpiderManUnNuevoDia_copy/Es/SMBND_720x1022_2/resource.jpg,https://www.cinepolischile.cl/,,,"AVENTURA, ACCIÓN",
Cinépolis Plaza Los Dominicos,Coyote vs ACME,2026-09-02,16:30,2D,doblada,105,TE7,https://tickets-static-content.cinepolis.com/pimcore/19803/assets/Chile/Tickets/Movies/CoyoteVSAcme/Es/720x1022_24/resource.jpg,https://www.cinepolischile.cl/,,,"COMEDIA, ANIMACIÓN, AVENTURA",
Cinépolis Plaza Los Dominicos,La noche del demonio: Están entre nosotros,2026-09-02,17:20,2D,subtitulada,105,14,https://tickets-static-content.cinepolis.com/pimcore/19801/assets/Chile/Tickets/Movies/LaNocheDelDemonioEstaEntreNosotros/Es/720x1022_19/resource.jpg,https://www.cinepolischile.cl/,,,TERROR,
Cinépolis Plaza Los Dominicos,Papi Ricky: La película,2026-09-02,18:00,2D,,93,TE7,https://tickets-static-content.cinepolis.com/pimcore/21450/assets/Chile/Tickets/Movies/PapiRickyLaPelicula/Es/720x1022_19/resource.jpg,https://www.cinepolischile.cl/,,,COMEDIA,
Cinépolis Plaza Los Dominicos,Harry Potter y la piedra filosofal,2026-09-02,18:15,4DX,subtitulada,166,TE7,https://tickets-static-content.cinepolis.com/pimcore/21310/assets/Chile/Tickets/Movies/HarryPotterPiedraFilosofal/Es/720x1022_19/resource.jpg,https://www.cinepolischile.cl/,,,"AVENTURA, FANTASÍA",
Cinépolis Plaza Los Dominicos,La Odisea,2026-09-02,18:40,2D,subtitulada,172,14,https://tickets-static-content.cinepolis.com/pimcore/18518/assets/Chile/Tickets/Movies/LaOdisea/Es/720x1022_poster_La_odisea_copia_2__1/resource.jpg,https://www.cinepolischile.cl/,,,ACCIÓN,
Cinépolis Plaza Los Dominicos,Coyote vs ACME,2026-09-02,19:00,2D,doblada,105,TE7,https://tickets-static-content.cinepolis.com/pimcore/19803/assets/Chile/Tickets/Movies/CoyoteVSAcme/Es/720x1022_24/resource.jpg,https://www.cinepolischile.cl/,,,"COMEDIA, ANIMACIÓN, AVENTURA",
Cinépolis Plaza Los Dominicos,Spider-Man: Un Nuevo Día,2026-09-02,19:20,2D,subtitulada,144,TE7,https://tickets-static-content.cinepolis.com/pimcore/19604/assets/Chile/Tickets/Movies/SpiderManUnNuevoDia_copy/Es/SMBND_720x1022_2/resource.jpg,https://www.cinepolischile.cl/,,,"AVENTURA, ACCIÓN",
Cinépolis Plaza Los Dominicos,La Guerra de los Últimos,2026-09-02,19:50,2D,subtitulada,100,14,https://tickets-static-content.cinepolis.com/pimcore/20625/assets/Chile/Tickets/Movies/LaGuerraDeLosUltimos/Es/720x1022_19/resource.jpg,https://www.cinepolischile.cl/,,,"DRAMA, CIENCIA FICCIÓN",
Cinépolis Plaza Los Dominicos,Coyote vs ACME,2026-09-02,20:30,2D,doblada,105,TE7,https://tickets-static-content.cinepolis.com/pimcore/19803/assets/Chile/Tickets/Movies/CoyoteVSAcme/Es/720x1022_24/resource.jpg,https://www.cinepolischile.cl/,,,"COMEDIA, ANIMACIÓN, AVENTURA",
Cinépolis Plaza Los Dominicos,Papi Ricky: La película,2026-09-02,21:30,2D,,93,TE7,https://tickets-static-content.cinepolis.com/pimcore/21450/assets/Chile/Tickets/Movies/PapiRickyLaPelicula/Es/720x1022_19/resource.jpg,https://www.cinepolischile.cl/,,,COMEDIA,
Cinépolis Plaza Los Dominicos,Spider-Man: Un Nuevo Día,2026-09-02,21:45,4DX,subtitulada,144,TE7,https://tickets-static-content.cinepolis.com/pimcore/19604/assets/Chile/Tickets/Movies/SpiderManUnNuevoDia_copy/Es/SMBND_720x1022_2/resource.jpg,https://www.cinepolischile.cl/,,,"AVENTURA, ACCIÓN",
Cinépolis Plaza Los Dominicos,Harry Potter y la piedra filosofal,2026-09-02,22:15,2D,subtitulada,166,TE7,https://tickets-static-content.cinepolis.com/pimcore/21310/assets/Chile/Tickets/Movies/HarryPotterPiedraFilosofal/Es/720x1022_19/resource.jpg,https://www.cinepolischile.cl/,,,"AVENTURA, FANTASÍA",
Cinépolis Plaza Los Dominicos,Spider-Man: Un Nuevo Día,2026-09-02,22:30,2D,subtitulada,144,TE7,https://tickets-static-content.cinepolis.com/pimcore/19604/assets/Chile/Tickets/Movies/SpiderManUnNuevoDia_copy/Es/SMBND_720x1022_2/resource.jpg,https://www.cinepolischile.cl/,,,"AVENTURA, ACCIÓN",
Cinépolis Plaza Los Dominicos,La Guerra de los Últimos,2026-09-02,22:40,2D,subtitulada,100,14,https://tickets-static-content.cinepolis.com/pimcore/20625/assets/Chile/Tickets/Movies/LaGuerraDeLosUltimos/Es/720x1022_19/resource.jpg,https://www.cinepolischile.cl/,,,"DRAMA, CIENCIA FICCIÓN",
Cinépolis Portal Exposición,La Odisea,2026-08-31,12:30,2D,doblada,172,14,https://tickets-static-content.cinepolis.com/pimcore/18518/assets/Chile/Tickets/Movies/LaOdisea/Es/720x1022_poster_La_odisea_copia_2__1/resource.jpg,https://cinepolis.com/cl?cinema=cinepolis-estacion-central-santiago-centro&selected=cinepolis-estacion-central-santiago-centro,,,ACCIÓN,
Cinépolis Portal Exposición,Coyote vs ACME,2026-08-31,12:40,2D,doblada,105,TE7,https://tickets-static-content.cinepolis.com/pimcore/19803/assets/Chile/Tickets/Movies/CoyoteVSAcme/Es/720x1022_24/resource.jpg,https://cinepolis.com/cl?cinema=cinepolis-estacion-central-santiago-centro&selected=cinepolis-estacion-central-santiago-centro,,,"COMEDIA, ANIMACIÓN, AVENTURA",
Cinépolis Portal Exposición,Sagrado corazón,2026-08-31,13:00,2D,doblada,92,TE7,https://tickets-static-content.cinepolis.com/pimcore/21449/assets/Chile/Tickets/Movies/SagradoCorazon/Es/720x1022_19/resource.jpg,https://cinepolis.com/cl?cinema=cinepolis-estacion-central-santiago-centro&selected=cinepolis-estacion-central-santiago-centro,,,"DOCUMENTAL, CIENCIA FICCIÓN",
Cinépolis Portal Exposición,Spider-Man: Un Nuevo Día,2026-08-31,13:10,2D,doblada,144,TE7,https://tickets-static-content.cinepolis.com/pimcore/19604/assets/Chile/Tickets/Movies/SpiderManUnNuevoDia_copy/Es/SMBND_720x1022_2/resource.jpg,https://cinepolis.com/cl?cinema=cinepolis-estacion-central-santiago-centro&selected=cinepolis-estacion-central-santiago-centro,,,"AVENTURA, ACCIÓN",
Cinépolis Portal Exposición,Papi Ricky: La película,2026-08-31,13:20,2D,,93,TE7,https://tickets-static-content.cinepolis.com/pimcore/21450/assets/Chile/Tickets/Movies/PapiRickyLaPelicula/Es/720x1022_19/resource.jpg,https://cinepolis.com/cl?cinema=cinepolis-estacion-central-santiago-centro&selected=cinepolis-estacion-central-santiago-centro,,,COMEDIA,
Cinépolis Portal Exposición,Spider-Man: Un Nuevo Día,2026-08-31,14:10,2D,doblada,144,TE7,https://tickets-static-content.cinepolis.com/pimcore/19604/assets/Chile/Tickets/Movies/SpiderManUnNuevoDia_copy/Es/SMBND_720x1022_2/resource.jpg,https://cinepolis.com/cl?cinema=cinepolis-estacion-central-santiago-centro&selected=cinepolis-estacion-central-santiago-centro,,,"AVENTURA, ACCIÓN",
Cinépolis Portal Exposición,Harry Potter y la piedra filosofal,2026-08-31,14:45,4DX,doblada,166,TE7,https://tickets-static-content.cinepolis.com/pimcore/21310/assets/Chile/Tickets/Movies/HarryPotterPiedraFilosofal/Es/720x1022_19/resource.jpg,https://cinepolis.com/cl?cinema=cinepolis-estacion-central-santiago-centro&selected=cinepolis-estacion-central-santiago-centro,,,"AVENTURA, FANTASÍA",
Cinépolis Portal Exposición,Coyote vs ACME,2026-08-31,15:00,2D,doblada,105,TE7,https://tickets-static-content.cinepolis.com/pimcore/19803/assets/Chile/Tickets/Movies/CoyoteVSAcme/Es/720x1022_24/resource.jpg,https://cinepolis.com/cl?cinema=cinepolis-estacion-central-santiago-centro&selected=cinepolis-estacion-central-santiago-centro,,,"COMEDIA, ANIMACIÓN, AVENTURA",
Cinépolis Portal Exposición,La Guerra de los Últimos,2026-08-31,15:10,2D,doblada,100,14,https://tickets-static-content.cinepolis.com/pimcore/20625/assets/Chile/Tickets/Movies/LaGuerraDeLosUltimos/Es/720x1022_19/resource.jpg,https://cinepolis.com/cl?cinema=cinepolis-estacion-central-santiago-centro&selected=cinepolis-estacion-central-santiago-centro,,,"DRAMA, CIENCIA FICCIÓN",
Cinépolis Portal Exposición,Papi Ricky: La película,2026-08-31,15:40,2D,,93,TE7,https://tickets-static-content.cinepolis.com/pimcore/21450/assets/Chile/Tickets/Movies/PapiRickyLaPelicula/Es/720x1022_19/resource.jpg,https://cinepolis.com/cl?cinema=cinepolis-estacion-central-santiago-centro&selected=cinepolis-estacion-central-santiago-centro,,,COMEDIA,
Cinépolis Portal Exposición,Harry Potter y la piedra filosofal,2026-08-31,16:00,2D,doblada,166,TE7,https://tickets-static-content.cinepolis.com/pimcore/21310/assets/Chile/Tickets/Movies/HarryPotterPiedraFilosofal/Es/720x1022_19/resource.jpg,https://cinepolis.com/cl?cinema=cinepolis-estacion-central-santiago-centro&selected=cinepolis-estacion-central-santiago-centro,,,"AVENTURA, FANTASÍA",
Cinépolis Portal Exposición,La noche del demonio: Están entre nosotros,2026-08-31,16:15,2D,doblada,105,14,https://tickets-static-content.cinepolis.com/pimcore/19801/assets/Chile/Tickets/Movies/LaNocheDelDemonioEstaEntreNosotros/Es/720x1022_19/resource.jpg,https://cinepolis.com/cl?cinema=cinepolis-estacion-central-santiago-centro&selected=cinepolis-estacion-central-santiago-centro,,,TERROR,
Cinépolis Portal Exposición,Spider-Man: Un Nuevo Día,2026-08-31,17:10,2D,doblada,144,TE7,https://tickets-static-content.cinepolis.com/pimcore/19604/assets/Chile/Tickets/Movies/SpiderManUnNuevoDia_copy/Es/SMBND_720x1022_2/resource.jpg,https://cinepolis.com/cl?cinema=cinepolis-estacion-central-santiago-centro&selected=cinepolis-estacion-central-santiago-centro,,,"AVENTURA, ACCIÓN",
Cinépolis Portal Exposición,Coyote vs ACME,2026-08-31,17:30,2D,doblada,105,TE7,https://tickets-static-content.cinepolis.com/pimcore/19803/assets/Chile/Tickets/Movies/CoyoteVSAcme/Es/720x1022_24/resource.jpg,https://cinepolis.com/cl?cinema=cinepolis-estacion-central-santiago-centro&selected=cinepolis-estacion-central-santiago-centro,,,"COMEDIA, ANIMACIÓN, AVENTURA",
Cinépolis Portal Exposición,La Guerra de los Últimos,2026-08-31,17:50,2D,doblada,100,14,https://tickets-static-content.cinepolis.com/pimcore/20625/assets/Chile/Tickets/Movies/LaGuerraDeLosUltimos/Es/720x1022_19/resource.jpg,https://cinepolis.com/cl?cinema=cinepolis-estacion-central-santiago-centro&selected=cinepolis-estacion-central-santiago-centro,,,"DRAMA, CIENCIA FICCIÓN",
Cinépolis Portal Exposición,Papi Ricky: La película,2026-08-31,18:00,2D,,93,TE7,https://tickets-static-content.cinepolis.com/pimcore/21450/assets/Chile/Tickets/Movies/PapiRickyLaPelicula/Es/720x1022_19/resource.jpg,https://cinepolis.com/cl?cinema=cinepolis-estacion-central-santiago-centro&selected=cinepolis-estacion-central-santiago-centro,,,COMEDIA,
Cinépolis Portal Exposición,La noche del demonio: Están entre nosotros,2026-08-31,18:35,2D,doblada,105,14,https://tickets-static-content.cinepolis.com/pimcore/19801/assets/Chile/Tickets/Movies/LaNocheDelDemonioEstaEntreNosotros/Es/720x1022_19/resource.jpg,https://cinepolis.com/cl?cinema=cinepolis-estacion-central-santiago-centro&selected=cinepolis-estacion-central-santiago-centro,,,TERROR,
Cinépolis Portal Exposición,Spider-Man: Un Nuevo Día,2026-08-31,18:50,4DX,doblada,144,TE7,https://tickets-static-content.cinepolis.com/pimcore/19604/assets/Chile/Tickets/Movies/SpiderManUnNuevoDia_copy/Es/SMBND_720x1022_2/resource.jpg,https://cinepolis.com/cl?cinema=cinepolis-estacion-central-santiago-centro&selected=cinepolis-estacion-central-santiago-centro,,,"AVENTURA, ACCIÓN",
Cinépolis Portal Exposición,Harry Potter y la piedra filosofal,2026-08-31,19:30,2D,doblada,166,TE7,https://tickets-static-content.cinepolis.com/pimcore/21310/assets/Chile/Tickets/Movies/HarryPotterPiedraFilosofal/Es/720x1022_19/resource.jpg,https://cinepolis.com/cl?cinema=cinepolis-estacion-central-santiago-centro&selected=cinepolis-estacion-central-santiago-centro,,,"AVENTURA, FANTASÍA",
Cinépolis Portal Exposición,Coyote vs ACME,2026-08-31,20:00,2D,doblada,105,TE7,https://tickets-static-content.cinepolis.com/pimcore/19803/assets/Chile/Tickets/Movies/CoyoteVSAcme/Es/720x1022_24/resource.jpg,https://cinepolis.com/cl?cinema=cinepolis-estacion-central-santiago-centro&selected=cinepolis-estacion-central-santiago-centro,,,"COMEDIA, ANIMACIÓN, AVENTURA",
Cinépolis Portal Exposición,Spider-Man: Un Nuevo Día,2026-08-31,20:15,2D,doblada,144,TE7,https://tickets-static-content.cinepolis.com/pimcore/19604/assets/Chile/Tickets/Movies/SpiderManUnNuevoDia_copy/Es/SMBND_720x1022_2/resource.jpg,https://cinepolis.com/cl?cinema=cinepolis-estacion-central-santiago-centro&selected=cinepolis-estacion-central-santiago-centro,,,"AVENTURA, ACCIÓN",
Cinépolis Portal Exposición,La Guerra de los Últimos,2026-08-31,20:25,2D,doblada,100,14,https://tickets-static-content.cinepolis.com/pimcore/20625/assets/Chile/Tickets/Movies/LaGuerraDeLosUltimos/Es/720x1022_19/resource.jpg,https://cinepolis.com/cl?cinema=cinepolis-estacion-central-santiago-centro&selected=cinepolis-estacion-central-santiago-centro,,,"DRAMA, CIENCIA FICCIÓN",
Cinépolis Portal Exposición,Papi Ricky: La película,2026-08-31,20:30,2D,,93,TE7,https://tickets-static-content.cinepolis.com/pimcore/21450/assets/Chile/Tickets/Movies/PapiRickyLaPelicula/Es/720x1022_19/resource.jpg,https://cinepolis.com/cl?cinema=cinepolis-estacion-central-santiago-centro&selected=cinepolis-estacion-central-santiago-centro,,,COMEDIA,
Cinépolis Portal Exposición,La noche del demonio: Están entre nosotros,2026-08-31,21:00,2D,doblada,105,14,https://tickets-static-content.cinepolis.com/pimcore/19801/assets/Chile/Tickets/Movies/LaNocheDelDemonioEstaEntreNosotros/Es/720x1022_19/resource.jpg,https://cinepolis.com/cl?cinema=cinepolis-estacion-central-santiago-centro&selected=cinepolis-estacion-central-santiago-centro,,,TERROR,
Cinépolis Portal Exposición,La Odisea,2026-09-01,12:30,2D,doblada,172,14,https://tickets-static-content.cinepolis.com/pimcore/18518/assets/Chile/Tickets/Movies/LaOdisea/Es/720x1022_poster_La_odisea_copia_2__1/resource.jpg,https://cinepolis.com/cl?cinema=cinepolis-estacion-central-santiago-centro&selected=cinepolis-estacion-central-santiago-centro,,,ACCIÓN,
Cinépolis Portal Exposición,Coyote vs ACME,2026-09-01,12:40,2D,doblada,105,TE7,https://tickets-static-content.cinepolis.com/pimcore/19803/assets/Chile/Tickets/Movies/CoyoteVSAcme/Es/720x1022_24/resource.jpg,https://cinepolis.com/cl?cinema=cinepolis-estacion-central-santiago-centro&selected=cinepolis-estacion-central-santiago-centro,,,"COMEDIA, ANIMACIÓN, AVENTURA",
Cinépolis Portal Exposición,Sagrado corazón,2026-09-01,13:00,2D,doblada,92,TE7,https://tickets-static-content.cinepolis.com/pimcore/21449/assets/Chile/Tickets/Movies/SagradoCorazon/Es/720x1022_19/resource.jpg,https://cinepolis.com/cl?cinema=cinepolis-estacion-central-santiago-centro&selected=cinepolis-estacion-central-santiago-centro,,,"DOCUMENTAL, CIENCIA FICCIÓN",
Cinépolis Portal Exposición,Spider-Man: Un Nuevo Día,2026-09-01,13:10,2D,doblada,144,TE7,https://tickets-static-content.cinepolis.com/pimcore/19604/assets/Chile/Tickets/Movies/SpiderManUnNuevoDia_copy/Es/SMBND_720x1022_2/resource.jpg,https://cinepolis.com/cl?cinema=cinepolis-estacion-central-santiago-centro&selected=cinepolis-estacion-central-santiago-centro,,,"AVENTURA, ACCIÓN",
Cinépolis Portal Exposición,Papi Ricky: La película,2026-09-01,13:20,2D,,93,TE7,https://tickets-static-content.cinepolis.com/pimcore/21450/assets/Chile/Tickets/Movies/PapiRickyLaPelicula/Es/720x1022_19/resource.jpg,https://cinepolis.com/cl?cinema=cinepolis-estacion-central-santiago-centro&selected=cinepolis-estacion-central-santiago-centro,,,COMEDIA,
Cinépolis Portal Exposición,Spider-Man: Un Nuevo Día,2026-09-01,14:10,2D,doblada,144,TE7,https://tickets-static-content.cinepolis.com/pimcore/19604/assets/Chile/Tickets/Movies/SpiderManUnNuevoDia_copy/Es/SMBND_720x1022_2/resource.jpg,https://cinepolis.com/cl?cinema=cinepolis-estacion-central-santiago-centro&selected=cinepolis-estacion-central-santiago-centro,,,"AVENTURA, ACCIÓN",
Cinépolis Portal Exposición,Harry Potter y la piedra filosofal,2026-09-01,14:45,4DX,doblada,166,TE7,https://tickets-static-content.cinepolis.com/pimcore/21310/assets/Chile/Tickets/Movies/HarryPotterPiedraFilosofal/Es/720x1022_19/resource.jpg,https://cinepolis.com/cl?cinema=cinepolis-estacion-central-santiago-centro&selected=cinepolis-estacion-central-santiago-centro,,,"AVENTURA, FANTASÍA",
Cinépolis Portal Exposición,Coyote vs ACME,2026-09-01,15:00,2D,doblada,105,TE7,https://tickets-static-content.cinepolis.com/pimcore/19803/assets/Chile/Tickets/Movies/CoyoteVSAcme/Es/720x1022_24/resource.jpg,https://cinepolis.com/cl?cinema=cinepolis-estacion-central-santiago-centro&selected=cinepolis-estacion-central-santiago-centro,,,"COMEDIA, ANIMACIÓN, AVENTURA",
Cinépolis Portal Exposición,La Guerra de los Últimos,2026-09-01,15:10,2D,doblada,100,14,https://tickets-static-content.cinepolis.com/pimcore/20625/assets/Chile/Tickets/Movies/LaGuerraDeLosUltimos/Es/720x1022_19/resource.jpg,https://cinepolis.com/cl?cinema=cinepolis-estacion-central-santiago-centro&selected=cinepolis-estacion-central-santiago-centro,,,"DRAMA, CIENCIA FICCIÓN",
Cinépolis Portal Exposición,Papi Ricky: La película,2026-09-01,15:40,2D,,93,TE7,https://tickets-static-content.cinepolis.com/pimcore/21450/assets/Chile/Tickets/Movies/PapiRickyLaPelicula/Es/720x1022_19/resource.jpg,https://cinepolis.com/cl?cinema=cinepolis-estacion-central-santiago-centro&selected=cinepolis-estacion-central-santiago-centro,,,COMEDIA,
Cinépolis Portal Exposición,Harry Potter y la piedra filosofal,2026-09-01,16:00,2D,doblada,166,TE7,https://tickets-static-content.cinepolis.com/pimcore/21310/assets/Chile/Tickets/Movies/HarryPotterPiedraFilosofal/Es/720x1022_19/resource.jpg,https://cinepolis.com/cl?cinema=cinepolis-estacion-central-santiago-centro&selected=cinepolis-estacion-central-santiago-centro,,,"AVENTURA, FANTASÍA",
Cinépolis Portal Exposición,La noche del demonio: Están entre nosotros,2026-09-01,16:15,2D,doblada,105,14,https://tickets-static-content.cinepolis.com/pimcore/19801/assets/Chile/Tickets/Movies/LaNocheDelDemonioEstaEntreNosotros/Es/720x1022_19/resource.jpg,https://cinepolis.com/cl?cinema=cinepolis-estacion-central-santiago-centro&selected=cinepolis-estacion-central-santiago-centro,,,TERROR,
Cinépolis Portal Exposición,Spider-Man: Un Nuevo Día,2026-09-01,17:10,2D,doblada,144,TE7,https://tickets-static-content.cinepolis.com/pimcore/19604/assets/Chile/Tickets/Movies/SpiderManUnNuevoDia_copy/Es/SMBND_720x1022_2/resource.jpg,https://cinepolis.com/cl?cinema=cinepolis-estacion-central-santiago-centro&selected=cinepolis-estacion-central-santiago-centro,,,"AVENTURA, ACCIÓN",
Cinépolis Portal Exposición,Coyote vs ACME,2026-09-01,17:30,2D,doblada,105,TE7,https://tickets-static-content.cinepolis.com/pimcore/19803/assets/Chile/Tickets/Movies/CoyoteVSAcme/Es/720x1022_24/resource.jpg,https://cinepolis.com/cl?cinema=cinepolis-estacion-central-santiago-centro&selected=cinepolis-estacion-central-santiago-centro,,,"COMEDIA, ANIMACIÓN, AVENTURA",
Cinépolis Portal Exposición,La Guerra de los Últimos,2026-09-01,17:50,2D,doblada,100,14,https://tickets-static-content.cinepolis.com/pimcore/20625/assets/Chile/Tickets/Movies/LaGuerraDeLosUltimos/Es/720x1022_19/resource.jpg,https://cinepolis.com/cl?cinema=cinepolis-estacion-central-santiago-centro&selected=cinepolis-estacion-central-santiago-centro,,,"DRAMA, CIENCIA FICCIÓN",
Cinépolis Portal Exposición,Papi Ricky: La película,2026-09-01,18:00,2D,,93,TE7,https://tickets-static-content.cinepolis.com/pimcore/21450/assets/Chile/Tickets/Movies/PapiRickyLaPelicula/Es/720x1022_19/resource.jpg,https://cinepolis.com/cl?cinema=cinepolis-estacion-central-santiago-centro&selected=cinepolis-estacion-central-santiago-centro,,,COMEDIA,
Cinépolis Portal Exposición,La noche del demonio: Están entre nosotros,2026-09-01,18:35,2D,doblada,105,14,https://tickets-static-content.cinepolis.com/pimcore/19801/assets/Chile/Tickets/Movies/LaNocheDelDemonioEstaEntreNosotros/Es/720x1022_19/resource.jpg,https://cinepolis.com/cl?cinema=cinepolis-estacion-central-santiago-centro&selected=cinepolis-estacion-central-santiago-centro,,,TERROR,
Cinépolis Portal Exposición,Spider-Man: Un Nuevo Día,2026-09-01,18:50,4DX,doblada,144,TE7,https://tickets-static-content.cinepolis.com/pimcore/19604/assets/Chile/Tickets/Movies/SpiderManUnNuevoDia_copy/Es/SMBND_720x1022_2/resource.jpg,https://cinepolis.com/cl?cinema=cinepolis-estacion-central-santiago-centro&selected=cinepolis-estacion-central-santiago-centro,,,"AVENTURA, ACCIÓN",
Cinépolis Portal Exposición,Harry Potter y la piedra filosofal,2026-09-01,19:30,2D,doblada,166,TE7,https://tickets-static-content.cinepolis.com/pimcore/21310/assets/Chile/Tickets/Movies/HarryPotterPiedraFilosofal/Es/720x1022_19/resource.jpg,https://cinepolis.com/cl?cinema=cinepolis-estacion-central-santiago-centro&selected=cinepolis-estacion-central-santiago-centro,,,"AVENTURA, FANTASÍA",
Cinépolis Portal Exposición,Coyote vs ACME,2026-09-01,20:00,2D,doblada,105,TE7,https://tickets-static-content.cinepolis.com/pimcore/19803/assets/Chile/Tickets/Movies/CoyoteVSAcme/Es/720x1022_24/resource.jpg,https://cinepolis.com/cl?cinema=cinepolis-estacion-central-santiago-centro&selected=cinepolis-estacion-central-santiago-centro,,,"COMEDIA, ANIMACIÓN, AVENTURA",
Cinépolis Portal Exposición,Spider-Man: Un Nuevo Día,2026-09-01,20:15,2D,doblada,144,TE7,https://tickets-static-content.cinepolis.com/pimcore/19604/assets/Chile/Tickets/Movies/SpiderManUnNuevoDia_copy/Es/SMBND_720x1022_2/resource.jpg,https://cinepolis.com/cl?cinema=cinepolis-estacion-central-santiago-centro&selected=cinepolis-estacion-central-santiago-centro,,,"AVENTURA, ACCIÓN",
Cinépolis Portal Exposición,La Guerra de los Últimos,2026-09-01,20:25,2D,doblada,100,14,https://tickets-static-content.cinepolis.com/pimcore/20625/assets/Chile/Tickets/Movies/LaGuerraDeLosUltimos/Es/720x1022_19/resource.jpg,https://cinepolis.com/cl?cinema=cinepolis-estacion-central-santiago-centro&selected=cinepolis-estacion-central-santiago-centro,,,"DRAMA, CIENCIA FICCIÓN",
Cinépolis Portal Exposición,Papi Ricky: La película,2026-09-01,20:30,2D,,93,TE7,https://tickets-static-content.cinepolis.com/pimcore/21450/assets/Chile/Tickets/Movies/PapiRickyLaPelicula/Es/720x1022_19/resource.jpg,https://cinepolis.com/cl?cinema=cinepolis-estacion-central-santiago-centro&selected=cinepolis-estacion-central-santiago-centro,,,COMEDIA,
Cinépolis Portal Exposición,La noche del demonio: Están entre nosotros,2026-09-01,21:00,2D,doblada,105,14,https://tickets-static-content.cinepolis.com/pimcore/19801/assets/Chile/Tickets/Movies/LaNocheDelDemonioEstaEntreNosotros/Es/720x1022_19/resource.jpg,https://cinepolis.com/cl?cinema=cinepolis-estacion-central-santiago-centro&selected=cinepolis-estacion-central-santiago-centro,,,TERROR,
Cinépolis Portal Exposición,La Odisea,2026-09-02,12:30,2D,doblada,172,14,https://tickets-static-content.cinepolis.com/pimcore/18518/assets/Chile/Tickets/Movies/LaOdisea/Es/720x1022_poster_La_odisea_copia_2__1/resource.jpg,https://cinepolis.com/cl?cinema=cinepolis-estacion-central-santiago-centro&selected=cinepolis-estacion-central-santiago-centro,,,ACCIÓN,
Cinépolis Portal Exposición,Coyote vs ACME,2026-09-02,12:40,2D,doblada,105,TE7,https://tickets-static-content.cinepolis.com/pimcore/19803/assets/Chile/Tickets/Movies/CoyoteVSAcme/Es/720x1022_24/resource.jpg,https://cinepolis.com/cl?cinema=cinepolis-estacion-central-santiago-centro&selected=cinepolis-estacion-central-santiago-centro,,,"COMEDIA, ANIMACIÓN, AVENTURA",
Cinépolis Portal Exposición,Sagrado corazón,2026-09-02,13:00,2D,doblada,92,TE7,https://tickets-static-content.cinepolis.com/pimcore/21449/assets/Chile/Tickets/Movies/SagradoCorazon/Es/720x1022_19/resource.jpg,https://cinepolis.com/cl?cinema=cinepolis-estacion-central-santiago-centro&selected=cinepolis-estacion-central-santiago-centro,,,"DOCUMENTAL, CIENCIA FICCIÓN",
Cinépolis Portal Exposición,Spider-Man: Un Nuevo Día,2026-09-02,13:10,2D,doblada,144,TE7,https://tickets-static-content.cinepolis.com/pimcore/19604/assets/Chile/Tickets/Movies/SpiderManUnNuevoDia_copy/Es/SMBND_720x1022_2/resource.jpg,https://cinepolis.com/cl?cinema=cinepolis-estacion-central-santiago-centro&selected=cinepolis-estacion-central-santiago-centro,,,"AVENTURA, ACCIÓN",
Cinépolis Portal Exposición,Papi Ricky: La película,2026-09-02,13:20,2D,,93,TE7,https://tickets-static-content.cinepolis.com/pimcore/21450/assets/Chile/Tickets/Movies/PapiRickyLaPelicula/Es/720x1022_19/resource.jpg,https://cinepolis.com/cl?cinema=cinepolis-estacion-central-santiago-centro&selected=cinepolis-estacion-central-santiago-centro,,,COMEDIA,
Cinépolis Portal Exposición,Spider-Man: Un Nuevo Día,2026-09-02,14:10,2D,doblada,144,TE7,https://tickets-static-content.cinepolis.com/pimcore/19604/assets/Chile/Tickets/Movies/SpiderManUnNuevoDia_copy/Es/SMBND_720x1022_2/resource.jpg,https://cinepolis.com/cl?cinema=cinepolis-estacion-central-santiago-centro&selected=cinepolis-estacion-central-santiago-centro,,,"AVENTURA, ACCIÓN",
Cinépolis Portal Exposición,Harry Potter y la piedra filosofal,2026-09-02,14:45,4DX,doblada,166,TE7,https://tickets-static-content.cinepolis.com/pimcore/21310/assets/Chile/Tickets/Movies/HarryPotterPiedraFilosofal/Es/720x1022_19/resource.jpg,https://cinepolis.com/cl?cinema=cinepolis-estacion-central-santiago-centro&selected=cinepolis-estacion-central-santiago-centro,,,"AVENTURA, FANTASÍA",
Cinépolis Portal Exposición,Coyote vs ACME,2026-09-02,15:00,2D,doblada,105,TE7,https://tickets-static-content.cinepolis.com/pimcore/19803/assets/Chile/Tickets/Movies/CoyoteVSAcme/Es/720x1022_24/resource.jpg,https://cinepolis.com/cl?cinema=cinepolis-estacion-central-santiago-centro&selected=cinepolis-estacion-central-santiago-centro,,,"COMEDIA, ANIMACIÓN, AVENTURA",
Cinépolis Portal Exposición,La Guerra de los Últimos,2026-09-02,15:10,2D,doblada,100,14,https://tickets-static-content.cinepolis.com/pimcore/20625/assets/Chile/Tickets/Movies/LaGuerraDeLosUltimos/Es/720x1022_19/resource.jpg,https://cinepolis.com/cl?cinema=cinepolis-estacion-central-santiago-centro&selected=cinepolis-estacion-central-santiago-centro,,,"DRAMA, CIENCIA FICCIÓN",
Cinépolis Portal Exposición,Papi Ricky: La película,2026-09-02,15:40,2D,,93,TE7,https://tickets-static-content.cinepolis.com/pimcore/21450/assets/Chile/Tickets/Movies/PapiRickyLaPelicula/Es/720x1022_19/resource.jpg,https://cinepolis.com/cl?cinema=cinepolis-estacion-central-santiago-centro&selected=cinepolis-estacion-central-santiago-centro,,,COMEDIA,
Cinépolis Portal Exposición,Harry Potter y la piedra filosofal,2026-09-02,16:00,2D,doblada,166,TE7,https://tickets-static-content.cinepolis.com/pimcore/21310/assets/Chile/Tickets/Movies/HarryPotterPiedraFilosofal/Es/720x1022_19/resource.jpg,https://cinepolis.com/cl?cinema=cinepolis-estacion-central-santiago-centro&selected=cinepolis-estacion-central-santiago-centro,,,"AVENTURA, FANTASÍA",
Cinépolis Portal Exposición,La noche del demonio: Están entre nosotros,2026-09-02,16:15,2D,doblada,105,14,https://tickets-static-content.cinepolis.com/pimcore/19801/assets/Chile/Tickets/Movies/LaNocheDelDemonioEstaEntreNosotros/Es/720x1022_19/resource.jpg,https://cinepolis.com/cl?cinema=cinepolis-estacion-central-santiago-centro&selected=cinepolis-estacion-central-santiago-centro,,,TERROR,
Cinépolis Portal Exposición,Spider-Man: Un Nuevo Día,2026-09-02,17:10,2D,doblada,144,TE7,https://tickets-static-content.cinepolis.com/pimcore/19604/assets/Chile/Tickets/Movies/SpiderManUnNuevoDia_copy/Es/SMBND_720x1022_2/resource.jpg,https://cinepolis.com/cl?cinema=cinepolis-estacion-central-santiago-centro&selected=cinepolis-estacion-central-santiago-centro,,,"AVENTURA, ACCIÓN",
Cinépolis Portal Exposición,Coyote vs ACME,2026-09-02,17:30,2D,doblada,105,TE7,https://tickets-static-content.cinepolis.com/pimcore/19803/assets/Chile/Tickets/Movies/CoyoteVSAcme/Es/720x1022_24/resource.jpg,https://cinepolis.com/cl?cinema=cinepolis-estacion-central-santiago-centro&selected=cinepolis-estacion-central-santiago-centro,,,"COMEDIA, ANIMACIÓN, AVENTURA",
Cinépolis Portal Exposición,La Guerra de los Últimos,2026-09-02,17:50,2D,doblada,100,14,https://tickets-static-content.cinepolis.com/pimcore/20625/assets/Chile/Tickets/Movies/LaGuerraDeLosUltimos/Es/720x1022_19/resource.jpg,https://cinepolis.com/cl?cinema=cinepolis-estacion-central-santiago-centro&selected=cinepolis-estacion-central-santiago-centro,,,"DRAMA, CIENCIA FICCIÓN",
Cinépolis Portal Exposición,Papi Ricky: La película,2026-09-02,18:00,2D,,93,TE7,https://tickets-static-content.cinepolis.com/pimcore/21450/assets/Chile/Tickets/Movies/PapiRickyLaPelicula/Es/720x1022_19/resource.jpg,https://cinepolis.com/cl?cinema=cinepolis-estacion-central-santiago-centro&selected=cinepolis-estacion-central-santiago-centro,,,COMEDIA,
Cinépolis Portal Exposición,La noche del demonio: Están entre nosotros,2026-09-02,18:35,2D,doblada,105,14,https://tickets-static-content.cinepolis.com/pimcore/19801/assets/Chile/Tickets/Movies/LaNocheDelDemonioEstaEntreNosotros/Es/720x1022_19/resource.jpg,https://cinepolis.com/cl?cinema=cinepolis-estacion-central-santiago-centro&selected=cinepolis-estacion-central-santiago-centro,,,TERROR,
Cinépolis Portal Exposición,Spider-Man: Un Nuevo Día,2026-09-02,18:50,4DX,doblada,144,TE7,https://tickets-static-content.cinepolis.com/pimcore/19604/assets/Chile/Tickets/Movies/SpiderManUnNuevoDia_copy/Es/SMBND_720x1022_2/resource.jpg,https://cinepolis.com/cl?cinema=cinepolis-estacion-central-santiago-centro&selected=cinepolis-estacion-central-santiago-centro,,,"AVENTURA, ACCIÓN",
Cinépolis Portal Exposición,Harry Potter y la piedra filosofal,2026-09-02,19:30,2D,doblada,166,TE7,https://tickets-static-content.cinepolis.com/pimcore/21310/assets/Chile/Tickets/Movies/HarryPotterPiedraFilosofal/Es/720x1022_19/resource.jpg,https://cinepolis.com/cl?cinema=cinepolis-estacion-central-santiago-centro&selected=cinepolis-estacion-central-santiago-centro,,,"AVENTURA, FANTASÍA",
Cinépolis Portal Exposición,Coyote vs ACME,2026-09-02,20:00,2D,doblada,105,TE7,https://tickets-static-content.cinepolis.com/pimcore/19803/assets/Chile/Tickets/Movies/CoyoteVSAcme/Es/720x1022_24/resource.jpg,https://cinepolis.com/cl?cinema=cinepolis-estacion-central-santiago-centro&selected=cinepolis-estacion-central-santiago-centro,,,"COMEDIA, ANIMACIÓN, AVENTURA",
Cinépolis Portal Exposición,Spider-Man: Un Nuevo Día,2026-09-02,20:15,2D,doblada,144,TE7,https://tickets-static-content.cinepolis.com/pimcore/19604/assets/Chile/Tickets/Movies/SpiderManUnNuevoDia_copy/Es/SMBND_720x1022_2/resource.jpg,https://cinepolis.com/cl?cinema=cinepolis-estacion-central-santiago-centro&selected=cinepolis-estacion-central-santiago-centro,,,"AVENTURA, ACCIÓN",
Cinépolis Portal Exposición,La Guerra de los Últimos,2026-09-02,20:25,2D,doblada,100,14,https://tickets-static-content.cinepolis.com/pimcore/20625/assets/Chile/Tickets/Movies/LaGuerraDeLosUltimos/Es/720x1022_19/resource.jpg,https://cinepolis.com/cl?cinema=cinepolis-estacion-central-santiago-centro&selected=cinepolis-estacion-central-santiago-centro,,,"DRAMA, CIENCIA FICCIÓN",
Cinépolis Portal Exposición,Papi Ricky: La película,2026-09-02,20:30,2D,,93,TE7,https://tickets-static-content.cinepolis.com/pimcore/21450/assets/Chile/Tickets/Movies/PapiRickyLaPelicula/Es/720x1022_19/resource.jpg,https://cinepolis.com/cl?cinema=cinepolis-estacion-central-santiago-centro&selected=cinepolis-estacion-central-santiago-centro,,,COMEDIA,
Cinépolis Portal Exposición,La noche del demonio: Están entre nosotros,2026-09-02,21:00,2D,doblada,105,14,https://tickets-static-content.cinepolis.com/pimcore/19801/assets/Chile/Tickets/Movies/LaNocheDelDemonioEstaEntreNosotros/Es/720x1022_19/resource.jpg,https://cinepolis.com/cl?cinema=cinepolis-estacion-central-santiago-centro&selected=cinepolis-estacion-central-santiago-centro,,,TERROR,
Cinépolis Puente Alto,La Odisea,2026-08-31,14:20,2D,doblada,172,14,https://tickets-static-content.cinepolis.com/pimcore/18518/assets/Chile/Tickets/Movies/LaOdisea/Es/720x1022_poster_La_odisea_copia_2__1/resource.jpg,https://cinepolis.com/cl?cinema=cinepolis-espacio-urbano-puente-alto-santiago-sur&selected=cinepolis-espacio-urbano-puente-alto-santiago-sur,,,ACCIÓN,
Cinépolis Puente Alto,Papi Ricky: La película,2026-08-31,14:30,2D,,93,TE7,https://tickets-static-content.cinepolis.com/pimcore/21450/assets/Chile/Tickets/Movies/PapiRickyLaPelicula/Es/720x1022_19/resource.jpg,https://cinepolis.com/cl?cinema=cinepolis-espacio-urbano-puente-alto-santiago-sur&selected=cinepolis-espacio-urbano-puente-alto-santiago-sur,,,COMEDIA,
Cinépolis Puente Alto,La noche del demonio: Están entre nosotros,2026-08-31,14:50,2D,doblada,105,14,https://tickets-static-content.cinepolis.com/pimcore/19801/assets/Chile/Tickets/Movies/LaNocheDelDemonioEstaEntreNosotros/Es/720x1022_19/resource.jpg,https://cinepolis.com/cl?cinema=cinepolis-espacio-urbano-puente-alto-santiago-sur&selected=cinepolis-espacio-urbano-puente-alto-santiago-sur,,,TERROR,
Cinépolis Puente Alto,Spider-Man: Un Nuevo Día,2026-08-31,15:00,2D,doblada,144,TE7,https://tickets-static-content.cinepolis.com/pimcore/19604/assets/Chile/Tickets/Movies/SpiderManUnNuevoDia_copy/Es/SMBND_720x1022_2/resource.jpg,https://cinepolis.com/cl?cinema=cinepolis-espacio-urbano-puente-alto-santiago-sur&selected=cinepolis-espacio-urbano-puente-alto-santiago-sur,,,"AVENTURA, ACCIÓN",
Cinépolis Puente Alto,Coyote vs ACME,2026-08-31,15:15,2D,doblada,105,TE7,https://tickets-static-content.cinepolis.com/pimcore/19803/assets/Chile/Tickets/Movies/CoyoteVSAcme/Es/720x1022_24/resource.jpg,https://cinepolis.com/cl?cinema=cinepolis-espacio-urbano-puente-alto-santiago-sur&selected=cinepolis-espacio-urbano-puente-alto-santiago-sur,,,"COMEDIA, ANIMACIÓN, AVENTURA",
Cinépolis Puente Alto,Toy Story 5,2026-08-31,15:20,2D,doblada,90,TE,https://tickets-static-content.cinepolis.com/pimcore/18179/assets/Chile/Tickets/Movies/ToyStory5/Es/720x1022_Toy_story_5_copia_2__4/resource.jpg,https://cinepolis.com/cl?cinema=cinepolis-espacio-urbano-puente-alto-santiago-sur&selected=cinepolis-espacio-urbano-puente-alto-santiago-sur,,,"COMEDIA, ANIMACIÓN, AVENTURA",
Cinépolis Puente Alto,PAW Patrol: La Dino Película,2026-08-31,15:50,2D,doblada,88,TE,https://tickets-static-content.cinepolis.com/pimcore/20418/assets/Chile/Tickets/Movies/PAWPatrolLaDinoPelicula_copy/Es/PP3_Desktop_Poster_720x1022_2/resource.jpg,https://cinepolis.com/cl?cinema=cinepolis-espacio-urbano-puente-alto-santiago-sur&selected=cinepolis-espacio-urbano-puente-alto-santiago-sur,,,ANIMACIÓN,
Cinépolis Puente Alto,Spider-Man: Un Nuevo Día,2026-08-31,16:05,2D,doblada,144,TE7,https://tickets-static-content.cinepolis.com/pimcore/19604/assets/Chile/Tickets/Movies/SpiderManUnNuevoDia_copy/Es/SMBND_720x1022_2/resource.jpg,https://cinepolis.com/cl?cinema=cinepolis-espacio-urbano-puente-alto-santiago-sur&selected=cinepolis-espacio-urbano-puente-alto-santiago-sur,,,"AVENTURA, ACCIÓN",
Cinépolis Puente Alto,La Guerra de los Últimos,2026-08-31,16:25,2D,doblada,100,14,https://tickets-static-content.cinepolis.com/pimcore/20625/assets/Chile/Tickets/Movies/LaGuerraDeLosUltimos/Es/720x1022_19/resource.jpg,https://cinepolis.com/cl?cinema=cinepolis-espacio-urbano-puente-alto-santiago-sur&selected=cinepolis-espacio-urbano-puente-alto-santiago-sur,,,"DRAMA, CIENCIA FICCIÓN",
Cinépolis Puente Alto,Papi Ricky: La película,2026-08-31,16:50,2D,,93,TE7,https://tickets-static-content.cinepolis.com/pimcore/21450/assets/Chile/Tickets/Movies/PapiRickyLaPelicula/Es/720x1022_19/resource.jpg,https://cinepolis.com/cl?cinema=cinepolis-espacio-urbano-puente-alto-santiago-sur&selected=cinepolis-espacio-urbano-puente-alto-santiago-sur,,,COMEDIA,
Cinépolis Puente Alto,Harry Potter y la piedra filosofal,2026-08-31,17:00,2D,subtitulada,166,TE7,https://tickets-static-content.cinepolis.com/pimcore/21310/assets/Chile/Tickets/Movies/HarryPotterPiedraFilosofal/Es/720x1022_19/resource.jpg,https://cinepolis.com/cl?cinema=cinepolis-espacio-urbano-puente-alto-santiago-sur&selected=cinepolis-espacio-urbano-puente-alto-santiago-sur,,,"AVENTURA, FANTASÍA",
Cinépolis Puente Alto,La noche del demonio: Están entre nosotros,2026-08-31,17:15,2D,doblada,105,14,https://tickets-static-content.cinepolis.com/pimcore/19801/assets/Chile/Tickets/Movies/LaNocheDelDemonioEstaEntreNosotros/Es/720x1022_19/resource.jpg,https://cinepolis.com/cl?cinema=cinepolis-espacio-urbano-puente-alto-santiago-sur&selected=cinepolis-espacio-urbano-puente-alto-santiago-sur,,,TERROR,
Cinépolis Puente Alto,Minions & Monstruos,2026-08-31,17:40,2D,doblada,90,TE,https://tickets-static-content.cinepolis.com/pimcore/18773/assets/Chile/Tickets/Movies/MinionsYMonsters/Es/minons_720x1022/resource.jpg,https://cinepolis.com/cl?cinema=cinepolis-espacio-urbano-puente-alto-santiago-sur&selected=cinepolis-espacio-urbano-puente-alto-santiago-sur,,,ANIMACIÓN,
Cinépolis Puente Alto,Coyote vs ACME,2026-08-31,17:50,2D,doblada,105,TE7,https://tickets-static-content.cinepolis.com/pimcore/19803/assets/Chile/Tickets/Movies/CoyoteVSAcme/Es/720x1022_24/resource.jpg,https://cinepolis.com/cl?cinema=cinepolis-espacio-urbano-puente-alto-santiago-sur&selected=cinepolis-espacio-urbano-puente-alto-santiago-sur,,,"COMEDIA, ANIMACIÓN, AVENTURA",
Cinépolis Puente Alto,La Odisea,2026-08-31,18:00,2D,doblada,172,14,https://tickets-static-content.cinepolis.com/pimcore/18518/assets/Chile/Tickets/Movies/LaOdisea/Es/720x1022_poster_La_odisea_copia_2__1/resource.jpg,https://cinepolis.com/cl?cinema=cinepolis-espacio-urbano-puente-alto-santiago-sur&selected=cinepolis-espacio-urbano-puente-alto-santiago-sur,,,ACCIÓN,
Cinépolis Puente Alto,Spider-Man: Un Nuevo Día,2026-08-31,18:15,2D,doblada,144,TE7,https://tickets-static-content.cinepolis.com/pimcore/19604/assets/Chile/Tickets/Movies/SpiderManUnNuevoDia_copy/Es/SMBND_720x1022_2/resource.jpg,https://cinepolis.com/cl?cinema=cinepolis-espacio-urbano-puente-alto-santiago-sur&selected=cinepolis-espacio-urbano-puente-alto-santiago-sur,,,"AVENTURA, ACCIÓN",
Cinépolis Puente Alto,PAW Patrol: La Dino Película,2026-08-31,18:30,2D,doblada,88,TE,https://tickets-static-content.cinepolis.com/pimcore/20418/assets/Chile/Tickets/Movies/PAWPatrolLaDinoPelicula_copy/Es/PP3_Desktop_Poster_720x1022_2/resource.jpg,https://cinepolis.com/cl?cinema=cinepolis-espacio-urbano-puente-alto-santiago-sur&selected=cinepolis-espacio-urbano-puente-alto-santiago-sur,,,ANIMACIÓN,
Cinépolis Puente Alto,Spider-Man: Un Nuevo Día,2026-08-31,19:00,2D,doblada,144,TE7,https://tickets-static-content.cinepolis.com/pimcore/19604/assets/Chile/Tickets/Movies/SpiderManUnNuevoDia_copy/Es/SMBND_720x1022_2/resource.jpg,https://cinepolis.com/cl?cinema=cinepolis-espacio-urbano-puente-alto-santiago-sur&selected=cinepolis-espacio-urbano-puente-alto-santiago-sur,,,"AVENTURA, ACCIÓN",
Cinépolis Puente Alto,Papi Ricky: La película,2026-08-31,19:15,2D,,93,TE7,https://tickets-static-content.cinepolis.com/pimcore/21450/assets/Chile/Tickets/Movies/PapiRickyLaPelicula/Es/720x1022_19/resource.jpg,https://cinepolis.com/cl?cinema=cinepolis-espacio-urbano-puente-alto-santiago-sur&selected=cinepolis-espacio-urbano-puente-alto-santiago-sur,,,COMEDIA,
Cinépolis Puente Alto,La Guerra de los Últimos,2026-08-31,19:30,2D,doblada,100,14,https://tickets-static-content.cinepolis.com/pimcore/20625/assets/Chile/Tickets/Movies/LaGuerraDeLosUltimos/Es/720x1022_19/resource.jpg,https://cinepolis.com/cl?cinema=cinepolis-espacio-urbano-puente-alto-santiago-sur&selected=cinepolis-espacio-urbano-puente-alto-santiago-sur,,,"DRAMA, CIENCIA FICCIÓN",
Cinépolis Puente Alto,La noche del demonio: Están entre nosotros,2026-08-31,19:45,2D,doblada,105,14,https://tickets-static-content.cinepolis.com/pimcore/19801/assets/Chile/Tickets/Movies/LaNocheDelDemonioEstaEntreNosotros/Es/720x1022_19/resource.jpg,https://cinepolis.com/cl?cinema=cinepolis-espacio-urbano-puente-alto-santiago-sur&selected=cinepolis-espacio-urbano-puente-alto-santiago-sur,,,TERROR,
Cinépolis Puente Alto,El Final De La Calle Oak,2026-08-31,20:00,2D,doblada,100,14,https://tickets-static-content.cinepolis.com/pimcore/20089/assets/Chile/Tickets/Movies/ElFinalDeLaCalleOak_copy/Es/P_720X1022_5_copy/resource.jpg,https://cinepolis.com/cl?cinema=cinepolis-espacio-urbano-puente-alto-santiago-sur&selected=cinepolis-espacio-urbano-puente-alto-santiago-sur,,,"AVENTURA, CIENCIA FICCIÓN",
Cinépolis Puente Alto,Coyote vs ACME,2026-08-31,20:20,2D,doblada,105,TE7,https://tickets-static-content.cinepolis.com/pimcore/19803/assets/Chile/Tickets/Movies/CoyoteVSAcme/Es/720x1022_24/resource.jpg,https://cinepolis.com/cl?cinema=cinepolis-espacio-urbano-puente-alto-santiago-sur&selected=cinepolis-espacio-urbano-puente-alto-santiago-sur,,,"COMEDIA, ANIMACIÓN, AVENTURA",
Cinépolis Puente Alto,Harry Potter y la piedra filosofal,2026-08-31,20:30,2D,subtitulada,166,TE7,https://tickets-static-content.cinepolis.com/pimcore/21310/assets/Chile/Tickets/Movies/HarryPotterPiedraFilosofal/Es/720x1022_19/resource.jpg,https://cinepolis.com/cl?cinema=cinepolis-espacio-urbano-puente-alto-santiago-sur&selected=cinepolis-espacio-urbano-puente-alto-santiago-sur,,,"AVENTURA, FANTASÍA",
Cinépolis Puente Alto,PAW Patrol: La Dino Película,2026-08-31,21:00,2D,doblada,88,TE,https://tickets-static-content.cinepolis.com/pimcore/20418/assets/Chile/Tickets/Movies/PAWPatrolLaDinoPelicula_copy/Es/PP3_Desktop_Poster_720x1022_2/resource.jpg,https://cinepolis.com/cl?cinema=cinepolis-espacio-urbano-puente-alto-santiago-sur&selected=cinepolis-espacio-urbano-puente-alto-santiago-sur,,,ANIMACIÓN,
Cinépolis Puente Alto,Spider-Man: Un Nuevo Día,2026-08-31,21:20,2D,doblada,144,TE7,https://tickets-static-content.cinepolis.com/pimcore/19604/assets/Chile/Tickets/Movies/SpiderManUnNuevoDia_copy/Es/SMBND_720x1022_2/resource.jpg,https://cinepolis.com/cl?cinema=cinepolis-espacio-urbano-puente-alto-santiago-sur&selected=cinepolis-espacio-urbano-puente-alto-santiago-sur,,,"AVENTURA, ACCIÓN",
Cinépolis Puente Alto,La Odisea,2026-08-31,21:35,2D,doblada,172,14,https://tickets-static-content.cinepolis.com/pimcore/18518/assets/Chile/Tickets/Movies/LaOdisea/Es/720x1022_poster_La_odisea_copia_2__1/resource.jpg,https://cinepolis.com/cl?cinema=cinepolis-espacio-urbano-puente-alto-santiago-sur&selected=cinepolis-espacio-urbano-puente-alto-santiago-sur,,,ACCIÓN,
Cinépolis Puente Alto,Papi Ricky: La película,2026-08-31,21:45,2D,,93,TE7,https://tickets-static-content.cinepolis.com/pimcore/21450/assets/Chile/Tickets/Movies/PapiRickyLaPelicula/Es/720x1022_19/resource.jpg,https://cinepolis.com/cl?cinema=cinepolis-espacio-urbano-puente-alto-santiago-sur&selected=cinepolis-espacio-urbano-puente-alto-santiago-sur,,,COMEDIA,
Cinépolis Puente Alto,Spider-Man: Un Nuevo Día,2026-08-31,22:00,2D,doblada,144,TE7,https://tickets-static-content.cinepolis.com/pimcore/19604/assets/Chile/Tickets/Movies/SpiderManUnNuevoDia_copy/Es/SMBND_720x1022_2/resource.jpg,https://cinepolis.com/cl?cinema=cinepolis-espacio-urbano-puente-alto-santiago-sur&selected=cinepolis-espacio-urbano-puente-alto-santiago-sur,,,"AVENTURA, ACCIÓN",
Cinépolis Puente Alto,La Guerra de los Últimos,2026-08-31,22:10,2D,subtitulada,100,14,https://tickets-static-content.cinepolis.com/pimcore/20625/assets/Chile/Tickets/Movies/LaGuerraDeLosUltimos/Es/720x1022_19/resource.jpg,https://cinepolis.com/cl?cinema=cinepolis-espacio-urbano-puente-alto-santiago-sur&selected=cinepolis-espacio-urbano-puente-alto-santiago-sur,,,"DRAMA, CIENCIA FICCIÓN",
Cinépolis Puente Alto,La noche del demonio: Están entre nosotros,2026-08-31,22:20,2D,subtitulada,105,14,https://tickets-static-content.cinepolis.com/pimcore/19801/assets/Chile/Tickets/Movies/LaNocheDelDemonioEstaEntreNosotros/Es/720x1022_19/resource.jpg,https://cinepolis.com/cl?cinema=cinepolis-espacio-urbano-puente-alto-santiago-sur&selected=cinepolis-espacio-urbano-puente-alto-santiago-sur,,,TERROR,
Cinépolis Puente Alto,Papi Ricky: La película,2026-08-31,22:30,2D,,93,TE7,https://tickets-static-content.cinepolis.com/pimcore/21450/assets/Chile/Tickets/Movies/PapiRickyLaPelicula/Es/720x1022_19/resource.jpg,https://cinepolis.com/cl?cinema=cinepolis-espacio-urbano-puente-alto-santiago-sur&selected=cinepolis-espacio-urbano-puente-alto-santiago-sur,,,COMEDIA,
Cinépolis Puente Alto,La Odisea,2026-09-01,14:20,2D,doblada,172,14,https://tickets-static-content.cinepolis.com/pimcore/18518/assets/Chile/Tickets/Movies/LaOdisea/Es/720x1022_poster_La_odisea_copia_2__1/resource.jpg,https://cinepolis.com/cl?cinema=cinepolis-espacio-urbano-puente-alto-santiago-sur&selected=cinepolis-espacio-urbano-puente-alto-santiago-sur,,,ACCIÓN,
Cinépolis Puente Alto,Papi Ricky: La película,2026-09-01,14:30,2D,,93,TE7,https://tickets-static-content.cinepolis.com/pimcore/21450/assets/Chile/Tickets/Movies/PapiRickyLaPelicula/Es/720x1022_19/resource.jpg,https://cinepolis.com/cl?cinema=cinepolis-espacio-urbano-puente-alto-santiago-sur&selected=cinepolis-espacio-urbano-puente-alto-santiago-sur,,,COMEDIA,
Cinépolis Puente Alto,La noche del demonio: Están entre nosotros,2026-09-01,14:50,2D,doblada,105,14,https://tickets-static-content.cinepolis.com/pimcore/19801/assets/Chile/Tickets/Movies/LaNocheDelDemonioEstaEntreNosotros/Es/720x1022_19/resource.jpg,https://cinepolis.com/cl?cinema=cinepolis-espacio-urbano-puente-alto-santiago-sur&selected=cinepolis-espacio-urbano-puente-alto-santiago-sur,,,TERROR,
Cinépolis Puente Alto,Spider-Man: Un Nuevo Día,2026-09-01,15:00,2D,doblada,144,TE7,https://tickets-static-content.cinepolis.com/pimcore/19604/assets/Chile/Tickets/Movies/SpiderManUnNuevoDia_copy/Es/SMBND_720x1022_2/resource.jpg,https://cinepolis.com/cl?cinema=cinepolis-espacio-urbano-puente-alto-santiago-sur&selected=cinepolis-espacio-urbano-puente-alto-santiago-sur,,,"AVENTURA, ACCIÓN",
Cinépolis Puente Alto,Coyote vs ACME,2026-09-01,15:15,2D,doblada,105,TE7,https://tickets-static-content.cinepolis.com/pimcore/19803/assets/Chile/Tickets/Movies/CoyoteVSAcme/Es/720x1022_24/resource.jpg,https://cinepolis.com/cl?cinema=cinepolis-espacio-urbano-puente-alto-santiago-sur&selected=cinepolis-espacio-urbano-puente-alto-santiago-sur,,,"COMEDIA, ANIMACIÓN, AVENTURA",
Cinépolis Puente Alto,Toy Story 5,2026-09-01,15:20,2D,doblada,90,TE,https://tickets-static-content.cinepolis.com/pimcore/18179/assets/Chile/Tickets/Movies/ToyStory5/Es/720x1022_Toy_story_5_copia_2__4/resource.jpg,https://cinepolis.com/cl?cinema=cinepolis-espacio-urbano-puente-alto-santiago-sur&selected=cinepolis-espacio-urbano-puente-alto-santiago-sur,,,"COMEDIA, ANIMACIÓN, AVENTURA",
Cinépolis Puente Alto,PAW Patrol: La Dino Película,2026-09-01,15:50,2D,doblada,88,TE,https://tickets-static-content.cinepolis.com/pimcore/20418/assets/Chile/Tickets/Movies/PAWPatrolLaDinoPelicula_copy/Es/PP3_Desktop_Poster_720x1022_2/resource.jpg,https://cinepolis.com/cl?cinema=cinepolis-espacio-urbano-puente-alto-santiago-sur&selected=cinepolis-espacio-urbano-puente-alto-santiago-sur,,,ANIMACIÓN,
Cinépolis Puente Alto,Spider-Man: Un Nuevo Día,2026-09-01,16:05,2D,doblada,144,TE7,https://tickets-static-content.cinepolis.com/pimcore/19604/assets/Chile/Tickets/Movies/SpiderManUnNuevoDia_copy/Es/SMBND_720x1022_2/resource.jpg,https://cinepolis.com/cl?cinema=cinepolis-espacio-urbano-puente-alto-santiago-sur&selected=cinepolis-espacio-urbano-puente-alto-santiago-sur,,,"AVENTURA, ACCIÓN",
Cinépolis Puente Alto,La Guerra de los Últimos,2026-09-01,16:25,2D,doblada,100,14,https://tickets-static-content.cinepolis.com/pimcore/20625/assets/Chile/Tickets/Movies/LaGuerraDeLosUltimos/Es/720x1022_19/resource.jpg,https://cinepolis.com/cl?cinema=cinepolis-espacio-urbano-puente-alto-santiago-sur&selected=cinepolis-espacio-urbano-puente-alto-santiago-sur,,,"DRAMA, CIENCIA FICCIÓN",
Cinépolis Puente Alto,Papi Ricky: La película,2026-09-01,16:50,2D,,93,TE7,https://tickets-static-content.cinepolis.com/pimcore/21450/assets/Chile/Tickets/Movies/PapiRickyLaPelicula/Es/720x1022_19/resource.jpg,https://cinepolis.com/cl?cinema=cinepolis-espacio-urbano-puente-alto-santiago-sur&selected=cinepolis-espacio-urbano-puente-alto-santiago-sur,,,COMEDIA,
Cinépolis Puente Alto,Harry Potter y la piedra filosofal,2026-09-01,17:00,2D,subtitulada,166,TE7,https://tickets-static-content.cinepolis.com/pimcore/21310/assets/Chile/Tickets/Movies/HarryPotterPiedraFilosofal/Es/720x1022_19/resource.jpg,https://cinepolis.com/cl?cinema=cinepolis-espacio-urbano-puente-alto-santiago-sur&selected=cinepolis-espacio-urbano-puente-alto-santiago-sur,,,"AVENTURA, FANTASÍA",
Cinépolis Puente Alto,La noche del demonio: Están entre nosotros,2026-09-01,17:15,2D,doblada,105,14,https://tickets-static-content.cinepolis.com/pimcore/19801/assets/Chile/Tickets/Movies/LaNocheDelDemonioEstaEntreNosotros/Es/720x1022_19/resource.jpg,https://cinepolis.com/cl?cinema=cinepolis-espacio-urbano-puente-alto-santiago-sur&selected=cinepolis-espacio-urbano-puente-alto-santiago-sur,,,TERROR,
Cinépolis Puente Alto,Minions & Monstruos,2026-09-01,17:40,2D,doblada,90,TE,https://tickets-static-content.cinepolis.com/pimcore/18773/assets/Chile/Tickets/Movies/MinionsYMonsters/Es/minons_720x1022/resource.jpg,https://cinepolis.com/cl?cinema=cinepolis-espacio-urbano-puente-alto-santiago-sur&selected=cinepolis-espacio-urbano-puente-alto-santiago-sur,,,ANIMACIÓN,
Cinépolis Puente Alto,Coyote vs ACME,2026-09-01,17:50,2D,doblada,105,TE7,https://tickets-static-content.cinepolis.com/pimcore/19803/assets/Chile/Tickets/Movies/CoyoteVSAcme/Es/720x1022_24/resource.jpg,https://cinepolis.com/cl?cinema=cinepolis-espacio-urbano-puente-alto-santiago-sur&selected=cinepolis-espacio-urbano-puente-alto-santiago-sur,,,"COMEDIA, ANIMACIÓN, AVENTURA",
Cinépolis Puente Alto,La Odisea,2026-09-01,18:00,2D,doblada,172,14,https://tickets-static-content.cinepolis.com/pimcore/18518/assets/Chile/Tickets/Movies/LaOdisea/Es/720x1022_poster_La_odisea_copia_2__1/resource.jpg,https://cinepolis.com/cl?cinema=cinepolis-espacio-urbano-puente-alto-santiago-sur&selected=cinepolis-espacio-urbano-puente-alto-santiago-sur,,,ACCIÓN,
Cinépolis Puente Alto,Spider-Man: Un Nuevo Día,2026-09-01,18:15,2D,doblada,144,TE7,https://tickets-static-content.cinepolis.com/pimcore/19604/assets/Chile/Tickets/Movies/SpiderManUnNuevoDia_copy/Es/SMBND_720x1022_2/resource.jpg,https://cinepolis.com/cl?cinema=cinepolis-espacio-urbano-puente-alto-santiago-sur&selected=cinepolis-espacio-urbano-puente-alto-santiago-sur,,,"AVENTURA, ACCIÓN",
Cinépolis Puente Alto,PAW Patrol: La Dino Película,2026-09-01,18:30,2D,doblada,88,TE,https://tickets-static-content.cinepolis.com/pimcore/20418/assets/Chile/Tickets/Movies/PAWPatrolLaDinoPelicula_copy/Es/PP3_Desktop_Poster_720x1022_2/resource.jpg,https://cinepolis.com/cl?cinema=cinepolis-espacio-urbano-puente-alto-santiago-sur&selected=cinepolis-espacio-urbano-puente-alto-santiago-sur,,,ANIMACIÓN,
Cinépolis Puente Alto,Spider-Man: Un Nuevo Día,2026-09-01,19:00,2D,doblada,144,TE7,https://tickets-static-content.cinepolis.com/pimcore/19604/assets/Chile/Tickets/Movies/SpiderManUnNuevoDia_copy/Es/SMBND_720x1022_2/resource.jpg,https://cinepolis.com/cl?cinema=cinepolis-espacio-urbano-puente-alto-santiago-sur&selected=cinepolis-espacio-urbano-puente-alto-santiago-sur,,,"AVENTURA, ACCIÓN",
Cinépolis Puente Alto,Papi Ricky: La película,2026-09-01,19:15,2D,,93,TE7,https://tickets-static-content.cinepolis.com/pimcore/21450/assets/Chile/Tickets/Movies/PapiRickyLaPelicula/Es/720x1022_19/resource.jpg,https://cinepolis.com/cl?cinema=cinepolis-espacio-urbano-puente-alto-santiago-sur&selected=cinepolis-espacio-urbano-puente-alto-santiago-sur,,,COMEDIA,
Cinépolis Puente Alto,La Guerra de los Últimos,2026-09-01,19:30,2D,doblada,100,14,https://tickets-static-content.cinepolis.com/pimcore/20625/assets/Chile/Tickets/Movies/LaGuerraDeLosUltimos/Es/720x1022_19/resource.jpg,https://cinepolis.com/cl?cinema=cinepolis-espacio-urbano-puente-alto-santiago-sur&selected=cinepolis-espacio-urbano-puente-alto-santiago-sur,,,"DRAMA, CIENCIA FICCIÓN",
Cinépolis Puente Alto,La noche del demonio: Están entre nosotros,2026-09-01,19:45,2D,doblada,105,14,https://tickets-static-content.cinepolis.com/pimcore/19801/assets/Chile/Tickets/Movies/LaNocheDelDemonioEstaEntreNosotros/Es/720x1022_19/resource.jpg,https://cinepolis.com/cl?cinema=cinepolis-espacio-urbano-puente-alto-santiago-sur&selected=cinepolis-espacio-urbano-puente-alto-santiago-sur,,,TERROR,
Cinépolis Puente Alto,El Final De La Calle Oak,2026-09-01,20:00,2D,doblada,100,14,https://tickets-static-content.cinepolis.com/pimcore/20089/assets/Chile/Tickets/Movies/ElFinalDeLaCalleOak_copy/Es/P_720X1022_5_copy/resource.jpg,https://cinepolis.com/cl?cinema=cinepolis-espacio-urbano-puente-alto-santiago-sur&selected=cinepolis-espacio-urbano-puente-alto-santiago-sur,,,"AVENTURA, CIENCIA FICCIÓN",
Cinépolis Puente Alto,Coyote vs ACME,2026-09-01,20:20,2D,doblada,105,TE7,https://tickets-static-content.cinepolis.com/pimcore/19803/assets/Chile/Tickets/Movies/CoyoteVSAcme/Es/720x1022_24/resource.jpg,https://cinepolis.com/cl?cinema=cinepolis-espacio-urbano-puente-alto-santiago-sur&selected=cinepolis-espacio-urbano-puente-alto-santiago-sur,,,"COMEDIA, ANIMACIÓN, AVENTURA",
Cinépolis Puente Alto,Harry Potter y la piedra filosofal,2026-09-01,20:30,2D,subtitulada,166,TE7,https://tickets-static-content.cinepolis.com/pimcore/21310/assets/Chile/Tickets/Movies/HarryPotterPiedraFilosofal/Es/720x1022_19/resource.jpg,https://cinepolis.com/cl?cinema=cinepolis-espacio-urbano-puente-alto-santiago-sur&selected=cinepolis-espacio-urbano-puente-alto-santiago-sur,,,"AVENTURA, FANTASÍA",
Cinépolis Puente Alto,PAW Patrol: La Dino Película,2026-09-01,21:00,2D,doblada,88,TE,https://tickets-static-content.cinepolis.com/pimcore/20418/assets/Chile/Tickets/Movies/PAWPatrolLaDinoPelicula_copy/Es/PP3_Desktop_Poster_720x1022_2/resource.jpg,https://cinepolis.com/cl?cinema=cinepolis-espacio-urbano-puente-alto-santiago-sur&selected=cinepolis-espacio-urbano-puente-alto-santiago-sur,,,ANIMACIÓN,
Cinépolis Puente Alto,Spider-Man: Un Nuevo Día,2026-09-01,21:20,2D,doblada,144,TE7,https://tickets-static-content.cinepolis.com/pimcore/19604/assets/Chile/Tickets/Movies/SpiderManUnNuevoDia_copy/Es/SMBND_720x1022_2/resource.jpg,https://cinepolis.com/cl?cinema=cinepolis-espacio-urbano-puente-alto-santiago-sur&selected=cinepolis-espacio-urbano-puente-alto-santiago-sur,,,"AVENTURA, ACCIÓN",
Cinépolis Puente Alto,La Odisea,2026-09-01,21:35,2D,doblada,172,14,https://tickets-static-content.cinepolis.com/pimcore/18518/assets/Chile/Tickets/Movies/LaOdisea/Es/720x1022_poster_La_odisea_copia_2__1/resource.jpg,https://cinepolis.com/cl?cinema=cinepolis-espacio-urbano-puente-alto-santiago-sur&selected=cinepolis-espacio-urbano-puente-alto-santiago-sur,,,ACCIÓN,
Cinépolis Puente Alto,Papi Ricky: La película,2026-09-01,21:45,2D,,93,TE7,https://tickets-static-content.cinepolis.com/pimcore/21450/assets/Chile/Tickets/Movies/PapiRickyLaPelicula/Es/720x1022_19/resource.jpg,https://cinepolis.com/cl?cinema=cinepolis-espacio-urbano-puente-alto-santiago-sur&selected=cinepolis-espacio-urbano-puente-alto-santiago-sur,,,COMEDIA,
Cinépolis Puente Alto,Spider-Man: Un Nuevo Día,2026-09-01,22:00,2D,doblada,144,TE7,https://tickets-static-content.cinepolis.com/pimcore/19604/assets/Chile/Tickets/Movies/SpiderManUnNuevoDia_copy/Es/SMBND_720x1022_2/resource.jpg,https://cinepolis.com/cl?cinema=cinepolis-espacio-urbano-puente-alto-santiago-sur&selected=cinepolis-espacio-urbano-puente-alto-santiago-sur,,,"AVENTURA, ACCIÓN",
Cinépolis Puente Alto,La Guerra de los Últimos,2026-09-01,22:10,2D,subtitulada,100,14,https://tickets-static-content.cinepolis.com/pimcore/20625/assets/Chile/Tickets/Movies/LaGuerraDeLosUltimos/Es/720x1022_19/resource.jpg,https://cinepolis.com/cl?cinema=cinepolis-espacio-urbano-puente-alto-santiago-sur&selected=cinepolis-espacio-urbano-puente-alto-santiago-sur,,,"DRAMA, CIENCIA FICCIÓN",
Cinépolis Puente Alto,La noche del demonio: Están entre nosotros,2026-09-01,22:20,2D,subtitulada,105,14,https://tickets-static-content.cinepolis.com/pimcore/19801/assets/Chile/Tickets/Movies/LaNocheDelDemonioEstaEntreNosotros/Es/720x1022_19/resource.jpg,https://cinepolis.com/cl?cinema=cinepolis-espacio-urbano-puente-alto-santiago-sur&selected=cinepolis-espacio-urbano-puente-alto-santiago-sur,,,TERROR,
Cinépolis Puente Alto,Papi Ricky: La película,2026-09-01,22:30,2D,,93,TE7,https://tickets-static-content.cinepolis.com/pimcore/21450/assets/Chile/Tickets/Movies/PapiRickyLaPelicula/Es/720x1022_19/resource.jpg,https://cinepolis.com/cl?cinema=cinepolis-espacio-urbano-puente-alto-santiago-sur&selected=cinepolis-espacio-urbano-puente-alto-santiago-sur,,,COMEDIA,
Cinépolis Puente Alto,La Odisea,2026-09-02,14:20,2D,doblada,172,14,https://tickets-static-content.cinepolis.com/pimcore/18518/assets/Chile/Tickets/Movies/LaOdisea/Es/720x1022_poster_La_odisea_copia_2__1/resource.jpg,https://cinepolis.com/cl?cinema=cinepolis-espacio-urbano-puente-alto-santiago-sur&selected=cinepolis-espacio-urbano-puente-alto-santiago-sur,,,ACCIÓN,
Cinépolis Puente Alto,Papi Ricky: La película,2026-09-02,14:30,2D,,93,TE7,https://tickets-static-content.cinepolis.com/pimcore/21450/assets/Chile/Tickets/Movies/PapiRickyLaPelicula/Es/720x1022_19/resource.jpg,https://cinepolis.com/cl?cinema=cinepolis-espacio-urbano-puente-alto-santiago-sur&selected=cinepolis-espacio-urbano-puente-alto-santiago-sur,,,COMEDIA,
Cinépolis Puente Alto,La noche del demonio: Están entre nosotros,2026-09-02,14:50,2D,doblada,105,14,https://tickets-static-content.cinepolis.com/pimcore/19801/assets/Chile/Tickets/Movies/LaNocheDelDemonioEstaEntreNosotros/Es/720x1022_19/resource.jpg,https://cinepolis.com/cl?cinema=cinepolis-espacio-urbano-puente-alto-santiago-sur&selected=cinepolis-espacio-urbano-puente-alto-santiago-sur,,,TERROR,
Cinépolis Puente Alto,Spider-Man: Un Nuevo Día,2026-09-02,15:00,2D,doblada,144,TE7,https://tickets-static-content.cinepolis.com/pimcore/19604/assets/Chile/Tickets/Movies/SpiderManUnNuevoDia_copy/Es/SMBND_720x1022_2/resource.jpg,https://cinepolis.com/cl?cinema=cinepolis-espacio-urbano-puente-alto-santiago-sur&selected=cinepolis-espacio-urbano-puente-alto-santiago-sur,,,"AVENTURA, ACCIÓN",
Cinépolis Puente Alto,Coyote vs ACME,2026-09-02,15:15,2D,doblada,105,TE7,https://tickets-static-content.cinepolis.com/pimcore/19803/assets/Chile/Tickets/Movies/CoyoteVSAcme/Es/720x1022_24/resource.jpg,https://cinepolis.com/cl?cinema=cinepolis-espacio-urbano-puente-alto-santiago-sur&selected=cinepolis-espacio-urbano-puente-alto-santiago-sur,,,"COMEDIA, ANIMACIÓN, AVENTURA",
Cinépolis Puente Alto,Toy Story 5,2026-09-02,15:20,2D,doblada,90,TE,https://tickets-static-content.cinepolis.com/pimcore/18179/assets/Chile/Tickets/Movies/ToyStory5/Es/720x1022_Toy_story_5_copia_2__4/resource.jpg,https://cinepolis.com/cl?cinema=cinepolis-espacio-urbano-puente-alto-santiago-sur&selected=cinepolis-espacio-urbano-puente-alto-santiago-sur,,,"COMEDIA, ANIMACIÓN, AVENTURA",
Cinépolis Puente Alto,PAW Patrol: La Dino Película,2026-09-02,15:50,2D,doblada,88,TE,https://tickets-static-content.cinepolis.com/pimcore/20418/assets/Chile/Tickets/Movies/PAWPatrolLaDinoPelicula_copy/Es/PP3_Desktop_Poster_720x1022_2/resource.jpg,https://cinepolis.com/cl?cinema=cinepolis-espacio-urbano-puente-alto-santiago-sur&selected=cinepolis-espacio-urbano-puente-alto-santiago-sur,,,ANIMACIÓN,
Cinépolis Puente Alto,Spider-Man: Un Nuevo Día,2026-09-02,16:05,2D,doblada,144,TE7,https://tickets-static-content.cinepolis.com/pimcore/19604/assets/Chile/Tickets/Movies/SpiderManUnNuevoDia_copy/Es/SMBND_720x1022_2/resource.jpg,https://cinepolis.com/cl?cinema=cinepolis-espacio-urbano-puente-alto-santiago-sur&selected=cinepolis-espacio-urbano-puente-alto-santiago-sur,,,"AVENTURA, ACCIÓN",
Cinépolis Puente Alto,La Guerra de los Últimos,2026-09-02,16:25,2D,doblada,100,14,https://tickets-static-content.cinepolis.com/pimcore/20625/assets/Chile/Tickets/Movies/LaGuerraDeLosUltimos/Es/720x1022_19/resource.jpg,https://cinepolis.com/cl?cinema=cinepolis-espacio-urbano-puente-alto-santiago-sur&selected=cinepolis-espacio-urbano-puente-alto-santiago-sur,,,"DRAMA, CIENCIA FICCIÓN",
Cinépolis Puente Alto,Papi Ricky: La película,2026-09-02,16:50,2D,,93,TE7,https://tickets-static-content.cinepolis.com/pimcore/21450/assets/Chile/Tickets/Movies/PapiRickyLaPelicula/Es/720x1022_19/resource.jpg,https://cinepolis.com/cl?cinema=cinepolis-espacio-urbano-puente-alto-santiago-sur&selected=cinepolis-espacio-urbano-puente-alto-santiago-sur,,,COMEDIA,
Cinépolis Puente Alto,Harry Potter y la piedra filosofal,2026-09-02,17:00,2D,subtitulada,166,TE7,https://tickets-static-content.cinepolis.com/pimcore/21310/assets/Chile/Tickets/Movies/HarryPotterPiedraFilosofal/Es/720x1022_19/resource.jpg,https://cinepolis.com/cl?cinema=cinepolis-espacio-urbano-puente-alto-santiago-sur&selected=cinepolis-espacio-urbano-puente-alto-santiago-sur,,,"AVENTURA, FANTASÍA",
Cinépolis Puente Alto,La noche del demonio: Están entre nosotros,2026-09-02,17:15,2D,doblada,105,14,https://tickets-static-content.cinepolis.com/pimcore/19801/assets/Chile/Tickets/Movies/LaNocheDelDemonioEstaEntreNosotros/Es/720x1022_19/resource.jpg,https://cinepolis.com/cl?cinema=cinepolis-espacio-urbano-puente-alto-santiago-sur&selected=cinepolis-espacio-urbano-puente-alto-santiago-sur,,,TERROR,
Cinépolis Puente Alto,Minions & Monstruos,2026-09-02,17:40,2D,doblada,90,TE,https://tickets-static-content.cinepolis.com/pimcore/18773/assets/Chile/Tickets/Movies/MinionsYMonsters/Es/minons_720x1022/resource.jpg,https://cinepolis.com/cl?cinema=cinepolis-espacio-urbano-puente-alto-santiago-sur&selected=cinepolis-espacio-urbano-puente-alto-santiago-sur,,,ANIMACIÓN,
Cinépolis Puente Alto,Coyote vs ACME,2026-09-02,17:50,2D,doblada,105,TE7,https://tickets-static-content.cinepolis.com/pimcore/19803/assets/Chile/Tickets/Movies/CoyoteVSAcme/Es/720x1022_24/resource.jpg,https://cinepolis.com/cl?cinema=cinepolis-espacio-urbano-puente-alto-santiago-sur&selected=cinepolis-espacio-urbano-puente-alto-santiago-sur,,,"COMEDIA, ANIMACIÓN, AVENTURA",
Cinépolis Puente Alto,La Odisea,2026-09-02,18:00,2D,doblada,172,14,https://tickets-static-content.cinepolis.com/pimcore/18518/assets/Chile/Tickets/Movies/LaOdisea/Es/720x1022_poster_La_odisea_copia_2__1/resource.jpg,https://cinepolis.com/cl?cinema=cinepolis-espacio-urbano-puente-alto-santiago-sur&selected=cinepolis-espacio-urbano-puente-alto-santiago-sur,,,ACCIÓN,
Cinépolis Puente Alto,Spider-Man: Un Nuevo Día,2026-09-02,18:15,2D,doblada,144,TE7,https://tickets-static-content.cinepolis.com/pimcore/19604/assets/Chile/Tickets/Movies/SpiderManUnNuevoDia_copy/Es/SMBND_720x1022_2/resource.jpg,https://cinepolis.com/cl?cinema=cinepolis-espacio-urbano-puente-alto-santiago-sur&selected=cinepolis-espacio-urbano-puente-alto-santiago-sur,,,"AVENTURA, ACCIÓN",
Cinépolis Puente Alto,PAW Patrol: La Dino Película,2026-09-02,18:30,2D,doblada,88,TE,https://tickets-static-content.cinepolis.com/pimcore/20418/assets/Chile/Tickets/Movies/PAWPatrolLaDinoPelicula_copy/Es/PP3_Desktop_Poster_720x1022_2/resource.jpg,https://cinepolis.com/cl?cinema=cinepolis-espacio-urbano-puente-alto-santiago-sur&selected=cinepolis-espacio-urbano-puente-alto-santiago-sur,,,ANIMACIÓN,
Cinépolis Puente Alto,Spider-Man: Un Nuevo Día,2026-09-02,19:00,2D,doblada,144,TE7,https://tickets-static-content.cinepolis.com/pimcore/19604/assets/Chile/Tickets/Movies/SpiderManUnNuevoDia_copy/Es/SMBND_720x1022_2/resource.jpg,https://cinepolis.com/cl?cinema=cinepolis-espacio-urbano-puente-alto-santiago-sur&selected=cinepolis-espacio-urbano-puente-alto-santiago-sur,,,"AVENTURA, ACCIÓN",
Cinépolis Puente Alto,Papi Ricky: La película,2026-09-02,19:15,2D,,93,TE7,https://tickets-static-content.cinepolis.com/pimcore/21450/assets/Chile/Tickets/Movies/PapiRickyLaPelicula/Es/720x1022_19/resource.jpg,https://cinepolis.com/cl?cinema=cinepolis-espacio-urbano-puente-alto-santiago-sur&selected=cinepolis-espacio-urbano-puente-alto-santiago-sur,,,COMEDIA,
Cinépolis Puente Alto,La Guerra de los Últimos,2026-09-02,19:30,2D,doblada,100,14,https://tickets-static-content.cinepolis.com/pimcore/20625/assets/Chile/Tickets/Movies/LaGuerraDeLosUltimos/Es/720x1022_19/resource.jpg,https://cinepolis.com/cl?cinema=cinepolis-espacio-urbano-puente-alto-santiago-sur&selected=cinepolis-espacio-urbano-puente-alto-santiago-sur,,,"DRAMA, CIENCIA FICCIÓN",
Cinépolis Puente Alto,La noche del demonio: Están entre nosotros,2026-09-02,19:45,2D,doblada,105,14,https://tickets-static-content.cinepolis.com/pimcore/19801/assets/Chile/Tickets/Movies/LaNocheDelDemonioEstaEntreNosotros/Es/720x1022_19/resource.jpg,https://cinepolis.com/cl?cinema=cinepolis-espacio-urbano-puente-alto-santiago-sur&selected=cinepolis-espacio-urbano-puente-alto-santiago-sur,,,TERROR,
Cinépolis Puente Alto,El Final De La Calle Oak,2026-09-02,20:00,2D,doblada,100,14,https://tickets-static-content.cinepolis.com/pimcore/20089/assets/Chile/Tickets/Movies/ElFinalDeLaCalleOak_copy/Es/P_720X1022_5_copy/resource.jpg,https://cinepolis.com/cl?cinema=cinepolis-espacio-urbano-puente-alto-santiago-sur&selected=cinepolis-espacio-urbano-puente-alto-santiago-sur,,,"AVENTURA, CIENCIA FICCIÓN",
Cinépolis Puente Alto,Coyote vs ACME,2026-09-02,20:20,2D,doblada,105,TE7,https://tickets-static-content.cinepolis.com/pimcore/19803/assets/Chile/Tickets/Movies/CoyoteVSAcme/Es/720x1022_24/resource.jpg,https://cinepolis.com/cl?cinema=cinepolis-espacio-urbano-puente-alto-santiago-sur&selected=cinepolis-espacio-urbano-puente-alto-santiago-sur,,,"COMEDIA, ANIMACIÓN, AVENTURA",
Cinépolis Puente Alto,Harry Potter y la piedra filosofal,2026-09-02,20:30,2D,subtitulada,166,TE7,https://tickets-static-content.cinepolis.com/pimcore/21310/assets/Chile/Tickets/Movies/HarryPotterPiedraFilosofal/Es/720x1022_19/resource.jpg,https://cinepolis.com/cl?cinema=cinepolis-espacio-urbano-puente-alto-santiago-sur&selected=cinepolis-espacio-urbano-puente-alto-santiago-sur,,,"AVENTURA, FANTASÍA",
Cinépolis Puente Alto,PAW Patrol: La Dino Película,2026-09-02,21:00,2D,doblada,88,TE,https://tickets-static-content.cinepolis.com/pimcore/20418/assets/Chile/Tickets/Movies/PAWPatrolLaDinoPelicula_copy/Es/PP3_Desktop_Poster_720x1022_2/resource.jpg,https://cinepolis.com/cl?cinema=cinepolis-espacio-urbano-puente-alto-santiago-sur&selected=cinepolis-espacio-urbano-puente-alto-santiago-sur,,,ANIMACIÓN,
Cinépolis Puente Alto,Spider-Man: Un Nuevo Día,2026-09-02,21:20,2D,doblada,144,TE7,https://tickets-static-content.cinepolis.com/pimcore/19604/assets/Chile/Tickets/Movies/SpiderManUnNuevoDia_copy/Es/SMBND_720x1022_2/resource.jpg,https://cinepolis.com/cl?cinema=cinepolis-espacio-urbano-puente-alto-santiago-sur&selected=cinepolis-espacio-urbano-puente-alto-santiago-sur,,,"AVENTURA, ACCIÓN",
Cinépolis Puente Alto,La Odisea,2026-09-02,21:35,2D,doblada,172,14,https://tickets-static-content.cinepolis.com/pimcore/18518/assets/Chile/Tickets/Movies/LaOdisea/Es/720x1022_poster_La_odisea_copia_2__1/resource.jpg,https://cinepolis.com/cl?cinema=cinepolis-espacio-urbano-puente-alto-santiago-sur&selected=cinepolis-espacio-urbano-puente-alto-santiago-sur,,,ACCIÓN,
Cinépolis Puente Alto,Papi Ricky: La película,2026-09-02,21:45,2D,,93,TE7,https://tickets-static-content.cinepolis.com/pimcore/21450/assets/Chile/Tickets/Movies/PapiRickyLaPelicula/Es/720x1022_19/resource.jpg,https://cinepolis.com/cl?cinema=cinepolis-espacio-urbano-puente-alto-santiago-sur&selected=cinepolis-espacio-urbano-puente-alto-santiago-sur,,,COMEDIA,
Cinépolis Puente Alto,Spider-Man: Un Nuevo Día,2026-09-02,22:00,2D,doblada,144,TE7,https://tickets-static-content.cinepolis.com/pimcore/19604/assets/Chile/Tickets/Movies/SpiderManUnNuevoDia_copy/Es/SMBND_720x1022_2/resource.jpg,https://cinepolis.com/cl?cinema=cinepolis-espacio-urbano-puente-alto-santiago-sur&selected=cinepolis-espacio-urbano-puente-alto-santiago-sur,,,"AVENTURA, ACCIÓN",
Cinépolis Puente Alto,La Guerra de los Últimos,2026-09-02,22:10,2D,subtitulada,100,14,https://tickets-static-content.cinepolis.com/pimcore/20625/assets/Chile/Tickets/Movies/LaGuerraDeLosUltimos/Es/720x1022_19/resource.jpg,https://cinepolis.com/cl?cinema=cinepolis-espacio-urbano-puente-alto-santiago-sur&selected=cinepolis-espacio-urbano-puente-alto-santiago-sur,,,"DRAMA, CIENCIA FICCIÓN",
Cinépolis Puente Alto,La noche del demonio: Están entre nosotros,2026-09-02,22:20,2D,subtitulada,105,14,https://tickets-static-content.cinepolis.com/pimcore/19801/assets/Chile/Tickets/Movies/LaNocheDelDemonioEstaEntreNosotros/Es/720x1022_19/resource.jpg,https://cinepolis.com/cl?cinema=cinepolis-espacio-urbano-puente-alto-santiago-sur&selected=cinepolis-espacio-urbano-puente-alto-santiago-sur,,,TERROR,
Cinépolis Puente Alto,Papi Ricky: La película,2026-09-02,22:30,2D,,93,TE7,https://tickets-static-content.cinepolis.com/pimcore/21450/assets/Chile/Tickets/Movies/PapiRickyLaPelicula/Es/720x1022_19/resource.jpg,https://cinepolis.com/cl?cinema=cinepolis-espacio-urbano-puente-alto-santiago-sur&selected=cinepolis-espacio-urbano-puente-alto-santiago-sur,,,COMEDIA,
Cinépolis Puente Alto (Independencia),La Guerra de los Últimos,2026-08-31,14:45,2D,doblada,100,14,https://tickets-static-content.cinepolis.com/pimcore/20625/assets/Chile/Tickets/Movies/LaGuerraDeLosUltimos/Es/720x1022_19/resource.jpg,https://cinepolis.com/cl?cinema=cinepolis-plazuela-independencia-puente-alto-santiago-sur&selected=cinepolis-plazuela-independencia-puente-alto-santiago-sur,,,"DRAMA, CIENCIA FICCIÓN",
Cinépolis Puente Alto (Independencia),Sagrado corazón,2026-08-31,15:00,2D,doblada,92,TE7,https://tickets-static-content.cinepolis.com/pimcore/21449/assets/Chile/Tickets/Movies/SagradoCorazon/Es/720x1022_19/resource.jpg,https://cinepolis.com/cl?cinema=cinepolis-plazuela-independencia-puente-alto-santiago-sur&selected=cinepolis-plazuela-independencia-puente-alto-santiago-sur,,,"DOCUMENTAL, CIENCIA FICCIÓN",
Cinépolis Puente Alto (Independencia),El Final De La Calle Oak,2026-08-31,15:30,2D,doblada,100,14,https://tickets-static-content.cinepolis.com/pimcore/20089/assets/Chile/Tickets/Movies/ElFinalDeLaCalleOak_copy/Es/P_720X1022_5_copy/resource.jpg,https://cinepolis.com/cl?cinema=cinepolis-plazuela-independencia-puente-alto-santiago-sur&selected=cinepolis-plazuela-independencia-puente-alto-santiago-sur,,,"AVENTURA, CIENCIA FICCIÓN",
Cinépolis Puente Alto (Independencia),Spider-Man: Un Nuevo Día,2026-08-31,15:45,2D,doblada,144,TE7,https://tickets-static-content.cinepolis.com/pimcore/19604/assets/Chile/Tickets/Movies/SpiderManUnNuevoDia_copy/Es/SMBND_720x1022_2/resource.jpg,https://cinepolis.com/cl?cinema=cinepolis-plazuela-independencia-puente-alto-santiago-sur&selected=cinepolis-plazuela-independencia-puente-alto-santiago-sur,,,"AVENTURA, ACCIÓN",
Cinépolis Puente Alto (Independencia),Papi Ricky: La película,2026-08-31,16:00,2D,,93,TE7,https://tickets-static-content.cinepolis.com/pimcore/21450/assets/Chile/Tickets/Movies/PapiRickyLaPelicula/Es/720x1022_19/resource.jpg,https://cinepolis.com/cl?cinema=cinepolis-plazuela-independencia-puente-alto-santiago-sur&selected=cinepolis-plazuela-independencia-puente-alto-santiago-sur,,,COMEDIA,
Cinépolis Puente Alto (Independencia),Coyote vs ACME,2026-08-31,16:15,2D,doblada,105,TE7,https://tickets-static-content.cinepolis.com/pimcore/19803/assets/Chile/Tickets/Movies/CoyoteVSAcme/Es/720x1022_24/resource.jpg,https://cinepolis.com/cl?cinema=cinepolis-plazuela-independencia-puente-alto-santiago-sur&selected=cinepolis-plazuela-independencia-puente-alto-santiago-sur,,,"COMEDIA, ANIMACIÓN, AVENTURA",
Cinépolis Puente Alto (Independencia),Harry Potter y la piedra filosofal,2026-08-31,16:30,2D,doblada,166,TE7,https://tickets-static-content.cinepolis.com/pimcore/21310/assets/Chile/Tickets/Movies/HarryPotterPiedraFilosofal/Es/720x1022_19/resource.jpg,https://cinepolis.com/cl?cinema=cinepolis-plazuela-independencia-puente-alto-santiago-sur&selected=cinepolis-plazuela-independencia-puente-alto-santiago-sur,,,"AVENTURA, FANTASÍA",
Cinépolis Puente Alto (Independencia),La noche del demonio: Están entre nosotros,2026-08-31,16:50,2D,doblada,105,14,https://tickets-static-content.cinepolis.com/pimcore/19801/assets/Chile/Tickets/Movies/LaNocheDelDemonioEstaEntreNosotros/Es/720x1022_19/resource.jpg,https://cinepolis.com/cl?cinema=cinepolis-plazuela-independencia-puente-alto-santiago-sur&selected=cinepolis-plazuela-independencia-puente-alto-santiago-sur,,,TERROR,
Cinépolis Puente Alto (Independencia),Spider-Man: Un Nuevo Día,2026-08-31,17:10,2D,doblada,144,TE7,https://tickets-static-content.cinepolis.com/pimcore/19604/assets/Chile/Tickets/Movies/SpiderManUnNuevoDia_copy/Es/SMBND_720x1022_2/resource.jpg,https://cinepolis.com/cl?cinema=cinepolis-plazuela-independencia-puente-alto-santiago-sur&selected=cinepolis-plazuela-independencia-puente-alto-santiago-sur,,,"AVENTURA, ACCIÓN",
Cinépolis Puente Alto (Independencia),Coyote vs ACME,2026-08-31,17:20,2D,doblada,105,TE7,https://tickets-static-content.cinepolis.com/pimcore/19803/assets/Chile/Tickets/Movies/CoyoteVSAcme/Es/720x1022_24/resource.jpg,https://cinepolis.com/cl?cinema=cinepolis-plazuela-independencia-puente-alto-santiago-sur&selected=cinepolis-plazuela-independencia-puente-alto-santiago-sur,,,"COMEDIA, ANIMACIÓN, AVENTURA",
Cinépolis Puente Alto (Independencia),Spider-Man: Un Nuevo Día,2026-08-31,18:00,2D,doblada,144,TE7,https://tickets-static-content.cinepolis.com/pimcore/19604/assets/Chile/Tickets/Movies/SpiderManUnNuevoDia_copy/Es/SMBND_720x1022_2/resource.jpg,https://cinepolis.com/cl?cinema=cinepolis-plazuela-independencia-puente-alto-santiago-sur&selected=cinepolis-plazuela-independencia-puente-alto-santiago-sur,,,"AVENTURA, ACCIÓN",
Cinépolis Puente Alto (Independencia),Papi Ricky: La película,2026-08-31,18:15,2D,,93,TE7,https://tickets-static-content.cinepolis.com/pimcore/21450/assets/Chile/Tickets/Movies/PapiRickyLaPelicula/Es/720x1022_19/resource.jpg,https://cinepolis.com/cl?cinema=cinepolis-plazuela-independencia-puente-alto-santiago-sur&selected=cinepolis-plazuela-independencia-puente-alto-santiago-sur,,,COMEDIA,
Cinépolis Puente Alto (Independencia),Coyote vs ACME,2026-08-31,18:40,2D,doblada,105,TE7,https://tickets-static-content.cinepolis.com/pimcore/19803/assets/Chile/Tickets/Movies/CoyoteVSAcme/Es/720x1022_24/resource.jpg,https://cinepolis.com/cl?cinema=cinepolis-plazuela-independencia-puente-alto-santiago-sur&selected=cinepolis-plazuela-independencia-puente-alto-santiago-sur,,,"COMEDIA, ANIMACIÓN, AVENTURA",
Cinépolis Puente Alto (Independencia),Spider-Man: Un Nuevo Día,2026-08-31,19:00,2D,doblada,144,TE7,https://tickets-static-content.cinepolis.com/pimcore/19604/assets/Chile/Tickets/Movies/SpiderManUnNuevoDia_copy/Es/SMBND_720x1022_2/resource.jpg,https://cinepolis.com/cl?cinema=cinepolis-plazuela-independencia-puente-alto-santiago-sur&selected=cinepolis-plazuela-independencia-puente-alto-santiago-sur,,,"AVENTURA, ACCIÓN",
Cinépolis Puente Alto (Independencia),La noche del demonio: Están entre nosotros,2026-08-31,19:20,2D,doblada,105,14,https://tickets-static-content.cinepolis.com/pimcore/19801/assets/Chile/Tickets/Movies/LaNocheDelDemonioEstaEntreNosotros/Es/720x1022_19/resource.jpg,https://cinepolis.com/cl?cinema=cinepolis-plazuela-independencia-puente-alto-santiago-sur&selected=cinepolis-plazuela-independencia-puente-alto-santiago-sur,,,TERROR,
Cinépolis Puente Alto (Independencia),La Guerra de los Últimos,2026-08-31,19:40,2D,doblada,100,14,https://tickets-static-content.cinepolis.com/pimcore/20625/assets/Chile/Tickets/Movies/LaGuerraDeLosUltimos/Es/720x1022_19/resource.jpg,https://cinepolis.com/cl?cinema=cinepolis-plazuela-independencia-puente-alto-santiago-sur&selected=cinepolis-plazuela-independencia-puente-alto-santiago-sur,,,"DRAMA, CIENCIA FICCIÓN",
Cinépolis Puente Alto (Independencia),Harry Potter y la piedra filosofal,2026-08-31,20:00,2D,doblada,166,TE7,https://tickets-static-content.cinepolis.com/pimcore/21310/assets/Chile/Tickets/Movies/HarryPotterPiedraFilosofal/Es/720x1022_19/resource.jpg,https://cinepolis.com/cl?cinema=cinepolis-plazuela-independencia-puente-alto-santiago-sur&selected=cinepolis-plazuela-independencia-puente-alto-santiago-sur,,,"AVENTURA, FANTASÍA",
Cinépolis Puente Alto (Independencia),Spider-Man: Un Nuevo Día,2026-08-31,20:20,2D,doblada,144,TE7,https://tickets-static-content.cinepolis.com/pimcore/19604/assets/Chile/Tickets/Movies/SpiderManUnNuevoDia_copy/Es/SMBND_720x1022_2/resource.jpg,https://cinepolis.com/cl?cinema=cinepolis-plazuela-independencia-puente-alto-santiago-sur&selected=cinepolis-plazuela-independencia-puente-alto-santiago-sur,,,"AVENTURA, ACCIÓN",
Cinépolis Puente Alto (Independencia),Papi Ricky: La película,2026-08-31,20:45,2D,,93,TE7,https://tickets-static-content.cinepolis.com/pimcore/21450/assets/Chile/Tickets/Movies/PapiRickyLaPelicula/Es/720x1022_19/resource.jpg,https://cinepolis.com/cl?cinema=cinepolis-plazuela-independencia-puente-alto-santiago-sur&selected=cinepolis-plazuela-independencia-puente-alto-santiago-sur,,,COMEDIA,
Cinépolis Puente Alto (Independencia),Coyote vs ACME,2026-08-31,21:00,2D,doblada,105,TE7,https://tickets-static-content.cinepolis.com/pimcore/19803/assets/Chile/Tickets/Movies/CoyoteVSAcme/Es/720x1022_24/resource.jpg,https://cinepolis.com/cl?cinema=cinepolis-plazuela-independencia-puente-alto-santiago-sur&selected=cinepolis-plazuela-independencia-puente-alto-santiago-sur,,,"COMEDIA, ANIMACIÓN, AVENTURA",
Cinépolis Puente Alto (Independencia),La Odisea,2026-08-31,21:15,2D,doblada,172,14,https://tickets-static-content.cinepolis.com/pimcore/18518/assets/Chile/Tickets/Movies/LaOdisea/Es/720x1022_poster_La_odisea_copia_2__1/resource.jpg,https://cinepolis.com/cl?cinema=cinepolis-plazuela-independencia-puente-alto-santiago-sur&selected=cinepolis-plazuela-independencia-puente-alto-santiago-sur,,,ACCIÓN,
Cinépolis Puente Alto (Independencia),La noche del demonio: Están entre nosotros,2026-08-31,21:50,2D,doblada,105,14,https://tickets-static-content.cinepolis.com/pimcore/19801/assets/Chile/Tickets/Movies/LaNocheDelDemonioEstaEntreNosotros/Es/720x1022_19/resource.jpg,https://cinepolis.com/cl?cinema=cinepolis-plazuela-independencia-puente-alto-santiago-sur&selected=cinepolis-plazuela-independencia-puente-alto-santiago-sur,,,TERROR,
Cinépolis Puente Alto (Independencia),Spider-Man: Un Nuevo Día,2026-08-31,22:10,2D,doblada,144,TE7,https://tickets-static-content.cinepolis.com/pimcore/19604/assets/Chile/Tickets/Movies/SpiderManUnNuevoDia_copy/Es/SMBND_720x1022_2/resource.jpg,https://cinepolis.com/cl?cinema=cinepolis-plazuela-independencia-puente-alto-santiago-sur&selected=cinepolis-plazuela-independencia-puente-alto-santiago-sur,,,"AVENTURA, ACCIÓN",
Cinépolis Puente Alto (Independencia),La Guerra de los Últimos,2026-08-31,22:20,2D,subtitulada,100,14,https://tickets-static-content.cinepolis.com/pimcore/20625/assets/Chile/Tickets/Movies/LaGuerraDeLosUltimos/Es/720x1022_19/resource.jpg,https://cinepolis.com/cl?cinema=cinepolis-plazuela-independencia-puente-alto-santiago-sur&selected=cinepolis-plazuela-independencia-puente-alto-santiago-sur,,,"DRAMA, CIENCIA FICCIÓN",
Cinépolis Puente Alto (Independencia),La Guerra de los Últimos,2026-09-01,14:45,2D,doblada,100,14,https://tickets-static-content.cinepolis.com/pimcore/20625/assets/Chile/Tickets/Movies/LaGuerraDeLosUltimos/Es/720x1022_19/resource.jpg,https://cinepolis.com/cl?cinema=cinepolis-plazuela-independencia-puente-alto-santiago-sur&selected=cinepolis-plazuela-independencia-puente-alto-santiago-sur,,,"DRAMA, CIENCIA FICCIÓN",
Cinépolis Puente Alto (Independencia),Sagrado corazón,2026-09-01,15:00,2D,doblada,92,TE7,https://tickets-static-content.cinepolis.com/pimcore/21449/assets/Chile/Tickets/Movies/SagradoCorazon/Es/720x1022_19/resource.jpg,https://cinepolis.com/cl?cinema=cinepolis-plazuela-independencia-puente-alto-santiago-sur&selected=cinepolis-plazuela-independencia-puente-alto-santiago-sur,,,"DOCUMENTAL, CIENCIA FICCIÓN",
Cinépolis Puente Alto (Independencia),El Final De La Calle Oak,2026-09-01,15:30,2D,doblada,100,14,https://tickets-static-content.cinepolis.com/pimcore/20089/assets/Chile/Tickets/Movies/ElFinalDeLaCalleOak_copy/Es/P_720X1022_5_copy/resource.jpg,https://cinepolis.com/cl?cinema=cinepolis-plazuela-independencia-puente-alto-santiago-sur&selected=cinepolis-plazuela-independencia-puente-alto-santiago-sur,,,"AVENTURA, CIENCIA FICCIÓN",
Cinépolis Puente Alto (Independencia),Spider-Man: Un Nuevo Día,2026-09-01,15:45,2D,doblada,144,TE7,https://tickets-static-content.cinepolis.com/pimcore/19604/assets/Chile/Tickets/Movies/SpiderManUnNuevoDia_copy/Es/SMBND_720x1022_2/resource.jpg,https://cinepolis.com/cl?cinema=cinepolis-plazuela-independencia-puente-alto-santiago-sur&selected=cinepolis-plazuela-independencia-puente-alto-santiago-sur,,,"AVENTURA, ACCIÓN",
Cinépolis Puente Alto (Independencia),Papi Ricky: La película,2026-09-01,16:00,2D,,93,TE7,https://tickets-static-content.cinepolis.com/pimcore/21450/assets/Chile/Tickets/Movies/PapiRickyLaPelicula/Es/720x1022_19/resource.jpg,https://cinepolis.com/cl?cinema=cinepolis-plazuela-independencia-puente-alto-santiago-sur&selected=cinepolis-plazuela-independencia-puente-alto-santiago-sur,,,COMEDIA,
Cinépolis Puente Alto (Independencia),Coyote vs ACME,2026-09-01,16:15,2D,doblada,105,TE7,https://tickets-static-content.cinepolis.com/pimcore/19803/assets/Chile/Tickets/Movies/CoyoteVSAcme/Es/720x1022_24/resource.jpg,https://cinepolis.com/cl?cinema=cinepolis-plazuela-independencia-puente-alto-santiago-sur&selected=cinepolis-plazuela-independencia-puente-alto-santiago-sur,,,"COMEDIA, ANIMACIÓN, AVENTURA",
Cinépolis Puente Alto (Independencia),Harry Potter y la piedra filosofal,2026-09-01,16:30,2D,doblada,166,TE7,https://tickets-static-content.cinepolis.com/pimcore/21310/assets/Chile/Tickets/Movies/HarryPotterPiedraFilosofal/Es/720x1022_19/resource.jpg,https://cinepolis.com/cl?cinema=cinepolis-plazuela-independencia-puente-alto-santiago-sur&selected=cinepolis-plazuela-independencia-puente-alto-santiago-sur,,,"AVENTURA, FANTASÍA",
Cinépolis Puente Alto (Independencia),La noche del demonio: Están entre nosotros,2026-09-01,16:50,2D,doblada,105,14,https://tickets-static-content.cinepolis.com/pimcore/19801/assets/Chile/Tickets/Movies/LaNocheDelDemonioEstaEntreNosotros/Es/720x1022_19/resource.jpg,https://cinepolis.com/cl?cinema=cinepolis-plazuela-independencia-puente-alto-santiago-sur&selected=cinepolis-plazuela-independencia-puente-alto-santiago-sur,,,TERROR,
Cinépolis Puente Alto (Independencia),Spider-Man: Un Nuevo Día,2026-09-01,17:10,2D,doblada,144,TE7,https://tickets-static-content.cinepolis.com/pimcore/19604/assets/Chile/Tickets/Movies/SpiderManUnNuevoDia_copy/Es/SMBND_720x1022_2/resource.jpg,https://cinepolis.com/cl?cinema=cinepolis-plazuela-independencia-puente-alto-santiago-sur&selected=cinepolis-plazuela-independencia-puente-alto-santiago-sur,,,"AVENTURA, ACCIÓN",
Cinépolis Puente Alto (Independencia),Coyote vs ACME,2026-09-01,17:20,2D,doblada,105,TE7,https://tickets-static-content.cinepolis.com/pimcore/19803/assets/Chile/Tickets/Movies/CoyoteVSAcme/Es/720x1022_24/resource.jpg,https://cinepolis.com/cl?cinema=cinepolis-plazuela-independencia-puente-alto-santiago-sur&selected=cinepolis-plazuela-independencia-puente-alto-santiago-sur,,,"COMEDIA, ANIMACIÓN, AVENTURA",
Cinépolis Puente Alto (Independencia),Spider-Man: Un Nuevo Día,2026-09-01,18:00,2D,doblada,144,TE7,https://tickets-static-content.cinepolis.com/pimcore/19604/assets/Chile/Tickets/Movies/SpiderManUnNuevoDia_copy/Es/SMBND_720x1022_2/resource.jpg,https://cinepolis.com/cl?cinema=cinepolis-plazuela-independencia-puente-alto-santiago-sur&selected=cinepolis-plazuela-independencia-puente-alto-santiago-sur,,,"AVENTURA, ACCIÓN",
Cinépolis Puente Alto (Independencia),Papi Ricky: La película,2026-09-01,18:15,2D,,93,TE7,https://tickets-static-content.cinepolis.com/pimcore/21450/assets/Chile/Tickets/Movies/PapiRickyLaPelicula/Es/720x1022_19/resource.jpg,https://cinepolis.com/cl?cinema=cinepolis-plazuela-independencia-puente-alto-santiago-sur&selected=cinepolis-plazuela-independencia-puente-alto-santiago-sur,,,COMEDIA,
Cinépolis Puente Alto (Independencia),Coyote vs ACME,2026-09-01,18:40,2D,doblada,105,TE7,https://tickets-static-content.cinepolis.com/pimcore/19803/assets/Chile/Tickets/Movies/CoyoteVSAcme/Es/720x1022_24/resource.jpg,https://cinepolis.com/cl?cinema=cinepolis-plazuela-independencia-puente-alto-santiago-sur&selected=cinepolis-plazuela-independencia-puente-alto-santiago-sur,,,"COMEDIA, ANIMACIÓN, AVENTURA",
Cinépolis Puente Alto (Independencia),Spider-Man: Un Nuevo Día,2026-09-01,19:00,2D,doblada,144,TE7,https://tickets-static-content.cinepolis.com/pimcore/19604/assets/Chile/Tickets/Movies/SpiderManUnNuevoDia_copy/Es/SMBND_720x1022_2/resource.jpg,https://cinepolis.com/cl?cinema=cinepolis-plazuela-independencia-puente-alto-santiago-sur&selected=cinepolis-plazuela-independencia-puente-alto-santiago-sur,,,"AVENTURA, ACCIÓN",
Cinépolis Puente Alto (Independencia),La noche del demonio: Están entre nosotros,2026-09-01,19:20,2D,doblada,105,14,https://tickets-static-content.cinepolis.com/pimcore/19801/assets/Chile/Tickets/Movies/LaNocheDelDemonioEstaEntreNosotros/Es/720x1022_19/resource.jpg,https://cinepolis.com/cl?cinema=cinepolis-plazuela-independencia-puente-alto-santiago-sur&selected=cinepolis-plazuela-independencia-puente-alto-santiago-sur,,,TERROR,
Cinépolis Puente Alto (Independencia),La Guerra de los Últimos,2026-09-01,19:40,2D,doblada,100,14,https://tickets-static-content.cinepolis.com/pimcore/20625/assets/Chile/Tickets/Movies/LaGuerraDeLosUltimos/Es/720x1022_19/resource.jpg,https://cinepolis.com/cl?cinema=cinepolis-plazuela-independencia-puente-alto-santiago-sur&selected=cinepolis-plazuela-independencia-puente-alto-santiago-sur,,,"DRAMA, CIENCIA FICCIÓN",
Cinépolis Puente Alto (Independencia),Harry Potter y la piedra filosofal,2026-09-01,20:00,2D,doblada,166,TE7,https://tickets-static-content.cinepolis.com/pimcore/21310/assets/Chile/Tickets/Movies/HarryPotterPiedraFilosofal/Es/720x1022_19/resource.jpg,https://cinepolis.com/cl?cinema=cinepolis-plazuela-independencia-puente-alto-santiago-sur&selected=cinepolis-plazuela-independencia-puente-alto-santiago-sur,,,"AVENTURA, FANTASÍA",
Cinépolis Puente Alto (Independencia),Spider-Man: Un Nuevo Día,2026-09-01,20:20,2D,doblada,144,TE7,https://tickets-static-content.cinepolis.com/pimcore/19604/assets/Chile/Tickets/Movies/SpiderManUnNuevoDia_copy/Es/SMBND_720x1022_2/resource.jpg,https://cinepolis.com/cl?cinema=cinepolis-plazuela-independencia-puente-alto-santiago-sur&selected=cinepolis-plazuela-independencia-puente-alto-santiago-sur,,,"AVENTURA, ACCIÓN",
Cinépolis Puente Alto (Independencia),Papi Ricky: La película,2026-09-01,20:45,2D,,93,TE7,https://tickets-static-content.cinepolis.com/pimcore/21450/assets/Chile/Tickets/Movies/PapiRickyLaPelicula/Es/720x1022_19/resource.jpg,https://cinepolis.com/cl?cinema=cinepolis-plazuela-independencia-puente-alto-santiago-sur&selected=cinepolis-plazuela-independencia-puente-alto-santiago-sur,,,COMEDIA,
Cinépolis Puente Alto (Independencia),Coyote vs ACME,2026-09-01,21:00,2D,doblada,105,TE7,https://tickets-static-content.cinepolis.com/pimcore/19803/assets/Chile/Tickets/Movies/CoyoteVSAcme/Es/720x1022_24/resource.jpg,https://cinepolis.com/cl?cinema=cinepolis-plazuela-independencia-puente-alto-santiago-sur&selected=cinepolis-plazuela-independencia-puente-alto-santiago-sur,,,"COMEDIA, ANIMACIÓN, AVENTURA",
Cinépolis Puente Alto (Independencia),La Odisea,2026-09-01,21:15,2D,doblada,172,14,https://tickets-static-content.cinepolis.com/pimcore/18518/assets/Chile/Tickets/Movies/LaOdisea/Es/720x1022_poster_La_odisea_copia_2__1/resource.jpg,https://cinepolis.com/cl?cinema=cinepolis-plazuela-independencia-puente-alto-santiago-sur&selected=cinepolis-plazuela-independencia-puente-alto-santiago-sur,,,ACCIÓN,
Cinépolis Puente Alto (Independencia),La noche del demonio: Están entre nosotros,2026-09-01,21:50,2D,doblada,105,14,https://tickets-static-content.cinepolis.com/pimcore/19801/assets/Chile/Tickets/Movies/LaNocheDelDemonioEstaEntreNosotros/Es/720x1022_19/resource.jpg,https://cinepolis.com/cl?cinema=cinepolis-plazuela-independencia-puente-alto-santiago-sur&selected=cinepolis-plazuela-independencia-puente-alto-santiago-sur,,,TERROR,
Cinépolis Puente Alto (Independencia),Spider-Man: Un Nuevo Día,2026-09-01,22:10,2D,doblada,144,TE7,https://tickets-static-content.cinepolis.com/pimcore/19604/assets/Chile/Tickets/Movies/SpiderManUnNuevoDia_copy/Es/SMBND_720x1022_2/resource.jpg,https://cinepolis.com/cl?cinema=cinepolis-plazuela-independencia-puente-alto-santiago-sur&selected=cinepolis-plazuela-independencia-puente-alto-santiago-sur,,,"AVENTURA, ACCIÓN",
Cinépolis Puente Alto (Independencia),La Guerra de los Últimos,2026-09-01,22:20,2D,subtitulada,100,14,https://tickets-static-content.cinepolis.com/pimcore/20625/assets/Chile/Tickets/Movies/LaGuerraDeLosUltimos/Es/720x1022_19/resource.jpg,https://cinepolis.com/cl?cinema=cinepolis-plazuela-independencia-puente-alto-santiago-sur&selected=cinepolis-plazuela-independencia-puente-alto-santiago-sur,,,"DRAMA, CIENCIA FICCIÓN",
Cinépolis Puente Alto (Independencia),La Guerra de los Últimos,2026-09-02,14:45,2D,doblada,100,14,https://tickets-static-content.cinepolis.com/pimcore/20625/assets/Chile/Tickets/Movies/LaGuerraDeLosUltimos/Es/720x1022_19/resource.jpg,https://cinepolis.com/cl?cinema=cinepolis-plazuela-independencia-puente-alto-santiago-sur&selected=cinepolis-plazuela-independencia-puente-alto-santiago-sur,,,"DRAMA, CIENCIA FICCIÓN",
Cinépolis Puente Alto (Independencia),Sagrado corazón,2026-09-02,15:00,2D,doblada,92,TE7,https://tickets-static-content.cinepolis.com/pimcore/21449/assets/Chile/Tickets/Movies/SagradoCorazon/Es/720x1022_19/resource.jpg,https://cinepolis.com/cl?cinema=cinepolis-plazuela-independencia-puente-alto-santiago-sur&selected=cinepolis-plazuela-independencia-puente-alto-santiago-sur,,,"DOCUMENTAL, CIENCIA FICCIÓN",
Cinépolis Puente Alto (Independencia),El Final De La Calle Oak,2026-09-02,15:30,2D,doblada,100,14,https://tickets-static-content.cinepolis.com/pimcore/20089/assets/Chile/Tickets/Movies/ElFinalDeLaCalleOak_copy/Es/P_720X1022_5_copy/resource.jpg,https://cinepolis.com/cl?cinema=cinepolis-plazuela-independencia-puente-alto-santiago-sur&selected=cinepolis-plazuela-independencia-puente-alto-santiago-sur,,,"AVENTURA, CIENCIA FICCIÓN",
Cinépolis Puente Alto (Independencia),Spider-Man: Un Nuevo Día,2026-09-02,15:45,2D,doblada,144,TE7,https://tickets-static-content.cinepolis.com/pimcore/19604/assets/Chile/Tickets/Movies/SpiderManUnNuevoDia_copy/Es/SMBND_720x1022_2/resource.jpg,https://cinepolis.com/cl?cinema=cinepolis-plazuela-independencia-puente-alto-santiago-sur&selected=cinepolis-plazuela-independencia-puente-alto-santiago-sur,,,"AVENTURA, ACCIÓN",
Cinépolis Puente Alto (Independencia),Papi Ricky: La película,2026-09-02,16:00,2D,,93,TE7,https://tickets-static-content.cinepolis.com/pimcore/21450/assets/Chile/Tickets/Movies/PapiRickyLaPelicula/Es/720x1022_19/resource.jpg,https://cinepolis.com/cl?cinema=cinepolis-plazuela-independencia-puente-alto-santiago-sur&selected=cinepolis-plazuela-independencia-puente-alto-santiago-sur,,,COMEDIA,
Cinépolis Puente Alto (Independencia),Coyote vs ACME,2026-09-02,16:15,2D,doblada,105,TE7,https://tickets-static-content.cinepolis.com/pimcore/19803/assets/Chile/Tickets/Movies/CoyoteVSAcme/Es/720x1022_24/resource.jpg,https://cinepolis.com/cl?cinema=cinepolis-plazuela-independencia-puente-alto-santiago-sur&selected=cinepolis-plazuela-independencia-puente-alto-santiago-sur,,,"COMEDIA, ANIMACIÓN, AVENTURA",
Cinépolis Puente Alto (Independencia),Harry Potter y la piedra filosofal,2026-09-02,16:30,2D,doblada,166,TE7,https://tickets-static-content.cinepolis.com/pimcore/21310/assets/Chile/Tickets/Movies/HarryPotterPiedraFilosofal/Es/720x1022_19/resource.jpg,https://cinepolis.com/cl?cinema=cinepolis-plazuela-independencia-puente-alto-santiago-sur&selected=cinepolis-plazuela-independencia-puente-alto-santiago-sur,,,"AVENTURA, FANTASÍA",
Cinépolis Puente Alto (Independencia),La noche del demonio: Están entre nosotros,2026-09-02,16:50,2D,doblada,105,14,https://tickets-static-content.cinepolis.com/pimcore/19801/assets/Chile/Tickets/Movies/LaNocheDelDemonioEstaEntreNosotros/Es/720x1022_19/resource.jpg,https://cinepolis.com/cl?cinema=cinepolis-plazuela-independencia-puente-alto-santiago-sur&selected=cinepolis-plazuela-independencia-puente-alto-santiago-sur,,,TERROR,
Cinépolis Puente Alto (Independencia),Spider-Man: Un Nuevo Día,2026-09-02,17:10,2D,doblada,144,TE7,https://tickets-static-content.cinepolis.com/pimcore/19604/assets/Chile/Tickets/Movies/SpiderManUnNuevoDia_copy/Es/SMBND_720x1022_2/resource.jpg,https://cinepolis.com/cl?cinema=cinepolis-plazuela-independencia-puente-alto-santiago-sur&selected=cinepolis-plazuela-independencia-puente-alto-santiago-sur,,,"AVENTURA, ACCIÓN",
Cinépolis Puente Alto (Independencia),Coyote vs ACME,2026-09-02,17:20,2D,doblada,105,TE7,https://tickets-static-content.cinepolis.com/pimcore/19803/assets/Chile/Tickets/Movies/CoyoteVSAcme/Es/720x1022_24/resource.jpg,https://cinepolis.com/cl?cinema=cinepolis-plazuela-independencia-puente-alto-santiago-sur&selected=cinepolis-plazuela-independencia-puente-alto-santiago-sur,,,"COMEDIA, ANIMACIÓN, AVENTURA",
Cinépolis Puente Alto (Independencia),Spider-Man: Un Nuevo Día,2026-09-02,18:00,2D,doblada,144,TE7,https://tickets-static-content.cinepolis.com/pimcore/19604/assets/Chile/Tickets/Movies/SpiderManUnNuevoDia_copy/Es/SMBND_720x1022_2/resource.jpg,https://cinepolis.com/cl?cinema=cinepolis-plazuela-independencia-puente-alto-santiago-sur&selected=cinepolis-plazuela-independencia-puente-alto-santiago-sur,,,"AVENTURA, ACCIÓN",
Cinépolis Puente Alto (Independencia),Papi Ricky: La película,2026-09-02,18:15,2D,,93,TE7,https://tickets-static-content.cinepolis.com/pimcore/21450/assets/Chile/Tickets/Movies/PapiRickyLaPelicula/Es/720x1022_19/resource.jpg,https://cinepolis.com/cl?cinema=cinepolis-plazuela-independencia-puente-alto-santiago-sur&selected=cinepolis-plazuela-independencia-puente-alto-santiago-sur,,,COMEDIA,
Cinépolis Puente Alto (Independencia),Coyote vs ACME,2026-09-02,18:40,2D,doblada,105,TE7,https://tickets-static-content.cinepolis.com/pimcore/19803/assets/Chile/Tickets/Movies/CoyoteVSAcme/Es/720x1022_24/resource.jpg,https://cinepolis.com/cl?cinema=cinepolis-plazuela-independencia-puente-alto-santiago-sur&selected=cinepolis-plazuela-independencia-puente-alto-santiago-sur,,,"COMEDIA, ANIMACIÓN, AVENTURA",
Cinépolis Puente Alto (Independencia),Spider-Man: Un Nuevo Día,2026-09-02,19:00,2D,doblada,144,TE7,https://tickets-static-content.cinepolis.com/pimcore/19604/assets/Chile/Tickets/Movies/SpiderManUnNuevoDia_copy/Es/SMBND_720x1022_2/resource.jpg,https://cinepolis.com/cl?cinema=cinepolis-plazuela-independencia-puente-alto-santiago-sur&selected=cinepolis-plazuela-independencia-puente-alto-santiago-sur,,,"AVENTURA, ACCIÓN",
Cinépolis Puente Alto (Independencia),La noche del demonio: Están entre nosotros,2026-09-02,19:20,2D,doblada,105,14,https://tickets-static-content.cinepolis.com/pimcore/19801/assets/Chile/Tickets/Movies/LaNocheDelDemonioEstaEntreNosotros/Es/720x1022_19/resource.jpg,https://cinepolis.com/cl?cinema=cinepolis-plazuela-independencia-puente-alto-santiago-sur&selected=cinepolis-plazuela-independencia-puente-alto-santiago-sur,,,TERROR,
Cinépolis Puente Alto (Independencia),La Guerra de los Últimos,2026-09-02,19:40,2D,doblada,100,14,https://tickets-static-content.cinepolis.com/pimcore/20625/assets/Chile/Tickets/Movies/LaGuerraDeLosUltimos/Es/720x1022_19/resource.jpg,https://cinepolis.com/cl?cinema=cinepolis-plazuela-independencia-puente-alto-santiago-sur&selected=cinepolis-plazuela-independencia-puente-alto-santiago-sur,,,"DRAMA, CIENCIA FICCIÓN",
Cinépolis Puente Alto (Independencia),Harry Potter y la piedra filosofal,2026-09-02,20:00,2D,doblada,166,TE7,https://tickets-static-content.cinepolis.com/pimcore/21310/assets/Chile/Tickets/Movies/HarryPotterPiedraFilosofal/Es/720x1022_19/resource.jpg,https://cinepolis.com/cl?cinema=cinepolis-plazuela-independencia-puente-alto-santiago-sur&selected=cinepolis-plazuela-independencia-puente-alto-santiago-sur,,,"AVENTURA, FANTASÍA",
Cinépolis Puente Alto (Independencia),Spider-Man: Un Nuevo Día,2026-09-02,20:20,2D,doblada,144,TE7,https://tickets-static-content.cinepolis.com/pimcore/19604/assets/Chile/Tickets/Movies/SpiderManUnNuevoDia_copy/Es/SMBND_720x1022_2/resource.jpg,https://cinepolis.com/cl?cinema=cinepolis-plazuela-independencia-puente-alto-santiago-sur&selected=cinepolis-plazuela-independencia-puente-alto-santiago-sur,,,"AVENTURA, ACCIÓN",
Cinépolis Puente Alto (Independencia),Papi Ricky: La película,2026-09-02,20:45,2D,,93,TE7,https://tickets-static-content.cinepolis.com/pimcore/21450/assets/Chile/Tickets/Movies/PapiRickyLaPelicula/Es/720x1022_19/resource.jpg,https://cinepolis.com/cl?cinema=cinepolis-plazuela-independencia-puente-alto-santiago-sur&selected=cinepolis-plazuela-independencia-puente-alto-santiago-sur,,,COMEDIA,
Cinépolis Puente Alto (Independencia),Coyote vs ACME,2026-09-02,21:00,2D,doblada,105,TE7,https://tickets-static-content.cinepolis.com/pimcore/19803/assets/Chile/Tickets/Movies/CoyoteVSAcme/Es/720x1022_24/resource.jpg,https://cinepolis.com/cl?cinema=cinepolis-plazuela-independencia-puente-alto-santiago-sur&selected=cinepolis-plazuela-independencia-puente-alto-santiago-sur,,,"COMEDIA, ANIMACIÓN, AVENTURA",
Cinépolis Puente Alto (Independencia),La Odisea,2026-09-02,21:15,2D,doblada,172,14,https://tickets-static-content.cinepolis.com/pimcore/18518/assets/Chile/Tickets/Movies/LaOdisea/Es/720x1022_poster_La_odisea_copia_2__1/resource.jpg,https://cinepolis.com/cl?cinema=cinepolis-plazuela-independencia-puente-alto-santiago-sur&selected=cinepolis-plazuela-independencia-puente-alto-santiago-sur,,,ACCIÓN,
Cinépolis Puente Alto (Independencia),La noche del demonio: Están entre nosotros,2026-09-02,21:50,2D,doblada,105,14,https://tickets-static-content.cinepolis.com/pimcore/19801/assets/Chile/Tickets/Movies/LaNocheDelDemonioEstaEntreNosotros/Es/720x1022_19/resource.jpg,https://cinepolis.com/cl?cinema=cinepolis-plazuela-independencia-puente-alto-santiago-sur&selected=cinepolis-plazuela-independencia-puente-alto-santiago-sur,,,TERROR,
Cinépolis Puente Alto (Independencia),Spider-Man: Un Nuevo Día,2026-09-02,22:10,2D,doblada,144,TE7,https://tickets-static-content.cinepolis.com/pimcore/19604/assets/Chile/Tickets/Movies/SpiderManUnNuevoDia_copy/Es/SMBND_720x1022_2/resource.jpg,https://cinepolis.com/cl?cinema=cinepolis-plazuela-independencia-puente-alto-santiago-sur&selected=cinepolis-plazuela-independencia-puente-alto-santiago-sur,,,"AVENTURA, ACCIÓN",
Cinépolis Puente Alto (Independencia),La Guerra de los Últimos,2026-09-02,22:20,2D,subtitulada,100,14,https://tickets-static-content.cinepolis.com/pimcore/20625/assets/Chile/Tickets/Movies/LaGuerraDeLosUltimos/Es/720x1022_19/resource.jpg,https://cinepolis.com/cl?cinema=cinepolis-plazuela-independencia-puente-alto-santiago-sur&selected=cinepolis-plazuela-independencia-puente-alto-santiago-sur,,,"DRAMA, CIENCIA FICCIÓN",
Cinépolis Terrazas Maipú,Papi Ricky: La película,2026-08-31,13:15,2D,,93,TE7,https://tickets-static-content.cinepolis.com/pimcore/21450/assets/Chile/Tickets/Movies/PapiRickyLaPelicula/Es/720x1022_19/resource.jpg,https://cinepolis.com/cl?cinema=boulevard-terrazas-maipu-santiago-poniente-y-norte&selected=boulevard-terrazas-maipu-santiago-poniente-y-norte,,,COMEDIA,
Cinépolis Terrazas Maipú,Spider-Man: Un Nuevo Día,2026-08-31,13:25,2D,doblada,144,TE7,https://tickets-static-content.cinepolis.com/pimcore/19604/assets/Chile/Tickets/Movies/SpiderManUnNuevoDia_copy/Es/SMBND_720x1022_2/resource.jpg,https://cinepolis.com/cl?cinema=boulevard-terrazas-maipu-santiago-poniente-y-norte&selected=boulevard-terrazas-maipu-santiago-poniente-y-norte,,,"AVENTURA, ACCIÓN",
Cinépolis Terrazas Maipú,Harry Potter y la piedra filosofal,2026-08-31,13:30,2D,subtitulada,166,TE7,https://tickets-static-content.cinepolis.com/pimcore/21310/assets/Chile/Tickets/Movies/HarryPotterPiedraFilosofal/Es/720x1022_19/resource.jpg,https://cinepolis.com/cl?cinema=boulevard-terrazas-maipu-santiago-poniente-y-norte&selected=boulevard-terrazas-maipu-santiago-poniente-y-norte,,,"AVENTURA, FANTASÍA",
Cinépolis Terrazas Maipú,La noche del demonio: Están entre nosotros,2026-08-31,14:15,2D,doblada,105,14,https://tickets-static-content.cinepolis.com/pimcore/19801/assets/Chile/Tickets/Movies/LaNocheDelDemonioEstaEntreNosotros/Es/720x1022_19/resource.jpg,https://cinepolis.com/cl?cinema=boulevard-terrazas-maipu-santiago-poniente-y-norte&selected=boulevard-terrazas-maipu-santiago-poniente-y-norte,,,TERROR,
Cinépolis Terrazas Maipú,Spider-Man: Un Nuevo Día,2026-08-31,14:30,2D,doblada,144,TE7,https://tickets-static-content.cinepolis.com/pimcore/19604/assets/Chile/Tickets/Movies/SpiderManUnNuevoDia_copy/Es/SMBND_720x1022_2/resource.jpg,https://cinepolis.com/cl?cinema=boulevard-terrazas-maipu-santiago-poniente-y-norte&selected=boulevard-terrazas-maipu-santiago-poniente-y-norte,,,"AVENTURA, ACCIÓN",
Cinépolis Terrazas Maipú,Coyote vs ACME,2026-08-31,14:45,2D,doblada,105,TE7,https://tickets-static-content.cinepolis.com/pimcore/19803/assets/Chile/Tickets/Movies/CoyoteVSAcme/Es/720x1022_24/resource.jpg,https://cinepolis.com/cl?cinema=boulevard-terrazas-maipu-santiago-poniente-y-norte&selected=boulevard-terrazas-maipu-santiago-poniente-y-norte,,,"COMEDIA, ANIMACIÓN, AVENTURA",
Cinépolis Terrazas Maipú,La Odisea,2026-08-31,15:00,2D,doblada,172,14,https://tickets-static-content.cinepolis.com/pimcore/18518/assets/Chile/Tickets/Movies/LaOdisea/Es/720x1022_poster_La_odisea_copia_2__1/resource.jpg,https://cinepolis.com/cl?cinema=boulevard-terrazas-maipu-santiago-poniente-y-norte&selected=boulevard-terrazas-maipu-santiago-poniente-y-norte,,,ACCIÓN,
Cinépolis Terrazas Maipú,Papi Ricky: La película,2026-08-31,15:45,2D,,93,TE7,https://tickets-static-content.cinepolis.com/pimcore/21450/assets/Chile/Tickets/Movies/PapiRickyLaPelicula/Es/720x1022_19/resource.jpg,https://cinepolis.com/cl?cinema=boulevard-terrazas-maipu-santiago-poniente-y-norte&selected=boulevard-terrazas-maipu-santiago-poniente-y-norte,,,COMEDIA,
Cinépolis Terrazas Maipú,La noche del demonio: Están entre nosotros,2026-08-31,16:45,2D,doblada,105,14,https://tickets-static-content.cinepolis.com/pimcore/19801/assets/Chile/Tickets/Movies/LaNocheDelDemonioEstaEntreNosotros/Es/720x1022_19/resource.jpg,https://cinepolis.com/cl?cinema=boulevard-terrazas-maipu-santiago-poniente-y-norte&selected=boulevard-terrazas-maipu-santiago-poniente-y-norte,,,TERROR,
Cinépolis Terrazas Maipú,Spider-Man: Un Nuevo Día,2026-08-31,16:45,2D,doblada,144,TE7,https://tickets-static-content.cinepolis.com/pimcore/19604/assets/Chile/Tickets/Movies/SpiderManUnNuevoDia_copy/Es/SMBND_720x1022_2/resource.jpg,https://cinepolis.com/cl?cinema=boulevard-terrazas-maipu-santiago-poniente-y-norte&selected=boulevard-terrazas-maipu-santiago-poniente-y-norte,,,"AVENTURA, ACCIÓN",
Cinépolis Terrazas Maipú,Harry Potter y la piedra filosofal,2026-08-31,17:00,2D,subtitulada,166,TE7,https://tickets-static-content.cinepolis.com/pimcore/21310/assets/Chile/Tickets/Movies/HarryPotterPiedraFilosofal/Es/720x1022_19/resource.jpg,https://cinepolis.com/cl?cinema=boulevard-terrazas-maipu-santiago-poniente-y-norte&selected=boulevard-terrazas-maipu-santiago-poniente-y-norte,,,"AVENTURA, FANTASÍA",
Cinépolis Terrazas Maipú,Coyote vs ACME,2026-08-31,17:30,2D,doblada,105,TE7,https://tickets-static-content.cinepolis.com/pimcore/19803/assets/Chile/Tickets/Movies/CoyoteVSAcme/Es/720x1022_24/resource.jpg,https://cinepolis.com/cl?cinema=boulevard-terrazas-maipu-santiago-poniente-y-norte&selected=boulevard-terrazas-maipu-santiago-poniente-y-norte,,,"COMEDIA, ANIMACIÓN, AVENTURA",
Cinépolis Terrazas Maipú,Spider-Man: Un Nuevo Día,2026-08-31,17:45,2D,doblada,144,TE7,https://tickets-static-content.cinepolis.com/pimcore/19604/assets/Chile/Tickets/Movies/SpiderManUnNuevoDia_copy/Es/SMBND_720x1022_2/resource.jpg,https://cinepolis.com/cl?cinema=boulevard-terrazas-maipu-santiago-poniente-y-norte&selected=boulevard-terrazas-maipu-santiago-poniente-y-norte,,,"AVENTURA, ACCIÓN",
Cinépolis Terrazas Maipú,Papi Ricky: La película,2026-08-31,18:15,2D,,93,TE7,https://tickets-static-content.cinepolis.com/pimcore/21450/assets/Chile/Tickets/Movies/PapiRickyLaPelicula/Es/720x1022_19/resource.jpg,https://cinepolis.com/cl?cinema=boulevard-terrazas-maipu-santiago-poniente-y-norte&selected=boulevard-terrazas-maipu-santiago-poniente-y-norte,,,COMEDIA,
Cinépolis Terrazas Maipú,La Guerra de los Últimos,2026-08-31,18:30,2D,doblada,100,14,https://tickets-static-content.cinepolis.com/pimcore/20625/assets/Chile/Tickets/Movies/LaGuerraDeLosUltimos/Es/720x1022_19/resource.jpg,https://cinepolis.com/cl?cinema=boulevard-terrazas-maipu-santiago-poniente-y-norte&selected=boulevard-terrazas-maipu-santiago-poniente-y-norte,,,"DRAMA, CIENCIA FICCIÓN",
Cinépolis Terrazas Maipú,La noche del demonio: Están entre nosotros,2026-08-31,19:15,2D,doblada,105,14,https://tickets-static-content.cinepolis.com/pimcore/19801/assets/Chile/Tickets/Movies/LaNocheDelDemonioEstaEntreNosotros/Es/720x1022_19/resource.jpg,https://cinepolis.com/cl?cinema=boulevard-terrazas-maipu-santiago-poniente-y-norte&selected=boulevard-terrazas-maipu-santiago-poniente-y-norte,,,TERROR,
Cinépolis Terrazas Maipú,Spider-Man: Un Nuevo Día,2026-08-31,20:00,2D,doblada,144,TE7,https://tickets-static-content.cinepolis.com/pimcore/19604/assets/Chile/Tickets/Movies/SpiderManUnNuevoDia_copy/Es/SMBND_720x1022_2/resource.jpg,https://cinepolis.com/cl?cinema=boulevard-terrazas-maipu-santiago-poniente-y-norte&selected=boulevard-terrazas-maipu-santiago-poniente-y-norte,,,"AVENTURA, ACCIÓN",
Cinépolis Terrazas Maipú,Coyote vs ACME,2026-08-31,20:15,2D,doblada,105,TE7,https://tickets-static-content.cinepolis.com/pimcore/19803/assets/Chile/Tickets/Movies/CoyoteVSAcme/Es/720x1022_24/resource.jpg,https://cinepolis.com/cl?cinema=boulevard-terrazas-maipu-santiago-poniente-y-norte&selected=boulevard-terrazas-maipu-santiago-poniente-y-norte,,,"COMEDIA, ANIMACIÓN, AVENTURA",
Cinépolis Terrazas Maipú,Harry Potter y la piedra filosofal,2026-08-31,20:30,2D,subtitulada,166,TE7,https://tickets-static-content.cinepolis.com/pimcore/21310/assets/Chile/Tickets/Movies/HarryPotterPiedraFilosofal/Es/720x1022_19/resource.jpg,https://cinepolis.com/cl?cinema=boulevard-terrazas-maipu-santiago-poniente-y-norte&selected=boulevard-terrazas-maipu-santiago-poniente-y-norte,,,"AVENTURA, FANTASÍA",
Cinépolis Terrazas Maipú,Papi Ricky: La película,2026-08-31,20:45,2D,,93,TE7,https://tickets-static-content.cinepolis.com/pimcore/21450/assets/Chile/Tickets/Movies/PapiRickyLaPelicula/Es/720x1022_19/resource.jpg,https://cinepolis.com/cl?cinema=boulevard-terrazas-maipu-santiago-poniente-y-norte&selected=boulevard-terrazas-maipu-santiago-poniente-y-norte,,,COMEDIA,
Cinépolis Terrazas Maipú,La Guerra de los Últimos,2026-08-31,21:00,2D,subtitulada,100,14,https://tickets-static-content.cinepolis.com/pimcore/20625/assets/Chile/Tickets/Movies/LaGuerraDeLosUltimos/Es/720x1022_19/resource.jpg,https://cinepolis.com/cl?cinema=boulevard-terrazas-maipu-santiago-poniente-y-norte&selected=boulevard-terrazas-maipu-santiago-poniente-y-norte,,,"DRAMA, CIENCIA FICCIÓN",
Cinépolis Terrazas Maipú,Spider-Man: Un Nuevo Día,2026-08-31,21:00,2D,subtitulada,144,TE7,https://tickets-static-content.cinepolis.com/pimcore/19604/assets/Chile/Tickets/Movies/SpiderManUnNuevoDia_copy/Es/SMBND_720x1022_2/resource.jpg,https://cinepolis.com/cl?cinema=boulevard-terrazas-maipu-santiago-poniente-y-norte&selected=boulevard-terrazas-maipu-santiago-poniente-y-norte,,,"AVENTURA, ACCIÓN",
Cinépolis Terrazas Maipú,La noche del demonio: Están entre nosotros,2026-08-31,21:35,2D,subtitulada,105,14,https://tickets-static-content.cinepolis.com/pimcore/19801/assets/Chile/Tickets/Movies/LaNocheDelDemonioEstaEntreNosotros/Es/720x1022_19/resource.jpg,https://cinepolis.com/cl?cinema=boulevard-terrazas-maipu-santiago-poniente-y-norte&selected=boulevard-terrazas-maipu-santiago-poniente-y-norte,,,TERROR,
Cinépolis Terrazas Maipú,Papi Ricky: La película,2026-09-01,13:15,2D,,93,TE7,https://tickets-static-content.cinepolis.com/pimcore/21450/assets/Chile/Tickets/Movies/PapiRickyLaPelicula/Es/720x1022_19/resource.jpg,https://cinepolis.com/cl?cinema=boulevard-terrazas-maipu-santiago-poniente-y-norte&selected=boulevard-terrazas-maipu-santiago-poniente-y-norte,,,COMEDIA,
Cinépolis Terrazas Maipú,Spider-Man: Un Nuevo Día,2026-09-01,13:25,2D,doblada,144,TE7,https://tickets-static-content.cinepolis.com/pimcore/19604/assets/Chile/Tickets/Movies/SpiderManUnNuevoDia_copy/Es/SMBND_720x1022_2/resource.jpg,https://cinepolis.com/cl?cinema=boulevard-terrazas-maipu-santiago-poniente-y-norte&selected=boulevard-terrazas-maipu-santiago-poniente-y-norte,,,"AVENTURA, ACCIÓN",
Cinépolis Terrazas Maipú,Harry Potter y la piedra filosofal,2026-09-01,13:30,2D,subtitulada,166,TE7,https://tickets-static-content.cinepolis.com/pimcore/21310/assets/Chile/Tickets/Movies/HarryPotterPiedraFilosofal/Es/720x1022_19/resource.jpg,https://cinepolis.com/cl?cinema=boulevard-terrazas-maipu-santiago-poniente-y-norte&selected=boulevard-terrazas-maipu-santiago-poniente-y-norte,,,"AVENTURA, FANTASÍA",
Cinépolis Terrazas Maipú,La noche del demonio: Están entre nosotros,2026-09-01,14:15,2D,doblada,105,14,https://tickets-static-content.cinepolis.com/pimcore/19801/assets/Chile/Tickets/Movies/LaNocheDelDemonioEstaEntreNosotros/Es/720x1022_19/resource.jpg,https://cinepolis.com/cl?cinema=boulevard-terrazas-maipu-santiago-poniente-y-norte&selected=boulevard-terrazas-maipu-santiago-poniente-y-norte,,,TERROR,
Cinépolis Terrazas Maipú,Spider-Man: Un Nuevo Día,2026-09-01,14:30,2D,doblada,144,TE7,https://tickets-static-content.cinepolis.com/pimcore/19604/assets/Chile/Tickets/Movies/SpiderManUnNuevoDia_copy/Es/SMBND_720x1022_2/resource.jpg,https://cinepolis.com/cl?cinema=boulevard-terrazas-maipu-santiago-poniente-y-norte&selected=boulevard-terrazas-maipu-santiago-poniente-y-norte,,,"AVENTURA, ACCIÓN",
Cinépolis Terrazas Maipú,Coyote vs ACME,2026-09-01,14:45,2D,doblada,105,TE7,https://tickets-static-content.cinepolis.com/pimcore/19803/assets/Chile/Tickets/Movies/CoyoteVSAcme/Es/720x1022_24/resource.jpg,https://cinepolis.com/cl?cinema=boulevard-terrazas-maipu-santiago-poniente-y-norte&selected=boulevard-terrazas-maipu-santiago-poniente-y-norte,,,"COMEDIA, ANIMACIÓN, AVENTURA",
Cinépolis Terrazas Maipú,La Odisea,2026-09-01,15:00,2D,doblada,172,14,https://tickets-static-content.cinepolis.com/pimcore/18518/assets/Chile/Tickets/Movies/LaOdisea/Es/720x1022_poster_La_odisea_copia_2__1/resource.jpg,https://cinepolis.com/cl?cinema=boulevard-terrazas-maipu-santiago-poniente-y-norte&selected=boulevard-terrazas-maipu-santiago-poniente-y-norte,,,ACCIÓN,
Cinépolis Terrazas Maipú,Papi Ricky: La película,2026-09-01,15:45,2D,,93,TE7,https://tickets-static-content.cinepolis.com/pimcore/21450/assets/Chile/Tickets/Movies/PapiRickyLaPelicula/Es/720x1022_19/resource.jpg,https://cinepolis.com/cl?cinema=boulevard-terrazas-maipu-santiago-poniente-y-norte&selected=boulevard-terrazas-maipu-santiago-poniente-y-norte,,,COMEDIA,
Cinépolis Terrazas Maipú,La noche del demonio: Están entre nosotros,2026-09-01,16:45,2D,doblada,105,14,https://tickets-static-content.cinepolis.com/pimcore/19801/assets/Chile/Tickets/Movies/LaNocheDelDemonioEstaEntreNosotros/Es/720x1022_19/resource.jpg,https://cinepolis.com/cl?cinema=boulevard-terrazas-maipu-santiago-poniente-y-norte&selected=boulevard-terrazas-maipu-santiago-poniente-y-norte,,,TERROR,
Cinépolis Terrazas Maipú,Spider-Man: Un Nuevo Día,2026-09-01,16:45,2D,doblada,144,TE7,https://tickets-static-content.cinepolis.com/pimcore/19604/assets/Chile/Tickets/Movies/SpiderManUnNuevoDia_copy/Es/SMBND_720x1022_2/resource.jpg,https://cinepolis.com/cl?cinema=boulevard-terrazas-maipu-santiago-poniente-y-norte&selected=boulevard-terrazas-maipu-santiago-poniente-y-norte,,,"AVENTURA, ACCIÓN",
Cinépolis Terrazas Maipú,Harry Potter y la piedra filosofal,2026-09-01,17:00,2D,subtitulada,166,TE7,https://tickets-static-content.cinepolis.com/pimcore/21310/assets/Chile/Tickets/Movies/HarryPotterPiedraFilosofal/Es/720x1022_19/resource.jpg,https://cinepolis.com/cl?cinema=boulevard-terrazas-maipu-santiago-poniente-y-norte&selected=boulevard-terrazas-maipu-santiago-poniente-y-norte,,,"AVENTURA, FANTASÍA",
Cinépolis Terrazas Maipú,Coyote vs ACME,2026-09-01,17:30,2D,doblada,105,TE7,https://tickets-static-content.cinepolis.com/pimcore/19803/assets/Chile/Tickets/Movies/CoyoteVSAcme/Es/720x1022_24/resource.jpg,https://cinepolis.com/cl?cinema=boulevard-terrazas-maipu-santiago-poniente-y-norte&selected=boulevard-terrazas-maipu-santiago-poniente-y-norte,,,"COMEDIA, ANIMACIÓN, AVENTURA",
Cinépolis Terrazas Maipú,Spider-Man: Un Nuevo Día,2026-09-01,17:45,2D,doblada,144,TE7,https://tickets-static-content.cinepolis.com/pimcore/19604/assets/Chile/Tickets/Movies/SpiderManUnNuevoDia_copy/Es/SMBND_720x1022_2/resource.jpg,https://cinepolis.com/cl?cinema=boulevard-terrazas-maipu-santiago-poniente-y-norte&selected=boulevard-terrazas-maipu-santiago-poniente-y-norte,,,"AVENTURA, ACCIÓN",
Cinépolis Terrazas Maipú,Papi Ricky: La película,2026-09-01,18:15,2D,,93,TE7,https://tickets-static-content.cinepolis.com/pimcore/21450/assets/Chile/Tickets/Movies/PapiRickyLaPelicula/Es/720x1022_19/resource.jpg,https://cinepolis.com/cl?cinema=boulevard-terrazas-maipu-santiago-poniente-y-norte&selected=boulevard-terrazas-maipu-santiago-poniente-y-norte,,,COMEDIA,
Cinépolis Terrazas Maipú,La Guerra de los Últimos,2026-09-01,18:30,2D,doblada,100,14,https://tickets-static-content.cinepolis.com/pimcore/20625/assets/Chile/Tickets/Movies/LaGuerraDeLosUltimos/Es/720x1022_19/resource.jpg,https://cinepolis.com/cl?cinema=boulevard-terrazas-maipu-santiago-poniente-y-norte&selected=boulevard-terrazas-maipu-santiago-poniente-y-norte,,,"DRAMA, CIENCIA FICCIÓN",
Cinépolis Terrazas Maipú,La noche del demonio: Están entre nosotros,2026-09-01,19:15,2D,doblada,105,14,https://tickets-static-content.cinepolis.com/pimcore/19801/assets/Chile/Tickets/Movies/LaNocheDelDemonioEstaEntreNosotros/Es/720x1022_19/resource.jpg,https://cinepolis.com/cl?cinema=boulevard-terrazas-maipu-santiago-poniente-y-norte&selected=boulevard-terrazas-maipu-santiago-poniente-y-norte,,,TERROR,
Cinépolis Terrazas Maipú,Spider-Man: Un Nuevo Día,2026-09-01,20:00,2D,doblada,144,TE7,https://tickets-static-content.cinepolis.com/pimcore/19604/assets/Chile/Tickets/Movies/SpiderManUnNuevoDia_copy/Es/SMBND_720x1022_2/resource.jpg,https://cinepolis.com/cl?cinema=boulevard-terrazas-maipu-santiago-poniente-y-norte&selected=boulevard-terrazas-maipu-santiago-poniente-y-norte,,,"AVENTURA, ACCIÓN",
Cinépolis Terrazas Maipú,Coyote vs ACME,2026-09-01,20:15,2D,doblada,105,TE7,https://tickets-static-content.cinepolis.com/pimcore/19803/assets/Chile/Tickets/Movies/CoyoteVSAcme/Es/720x1022_24/resource.jpg,https://cinepolis.com/cl?cinema=boulevard-terrazas-maipu-santiago-poniente-y-norte&selected=boulevard-terrazas-maipu-santiago-poniente-y-norte,,,"COMEDIA, ANIMACIÓN, AVENTURA",
Cinépolis Terrazas Maipú,Harry Potter y la piedra filosofal,2026-09-01,20:30,2D,subtitulada,166,TE7,https://tickets-static-content.cinepolis.com/pimcore/21310/assets/Chile/Tickets/Movies/HarryPotterPiedraFilosofal/Es/720x1022_19/resource.jpg,https://cinepolis.com/cl?cinema=boulevard-terrazas-maipu-santiago-poniente-y-norte&selected=boulevard-terrazas-maipu-santiago-poniente-y-norte,,,"AVENTURA, FANTASÍA",
Cinépolis Terrazas Maipú,Papi Ricky: La película,2026-09-01,20:45,2D,,93,TE7,https://tickets-static-content.cinepolis.com/pimcore/21450/assets/Chile/Tickets/Movies/PapiRickyLaPelicula/Es/720x1022_19/resource.jpg,https://cinepolis.com/cl?cinema=boulevard-terrazas-maipu-santiago-poniente-y-norte&selected=boulevard-terrazas-maipu-santiago-poniente-y-norte,,,COMEDIA,
Cinépolis Terrazas Maipú,La Guerra de los Últimos,2026-09-01,21:00,2D,subtitulada,100,14,https://tickets-static-content.cinepolis.com/pimcore/20625/assets/Chile/Tickets/Movies/LaGuerraDeLosUltimos/Es/720x1022_19/resource.jpg,https://cinepolis.com/cl?cinema=boulevard-terrazas-maipu-santiago-poniente-y-norte&selected=boulevard-terrazas-maipu-santiago-poniente-y-norte,,,"DRAMA, CIENCIA FICCIÓN",
Cinépolis Terrazas Maipú,Spider-Man: Un Nuevo Día,2026-09-01,21:00,2D,subtitulada,144,TE7,https://tickets-static-content.cinepolis.com/pimcore/19604/assets/Chile/Tickets/Movies/SpiderManUnNuevoDia_copy/Es/SMBND_720x1022_2/resource.jpg,https://cinepolis.com/cl?cinema=boulevard-terrazas-maipu-santiago-poniente-y-norte&selected=boulevard-terrazas-maipu-santiago-poniente-y-norte,,,"AVENTURA, ACCIÓN",
Cinépolis Terrazas Maipú,La noche del demonio: Están entre nosotros,2026-09-01,21:35,2D,subtitulada,105,14,https://tickets-static-content.cinepolis.com/pimcore/19801/assets/Chile/Tickets/Movies/LaNocheDelDemonioEstaEntreNosotros/Es/720x1022_19/resource.jpg,https://cinepolis.com/cl?cinema=boulevard-terrazas-maipu-santiago-poniente-y-norte&selected=boulevard-terrazas-maipu-santiago-poniente-y-norte,,,TERROR,
Cinépolis Terrazas Maipú,Papi Ricky: La película,2026-09-02,13:15,2D,,93,TE7,https://tickets-static-content.cinepolis.com/pimcore/21450/assets/Chile/Tickets/Movies/PapiRickyLaPelicula/Es/720x1022_19/resource.jpg,https://cinepolis.com/cl?cinema=boulevard-terrazas-maipu-santiago-poniente-y-norte&selected=boulevard-terrazas-maipu-santiago-poniente-y-norte,,,COMEDIA,
Cinépolis Terrazas Maipú,Spider-Man: Un Nuevo Día,2026-09-02,13:25,2D,doblada,144,TE7,https://tickets-static-content.cinepolis.com/pimcore/19604/assets/Chile/Tickets/Movies/SpiderManUnNuevoDia_copy/Es/SMBND_720x1022_2/resource.jpg,https://cinepolis.com/cl?cinema=boulevard-terrazas-maipu-santiago-poniente-y-norte&selected=boulevard-terrazas-maipu-santiago-poniente-y-norte,,,"AVENTURA, ACCIÓN",
Cinépolis Terrazas Maipú,Harry Potter y la piedra filosofal,2026-09-02,13:30,2D,subtitulada,166,TE7,https://tickets-static-content.cinepolis.com/pimcore/21310/assets/Chile/Tickets/Movies/HarryPotterPiedraFilosofal/Es/720x1022_19/resource.jpg,https://cinepolis.com/cl?cinema=boulevard-terrazas-maipu-santiago-poniente-y-norte&selected=boulevard-terrazas-maipu-santiago-poniente-y-norte,,,"AVENTURA, FANTASÍA",
Cinépolis Terrazas Maipú,La noche del demonio: Están entre nosotros,2026-09-02,14:15,2D,doblada,105,14,https://tickets-static-content.cinepolis.com/pimcore/19801/assets/Chile/Tickets/Movies/LaNocheDelDemonioEstaEntreNosotros/Es/720x1022_19/resource.jpg,https://cinepolis.com/cl?cinema=boulevard-terrazas-maipu-santiago-poniente-y-norte&selected=boulevard-terrazas-maipu-santiago-poniente-y-norte,,,TERROR,
Cinépolis Terrazas Maipú,Spider-Man: Un Nuevo Día,2026-09-02,14:30,2D,doblada,144,TE7,https://tickets-static-content.cinepolis.com/pimcore/19604/assets/Chile/Tickets/Movies/SpiderManUnNuevoDia_copy/Es/SMBND_720x1022_2/resource.jpg,https://cinepolis.com/cl?cinema=boulevard-terrazas-maipu-santiago-poniente-y-norte&selected=boulevard-terrazas-maipu-santiago-poniente-y-norte,,,"AVENTURA, ACCIÓN",
Cinépolis Terrazas Maipú,Coyote vs ACME,2026-09-02,14:45,2D,doblada,105,TE7,https://tickets-static-content.cinepolis.com/pimcore/19803/assets/Chile/Tickets/Movies/CoyoteVSAcme/Es/720x1022_24/resource.jpg,https://cinepolis.com/cl?cinema=boulevard-terrazas-maipu-santiago-poniente-y-norte&selected=boulevard-terrazas-maipu-santiago-poniente-y-norte,,,"COMEDIA, ANIMACIÓN, AVENTURA",
Cinépolis Terrazas Maipú,La Odisea,2026-09-02,15:00,2D,doblada,172,14,https://tickets-static-content.cinepolis.com/pimcore/18518/assets/Chile/Tickets/Movies/LaOdisea/Es/720x1022_poster_La_odisea_copia_2__1/resource.jpg,https://cinepolis.com/cl?cinema=boulevard-terrazas-maipu-santiago-poniente-y-norte&selected=boulevard-terrazas-maipu-santiago-poniente-y-norte,,,ACCIÓN,
Cinépolis Terrazas Maipú,Papi Ricky: La película,2026-09-02,15:45,2D,,93,TE7,https://tickets-static-content.cinepolis.com/pimcore/21450/assets/Chile/Tickets/Movies/PapiRickyLaPelicula/Es/720x1022_19/resource.jpg,https://cinepolis.com/cl?cinema=boulevard-terrazas-maipu-santiago-poniente-y-norte&selected=boulevard-terrazas-maipu-santiago-poniente-y-norte,,,COMEDIA,
Cinépolis Terrazas Maipú,La noche del demonio: Están entre nosotros,2026-09-02,16:45,2D,doblada,105,14,https://tickets-static-content.cinepolis.com/pimcore/19801/assets/Chile/Tickets/Movies/LaNocheDelDemonioEstaEntreNosotros/Es/720x1022_19/resource.jpg,https://cinepolis.com/cl?cinema=boulevard-terrazas-maipu-santiago-poniente-y-norte&selected=boulevard-terrazas-maipu-santiago-poniente-y-norte,,,TERROR,
Cinépolis Terrazas Maipú,Spider-Man: Un Nuevo Día,2026-09-02,16:45,2D,doblada,144,TE7,https://tickets-static-content.cinepolis.com/pimcore/19604/assets/Chile/Tickets/Movies/SpiderManUnNuevoDia_copy/Es/SMBND_720x1022_2/resource.jpg,https://cinepolis.com/cl?cinema=boulevard-terrazas-maipu-santiago-poniente-y-norte&selected=boulevard-terrazas-maipu-santiago-poniente-y-norte,,,"AVENTURA, ACCIÓN",
Cinépolis Terrazas Maipú,Harry Potter y la piedra filosofal,2026-09-02,17:00,2D,subtitulada,166,TE7,https://tickets-static-content.cinepolis.com/pimcore/21310/assets/Chile/Tickets/Movies/HarryPotterPiedraFilosofal/Es/720x1022_19/resource.jpg,https://cinepolis.com/cl?cinema=boulevard-terrazas-maipu-santiago-poniente-y-norte&selected=boulevard-terrazas-maipu-santiago-poniente-y-norte,,,"AVENTURA, FANTASÍA",
Cinépolis Terrazas Maipú,Coyote vs ACME,2026-09-02,17:30,2D,doblada,105,TE7,https://tickets-static-content.cinepolis.com/pimcore/19803/assets/Chile/Tickets/Movies/CoyoteVSAcme/Es/720x1022_24/resource.jpg,https://cinepolis.com/cl?cinema=boulevard-terrazas-maipu-santiago-poniente-y-norte&selected=boulevard-terrazas-maipu-santiago-poniente-y-norte,,,"COMEDIA, ANIMACIÓN, AVENTURA",
Cinépolis Terrazas Maipú,Spider-Man: Un Nuevo Día,2026-09-02,17:45,2D,doblada,144,TE7,https://tickets-static-content.cinepolis.com/pimcore/19604/assets/Chile/Tickets/Movies/SpiderManUnNuevoDia_copy/Es/SMBND_720x1022_2/resource.jpg,https://cinepolis.com/cl?cinema=boulevard-terrazas-maipu-santiago-poniente-y-norte&selected=boulevard-terrazas-maipu-santiago-poniente-y-norte,,,"AVENTURA, ACCIÓN",
Cinépolis Terrazas Maipú,Papi Ricky: La película,2026-09-02,18:15,2D,,93,TE7,https://tickets-static-content.cinepolis.com/pimcore/21450/assets/Chile/Tickets/Movies/PapiRickyLaPelicula/Es/720x1022_19/resource.jpg,https://cinepolis.com/cl?cinema=boulevard-terrazas-maipu-santiago-poniente-y-norte&selected=boulevard-terrazas-maipu-santiago-poniente-y-norte,,,COMEDIA,
Cinépolis Terrazas Maipú,La Guerra de los Últimos,2026-09-02,18:30,2D,doblada,100,14,https://tickets-static-content.cinepolis.com/pimcore/20625/assets/Chile/Tickets/Movies/LaGuerraDeLosUltimos/Es/720x1022_19/resource.jpg,https://cinepolis.com/cl?cinema=boulevard-terrazas-maipu-santiago-poniente-y-norte&selected=boulevard-terrazas-maipu-santiago-poniente-y-norte,,,"DRAMA, CIENCIA FICCIÓN",
Cinépolis Terrazas Maipú,La noche del demonio: Están entre nosotros,2026-09-02,19:15,2D,doblada,105,14,https://tickets-static-content.cinepolis.com/pimcore/19801/assets/Chile/Tickets/Movies/LaNocheDelDemonioEstaEntreNosotros/Es/720x1022_19/resource.jpg,https://cinepolis.com/cl?cinema=boulevard-terrazas-maipu-santiago-poniente-y-norte&selected=boulevard-terrazas-maipu-santiago-poniente-y-norte,,,TERROR,
Cinépolis Terrazas Maipú,Spider-Man: Un Nuevo Día,2026-09-02,20:00,2D,doblada,144,TE7,https://tickets-static-content.cinepolis.com/pimcore/19604/assets/Chile/Tickets/Movies/SpiderManUnNuevoDia_copy/Es/SMBND_720x1022_2/resource.jpg,https://cinepolis.com/cl?cinema=boulevard-terrazas-maipu-santiago-poniente-y-norte&selected=boulevard-terrazas-maipu-santiago-poniente-y-norte,,,"AVENTURA, ACCIÓN",
Cinépolis Terrazas Maipú,Coyote vs ACME,2026-09-02,20:15,2D,doblada,105,TE7,https://tickets-static-content.cinepolis.com/pimcore/19803/assets/Chile/Tickets/Movies/CoyoteVSAcme/Es/720x1022_24/resource.jpg,https://cinepolis.com/cl?cinema=boulevard-terrazas-maipu-santiago-poniente-y-norte&selected=boulevard-terrazas-maipu-santiago-poniente-y-norte,,,"COMEDIA, ANIMACIÓN, AVENTURA",
Cinépolis Terrazas Maipú,Harry Potter y la piedra filosofal,2026-09-02,20:30,2D,subtitulada,166,TE7,https://tickets-static-content.cinepolis.com/pimcore/21310/assets/Chile/Tickets/Movies/HarryPotterPiedraFilosofal/Es/720x1022_19/resource.jpg,https://cinepolis.com/cl?cinema=boulevard-terrazas-maipu-santiago-poniente-y-norte&selected=boulevard-terrazas-maipu-santiago-poniente-y-norte,,,"AVENTURA, FANTASÍA",
Cinépolis Terrazas Maipú,Papi Ricky: La película,2026-09-02,20:45,2D,,93,TE7,https://tickets-static-content.cinepolis.com/pimcore/21450/assets/Chile/Tickets/Movies/PapiRickyLaPelicula/Es/720x1022_19/resource.jpg,https://cinepolis.com/cl?cinema=boulevard-terrazas-maipu-santiago-poniente-y-norte&selected=boulevard-terrazas-maipu-santiago-poniente-y-norte,,,COMEDIA,
Cinépolis Terrazas Maipú,La Guerra de los Últimos,2026-09-02,21:00,2D,subtitulada,100,14,https://tickets-static-content.cinepolis.com/pimcore/20625/assets/Chile/Tickets/Movies/LaGuerraDeLosUltimos/Es/720x1022_19/resource.jpg,https://cinepolis.com/cl?cinema=boulevard-terrazas-maipu-santiago-poniente-y-norte&selected=boulevard-terrazas-maipu-santiago-poniente-y-norte,,,"DRAMA, CIENCIA FICCIÓN",
Cinépolis Terrazas Maipú,Spider-Man: Un Nuevo Día,2026-09-02,21:00,2D,subtitulada,144,TE7,https://tickets-static-content.cinepolis.com/pimcore/19604/assets/Chile/Tickets/Movies/SpiderManUnNuevoDia_copy/Es/SMBND_720x1022_2/resource.jpg,https://cinepolis.com/cl?cinema=boulevard-terrazas-maipu-santiago-poniente-y-norte&selected=boulevard-terrazas-maipu-santiago-poniente-y-norte,,,"AVENTURA, ACCIÓN",
Cinépolis Terrazas Maipú,La noche del demonio: Están entre nosotros,2026-09-02,21:35,2D,subtitulada,105,14,https://tickets-static-content.cinepolis.com/pimcore/19801/assets/Chile/Tickets/Movies/LaNocheDelDemonioEstaEntreNosotros/Es/720x1022_19/resource.jpg,https://cinepolis.com/cl?cinema=boulevard-terrazas-maipu-santiago-poniente-y-norte&selected=boulevard-terrazas-maipu-santiago-poniente-y-norte,,,TERROR,
Cinépolis Vivo Imperio,Coyote vs ACME,2026-08-31,13:00,2D,doblada,105,TE7,https://tickets-static-content.cinepolis.com/pimcore/19803/assets/Chile/Tickets/Movies/CoyoteVSAcme/Es/720x1022_24/resource.jpg,https://cinepolis.com/cl?cinema=cinepolis-vivo-imperio-santiago-centro&selected=cinepolis-vivo-imperio-santiago-centro,,,"COMEDIA, ANIMACIÓN, AVENTURA",
Cinépolis Vivo Imperio,Spider-Man: Un Nuevo Día,2026-08-31,13:10,2D,doblada,144,TE7,https://tickets-static-content.cinepolis.com/pimcore/19604/assets/Chile/Tickets/Movies/SpiderManUnNuevoDia_copy/Es/SMBND_720x1022_2/resource.jpg,https://cinepolis.com/cl?cinema=cinepolis-vivo-imperio-santiago-centro&selected=cinepolis-vivo-imperio-santiago-centro,,,"AVENTURA, ACCIÓN",
Cinépolis Vivo Imperio,La Guerra de los Últimos,2026-08-31,13:30,2D,subtitulada,100,14,https://tickets-static-content.cinepolis.com/pimcore/20625/assets/Chile/Tickets/Movies/LaGuerraDeLosUltimos/Es/720x1022_19/resource.jpg,https://cinepolis.com/cl?cinema=cinepolis-vivo-imperio-santiago-centro&selected=cinepolis-vivo-imperio-santiago-centro,,,"DRAMA, CIENCIA FICCIÓN",
Cinépolis Vivo Imperio,La Odisea,2026-08-31,14:00,2D,doblada,172,14,https://tickets-static-content.cinepolis.com/pimcore/18518/assets/Chile/Tickets/Movies/LaOdisea/Es/720x1022_poster_La_odisea_copia_2__1/resource.jpg,https://cinepolis.com/cl?cinema=cinepolis-vivo-imperio-santiago-centro&selected=cinepolis-vivo-imperio-santiago-centro,,,ACCIÓN,
Cinépolis Vivo Imperio,La noche del demonio: Están entre nosotros,2026-08-31,14:15,2D,doblada,105,14,https://tickets-static-content.cinepolis.com/pimcore/19801/assets/Chile/Tickets/Movies/LaNocheDelDemonioEstaEntreNosotros/Es/720x1022_19/resource.jpg,https://cinepolis.com/cl?cinema=cinepolis-vivo-imperio-santiago-centro&selected=cinepolis-vivo-imperio-santiago-centro,,,TERROR,
Cinépolis Vivo Imperio,Spider-Man: Un Nuevo Día,2026-08-31,14:35,2D,subtitulada,144,TE7,https://tickets-static-content.cinepolis.com/pimcore/19604/assets/Chile/Tickets/Movies/SpiderManUnNuevoDia_copy/Es/SMBND_720x1022_2/resource.jpg,https://cinepolis.com/cl?cinema=cinepolis-vivo-imperio-santiago-centro&selected=cinepolis-vivo-imperio-santiago-centro,,,"AVENTURA, ACCIÓN",
Cinépolis Vivo Imperio,Coyote vs ACME,2026-08-31,15:30,2D,doblada,105,TE7,https://tickets-static-content.cinepolis.com/pimcore/19803/assets/Chile/Tickets/Movies/CoyoteVSAcme/Es/720x1022_24/resource.jpg,https://cinepolis.com/cl?cinema=cinepolis-vivo-imperio-santiago-centro&selected=cinepolis-vivo-imperio-santiago-centro,,,"COMEDIA, ANIMACIÓN, AVENTURA",
Cinépolis Vivo Imperio,Spider-Man: Un Nuevo Día,2026-08-31,16:10,2D,doblada,144,TE7,https://tickets-static-content.cinepolis.com/pimcore/19604/assets/Chile/Tickets/Movies/SpiderManUnNuevoDia_copy/Es/SMBND_720x1022_2/resource.jpg,https://cinepolis.com/cl?cinema=cinepolis-vivo-imperio-santiago-centro&selected=cinepolis-vivo-imperio-santiago-centro,,,"AVENTURA, ACCIÓN",
Cinépolis Vivo Imperio,Harry Potter y la piedra filosofal,2026-08-31,16:20,2D,subtitulada,166,TE7,https://tickets-static-content.cinepolis.com/pimcore/21310/assets/Chile/Tickets/Movies/HarryPotterPiedraFilosofal/Es/720x1022_19/resource.jpg,https://cinepolis.com/cl?cinema=cinepolis-vivo-imperio-santiago-centro&selected=cinepolis-vivo-imperio-santiago-centro,,,"AVENTURA, FANTASÍA",
Cinépolis Vivo Imperio,Papi Ricky: La película,2026-08-31,16:40,2D,,93,TE7,https://tickets-static-content.cinepolis.com/pimcore/21450/assets/Chile/Tickets/Movies/PapiRickyLaPelicula/Es/720x1022_19/resource.jpg,https://cinepolis.com/cl?cinema=cinepolis-vivo-imperio-santiago-centro&selected=cinepolis-vivo-imperio-santiago-centro,,,COMEDIA,
Cinépolis Vivo Imperio,La Guerra de los Últimos,2026-08-31,17:30,2D,subtitulada,100,14,https://tickets-static-content.cinepolis.com/pimcore/20625/assets/Chile/Tickets/Movies/LaGuerraDeLosUltimos/Es/720x1022_19/resource.jpg,https://cinepolis.com/cl?cinema=cinepolis-vivo-imperio-santiago-centro&selected=cinepolis-vivo-imperio-santiago-centro,,,"DRAMA, CIENCIA FICCIÓN",
Cinépolis Vivo Imperio,Spider-Man: Un Nuevo Día,2026-08-31,17:40,2D,subtitulada,144,TE7,https://tickets-static-content.cinepolis.com/pimcore/19604/assets/Chile/Tickets/Movies/SpiderManUnNuevoDia_copy/Es/SMBND_720x1022_2/resource.jpg,https://cinepolis.com/cl?cinema=cinepolis-vivo-imperio-santiago-centro&selected=cinepolis-vivo-imperio-santiago-centro,,,"AVENTURA, ACCIÓN",
Cinépolis Vivo Imperio,Coyote vs ACME,2026-08-31,18:00,2D,doblada,105,TE7,https://tickets-static-content.cinepolis.com/pimcore/19803/assets/Chile/Tickets/Movies/CoyoteVSAcme/Es/720x1022_24/resource.jpg,https://cinepolis.com/cl?cinema=cinepolis-vivo-imperio-santiago-centro&selected=cinepolis-vivo-imperio-santiago-centro,,,"COMEDIA, ANIMACIÓN, AVENTURA",
Cinépolis Vivo Imperio,Papi Ricky: La película,2026-08-31,19:10,2D,,93,TE7,https://tickets-static-content.cinepolis.com/pimcore/21450/assets/Chile/Tickets/Movies/PapiRickyLaPelicula/Es/720x1022_19/resource.jpg,https://cinepolis.com/cl?cinema=cinepolis-vivo-imperio-santiago-centro&selected=cinepolis-vivo-imperio-santiago-centro,,,COMEDIA,
Cinépolis Vivo Imperio,Spider-Man: Un Nuevo Día,2026-08-31,19:30,2D,doblada,144,TE7,https://tickets-static-content.cinepolis.com/pimcore/19604/assets/Chile/Tickets/Movies/SpiderManUnNuevoDia_copy/Es/SMBND_720x1022_2/resource.jpg,https://cinepolis.com/cl?cinema=cinepolis-vivo-imperio-santiago-centro&selected=cinepolis-vivo-imperio-santiago-centro,,,"AVENTURA, ACCIÓN",
Cinépolis Vivo Imperio,Harry Potter y la piedra filosofal,2026-08-31,20:00,2D,subtitulada,166,TE7,https://tickets-static-content.cinepolis.com/pimcore/21310/assets/Chile/Tickets/Movies/HarryPotterPiedraFilosofal/Es/720x1022_19/resource.jpg,https://cinepolis.com/cl?cinema=cinepolis-vivo-imperio-santiago-centro&selected=cinepolis-vivo-imperio-santiago-centro,,,"AVENTURA, FANTASÍA",
Cinépolis Vivo Imperio,La Odisea,2026-08-31,20:15,2D,subtitulada,172,14,https://tickets-static-content.cinepolis.com/pimcore/18518/assets/Chile/Tickets/Movies/LaOdisea/Es/720x1022_poster_La_odisea_copia_2__1/resource.jpg,https://cinepolis.com/cl?cinema=cinepolis-vivo-imperio-santiago-centro&selected=cinepolis-vivo-imperio-santiago-centro,,,ACCIÓN,
Cinépolis Vivo Imperio,Coyote vs ACME,2026-08-31,20:30,2D,doblada,105,TE7,https://tickets-static-content.cinepolis.com/pimcore/19803/assets/Chile/Tickets/Movies/CoyoteVSAcme/Es/720x1022_24/resource.jpg,https://cinepolis.com/cl?cinema=cinepolis-vivo-imperio-santiago-centro&selected=cinepolis-vivo-imperio-santiago-centro,,,"COMEDIA, ANIMACIÓN, AVENTURA",
Cinépolis Vivo Imperio,Spider-Man: Un Nuevo Día,2026-08-31,20:50,2D,subtitulada,144,TE7,https://tickets-static-content.cinepolis.com/pimcore/19604/assets/Chile/Tickets/Movies/SpiderManUnNuevoDia_copy/Es/SMBND_720x1022_2/resource.jpg,https://cinepolis.com/cl?cinema=cinepolis-vivo-imperio-santiago-centro&selected=cinepolis-vivo-imperio-santiago-centro,,,"AVENTURA, ACCIÓN",
Cinépolis Vivo Imperio,La noche del demonio: Están entre nosotros,2026-08-31,21:30,2D,doblada,105,14,https://tickets-static-content.cinepolis.com/pimcore/19801/assets/Chile/Tickets/Movies/LaNocheDelDemonioEstaEntreNosotros/Es/720x1022_19/resource.jpg,https://cinepolis.com/cl?cinema=cinepolis-vivo-imperio-santiago-centro&selected=cinepolis-vivo-imperio-santiago-centro,,,TERROR,
Cinépolis Vivo Imperio,Coyote vs ACME,2026-09-01,13:00,2D,doblada,105,TE7,https://tickets-static-content.cinepolis.com/pimcore/19803/assets/Chile/Tickets/Movies/CoyoteVSAcme/Es/720x1022_24/resource.jpg,https://cinepolis.com/cl?cinema=cinepolis-vivo-imperio-santiago-centro&selected=cinepolis-vivo-imperio-santiago-centro,,,"COMEDIA, ANIMACIÓN, AVENTURA",
Cinépolis Vivo Imperio,Spider-Man: Un Nuevo Día,2026-09-01,13:15,2D,doblada,144,TE7,https://tickets-static-content.cinepolis.com/pimcore/19604/assets/Chile/Tickets/Movies/SpiderManUnNuevoDia_copy/Es/SMBND_720x1022_2/resource.jpg,https://cinepolis.com/cl?cinema=cinepolis-vivo-imperio-santiago-centro&selected=cinepolis-vivo-imperio-santiago-centro,,,"AVENTURA, ACCIÓN",
Cinépolis Vivo Imperio,La Guerra de los Últimos,2026-09-01,13:30,2D,subtitulada,100,14,https://tickets-static-content.cinepolis.com/pimcore/20625/assets/Chile/Tickets/Movies/LaGuerraDeLosUltimos/Es/720x1022_19/resource.jpg,https://cinepolis.com/cl?cinema=cinepolis-vivo-imperio-santiago-centro&selected=cinepolis-vivo-imperio-santiago-centro,,,"DRAMA, CIENCIA FICCIÓN",
Cinépolis Vivo Imperio,La Odisea,2026-09-01,14:00,2D,doblada,172,14,https://tickets-static-content.cinepolis.com/pimcore/18518/assets/Chile/Tickets/Movies/LaOdisea/Es/720x1022_poster_La_odisea_copia_2__1/resource.jpg,https://cinepolis.com/cl?cinema=cinepolis-vivo-imperio-santiago-centro&selected=cinepolis-vivo-imperio-santiago-centro,,,ACCIÓN,
Cinépolis Vivo Imperio,La noche del demonio: Están entre nosotros,2026-09-01,14:15,2D,doblada,105,14,https://tickets-static-content.cinepolis.com/pimcore/19801/assets/Chile/Tickets/Movies/LaNocheDelDemonioEstaEntreNosotros/Es/720x1022_19/resource.jpg,https://cinepolis.com/cl?cinema=cinepolis-vivo-imperio-santiago-centro&selected=cinepolis-vivo-imperio-santiago-centro,,,TERROR,
Cinépolis Vivo Imperio,Spider-Man: Un Nuevo Día,2026-09-01,14:35,2D,subtitulada,144,TE7,https://tickets-static-content.cinepolis.com/pimcore/19604/assets/Chile/Tickets/Movies/SpiderManUnNuevoDia_copy/Es/SMBND_720x1022_2/resource.jpg,https://cinepolis.com/cl?cinema=cinepolis-vivo-imperio-santiago-centro&selected=cinepolis-vivo-imperio-santiago-centro,,,"AVENTURA, ACCIÓN",
Cinépolis Vivo Imperio,Coyote vs ACME,2026-09-01,15:30,2D,doblada,105,TE7,https://tickets-static-content.cinepolis.com/pimcore/19803/assets/Chile/Tickets/Movies/CoyoteVSAcme/Es/720x1022_24/resource.jpg,https://cinepolis.com/cl?cinema=cinepolis-vivo-imperio-santiago-centro&selected=cinepolis-vivo-imperio-santiago-centro,,,"COMEDIA, ANIMACIÓN, AVENTURA",
Cinépolis Vivo Imperio,Spider-Man: Un Nuevo Día,2026-09-01,16:15,2D,doblada,144,TE7,https://tickets-static-content.cinepolis.com/pimcore/19604/assets/Chile/Tickets/Movies/SpiderManUnNuevoDia_copy/Es/SMBND_720x1022_2/resource.jpg,https://cinepolis.com/cl?cinema=cinepolis-vivo-imperio-santiago-centro&selected=cinepolis-vivo-imperio-santiago-centro,,,"AVENTURA, ACCIÓN",
Cinépolis Vivo Imperio,Harry Potter y la piedra filosofal,2026-09-01,16:20,2D,subtitulada,166,TE7,https://tickets-static-content.cinepolis.com/pimcore/21310/assets/Chile/Tickets/Movies/HarryPotterPiedraFilosofal/Es/720x1022_19/resource.jpg,https://cinepolis.com/cl?cinema=cinepolis-vivo-imperio-santiago-centro&selected=cinepolis-vivo-imperio-santiago-centro,,,"AVENTURA, FANTASÍA",
Cinépolis Vivo Imperio,Papi Ricky: La película,2026-09-01,16:40,2D,,93,TE7,https://tickets-static-content.cinepolis.com/pimcore/21450/assets/Chile/Tickets/Movies/PapiRickyLaPelicula/Es/720x1022_19/resource.jpg,https://cinepolis.com/cl?cinema=cinepolis-vivo-imperio-santiago-centro&selected=cinepolis-vivo-imperio-santiago-centro,,,COMEDIA,
Cinépolis Vivo Imperio,La Guerra de los Últimos,2026-09-01,17:30,2D,subtitulada,100,14,https://tickets-static-content.cinepolis.com/pimcore/20625/assets/Chile/Tickets/Movies/LaGuerraDeLosUltimos/Es/720x1022_19/resource.jpg,https://cinepolis.com/cl?cinema=cinepolis-vivo-imperio-santiago-centro&selected=cinepolis-vivo-imperio-santiago-centro,,,"DRAMA, CIENCIA FICCIÓN",
Cinépolis Vivo Imperio,Spider-Man: Un Nuevo Día,2026-09-01,17:40,2D,subtitulada,144,TE7,https://tickets-static-content.cinepolis.com/pimcore/19604/assets/Chile/Tickets/Movies/SpiderManUnNuevoDia_copy/Es/SMBND_720x1022_2/resource.jpg,https://cinepolis.com/cl?cinema=cinepolis-vivo-imperio-santiago-centro&selected=cinepolis-vivo-imperio-santiago-centro,,,"AVENTURA, ACCIÓN",
Cinépolis Vivo Imperio,Coyote vs ACME,2026-09-01,18:00,2D,doblada,105,TE7,https://tickets-static-content.cinepolis.com/pimcore/19803/assets/Chile/Tickets/Movies/CoyoteVSAcme/Es/720x1022_24/resource.jpg,https://cinepolis.com/cl?cinema=cinepolis-vivo-imperio-santiago-centro&selected=cinepolis-vivo-imperio-santiago-centro,,,"COMEDIA, ANIMACIÓN, AVENTURA",
Cinépolis Vivo Imperio,Papi Ricky: La película,2026-09-01,19:10,2D,,93,TE7,https://tickets-static-content.cinepolis.com/pimcore/21450/assets/Chile/Tickets/Movies/PapiRickyLaPelicula/Es/720x1022_19/resource.jpg,https://cinepolis.com/cl?cinema=cinepolis-vivo-imperio-santiago-centro&selected=cinepolis-vivo-imperio-santiago-centro,,,COMEDIA,
Cinépolis Vivo Imperio,Spider-Man: Un Nuevo Día,2026-09-01,19:30,2D,doblada,144,TE7,https://tickets-static-content.cinepolis.com/pimcore/19604/assets/Chile/Tickets/Movies/SpiderManUnNuevoDia_copy/Es/SMBND_720x1022_2/resource.jpg,https://cinepolis.com/cl?cinema=cinepolis-vivo-imperio-santiago-centro&selected=cinepolis-vivo-imperio-santiago-centro,,,"AVENTURA, ACCIÓN",
Cinépolis Vivo Imperio,Harry Potter y la piedra filosofal,2026-09-01,20:00,2D,subtitulada,166,TE7,https://tickets-static-content.cinepolis.com/pimcore/21310/assets/Chile/Tickets/Movies/HarryPotterPiedraFilosofal/Es/720x1022_19/resource.jpg,https://cinepolis.com/cl?cinema=cinepolis-vivo-imperio-santiago-centro&selected=cinepolis-vivo-imperio-santiago-centro,,,"AVENTURA, FANTASÍA",
Cinépolis Vivo Imperio,La Odisea,2026-09-01,20:15,2D,subtitulada,172,14,https://tickets-static-content.cinepolis.com/pimcore/18518/assets/Chile/Tickets/Movies/LaOdisea/Es/720x1022_poster_La_odisea_copia_2__1/resource.jpg,https://cinepolis.com/cl?cinema=cinepolis-vivo-imperio-santiago-centro&selected=cinepolis-vivo-imperio-santiago-centro,,,ACCIÓN,
Cinépolis Vivo Imperio,Coyote vs ACME,2026-09-01,20:30,2D,doblada,105,TE7,https://tickets-static-content.cinepolis.com/pimcore/19803/assets/Chile/Tickets/Movies/CoyoteVSAcme/Es/720x1022_24/resource.jpg,https://cinepolis.com/cl?cinema=cinepolis-vivo-imperio-santiago-centro&selected=cinepolis-vivo-imperio-santiago-centro,,,"COMEDIA, ANIMACIÓN, AVENTURA",
Cinépolis Vivo Imperio,Spider-Man: Un Nuevo Día,2026-09-01,20:50,2D,subtitulada,144,TE7,https://tickets-static-content.cinepolis.com/pimcore/19604/assets/Chile/Tickets/Movies/SpiderManUnNuevoDia_copy/Es/SMBND_720x1022_2/resource.jpg,https://cinepolis.com/cl?cinema=cinepolis-vivo-imperio-santiago-centro&selected=cinepolis-vivo-imperio-santiago-centro,,,"AVENTURA, ACCIÓN",
Cinépolis Vivo Imperio,La noche del demonio: Están entre nosotros,2026-09-01,21:30,2D,doblada,105,14,https://tickets-static-content.cinepolis.com/pimcore/19801/assets/Chile/Tickets/Movies/LaNocheDelDemonioEstaEntreNosotros/Es/720x1022_19/resource.jpg,https://cinepolis.com/cl?cinema=cinepolis-vivo-imperio-santiago-centro&selected=cinepolis-vivo-imperio-santiago-centro,,,TERROR,
Cinépolis Vivo Imperio,Coyote vs ACME,2026-09-02,13:00,2D,doblada,105,TE7,https://tickets-static-content.cinepolis.com/pimcore/19803/assets/Chile/Tickets/Movies/CoyoteVSAcme/Es/720x1022_24/resource.jpg,https://cinepolis.com/cl?cinema=cinepolis-vivo-imperio-santiago-centro&selected=cinepolis-vivo-imperio-santiago-centro,,,"COMEDIA, ANIMACIÓN, AVENTURA",
Cinépolis Vivo Imperio,Spider-Man: Un Nuevo Día,2026-09-02,13:15,2D,doblada,144,TE7,https://tickets-static-content.cinepolis.com/pimcore/19604/assets/Chile/Tickets/Movies/SpiderManUnNuevoDia_copy/Es/SMBND_720x1022_2/resource.jpg,https://cinepolis.com/cl?cinema=cinepolis-vivo-imperio-santiago-centro&selected=cinepolis-vivo-imperio-santiago-centro,,,"AVENTURA, ACCIÓN",
Cinépolis Vivo Imperio,La Guerra de los Últimos,2026-09-02,13:30,2D,subtitulada,100,14,https://tickets-static-content.cinepolis.com/pimcore/20625/assets/Chile/Tickets/Movies/LaGuerraDeLosUltimos/Es/720x1022_19/resource.jpg,https://cinepolis.com/cl?cinema=cinepolis-vivo-imperio-santiago-centro&selected=cinepolis-vivo-imperio-santiago-centro,,,"DRAMA, CIENCIA FICCIÓN",
Cinépolis Vivo Imperio,La Odisea,2026-09-02,14:00,2D,doblada,172,14,https://tickets-static-content.cinepolis.com/pimcore/18518/assets/Chile/Tickets/Movies/LaOdisea/Es/720x1022_poster_La_odisea_copia_2__1/resource.jpg,https://cinepolis.com/cl?cinema=cinepolis-vivo-imperio-santiago-centro&selected=cinepolis-vivo-imperio-santiago-centro,,,ACCIÓN,
Cinépolis Vivo Imperio,La noche del demonio: Están entre nosotros,2026-09-02,14:15,2D,doblada,105,14,https://tickets-static-content.cinepolis.com/pimcore/19801/assets/Chile/Tickets/Movies/LaNocheDelDemonioEstaEntreNosotros/Es/720x1022_19/resource.jpg,https://cinepolis.com/cl?cinema=cinepolis-vivo-imperio-santiago-centro&selected=cinepolis-vivo-imperio-santiago-centro,,,TERROR,
Cinépolis Vivo Imperio,Spider-Man: Un Nuevo Día,2026-09-02,14:35,2D,subtitulada,144,TE7,https://tickets-static-content.cinepolis.com/pimcore/19604/assets/Chile/Tickets/Movies/SpiderManUnNuevoDia_copy/Es/SMBND_720x1022_2/resource.jpg,https://cinepolis.com/cl?cinema=cinepolis-vivo-imperio-santiago-centro&selected=cinepolis-vivo-imperio-santiago-centro,,,"AVENTURA, ACCIÓN",
Cinépolis Vivo Imperio,Coyote vs ACME,2026-09-02,15:30,2D,doblada,105,TE7,https://tickets-static-content.cinepolis.com/pimcore/19803/assets/Chile/Tickets/Movies/CoyoteVSAcme/Es/720x1022_24/resource.jpg,https://cinepolis.com/cl?cinema=cinepolis-vivo-imperio-santiago-centro&selected=cinepolis-vivo-imperio-santiago-centro,,,"COMEDIA, ANIMACIÓN, AVENTURA",
Cinépolis Vivo Imperio,Spider-Man: Un Nuevo Día,2026-09-02,16:15,2D,doblada,144,TE7,https://tickets-static-content.cinepolis.com/pimcore/19604/assets/Chile/Tickets/Movies/SpiderManUnNuevoDia_copy/Es/SMBND_720x1022_2/resource.jpg,https://cinepolis.com/cl?cinema=cinepolis-vivo-imperio-santiago-centro&selected=cinepolis-vivo-imperio-santiago-centro,,,"AVENTURA, ACCIÓN",
Cinépolis Vivo Imperio,Harry Potter y la piedra filosofal,2026-09-02,16:20,2D,subtitulada,166,TE7,https://tickets-static-content.cinepolis.com/pimcore/21310/assets/Chile/Tickets/Movies/HarryPotterPiedraFilosofal/Es/720x1022_19/resource.jpg,https://cinepolis.com/cl?cinema=cinepolis-vivo-imperio-santiago-centro&selected=cinepolis-vivo-imperio-santiago-centro,,,"AVENTURA, FANTASÍA",
Cinépolis Vivo Imperio,Papi Ricky: La película,2026-09-02,16:40,2D,,93,TE7,https://tickets-static-content.cinepolis.com/pimcore/21450/assets/Chile/Tickets/Movies/PapiRickyLaPelicula/Es/720x1022_19/resource.jpg,https://cinepolis.com/cl?cinema=cinepolis-vivo-imperio-santiago-centro&selected=cinepolis-vivo-imperio-santiago-centro,,,COMEDIA,
Cinépolis Vivo Imperio,La Guerra de los Últimos,2026-09-02,17:30,2D,subtitulada,100,14,https://tickets-static-content.cinepolis.com/pimcore/20625/assets/Chile/Tickets/Movies/LaGuerraDeLosUltimos/Es/720x1022_19/resource.jpg,https://cinepolis.com/cl?cinema=cinepolis-vivo-imperio-santiago-centro&selected=cinepolis-vivo-imperio-santiago-centro,,,"DRAMA, CIENCIA FICCIÓN",
Cinépolis Vivo Imperio,Spider-Man: Un Nuevo Día,2026-09-02,17:40,2D,subtitulada,144,TE7,https://tickets-static-content.cinepolis.com/pimcore/19604/assets/Chile/Tickets/Movies/SpiderManUnNuevoDia_copy/Es/SMBND_720x1022_2/resource.jpg,https://cinepolis.com/cl?cinema=cinepolis-vivo-imperio-santiago-centro&selected=cinepolis-vivo-imperio-santiago-centro,,,"AVENTURA, ACCIÓN",
Cinépolis Vivo Imperio,Coyote vs ACME,2026-09-02,18:00,2D,doblada,105,TE7,https://tickets-static-content.cinepolis.com/pimcore/19803/assets/Chile/Tickets/Movies/CoyoteVSAcme/Es/720x1022_24/resource.jpg,https://cinepolis.com/cl?cinema=cinepolis-vivo-imperio-santiago-centro&selected=cinepolis-vivo-imperio-santiago-centro,,,"COMEDIA, ANIMACIÓN, AVENTURA",
Cinépolis Vivo Imperio,Papi Ricky: La película,2026-09-02,19:10,2D,,93,TE7,https://tickets-static-content.cinepolis.com/pimcore/21450/assets/Chile/Tickets/Movies/PapiRickyLaPelicula/Es/720x1022_19/resource.jpg,https://cinepolis.com/cl?cinema=cinepolis-vivo-imperio-santiago-centro&selected=cinepolis-vivo-imperio-santiago-centro,,,COMEDIA,
Cinépolis Vivo Imperio,Spider-Man: Un Nuevo Día,2026-09-02,19:30,2D,doblada,144,TE7,https://tickets-static-content.cinepolis.com/pimcore/19604/assets/Chile/Tickets/Movies/SpiderManUnNuevoDia_copy/Es/SMBND_720x1022_2/resource.jpg,https://cinepolis.com/cl?cinema=cinepolis-vivo-imperio-santiago-centro&selected=cinepolis-vivo-imperio-santiago-centro,,,"AVENTURA, ACCIÓN",
Cinépolis Vivo Imperio,Harry Potter y la piedra filosofal,2026-09-02,20:00,2D,subtitulada,166,TE7,https://tickets-static-content.cinepolis.com/pimcore/21310/assets/Chile/Tickets/Movies/HarryPotterPiedraFilosofal/Es/720x1022_19/resource.jpg,https://cinepolis.com/cl?cinema=cinepolis-vivo-imperio-santiago-centro&selected=cinepolis-vivo-imperio-santiago-centro,,,"AVENTURA, FANTASÍA",
Cinépolis Vivo Imperio,La Odisea,2026-09-02,20:20,2D,subtitulada,172,14,https://tickets-static-content.cinepolis.com/pimcore/18518/assets/Chile/Tickets/Movies/LaOdisea/Es/720x1022_poster_La_odisea_copia_2__1/resource.jpg,https://cinepolis.com/cl?cinema=cinepolis-vivo-imperio-santiago-centro&selected=cinepolis-vivo-imperio-santiago-centro,,,ACCIÓN,
Cinépolis Vivo Imperio,Katy Perry: The Lifetimes Tour - Live from Paris,2026-09-02,20:30,2D,subtitulada,132,TE,https://tickets-static-content.cinepolis.com/pimcore/21189/assets/Chile/Tickets/Movies/KatyPerry/Es/720x1022_19/resource.jpg,https://cinepolis.com/cl?cinema=cinepolis-vivo-imperio-santiago-centro&selected=cinepolis-vivo-imperio-santiago-centro,,,CONCIERTO,
Cinépolis Vivo Imperio,Spider-Man: Un Nuevo Día,2026-09-02,20:50,2D,subtitulada,144,TE7,https://tickets-static-content.cinepolis.com/pimcore/19604/assets/Chile/Tickets/Movies/SpiderManUnNuevoDia_copy/Es/SMBND_720x1022_2/resource.jpg,https://cinepolis.com/cl?cinema=cinepolis-vivo-imperio-santiago-centro&selected=cinepolis-vivo-imperio-santiago-centro,,,"AVENTURA, ACCIÓN",
Cinépolis Vivo Imperio,La noche del demonio: Están entre nosotros,2026-09-02,21:30,2D,doblada,105,14,https://tickets-static-content.cinepolis.com/pimcore/19801/assets/Chile/Tickets/Movies/LaNocheDelDemonioEstaEntreNosotros/Es/720x1022_19/resource.jpg,https://cinepolis.com/cl?cinema=cinepolis-vivo-imperio-santiago-centro&selected=cinepolis-vivo-imperio-santiago-centro,,,TERROR,
Cinépolis Vivo Outlet La Florida,Spider-Man: Un Nuevo Día,2026-08-31,14:00,2D,doblada,144,TE7,https://tickets-static-content.cinepolis.com/pimcore/19604/assets/Chile/Tickets/Movies/SpiderManUnNuevoDia_copy/Es/SMBND_720x1022_2/resource.jpg,https://cinepolis.com/cl?cinema=cinepolis-patio-outlet-la-florida-santiago-sur&selected=cinepolis-patio-outlet-la-florida-santiago-sur,,,"AVENTURA, ACCIÓN",
Cinépolis Vivo Outlet La Florida,Coyote vs ACME,2026-08-31,14:15,2D,doblada,105,TE7,https://tickets-static-content.cinepolis.com/pimcore/19803/assets/Chile/Tickets/Movies/CoyoteVSAcme/Es/720x1022_24/resource.jpg,https://cinepolis.com/cl?cinema=cinepolis-patio-outlet-la-florida-santiago-sur&selected=cinepolis-patio-outlet-la-florida-santiago-sur,,,"COMEDIA, ANIMACIÓN, AVENTURA",
Cinépolis Vivo Outlet La Florida,Papi Ricky: La película,2026-08-31,14:30,2D,,93,TE7,https://tickets-static-content.cinepolis.com/pimcore/21450/assets/Chile/Tickets/Movies/PapiRickyLaPelicula/Es/720x1022_19/resource.jpg,https://cinepolis.com/cl?cinema=cinepolis-patio-outlet-la-florida-santiago-sur&selected=cinepolis-patio-outlet-la-florida-santiago-sur,,,COMEDIA,
Cinépolis Vivo Outlet La Florida,La noche del demonio: Están entre nosotros,2026-08-31,15:00,2D,doblada,105,14,https://tickets-static-content.cinepolis.com/pimcore/19801/assets/Chile/Tickets/Movies/LaNocheDelDemonioEstaEntreNosotros/Es/720x1022_19/resource.jpg,https://cinepolis.com/cl?cinema=cinepolis-patio-outlet-la-florida-santiago-sur&selected=cinepolis-patio-outlet-la-florida-santiago-sur,,,TERROR,
Cinépolis Vivo Outlet La Florida,Spider-Man: Un Nuevo Día,2026-08-31,15:15,2D,subtitulada,144,TE7,https://tickets-static-content.cinepolis.com/pimcore/19604/assets/Chile/Tickets/Movies/SpiderManUnNuevoDia_copy/Es/SMBND_720x1022_2/resource.jpg,https://cinepolis.com/cl?cinema=cinepolis-patio-outlet-la-florida-santiago-sur&selected=cinepolis-patio-outlet-la-florida-santiago-sur,,,"AVENTURA, ACCIÓN",
Cinépolis Vivo Outlet La Florida,Coyote vs ACME,2026-08-31,15:30,2D,doblada,105,TE7,https://tickets-static-content.cinepolis.com/pimcore/19803/assets/Chile/Tickets/Movies/CoyoteVSAcme/Es/720x1022_24/resource.jpg,https://cinepolis.com/cl?cinema=cinepolis-patio-outlet-la-florida-santiago-sur&selected=cinepolis-patio-outlet-la-florida-santiago-sur,,,"COMEDIA, ANIMACIÓN, AVENTURA",
Cinépolis Vivo Outlet La Florida,Harry Potter y la piedra filosofal,2026-08-31,16:30,2D,subtitulada,166,TE7,https://tickets-static-content.cinepolis.com/pimcore/21310/assets/Chile/Tickets/Movies/HarryPotterPiedraFilosofal/Es/720x1022_19/resource.jpg,https://cinepolis.com/cl?cinema=cinepolis-patio-outlet-la-florida-santiago-sur&selected=cinepolis-patio-outlet-la-florida-santiago-sur,,,"AVENTURA, FANTASÍA",
Cinépolis Vivo Outlet La Florida,Papi Ricky: La película,2026-08-31,16:50,2D,,93,TE7,https://tickets-static-content.cinepolis.com/pimcore/21450/assets/Chile/Tickets/Movies/PapiRickyLaPelicula/Es/720x1022_19/resource.jpg,https://cinepolis.com/cl?cinema=cinepolis-patio-outlet-la-florida-santiago-sur&selected=cinepolis-patio-outlet-la-florida-santiago-sur,,,COMEDIA,
Cinépolis Vivo Outlet La Florida,La Guerra de los Últimos,2026-08-31,17:00,2D,subtitulada,100,14,https://tickets-static-content.cinepolis.com/pimcore/20625/assets/Chile/Tickets/Movies/LaGuerraDeLosUltimos/Es/720x1022_19/resource.jpg,https://cinepolis.com/cl?cinema=cinepolis-patio-outlet-la-florida-santiago-sur&selected=cinepolis-patio-outlet-la-florida-santiago-sur,,,"DRAMA, CIENCIA FICCIÓN",
Cinépolis Vivo Outlet La Florida,Spider-Man: Un Nuevo Día,2026-08-31,17:20,2D,doblada,144,TE7,https://tickets-static-content.cinepolis.com/pimcore/19604/assets/Chile/Tickets/Movies/SpiderManUnNuevoDia_copy/Es/SMBND_720x1022_2/resource.jpg,https://cinepolis.com/cl?cinema=cinepolis-patio-outlet-la-florida-santiago-sur&selected=cinepolis-patio-outlet-la-florida-santiago-sur,,,"AVENTURA, ACCIÓN",
Cinépolis Vivo Outlet La Florida,La Odisea,2026-08-31,17:40,2D,subtitulada,172,14,https://tickets-static-content.cinepolis.com/pimcore/18518/assets/Chile/Tickets/Movies/LaOdisea/Es/720x1022_poster_La_odisea_copia_2__1/resource.jpg,https://cinepolis.com/cl?cinema=cinepolis-patio-outlet-la-florida-santiago-sur&selected=cinepolis-patio-outlet-la-florida-santiago-sur,,,ACCIÓN,
Cinépolis Vivo Outlet La Florida,Coyote vs ACME,2026-08-31,18:00,2D,doblada,105,TE7,https://tickets-static-content.cinepolis.com/pimcore/19803/assets/Chile/Tickets/Movies/CoyoteVSAcme/Es/720x1022_24/resource.jpg,https://cinepolis.com/cl?cinema=cinepolis-patio-outlet-la-florida-santiago-sur&selected=cinepolis-patio-outlet-la-florida-santiago-sur,,,"COMEDIA, ANIMACIÓN, AVENTURA",
Cinépolis Vivo Outlet La Florida,Spider-Man: Un Nuevo Día,2026-08-31,18:20,2D,subtitulada,144,TE7,https://tickets-static-content.cinepolis.com/pimcore/19604/assets/Chile/Tickets/Movies/SpiderManUnNuevoDia_copy/Es/SMBND_720x1022_2/resource.jpg,https://cinepolis.com/cl?cinema=cinepolis-patio-outlet-la-florida-santiago-sur&selected=cinepolis-patio-outlet-la-florida-santiago-sur,,,"AVENTURA, ACCIÓN",
Cinépolis Vivo Outlet La Florida,Papi Ricky: La película,2026-08-31,19:15,2D,,93,TE7,https://tickets-static-content.cinepolis.com/pimcore/21450/assets/Chile/Tickets/Movies/PapiRickyLaPelicula/Es/720x1022_19/resource.jpg,https://cinepolis.com/cl?cinema=cinepolis-patio-outlet-la-florida-santiago-sur&selected=cinepolis-patio-outlet-la-florida-santiago-sur,,,COMEDIA,
Cinépolis Vivo Outlet La Florida,La Guerra de los Últimos,2026-08-31,19:30,2D,subtitulada,100,14,https://tickets-static-content.cinepolis.com/pimcore/20625/assets/Chile/Tickets/Movies/LaGuerraDeLosUltimos/Es/720x1022_19/resource.jpg,https://cinepolis.com/cl?cinema=cinepolis-patio-outlet-la-florida-santiago-sur&selected=cinepolis-patio-outlet-la-florida-santiago-sur,,,"DRAMA, CIENCIA FICCIÓN",
Cinépolis Vivo Outlet La Florida,Harry Potter y la piedra filosofal,2026-08-31,20:00,2D,subtitulada,166,TE7,https://tickets-static-content.cinepolis.com/pimcore/21310/assets/Chile/Tickets/Movies/HarryPotterPiedraFilosofal/Es/720x1022_19/resource.jpg,https://cinepolis.com/cl?cinema=cinepolis-patio-outlet-la-florida-santiago-sur&selected=cinepolis-patio-outlet-la-florida-santiago-sur,,,"AVENTURA, FANTASÍA",
Cinépolis Vivo Outlet La Florida,Coyote vs ACME,2026-08-31,20:25,2D,doblada,105,TE7,https://tickets-static-content.cinepolis.com/pimcore/19803/assets/Chile/Tickets/Movies/CoyoteVSAcme/Es/720x1022_24/resource.jpg,https://cinepolis.com/cl?cinema=cinepolis-patio-outlet-la-florida-santiago-sur&selected=cinepolis-patio-outlet-la-florida-santiago-sur,,,"COMEDIA, ANIMACIÓN, AVENTURA",
Cinépolis Vivo Outlet La Florida,Spider-Man: Un Nuevo Día,2026-08-31,20:45,2D,doblada,144,TE7,https://tickets-static-content.cinepolis.com/pimcore/19604/assets/Chile/Tickets/Movies/SpiderManUnNuevoDia_copy/Es/SMBND_720x1022_2/resource.jpg,https://cinepolis.com/cl?cinema=cinepolis-patio-outlet-la-florida-santiago-sur&selected=cinepolis-patio-outlet-la-florida-santiago-sur,,,"AVENTURA, ACCIÓN",
Cinépolis Vivo Outlet La Florida,La noche del demonio: Están entre nosotros,2026-08-31,21:15,2D,subtitulada,105,14,https://tickets-static-content.cinepolis.com/pimcore/19801/assets/Chile/Tickets/Movies/LaNocheDelDemonioEstaEntreNosotros/Es/720x1022_19/resource.jpg,https://cinepolis.com/cl?cinema=cinepolis-patio-outlet-la-florida-santiago-sur&selected=cinepolis-patio-outlet-la-florida-santiago-sur,,,TERROR,
Cinépolis Vivo Outlet La Florida,Spider-Man: Un Nuevo Día,2026-08-31,21:30,2D,subtitulada,144,TE7,https://tickets-static-content.cinepolis.com/pimcore/19604/assets/Chile/Tickets/Movies/SpiderManUnNuevoDia_copy/Es/SMBND_720x1022_2/resource.jpg,https://cinepolis.com/cl?cinema=cinepolis-patio-outlet-la-florida-santiago-sur&selected=cinepolis-patio-outlet-la-florida-santiago-sur,,,"AVENTURA, ACCIÓN",
Cinépolis Vivo Outlet La Florida,Papi Ricky: La película,2026-08-31,21:45,2D,,93,TE7,https://tickets-static-content.cinepolis.com/pimcore/21450/assets/Chile/Tickets/Movies/PapiRickyLaPelicula/Es/720x1022_19/resource.jpg,https://cinepolis.com/cl?cinema=cinepolis-patio-outlet-la-florida-santiago-sur&selected=cinepolis-patio-outlet-la-florida-santiago-sur,,,COMEDIA,
Cinépolis Vivo Outlet La Florida,La Guerra de los Últimos,2026-08-31,22:00,2D,subtitulada,100,14,https://tickets-static-content.cinepolis.com/pimcore/20625/assets/Chile/Tickets/Movies/LaGuerraDeLosUltimos/Es/720x1022_19/resource.jpg,https://cinepolis.com/cl?cinema=cinepolis-patio-outlet-la-florida-santiago-sur&selected=cinepolis-patio-outlet-la-florida-santiago-sur,,,"DRAMA, CIENCIA FICCIÓN",
Cinépolis Vivo Outlet La Florida,Spider-Man: Un Nuevo Día,2026-09-01,14:00,2D,doblada,144,TE7,https://tickets-static-content.cinepolis.com/pimcore/19604/assets/Chile/Tickets/Movies/SpiderManUnNuevoDia_copy/Es/SMBND_720x1022_2/resource.jpg,https://cinepolis.com/cl?cinema=cinepolis-patio-outlet-la-florida-santiago-sur&selected=cinepolis-patio-outlet-la-florida-santiago-sur,,,"AVENTURA, ACCIÓN",
Cinépolis Vivo Outlet La Florida,Coyote vs ACME,2026-09-01,14:15,2D,doblada,105,TE7,https://tickets-static-content.cinepolis.com/pimcore/19803/assets/Chile/Tickets/Movies/CoyoteVSAcme/Es/720x1022_24/resource.jpg,https://cinepolis.com/cl?cinema=cinepolis-patio-outlet-la-florida-santiago-sur&selected=cinepolis-patio-outlet-la-florida-santiago-sur,,,"COMEDIA, ANIMACIÓN, AVENTURA",
Cinépolis Vivo Outlet La Florida,Papi Ricky: La película,2026-09-01,14:30,2D,,93,TE7,https://tickets-static-content.cinepolis.com/pimcore/21450/assets/Chile/Tickets/Movies/PapiRickyLaPelicula/Es/720x1022_19/resource.jpg,https://cinepolis.com/cl?cinema=cinepolis-patio-outlet-la-florida-santiago-sur&selected=cinepolis-patio-outlet-la-florida-santiago-sur,,,COMEDIA,
Cinépolis Vivo Outlet La Florida,La noche del demonio: Están entre nosotros,2026-09-01,15:00,2D,doblada,105,14,https://tickets-static-content.cinepolis.com/pimcore/19801/assets/Chile/Tickets/Movies/LaNocheDelDemonioEstaEntreNosotros/Es/720x1022_19/resource.jpg,https://cinepolis.com/cl?cinema=cinepolis-patio-outlet-la-florida-santiago-sur&selected=cinepolis-patio-outlet-la-florida-santiago-sur,,,TERROR,
Cinépolis Vivo Outlet La Florida,Spider-Man: Un Nuevo Día,2026-09-01,15:15,2D,subtitulada,144,TE7,https://tickets-static-content.cinepolis.com/pimcore/19604/assets/Chile/Tickets/Movies/SpiderManUnNuevoDia_copy/Es/SMBND_720x1022_2/resource.jpg,https://cinepolis.com/cl?cinema=cinepolis-patio-outlet-la-florida-santiago-sur&selected=cinepolis-patio-outlet-la-florida-santiago-sur,,,"AVENTURA, ACCIÓN",
Cinépolis Vivo Outlet La Florida,Coyote vs ACME,2026-09-01,15:30,2D,doblada,105,TE7,https://tickets-static-content.cinepolis.com/pimcore/19803/assets/Chile/Tickets/Movies/CoyoteVSAcme/Es/720x1022_24/resource.jpg,https://cinepolis.com/cl?cinema=cinepolis-patio-outlet-la-florida-santiago-sur&selected=cinepolis-patio-outlet-la-florida-santiago-sur,,,"COMEDIA, ANIMACIÓN, AVENTURA",
Cinépolis Vivo Outlet La Florida,Harry Potter y la piedra filosofal,2026-09-01,16:30,2D,subtitulada,166,TE7,https://tickets-static-content.cinepolis.com/pimcore/21310/assets/Chile/Tickets/Movies/HarryPotterPiedraFilosofal/Es/720x1022_19/resource.jpg,https://cinepolis.com/cl?cinema=cinepolis-patio-outlet-la-florida-santiago-sur&selected=cinepolis-patio-outlet-la-florida-santiago-sur,,,"AVENTURA, FANTASÍA",
Cinépolis Vivo Outlet La Florida,Papi Ricky: La película,2026-09-01,16:50,2D,,93,TE7,https://tickets-static-content.cinepolis.com/pimcore/21450/assets/Chile/Tickets/Movies/PapiRickyLaPelicula/Es/720x1022_19/resource.jpg,https://cinepolis.com/cl?cinema=cinepolis-patio-outlet-la-florida-santiago-sur&selected=cinepolis-patio-outlet-la-florida-santiago-sur,,,COMEDIA,
Cinépolis Vivo Outlet La Florida,La Guerra de los Últimos,2026-09-01,17:00,2D,subtitulada,100,14,https://tickets-static-content.cinepolis.com/pimcore/20625/assets/Chile/Tickets/Movies/LaGuerraDeLosUltimos/Es/720x1022_19/resource.jpg,https://cinepolis.com/cl?cinema=cinepolis-patio-outlet-la-florida-santiago-sur&selected=cinepolis-patio-outlet-la-florida-santiago-sur,,,"DRAMA, CIENCIA FICCIÓN",
Cinépolis Vivo Outlet La Florida,Spider-Man: Un Nuevo Día,2026-09-01,17:20,2D,doblada,144,TE7,https://tickets-static-content.cinepolis.com/pimcore/19604/assets/Chile/Tickets/Movies/SpiderManUnNuevoDia_copy/Es/SMBND_720x1022_2/resource.jpg,https://cinepolis.com/cl?cinema=cinepolis-patio-outlet-la-florida-santiago-sur&selected=cinepolis-patio-outlet-la-florida-santiago-sur,,,"AVENTURA, ACCIÓN",
Cinépolis Vivo Outlet La Florida,La Odisea,2026-09-01,17:40,2D,subtitulada,172,14,https://tickets-static-content.cinepolis.com/pimcore/18518/assets/Chile/Tickets/Movies/LaOdisea/Es/720x1022_poster_La_odisea_copia_2__1/resource.jpg,https://cinepolis.com/cl?cinema=cinepolis-patio-outlet-la-florida-santiago-sur&selected=cinepolis-patio-outlet-la-florida-santiago-sur,,,ACCIÓN,
Cinépolis Vivo Outlet La Florida,Coyote vs ACME,2026-09-01,18:00,2D,doblada,105,TE7,https://tickets-static-content.cinepolis.com/pimcore/19803/assets/Chile/Tickets/Movies/CoyoteVSAcme/Es/720x1022_24/resource.jpg,https://cinepolis.com/cl?cinema=cinepolis-patio-outlet-la-florida-santiago-sur&selected=cinepolis-patio-outlet-la-florida-santiago-sur,,,"COMEDIA, ANIMACIÓN, AVENTURA",
Cinépolis Vivo Outlet La Florida,Spider-Man: Un Nuevo Día,2026-09-01,18:20,2D,subtitulada,144,TE7,https://tickets-static-content.cinepolis.com/pimcore/19604/assets/Chile/Tickets/Movies/SpiderManUnNuevoDia_copy/Es/SMBND_720x1022_2/resource.jpg,https://cinepolis.com/cl?cinema=cinepolis-patio-outlet-la-florida-santiago-sur&selected=cinepolis-patio-outlet-la-florida-santiago-sur,,,"AVENTURA, ACCIÓN",
Cinépolis Vivo Outlet La Florida,Papi Ricky: La película,2026-09-01,19:15,2D,,93,TE7,https://tickets-static-content.cinepolis.com/pimcore/21450/assets/Chile/Tickets/Movies/PapiRickyLaPelicula/Es/720x1022_19/resource.jpg,https://cinepolis.com/cl?cinema=cinepolis-patio-outlet-la-florida-santiago-sur&selected=cinepolis-patio-outlet-la-florida-santiago-sur,,,COMEDIA,
Cinépolis Vivo Outlet La Florida,La Guerra de los Últimos,2026-09-01,19:30,2D,subtitulada,100,14,https://tickets-static-content.cinepolis.com/pimcore/20625/assets/Chile/Tickets/Movies/LaGuerraDeLosUltimos/Es/720x1022_19/resource.jpg,https://cinepolis.com/cl?cinema=cinepolis-patio-outlet-la-florida-santiago-sur&selected=cinepolis-patio-outlet-la-florida-santiago-sur,,,"DRAMA, CIENCIA FICCIÓN",
Cinépolis Vivo Outlet La Florida,Harry Potter y la piedra filosofal,2026-09-01,20:00,2D,subtitulada,166,TE7,https://tickets-static-content.cinepolis.com/pimcore/21310/assets/Chile/Tickets/Movies/HarryPotterPiedraFilosofal/Es/720x1022_19/resource.jpg,https://cinepolis.com/cl?cinema=cinepolis-patio-outlet-la-florida-santiago-sur&selected=cinepolis-patio-outlet-la-florida-santiago-sur,,,"AVENTURA, FANTASÍA",
Cinépolis Vivo Outlet La Florida,Coyote vs ACME,2026-09-01,20:25,2D,doblada,105,TE7,https://tickets-static-content.cinepolis.com/pimcore/19803/assets/Chile/Tickets/Movies/CoyoteVSAcme/Es/720x1022_24/resource.jpg,https://cinepolis.com/cl?cinema=cinepolis-patio-outlet-la-florida-santiago-sur&selected=cinepolis-patio-outlet-la-florida-santiago-sur,,,"COMEDIA, ANIMACIÓN, AVENTURA",
Cinépolis Vivo Outlet La Florida,Spider-Man: Un Nuevo Día,2026-09-01,20:45,2D,doblada,144,TE7,https://tickets-static-content.cinepolis.com/pimcore/19604/assets/Chile/Tickets/Movies/SpiderManUnNuevoDia_copy/Es/SMBND_720x1022_2/resource.jpg,https://cinepolis.com/cl?cinema=cinepolis-patio-outlet-la-florida-santiago-sur&selected=cinepolis-patio-outlet-la-florida-santiago-sur,,,"AVENTURA, ACCIÓN",
Cinépolis Vivo Outlet La Florida,La noche del demonio: Están entre nosotros,2026-09-01,21:15,2D,subtitulada,105,14,https://tickets-static-content.cinepolis.com/pimcore/19801/assets/Chile/Tickets/Movies/LaNocheDelDemonioEstaEntreNosotros/Es/720x1022_19/resource.jpg,https://cinepolis.com/cl?cinema=cinepolis-patio-outlet-la-florida-santiago-sur&selected=cinepolis-patio-outlet-la-florida-santiago-sur,,,TERROR,
Cinépolis Vivo Outlet La Florida,Spider-Man: Un Nuevo Día,2026-09-01,21:30,2D,subtitulada,144,TE7,https://tickets-static-content.cinepolis.com/pimcore/19604/assets/Chile/Tickets/Movies/SpiderManUnNuevoDia_copy/Es/SMBND_720x1022_2/resource.jpg,https://cinepolis.com/cl?cinema=cinepolis-patio-outlet-la-florida-santiago-sur&selected=cinepolis-patio-outlet-la-florida-santiago-sur,,,"AVENTURA, ACCIÓN",
Cinépolis Vivo Outlet La Florida,Papi Ricky: La película,2026-09-01,21:45,2D,,93,TE7,https://tickets-static-content.cinepolis.com/pimcore/21450/assets/Chile/Tickets/Movies/PapiRickyLaPelicula/Es/720x1022_19/resource.jpg,https://cinepolis.com/cl?cinema=cinepolis-patio-outlet-la-florida-santiago-sur&selected=cinepolis-patio-outlet-la-florida-santiago-sur,,,COMEDIA,
Cinépolis Vivo Outlet La Florida,La Guerra de los Últimos,2026-09-01,22:00,2D,subtitulada,100,14,https://tickets-static-content.cinepolis.com/pimcore/20625/assets/Chile/Tickets/Movies/LaGuerraDeLosUltimos/Es/720x1022_19/resource.jpg,https://cinepolis.com/cl?cinema=cinepolis-patio-outlet-la-florida-santiago-sur&selected=cinepolis-patio-outlet-la-florida-santiago-sur,,,"DRAMA, CIENCIA FICCIÓN",
Cinépolis Vivo Outlet La Florida,Spider-Man: Un Nuevo Día,2026-09-02,14:00,2D,doblada,144,TE7,https://tickets-static-content.cinepolis.com/pimcore/19604/assets/Chile/Tickets/Movies/SpiderManUnNuevoDia_copy/Es/SMBND_720x1022_2/resource.jpg,https://cinepolis.com/cl?cinema=cinepolis-patio-outlet-la-florida-santiago-sur&selected=cinepolis-patio-outlet-la-florida-santiago-sur,,,"AVENTURA, ACCIÓN",
Cinépolis Vivo Outlet La Florida,Coyote vs ACME,2026-09-02,14:15,2D,doblada,105,TE7,https://tickets-static-content.cinepolis.com/pimcore/19803/assets/Chile/Tickets/Movies/CoyoteVSAcme/Es/720x1022_24/resource.jpg,https://cinepolis.com/cl?cinema=cinepolis-patio-outlet-la-florida-santiago-sur&selected=cinepolis-patio-outlet-la-florida-santiago-sur,,,"COMEDIA, ANIMACIÓN, AVENTURA",
Cinépolis Vivo Outlet La Florida,Papi Ricky: La película,2026-09-02,14:30,2D,,93,TE7,https://tickets-static-content.cinepolis.com/pimcore/21450/assets/Chile/Tickets/Movies/PapiRickyLaPelicula/Es/720x1022_19/resource.jpg,https://cinepolis.com/cl?cinema=cinepolis-patio-outlet-la-florida-santiago-sur&selected=cinepolis-patio-outlet-la-florida-santiago-sur,,,COMEDIA,
Cinépolis Vivo Outlet La Florida,La noche del demonio: Están entre nosotros,2026-09-02,15:00,2D,doblada,105,14,https://tickets-static-content.cinepolis.com/pimcore/19801/assets/Chile/Tickets/Movies/LaNocheDelDemonioEstaEntreNosotros/Es/720x1022_19/resource.jpg,https://cinepolis.com/cl?cinema=cinepolis-patio-outlet-la-florida-santiago-sur&selected=cinepolis-patio-outlet-la-florida-santiago-sur,,,TERROR,
Cinépolis Vivo Outlet La Florida,Spider-Man: Un Nuevo Día,2026-09-02,15:15,2D,subtitulada,144,TE7,https://tickets-static-content.cinepolis.com/pimcore/19604/assets/Chile/Tickets/Movies/SpiderManUnNuevoDia_copy/Es/SMBND_720x1022_2/resource.jpg,https://cinepolis.com/cl?cinema=cinepolis-patio-outlet-la-florida-santiago-sur&selected=cinepolis-patio-outlet-la-florida-santiago-sur,,,"AVENTURA, ACCIÓN",
Cinépolis Vivo Outlet La Florida,Coyote vs ACME,2026-09-02,15:30,2D,doblada,105,TE7,https://tickets-static-content.cinepolis.com/pimcore/19803/assets/Chile/Tickets/Movies/CoyoteVSAcme/Es/720x1022_24/resource.jpg,https://cinepolis.com/cl?cinema=cinepolis-patio-outlet-la-florida-santiago-sur&selected=cinepolis-patio-outlet-la-florida-santiago-sur,,,"COMEDIA, ANIMACIÓN, AVENTURA",
Cinépolis Vivo Outlet La Florida,Harry Potter y la piedra filosofal,2026-09-02,16:30,2D,subtitulada,166,TE7,https://tickets-static-content.cinepolis.com/pimcore/21310/assets/Chile/Tickets/Movies/HarryPotterPiedraFilosofal/Es/720x1022_19/resource.jpg,https://cinepolis.com/cl?cinema=cinepolis-patio-outlet-la-florida-santiago-sur&selected=cinepolis-patio-outlet-la-florida-santiago-sur,,,"AVENTURA, FANTASÍA",
Cinépolis Vivo Outlet La Florida,Papi Ricky: La película,2026-09-02,16:50,2D,,93,TE7,https://tickets-static-content.cinepolis.com/pimcore/21450/assets/Chile/Tickets/Movies/PapiRickyLaPelicula/Es/720x1022_19/resource.jpg,https://cinepolis.com/cl?cinema=cinepolis-patio-outlet-la-florida-santiago-sur&selected=cinepolis-patio-outlet-la-florida-santiago-sur,,,COMEDIA,
Cinépolis Vivo Outlet La Florida,La Guerra de los Últimos,2026-09-02,17:00,2D,subtitulada,100,14,https://tickets-static-content.cinepolis.com/pimcore/20625/assets/Chile/Tickets/Movies/LaGuerraDeLosUltimos/Es/720x1022_19/resource.jpg,https://cinepolis.com/cl?cinema=cinepolis-patio-outlet-la-florida-santiago-sur&selected=cinepolis-patio-outlet-la-florida-santiago-sur,,,"DRAMA, CIENCIA FICCIÓN",
Cinépolis Vivo Outlet La Florida,Spider-Man: Un Nuevo Día,2026-09-02,17:20,2D,doblada,144,TE7,https://tickets-static-content.cinepolis.com/pimcore/19604/assets/Chile/Tickets/Movies/SpiderManUnNuevoDia_copy/Es/SMBND_720x1022_2/resource.jpg,https://cinepolis.com/cl?cinema=cinepolis-patio-outlet-la-florida-santiago-sur&selected=cinepolis-patio-outlet-la-florida-santiago-sur,,,"AVENTURA, ACCIÓN",
Cinépolis Vivo Outlet La Florida,La Odisea,2026-09-02,17:40,2D,subtitulada,172,14,https://tickets-static-content.cinepolis.com/pimcore/18518/assets/Chile/Tickets/Movies/LaOdisea/Es/720x1022_poster_La_odisea_copia_2__1/resource.jpg,https://cinepolis.com/cl?cinema=cinepolis-patio-outlet-la-florida-santiago-sur&selected=cinepolis-patio-outlet-la-florida-santiago-sur,,,ACCIÓN,
Cinépolis Vivo Outlet La Florida,Coyote vs ACME,2026-09-02,18:00,2D,doblada,105,TE7,https://tickets-static-content.cinepolis.com/pimcore/19803/assets/Chile/Tickets/Movies/CoyoteVSAcme/Es/720x1022_24/resource.jpg,https://cinepolis.com/cl?cinema=cinepolis-patio-outlet-la-florida-santiago-sur&selected=cinepolis-patio-outlet-la-florida-santiago-sur,,,"COMEDIA, ANIMACIÓN, AVENTURA",
Cinépolis Vivo Outlet La Florida,Spider-Man: Un Nuevo Día,2026-09-02,18:20,2D,subtitulada,144,TE7,https://tickets-static-content.cinepolis.com/pimcore/19604/assets/Chile/Tickets/Movies/SpiderManUnNuevoDia_copy/Es/SMBND_720x1022_2/resource.jpg,https://cinepolis.com/cl?cinema=cinepolis-patio-outlet-la-florida-santiago-sur&selected=cinepolis-patio-outlet-la-florida-santiago-sur,,,"AVENTURA, ACCIÓN",
Cinépolis Vivo Outlet La Florida,Papi Ricky: La película,2026-09-02,19:15,2D,,93,TE7,https://tickets-static-content.cinepolis.com/pimcore/21450/assets/Chile/Tickets/Movies/PapiRickyLaPelicula/Es/720x1022_19/resource.jpg,https://cinepolis.com/cl?cinema=cinepolis-patio-outlet-la-florida-santiago-sur&selected=cinepolis-patio-outlet-la-florida-santiago-sur,,,COMEDIA,
Cinépolis Vivo Outlet La Florida,La Guerra de los Últimos,2026-09-02,19:30,2D,subtitulada,100,14,https://tickets-static-content.cinepolis.com/pimcore/20625/assets/Chile/Tickets/Movies/LaGuerraDeLosUltimos/Es/720x1022_19/resource.jpg,https://cinepolis.com/cl?cinema=cinepolis-patio-outlet-la-florida-santiago-sur&selected=cinepolis-patio-outlet-la-florida-santiago-sur,,,"DRAMA, CIENCIA FICCIÓN",
Cinépolis Vivo Outlet La Florida,Harry Potter y la piedra filosofal,2026-09-02,20:00,2D,subtitulada,166,TE7,https://tickets-static-content.cinepolis.com/pimcore/21310/assets/Chile/Tickets/Movies/HarryPotterPiedraFilosofal/Es/720x1022_19/resource.jpg,https://cinepolis.com/cl?cinema=cinepolis-patio-outlet-la-florida-santiago-sur&selected=cinepolis-patio-outlet-la-florida-santiago-sur,,,"AVENTURA, FANTASÍA",
Cinépolis Vivo Outlet La Florida,Coyote vs ACME,2026-09-02,20:25,2D,doblada,105,TE7,https://tickets-static-content.cinepolis.com/pimcore/19803/assets/Chile/Tickets/Movies/CoyoteVSAcme/Es/720x1022_24/resource.jpg,https://cinepolis.com/cl?cinema=cinepolis-patio-outlet-la-florida-santiago-sur&selected=cinepolis-patio-outlet-la-florida-santiago-sur,,,"COMEDIA, ANIMACIÓN, AVENTURA",
Cinépolis Vivo Outlet La Florida,Spider-Man: Un Nuevo Día,2026-09-02,20:45,2D,doblada,144,TE7,https://tickets-static-content.cinepolis.com/pimcore/19604/assets/Chile/Tickets/Movies/SpiderManUnNuevoDia_copy/Es/SMBND_720x1022_2/resource.jpg,https://cinepolis.com/cl?cinema=cinepolis-patio-outlet-la-florida-santiago-sur&selected=cinepolis-patio-outlet-la-florida-santiago-sur,,,"AVENTURA, ACCIÓN",
Cinépolis Vivo Outlet La Florida,La noche del demonio: Están entre nosotros,2026-09-02,21:15,2D,subtitulada,105,14,https://tickets-static-content.cinepolis.com/pimcore/19801/assets/Chile/Tickets/Movies/LaNocheDelDemonioEstaEntreNosotros/Es/720x1022_19/resource.jpg,https://cinepolis.com/cl?cinema=cinepolis-patio-outlet-la-florida-santiago-sur&selected=cinepolis-patio-outlet-la-florida-santiago-sur,,,TERROR,
Cinépolis Vivo Outlet La Florida,Spider-Man: Un Nuevo Día,2026-09-02,21:30,2D,subtitulada,144,TE7,https://tickets-static-content.cinepolis.com/pimcore/19604/assets/Chile/Tickets/Movies/SpiderManUnNuevoDia_copy/Es/SMBND_720x1022_2/resource.jpg,https://cinepolis.com/cl?cinema=cinepolis-patio-outlet-la-florida-santiago-sur&selected=cinepolis-patio-outlet-la-florida-santiago-sur,,,"AVENTURA, ACCIÓN",
Cinépolis Vivo Outlet La Florida,Papi Ricky: La película,2026-09-02,21:45,2D,,93,TE7,https://tickets-static-content.cinepolis.com/pimcore/21450/assets/Chile/Tickets/Movies/PapiRickyLaPelicula/Es/720x1022_19/resource.jpg,https://cinepolis.com/cl?cinema=cinepolis-patio-outlet-la-florida-santiago-sur&selected=cinepolis-patio-outlet-la-florida-santiago-sur,,,COMEDIA,
Cinépolis Vivo Outlet La Florida,La Guerra de los Últimos,2026-09-02,22:00,2D,subtitulada,100,14,https://tickets-static-content.cinepolis.com/pimcore/20625/assets/Chile/Tickets/Movies/LaGuerraDeLosUltimos/Es/720x1022_19/resource.jpg,https://cinepolis.com/cl?cinema=cinepolis-patio-outlet-la-florida-santiago-sur&selected=cinepolis-patio-outlet-la-florida-santiago-sur,,,"DRAMA, CIENCIA FICCIÓN",
