cine,pelicula,fecha,hora,formato,idioma,duracion_min,clasificacion,poster,link_compra,sinopsis,trailer,generos
Cineplanet Alameda,EL FINAL DE LA CALLE OAK,2026-08-25,19:10,2D + CONV,DOBLADA,99,+14,https://cdn.apis.cineplanet.cl/CDN/media/entity/get/FilmPosterGraphic/HO00001856?referenceScheme=HeadOffice&allowPlaceHolder=true,https://www.cineplanet.cl/peliculas/el-final-de-la-calle-oak,"Después de que un misterioso fenómeno cósmico arranque Oak Street de su entorno suburbano y transporte a sus habitantes a un lugar desconocido, la familia Platt pronto descubre que su propia supervivencia depende de que permanezcan unidos mientras se orientan en un entorno que ya no reconocen.",https://www.youtube.com/watch?v=kdrry0xfHzA,Ciencia ficcion
Cineplanet Alameda,EL FINAL DE LA CALLE OAK,2026-08-25,21:30,2D + CONV,DOBLADA,99,+14,https://cdn.apis.cineplanet.cl/CDN/media/entity/get/FilmPosterGraphic/HO00001856?referenceScheme=HeadOffice&allowPlaceHolder=true,https://www.cineplanet.cl/peliculas/el-final-de-la-calle-oak,"Después de que un misterioso fenómeno cósmico arranque Oak Street de su entorno suburbano y transporte a sus habitantes a un lugar desconocido, la familia Platt pronto descubre que su propia supervivencia depende de que permanezcan unidos mientras se orientan en un entorno que ya no reconocen.",https://www.youtube.com/watch?v=kdrry0xfHzA,Ciencia ficcion
Cineplanet Alameda,EL FINAL DE LA CALLE OAK,2026-08-26,19:40,2D + CONV,DOBLADA,99,+14,https://cdn.apis.cineplanet.cl/CDN/media/entity/get/FilmPosterGraphic/HO00001856?referenceScheme=HeadOffice&allowPlaceHolder=true,https://www.cineplanet.cl/peliculas/el-final-de-la-calle-oak,"Después de que un misterioso fenómeno cósmico arranque Oak Street de su entorno suburbano y transporte a sus habitantes a un lugar desconocido, la familia Platt pronto descubre que su propia supervivencia depende de que permanezcan unidos mientras se orientan en un entorno que ya no reconocen.",https://www.youtube.com/watch?v=kdrry0xfHzA,Ciencia ficcion
Cineplanet Alameda,EL FINAL DE LA CALLE OAK,2026-08-26,21:30,2D + CONV,DOBLADA,99,+14,https://cdn.apis.cineplanet.cl/CDN/media/entity/get/FilmPosterGraphic/HO00001856?referenceScheme=HeadOffice&allowPlaceHolder=true,https://www.cineplanet.cl/peliculas/el-final-de-la-calle-oak,"Después de que un misterioso fenómeno cósmico arranque Oak Street de su entorno suburbano y transporte a sus habitantes a un lugar desconocido, la familia Platt pronto descubre que su propia supervivencia depende de que permanezcan unidos mientras se orientan en un entorno que ya no reconocen.",https://www.youtube.com/watch?v=kdrry0xfHzA,Ciencia ficcion
Cineplanet Alameda,HARRY POTTER Y LA PIEDRA FILOSOFAL (2001),2026-08-27,13:40,2D + CONV,DOBLADA,166,TE +7,https://cdn.apis.cineplanet.cl/CDN/media/entity/get/FilmPosterGraphic/HO00001895?referenceScheme=HeadOffice&allowPlaceHolder=true,https://www.cineplanet.cl/peliculas/harry-potter-y-la-piedra-filosofal-2001,"El día en que cumple once años, Harry Potter se entera de que es hijo de dos destacados hechiceros, de los que ha heredado poderes mágicos. En la escuela Hogwarts de Magia y Hechicería, donde se educa con otros niños que también tienen poderes especiales, aprenderá todo lo necesario para ser mago.",,Aventura
Cineplanet Alameda,HARRY POTTER Y LA PIEDRA FILOSOFAL (2001),2026-08-27,17:10,2D + CONV,DOBLADA,166,TE +7,https://cdn.apis.cineplanet.cl/CDN/media/entity/get/FilmPosterGraphic/HO00001895?referenceScheme=HeadOffice&allowPlaceHolder=true,https://www.cineplanet.cl/peliculas/harry-potter-y-la-piedra-filosofal-2001,"El día en que cumple once años, Harry Potter se entera de que es hijo de dos destacados hechiceros, de los que ha heredado poderes mágicos. En la escuela Hogwarts de Magia y Hechicería, donde se educa con otros niños que también tienen poderes especiales, aprenderá todo lo necesario para ser mago.",,Aventura
Cineplanet Alameda,JUAN GABRIEL: MI PRIMER BELLAS ARTES,2026-08-28,13:20,2D + CONV,DOBLADA,110,TE +7,https://cdn.apis.cineplanet.cl/CDN/media/entity/get/FilmPosterGraphic/HO00001883?referenceScheme=HeadOffice&allowPlaceHolder=true,https://www.cineplanet.cl/peliculas/juan-gabriel-mi-primer-bellas-artes,"*Versión Sing Along* El concierto más icónico de México llega a la pantalla grande. A partir del 28 de agosto, con motivo del 10.º aniversario luctuoso de Juan Gabriel, disfruta del histórico primer concierto de Juan Gabriel en el Palacio de Bellas Artes en 1990, una noche que transformó para siempre la música en México. Más de tres décadas después, esta presentación legendaria revive en una nueva reedición especial para cines con imagen y audio restaurados, donde cada interpretación, cada aplauso y cada instante recuperan su esplendor para que nuevas generaciones y admiradores de siempre pu",https://www.youtube.com/watch?v=zq9V3eaio2Y,Concierto
Cineplanet Alameda,JUAN GABRIEL: MI PRIMER BELLAS ARTES,2026-08-28,15:40,2D + CONV,DOBLADA,110,TE +7,https://cdn.apis.cineplanet.cl/CDN/media/entity/get/FilmPosterGraphic/HO00001883?referenceScheme=HeadOffice&allowPlaceHolder=true,https://www.cineplanet.cl/peliculas/juan-gabriel-mi-primer-bellas-artes,"*Versión Sing Along* El concierto más icónico de México llega a la pantalla grande. A partir del 28 de agosto, con motivo del 10.º aniversario luctuoso de Juan Gabriel, disfruta del histórico primer concierto de Juan Gabriel en el Palacio de Bellas Artes en 1990, una noche que transformó para siempre la música en México. Más de tres décadas después, esta presentación legendaria revive en una nueva reedición especial para cines con imagen y audio restaurados, donde cada interpretación, cada aplauso y cada instante recuperan su esplendor para que nuevas generaciones y admiradores de siempre pu",https://www.youtube.com/watch?v=zq9V3eaio2Y,Concierto
Cineplanet Alameda,JUAN GABRIEL: MI PRIMER BELLAS ARTES,2026-08-28,18:00,2D + CONV,DOBLADA,110,TE +7,https://cdn.apis.cineplanet.cl/CDN/media/entity/get/FilmPosterGraphic/HO00001883?referenceScheme=HeadOffice&allowPlaceHolder=true,https://www.cineplanet.cl/peliculas/juan-gabriel-mi-primer-bellas-artes,"*Versión Sing Along* El concierto más icónico de México llega a la pantalla grande. A partir del 28 de agosto, con motivo del 10.º aniversario luctuoso de Juan Gabriel, disfruta del histórico primer concierto de Juan Gabriel en el Palacio de Bellas Artes en 1990, una noche que transformó para siempre la música en México. Más de tres décadas después, esta presentación legendaria revive en una nueva reedición especial para cines con imagen y audio restaurados, donde cada interpretación, cada aplauso y cada instante recuperan su esplendor para que nuevas generaciones y admiradores de siempre pu",https://www.youtube.com/watch?v=zq9V3eaio2Y,Concierto
Cineplanet Alameda,JUAN GABRIEL: MI PRIMER BELLAS ARTES,2026-08-29,13:20,2D + CONV,DOBLADA,110,TE +7,https://cdn.apis.cineplanet.cl/CDN/media/entity/get/FilmPosterGraphic/HO00001883?referenceScheme=HeadOffice&allowPlaceHolder=true,https://www.cineplanet.cl/peliculas/juan-gabriel-mi-primer-bellas-artes,"*Versión Sing Along* El concierto más icónico de México llega a la pantalla grande. A partir del 28 de agosto, con motivo del 10.º aniversario luctuoso de Juan Gabriel, disfruta del histórico primer concierto de Juan Gabriel en el Palacio de Bellas Artes en 1990, una noche que transformó para siempre la música en México. Más de tres décadas después, esta presentación legendaria revive en una nueva reedición especial para cines con imagen y audio restaurados, donde cada interpretación, cada aplauso y cada instante recuperan su esplendor para que nuevas generaciones y admiradores de siempre pu",https://www.youtube.com/watch?v=zq9V3eaio2Y,Concierto
Cineplanet Alameda,JUAN GABRIEL: MI PRIMER BELLAS ARTES,2026-08-29,15:40,2D + CONV,DOBLADA,110,TE +7,https://cdn.apis.cineplanet.cl/CDN/media/entity/get/FilmPosterGraphic/HO00001883?referenceScheme=HeadOffice&allowPlaceHolder=true,https://www.cineplanet.cl/peliculas/juan-gabriel-mi-primer-bellas-artes,"*Versión Sing Along* El concierto más icónico de México llega a la pantalla grande. A partir del 28 de agosto, con motivo del 10.º aniversario luctuoso de Juan Gabriel, disfruta del histórico primer concierto de Juan Gabriel en el Palacio de Bellas Artes en 1990, una noche que transformó para siempre la música en México. Más de tres décadas después, esta presentación legendaria revive en una nueva reedición especial para cines con imagen y audio restaurados, donde cada interpretación, cada aplauso y cada instante recuperan su esplendor para que nuevas generaciones y admiradores de siempre pu",https://www.youtube.com/watch?v=zq9V3eaio2Y,Concierto
Cineplanet Alameda,JUAN GABRIEL: MI PRIMER BELLAS ARTES,2026-08-29,18:00,2D + CONV,DOBLADA,110,TE +7,https://cdn.apis.cineplanet.cl/CDN/media/entity/get/FilmPosterGraphic/HO00001883?referenceScheme=HeadOffice&allowPlaceHolder=true,https://www.cineplanet.cl/peliculas/juan-gabriel-mi-primer-bellas-artes,"*Versión Sing Along* El concierto más icónico de México llega a la pantalla grande. A partir del 28 de agosto, con motivo del 10.º aniversario luctuoso de Juan Gabriel, disfruta del histórico primer concierto de Juan Gabriel en el Palacio de Bellas Artes en 1990, una noche que transformó para siempre la música en México. Más de tres décadas después, esta presentación legendaria revive en una nueva reedición especial para cines con imagen y audio restaurados, donde cada interpretación, cada aplauso y cada instante recuperan su esplendor para que nuevas generaciones y admiradores de siempre pu",https://www.youtube.com/watch?v=zq9V3eaio2Y,Concierto
Cineplanet Alameda,JUAN GABRIEL: MI PRIMER BELLAS ARTES,2026-08-30,13:20,2D + CONV,DOBLADA,110,TE +7,https://cdn.apis.cineplanet.cl/CDN/media/entity/get/FilmPosterGraphic/HO00001883?referenceScheme=HeadOffice&allowPlaceHolder=true,https://www.cineplanet.cl/peliculas/juan-gabriel-mi-primer-bellas-artes,"*Versión Sing Along* El concierto más icónico de México llega a la pantalla grande. A partir del 28 de agosto, con motivo del 10.º aniversario luctuoso de Juan Gabriel, disfruta del histórico primer concierto de Juan Gabriel en el Palacio de Bellas Artes en 1990, una noche que transformó para siempre la música en México. Más de tres décadas después, esta presentación legendaria revive en una nueva reedición especial para cines con imagen y audio restaurados, donde cada interpretación, cada aplauso y cada instante recuperan su esplendor para que nuevas generaciones y admiradores de siempre pu",https://www.youtube.com/watch?v=zq9V3eaio2Y,Concierto
Cineplanet Alameda,JUAN GABRIEL: MI PRIMER BELLAS ARTES,2026-08-30,15:40,2D + CONV,DOBLADA,110,TE +7,https://cdn.apis.cineplanet.cl/CDN/media/entity/get/FilmPosterGraphic/HO00001883?referenceScheme=HeadOffice&allowPlaceHolder=true,https://www.cineplanet.cl/peliculas/juan-gabriel-mi-primer-bellas-artes,"*Versión Sing Along* El concierto más icónico de México llega a la pantalla grande. A partir del 28 de agosto, con motivo del 10.º aniversario luctuoso de Juan Gabriel, disfruta del histórico primer concierto de Juan Gabriel en el Palacio de Bellas Artes en 1990, una noche que transformó para siempre la música en México. Más de tres décadas después, esta presentación legendaria revive en una nueva reedición especial para cines con imagen y audio restaurados, donde cada interpretación, cada aplauso y cada instante recuperan su esplendor para que nuevas generaciones y admiradores de siempre pu",https://www.youtube.com/watch?v=zq9V3eaio2Y,Concierto
Cineplanet Alameda,JUAN GABRIEL: MI PRIMER BELLAS ARTES,2026-08-30,18:00,2D + CONV,DOBLADA,110,TE +7,https://cdn.apis.cineplanet.cl/CDN/media/entity/get/FilmPosterGraphic/HO00001883?referenceScheme=HeadOffice&allowPlaceHolder=true,https://www.cineplanet.cl/peliculas/juan-gabriel-mi-primer-bellas-artes,"*Versión Sing Along* El concierto más icónico de México llega a la pantalla grande. A partir del 28 de agosto, con motivo del 10.º aniversario luctuoso de Juan Gabriel, disfruta del histórico primer concierto de Juan Gabriel en el Palacio de Bellas Artes en 1990, una noche que transformó para siempre la música en México. Más de tres décadas después, esta presentación legendaria revive en una nueva reedición especial para cines con imagen y audio restaurados, donde cada interpretación, cada aplauso y cada instante recuperan su esplendor para que nuevas generaciones y admiradores de siempre pu",https://www.youtube.com/watch?v=zq9V3eaio2Y,Concierto
Cineplanet Alameda,LA MUERTE DE ROBIN HOOD,2026-08-25,20:20,2D + CONV,DOBLADA,122,+14,https://cdn.apis.cineplanet.cl/CDN/media/entity/get/FilmPosterGraphic/HO00001904?referenceScheme=HeadOffice&allowPlaceHolder=true,https://www.cineplanet.cl/peliculas/la-muerte-de-robin-hood,"Un Robin Hood herido se enfrenta a la muerte tras su última batalla, hasta que un misterioso sanador le ofrece la redención de su violento pasado.",,Drama
Cineplanet Alameda,LA MUERTE DE ROBIN HOOD,2026-08-26,20:20,2D + CONV,DOBLADA,122,+14,https://cdn.apis.cineplanet.cl/CDN/media/entity/get/FilmPosterGraphic/HO00001904?referenceScheme=HeadOffice&allowPlaceHolder=true,https://www.cineplanet.cl/peliculas/la-muerte-de-robin-hood,"Un Robin Hood herido se enfrenta a la muerte tras su última batalla, hasta que un misterioso sanador le ofrece la redención de su violento pasado.",,Drama
Cineplanet Alameda,LA NOCHE DEL DEMONIO: ESTÁN ENTRE NOSOTROS,2026-08-25,15:00,2D + CONV,DOBLADA,106,+14,https://cdn.apis.cineplanet.cl/CDN/media/entity/get/FilmPosterGraphic/HO00001857?referenceScheme=HeadOffice&allowPlaceHolder=true,https://www.cineplanet.cl/peliculas/la-noche-del-demonio-estn-entre-nosotros,"Gemma, una joven madre que cría a su hija en la casa en la que creció, descubre que puede viajar a The Further, donde posee la capacidad de traer lo que allí vive de vuelta al mundo real.",https://www.youtube.com/watch?v=fuxeEUqCNac,Terror
Cineplanet Alameda,LA NOCHE DEL DEMONIO: ESTÁN ENTRE NOSOTROS,2026-08-25,17:20,2D + CONV,DOBLADA,106,+14,https://cdn.apis.cineplanet.cl/CDN/media/entity/get/FilmPosterGraphic/HO00001857?referenceScheme=HeadOffice&allowPlaceHolder=true,https://www.cineplanet.cl/peliculas/la-noche-del-demonio-estn-entre-nosotros,"Gemma, una joven madre que cría a su hija en la casa en la que creció, descubre que puede viajar a The Further, donde posee la capacidad de traer lo que allí vive de vuelta al mundo real.",https://www.youtube.com/watch?v=fuxeEUqCNac,Terror
Cineplanet Alameda,LA NOCHE DEL DEMONIO: ESTÁN ENTRE NOSOTROS,2026-08-25,18:40,2D + CONV,DOBLADA,106,+14,https://cdn.apis.cineplanet.cl/CDN/media/entity/get/FilmPosterGraphic/HO00001857?referenceScheme=HeadOffice&allowPlaceHolder=true,https://www.cineplanet.cl/peliculas/la-noche-del-demonio-estn-entre-nosotros,"Gemma, una joven madre que cría a su hija en la casa en la que creció, descubre que puede viajar a The Further, donde posee la capacidad de traer lo que allí vive de vuelta al mundo real.",https://www.youtube.com/watch?v=fuxeEUqCNac,Terror
Cineplanet Alameda,LA NOCHE DEL DEMONIO: ESTÁN ENTRE NOSOTROS,2026-08-25,19:40,2D + CONV,DOBLADA,106,+14,https://cdn.apis.cineplanet.cl/CDN/media/entity/get/FilmPosterGraphic/HO00001857?referenceScheme=HeadOffice&allowPlaceHolder=true,https://www.cineplanet.cl/peliculas/la-noche-del-demonio-estn-entre-nosotros,"Gemma, una joven madre que cría a su hija en la casa en la que creció, descubre que puede viajar a The Further, donde posee la capacidad de traer lo que allí vive de vuelta al mundo real.",https://www.youtube.com/watch?v=fuxeEUqCNac,Terror
Cineplanet Alameda,LA NOCHE DEL DEMONIO: ESTÁN ENTRE NOSOTROS,2026-08-25,21:00,2D + CONV,DOBLADA,106,+14,https://cdn.apis.cineplanet.cl/CDN/media/entity/get/FilmPosterGraphic/HO00001857?referenceScheme=HeadOffice&allowPlaceHolder=true,https://www.cineplanet.cl/peliculas/la-noche-del-demonio-estn-entre-nosotros,"Gemma, una joven madre que cría a su hija en la casa en la que creció, descubre que puede viajar a The Further, donde posee la capacidad de traer lo que allí vive de vuelta al mundo real.",https://www.youtube.com/watch?v=fuxeEUqCNac,Terror
Cineplanet Alameda,LA NOCHE DEL DEMONIO: ESTÁN ENTRE NOSOTROS,2026-08-25,22:00,2D + CONV,DOBLADA,106,+14,https://cdn.apis.cineplanet.cl/CDN/media/entity/get/FilmPosterGraphic/HO00001857?referenceScheme=HeadOffice&allowPlaceHolder=true,https://www.cineplanet.cl/peliculas/la-noche-del-demonio-estn-entre-nosotros,"Gemma, una joven madre que cría a su hija en la casa en la que creció, descubre que puede viajar a The Further, donde posee la capacidad de traer lo que allí vive de vuelta al mundo real.",https://www.youtube.com/watch?v=fuxeEUqCNac,Terror
Cineplanet Alameda,LA NOCHE DEL DEMONIO: ESTÁN ENTRE NOSOTROS,2026-08-26,15:00,2D + CONV,DOBLADA,106,+14,https://cdn.apis.cineplanet.cl/CDN/media/entity/get/FilmPosterGraphic/HO00001857?referenceScheme=HeadOffice&allowPlaceHolder=true,https://www.cineplanet.cl/peliculas/la-noche-del-demonio-estn-entre-nosotros,"Gemma, una joven madre que cría a su hija en la casa en la que creció, descubre que puede viajar a The Further, donde posee la capacidad de traer lo que allí vive de vuelta al mundo real.",https://www.youtube.com/watch?v=fuxeEUqCNac,Terror
Cineplanet Alameda,LA NOCHE DEL DEMONIO: ESTÁN ENTRE NOSOTROS,2026-08-26,16:20,2D + CONV,DOBLADA,106,+14,https://cdn.apis.cineplanet.cl/CDN/media/entity/get/FilmPosterGraphic/HO00001857?referenceScheme=HeadOffice&allowPlaceHolder=true,https://www.cineplanet.cl/peliculas/la-noche-del-demonio-estn-entre-nosotros,"Gemma, una joven madre que cría a su hija en la casa en la que creció, descubre que puede viajar a The Further, donde posee la capacidad de traer lo que allí vive de vuelta al mundo real.",https://www.youtube.com/watch?v=fuxeEUqCNac,Terror
Cineplanet Alameda,LA NOCHE DEL DEMONIO: ESTÁN ENTRE NOSOTROS,2026-08-26,17:20,2D + CONV,DOBLADA,106,+14,https://cdn.apis.cineplanet.cl/CDN/media/entity/get/FilmPosterGraphic/HO00001857?referenceScheme=HeadOffice&allowPlaceHolder=true,https://www.cineplanet.cl/peliculas/la-noche-del-demonio-estn-entre-nosotros,"Gemma, una joven madre que cría a su hija en la casa en la que creció, descubre que puede viajar a The Further, donde posee la capacidad de traer lo que allí vive de vuelta al mundo real.",https://www.youtube.com/watch?v=fuxeEUqCNac,Terror
Cineplanet Alameda,LA NOCHE DEL DEMONIO: ESTÁN ENTRE NOSOTROS,2026-08-26,19:10,2D + CONV,DOBLADA,106,+14,https://cdn.apis.cineplanet.cl/CDN/media/entity/get/FilmPosterGraphic/HO00001857?referenceScheme=HeadOffice&allowPlaceHolder=true,https://www.cineplanet.cl/peliculas/la-noche-del-demonio-estn-entre-nosotros,"Gemma, una joven madre que cría a su hija en la casa en la que creció, descubre que puede viajar a The Further, donde posee la capacidad de traer lo que allí vive de vuelta al mundo real.",https://www.youtube.com/watch?v=fuxeEUqCNac,Terror
Cineplanet Alameda,LA NOCHE DEL DEMONIO: ESTÁN ENTRE NOSOTROS,2026-08-26,21:00,2D + CONV,DOBLADA,106,+14,https://cdn.apis.cineplanet.cl/CDN/media/entity/get/FilmPosterGraphic/HO00001857?referenceScheme=HeadOffice&allowPlaceHolder=true,https://www.cineplanet.cl/peliculas/la-noche-del-demonio-estn-entre-nosotros,"Gemma, una joven madre que cría a su hija en la casa en la que creció, descubre que puede viajar a The Further, donde posee la capacidad de traer lo que allí vive de vuelta al mundo real.",https://www.youtube.com/watch?v=fuxeEUqCNac,Terror
Cineplanet Alameda,LA NOCHE DEL DEMONIO: ESTÁN ENTRE NOSOTROS,2026-08-26,22:00,2D + CONV,DOBLADA,106,+14,https://cdn.apis.cineplanet.cl/CDN/media/entity/get/FilmPosterGraphic/HO00001857?referenceScheme=HeadOffice&allowPlaceHolder=true,https://www.cineplanet.cl/peliculas/la-noche-del-demonio-estn-entre-nosotros,"Gemma, una joven madre que cría a su hija en la casa en la que creció, descubre que puede viajar a The Further, donde posee la capacidad de traer lo que allí vive de vuelta al mundo real.",https://www.youtube.com/watch?v=fuxeEUqCNac,Terror
Cineplanet Alameda,LA ODISEA,2026-08-25,20:40,2D + CONV,DOBLADA,172,+14,https://cdn.apis.cineplanet.cl/CDN/media/entity/get/FilmPosterGraphic/HO00001834?referenceScheme=HeadOffice&allowPlaceHolder=true,https://www.cineplanet.cl/peliculas/la-odisea,"La siguiente película de Christopher Nolan, La Odisea, es una película de acción épica filmada alrededor del mundo usando nueva tecnología IMAX®. La película lleva la saga fundamental de Homero a las pantallas IMAX® por primera vez y estrena en cines en julio de 2026.",https://www.youtube.com/watch?v=8un_UztYsw0,Accion
Cineplanet Alameda,LA ODISEA,2026-08-26,20:40,2D + CONV,DOBLADA,172,+14,https://cdn.apis.cineplanet.cl/CDN/media/entity/get/FilmPosterGraphic/HO00001834?referenceScheme=HeadOffice&allowPlaceHolder=true,https://www.cineplanet.cl/peliculas/la-odisea,"La siguiente película de Christopher Nolan, La Odisea, es una película de acción épica filmada alrededor del mundo usando nueva tecnología IMAX®. La película lleva la saga fundamental de Homero a las pantallas IMAX® por primera vez y estrena en cines en julio de 2026.",https://www.youtube.com/watch?v=8un_UztYsw0,Accion
Cineplanet Alameda,MI VECINO TOTORO,2026-08-25,16:50,2D + CONV,SUBTITULAD,87,TBC,https://cdn.apis.cineplanet.cl/CDN/media/entity/get/FilmPosterGraphic/HO00001871?referenceScheme=HeadOffice&allowPlaceHolder=true,https://www.cineplanet.cl/peliculas/mi-vecino-totoro,"Cuando las hermanas Satsuki y Mei se mudan al campo junto a su padre para estar más cerca de su madre enferma, descubren un mundo mágico oculto entre los bosques. Allí conocen a Totoro, un misterioso y amable espíritu de la naturaleza que las acompañará en una inolvidable aventura llena de imaginación, amistad y asombro.",https://www.youtube.com/watch?v=Pr8drhw55A4,Animacion
Cineplanet Alameda,MI VECINO TOTORO,2026-08-26,16:50,2D + CONV,SUBTITULAD,87,TBC,https://cdn.apis.cineplanet.cl/CDN/media/entity/get/FilmPosterGraphic/HO00001871?referenceScheme=HeadOffice&allowPlaceHolder=true,https://www.cineplanet.cl/peliculas/mi-vecino-totoro,"Cuando las hermanas Satsuki y Mei se mudan al campo junto a su padre para estar más cerca de su madre enferma, descubren un mundo mágico oculto entre los bosques. Allí conocen a Totoro, un misterioso y amable espíritu de la naturaleza que las acompañará en una inolvidable aventura llena de imaginación, amistad y asombro.",https://www.youtube.com/watch?v=Pr8drhw55A4,Animacion
Cineplanet Alameda,PAW PATROL: LA DINO PELÍCULA,2026-08-25,14:20,2D + CONV,DOBLADA,88,TE,https://cdn.apis.cineplanet.cl/CDN/media/entity/get/FilmPosterGraphic/HO00001868?referenceScheme=HeadOffice&allowPlaceHolder=true,https://www.cineplanet.cl/peliculas/paw-patrol-la-dino-pelcula,"Después de que su barco quedara atrapado en una misteriosa tormenta, los cachorros de la Patrulla Canina aterrizan de emergencia en una isla tropical inexplorada llena de dinosaurios. Allí conocen a Rex, un cachorro que lleva años abandonado en la isla y se ha convertido en un experto en todo lo relacionado con los dinosaurios.",,Animacion
Cineplanet Alameda,PAW PATROL: LA DINO PELÍCULA,2026-08-26,14:20,2D + CONV,DOBLADA,88,TE,https://cdn.apis.cineplanet.cl/CDN/media/entity/get/FilmPosterGraphic/HO00001868?referenceScheme=HeadOffice&allowPlaceHolder=true,https://www.cineplanet.cl/peliculas/paw-patrol-la-dino-pelcula,"Después de que su barco quedara atrapado en una misteriosa tormenta, los cachorros de la Patrulla Canina aterrizan de emergencia en una isla tropical inexplorada llena de dinosaurios. Allí conocen a Rex, un cachorro que lleva años abandonado en la isla y se ha convertido en un experto en todo lo relacionado con los dinosaurios.",,Animacion
Cineplanet Alameda,SOLO POR UNA NOCHE,2026-08-25,18:00,2D + CONV,DOBLADA,102,+14,https://cdn.apis.cineplanet.cl/CDN/media/entity/get/FilmPosterGraphic/HO00001880?referenceScheme=HeadOffice&allowPlaceHolder=true,https://www.cineplanet.cl/peliculas/solo-por-una-noche,"¿Qué pasaría si una noche caótica resulta ser lo mejor que te ha pasado en la vida? Will Gluck rinde homenaje a la comedia romántica moderna con una película fresca, ingeniosa y encantadora sobre la búsqueda del amor en la noche menos romántica del año.",https://www.youtube.com/watch?v=r1A8FGtTtvk&t=16s,Romance
Cineplanet Alameda,SOLO POR UNA NOCHE,2026-08-26,18:00,2D + CONV,DOBLADA,102,+14,https://cdn.apis.cineplanet.cl/CDN/media/entity/get/FilmPosterGraphic/HO00001880?referenceScheme=HeadOffice&allowPlaceHolder=true,https://www.cineplanet.cl/peliculas/solo-por-una-noche,"¿Qué pasaría si una noche caótica resulta ser lo mejor que te ha pasado en la vida? Will Gluck rinde homenaje a la comedia romántica moderna con una película fresca, ingeniosa y encantadora sobre la búsqueda del amor en la noche menos romántica del año.",https://www.youtube.com/watch?v=r1A8FGtTtvk&t=16s,Romance
Cineplanet Alameda,SPIDER-MAN: UN NUEVO DIA,2026-08-25,14:00,2D + CONV,DOBLADA,145,TE +7,https://cdn.apis.cineplanet.cl/CDN/media/entity/get/FilmPosterGraphic/HO00001843?referenceScheme=HeadOffice&allowPlaceHolder=true,https://www.cineplanet.cl/peliculas/spider-man-un-nuevo-dia,"Han pasado cuatro años desde los acontecimientos de No Way Home, y Peter es ahora un adulto que vive completamente solo, habiéndose borrado voluntariamente de las vidas y recuerdos de aquellos a quienes ama. Lucha contra el crimen en un Nueva York que ya no conoce su nombre.",https://www.youtube.com/watch?v=3B1_P2h7v2k,Accion
Cineplanet Alameda,SPIDER-MAN: UN NUEVO DIA,2026-08-25,14:40,2D + CONV,DOBLADA,145,TE +7,https://cdn.apis.cineplanet.cl/CDN/media/entity/get/FilmPosterGraphic/HO00001843?referenceScheme=HeadOffice&allowPlaceHolder=true,https://www.cineplanet.cl/peliculas/spider-man-un-nuevo-dia,"Han pasado cuatro años desde los acontecimientos de No Way Home, y Peter es ahora un adulto que vive completamente solo, habiéndose borrado voluntariamente de las vidas y recuerdos de aquellos a quienes ama. Lucha contra el crimen en un Nueva York que ya no conoce su nombre.",https://www.youtube.com/watch?v=3B1_P2h7v2k,Accion
Cineplanet Alameda,SPIDER-MAN: UN NUEVO DIA,2026-08-25,15:20,3D + CONV,DOBLADA,145,TE +7,https://cdn.apis.cineplanet.cl/CDN/media/entity/get/FilmPosterGraphic/HO00001843?referenceScheme=HeadOffice&allowPlaceHolder=true,https://www.cineplanet.cl/peliculas/spider-man-un-nuevo-dia,"Han pasado cuatro años desde los acontecimientos de No Way Home, y Peter es ahora un adulto que vive completamente solo, habiéndose borrado voluntariamente de las vidas y recuerdos de aquellos a quienes ama. Lucha contra el crimen en un Nueva York que ya no conoce su nombre.",https://www.youtube.com/watch?v=3B1_P2h7v2k,Accion
Cineplanet Alameda,SPIDER-MAN: UN NUEVO DIA,2026-08-25,17:00,2D + CONV,DOBLADA,145,TE +7,https://cdn.apis.cineplanet.cl/CDN/media/entity/get/FilmPosterGraphic/HO00001843?referenceScheme=HeadOffice&allowPlaceHolder=true,https://www.cineplanet.cl/peliculas/spider-man-un-nuevo-dia,"Han pasado cuatro años desde los acontecimientos de No Way Home, y Peter es ahora un adulto que vive completamente solo, habiéndose borrado voluntariamente de las vidas y recuerdos de aquellos a quienes ama. Lucha contra el crimen en un Nueva York que ya no conoce su nombre.",https://www.youtube.com/watch?v=3B1_P2h7v2k,Accion
Cineplanet Alameda,SPIDER-MAN: UN NUEVO DIA,2026-08-25,17:40,2D + CONV,DOBLADA,145,TE +7,https://cdn.apis.cineplanet.cl/CDN/media/entity/get/FilmPosterGraphic/HO00001843?referenceScheme=HeadOffice&allowPlaceHolder=true,https://www.cineplanet.cl/peliculas/spider-man-un-nuevo-dia,"Han pasado cuatro años desde los acontecimientos de No Way Home, y Peter es ahora un adulto que vive completamente solo, habiéndose borrado voluntariamente de las vidas y recuerdos de aquellos a quienes ama. Lucha contra el crimen en un Nueva York que ya no conoce su nombre.",https://www.youtube.com/watch?v=3B1_P2h7v2k,Accion
Cineplanet Alameda,SPIDER-MAN: UN NUEVO DIA,2026-08-25,18:20,2D + CONV,DOBLADA,145,TE +7,https://cdn.apis.cineplanet.cl/CDN/media/entity/get/FilmPosterGraphic/HO00001843?referenceScheme=HeadOffice&allowPlaceHolder=true,https://www.cineplanet.cl/peliculas/spider-man-un-nuevo-dia,"Han pasado cuatro años desde los acontecimientos de No Way Home, y Peter es ahora un adulto que vive completamente solo, habiéndose borrado voluntariamente de las vidas y recuerdos de aquellos a quienes ama. Lucha contra el crimen en un Nueva York que ya no conoce su nombre.",https://www.youtube.com/watch?v=3B1_P2h7v2k,Accion
Cineplanet Alameda,SPIDER-MAN: UN NUEVO DIA,2026-08-25,20:00,2D + CONV,DOBLADA,145,TE +7,https://cdn.apis.cineplanet.cl/CDN/media/entity/get/FilmPosterGraphic/HO00001843?referenceScheme=HeadOffice&allowPlaceHolder=true,https://www.cineplanet.cl/peliculas/spider-man-un-nuevo-dia,"Han pasado cuatro años desde los acontecimientos de No Way Home, y Peter es ahora un adulto que vive completamente solo, habiéndose borrado voluntariamente de las vidas y recuerdos de aquellos a quienes ama. Lucha contra el crimen en un Nueva York que ya no conoce su nombre.",https://www.youtube.com/watch?v=3B1_P2h7v2k,Accion
Cineplanet Alameda,SPIDER-MAN: UN NUEVO DIA,2026-08-25,21:20,2D + CONV,DOBLADA,145,TE +7,https://cdn.apis.cineplanet.cl/CDN/media/entity/get/FilmPosterGraphic/HO00001843?referenceScheme=HeadOffice&allowPlaceHolder=true,https://www.cineplanet.cl/peliculas/spider-man-un-nuevo-dia,"Han pasado cuatro años desde los acontecimientos de No Way Home, y Peter es ahora un adulto que vive completamente solo, habiéndose borrado voluntariamente de las vidas y recuerdos de aquellos a quienes ama. Lucha contra el crimen en un Nueva York que ya no conoce su nombre.",https://www.youtube.com/watch?v=3B1_P2h7v2k,Accion
Cineplanet Alameda,SPIDER-MAN: UN NUEVO DIA,2026-08-26,14:00,2D + CONV,DOBLADA,145,TE +7,https://cdn.apis.cineplanet.cl/CDN/media/entity/get/FilmPosterGraphic/HO00001843?referenceScheme=HeadOffice&allowPlaceHolder=true,https://www.cineplanet.cl/peliculas/spider-man-un-nuevo-dia,"Han pasado cuatro años desde los acontecimientos de No Way Home, y Peter es ahora un adulto que vive completamente solo, habiéndose borrado voluntariamente de las vidas y recuerdos de aquellos a quienes ama. Lucha contra el crimen en un Nueva York que ya no conoce su nombre.",https://www.youtube.com/watch?v=3B1_P2h7v2k,Accion
Cineplanet Alameda,SPIDER-MAN: UN NUEVO DIA,2026-08-26,14:40,2D + CONV,DOBLADA,145,TE +7,https://cdn.apis.cineplanet.cl/CDN/media/entity/get/FilmPosterGraphic/HO00001843?referenceScheme=HeadOffice&allowPlaceHolder=true,https://www.cineplanet.cl/peliculas/spider-man-un-nuevo-dia,"Han pasado cuatro años desde los acontecimientos de No Way Home, y Peter es ahora un adulto que vive completamente solo, habiéndose borrado voluntariamente de las vidas y recuerdos de aquellos a quienes ama. Lucha contra el crimen en un Nueva York que ya no conoce su nombre.",https://www.youtube.com/watch?v=3B1_P2h7v2k,Accion
Cineplanet Alameda,SPIDER-MAN: UN NUEVO DIA,2026-08-26,15:20,3D + CONV,DOBLADA,145,TE +7,https://cdn.apis.cineplanet.cl/CDN/media/entity/get/FilmPosterGraphic/HO00001843?referenceScheme=HeadOffice&allowPlaceHolder=true,https://www.cineplanet.cl/peliculas/spider-man-un-nuevo-dia,"Han pasado cuatro años desde los acontecimientos de No Way Home, y Peter es ahora un adulto que vive completamente solo, habiéndose borrado voluntariamente de las vidas y recuerdos de aquellos a quienes ama. Lucha contra el crimen en un Nueva York que ya no conoce su nombre.",https://www.youtube.com/watch?v=3B1_P2h7v2k,Accion
Cineplanet Alameda,SPIDER-MAN: UN NUEVO DIA,2026-08-26,17:00,2D + CONV,DOBLADA,145,TE +7,https://cdn.apis.cineplanet.cl/CDN/media/entity/get/FilmPosterGraphic/HO00001843?referenceScheme=HeadOffice&allowPlaceHolder=true,https://www.cineplanet.cl/peliculas/spider-man-un-nuevo-dia,"Han pasado cuatro años desde los acontecimientos de No Way Home, y Peter es ahora un adulto que vive completamente solo, habiéndose borrado voluntariamente de las vidas y recuerdos de aquellos a quienes ama. Lucha contra el crimen en un Nueva York que ya no conoce su nombre.",https://www.youtube.com/watch?v=3B1_P2h7v2k,Accion
Cineplanet Alameda,SPIDER-MAN: UN NUEVO DIA,2026-08-26,17:40,2D + CONV,DOBLADA,145,TE +7,https://cdn.apis.cineplanet.cl/CDN/media/entity/get/FilmPosterGraphic/HO00001843?referenceScheme=HeadOffice&allowPlaceHolder=true,https://www.cineplanet.cl/peliculas/spider-man-un-nuevo-dia,"Han pasado cuatro años desde los acontecimientos de No Way Home, y Peter es ahora un adulto que vive completamente solo, habiéndose borrado voluntariamente de las vidas y recuerdos de aquellos a quienes ama. Lucha contra el crimen en un Nueva York que ya no conoce su nombre.",https://www.youtube.com/watch?v=3B1_P2h7v2k,Accion
Cineplanet Alameda,SPIDER-MAN: UN NUEVO DIA,2026-08-26,18:20,2D + CONV,DOBLADA,145,TE +7,https://cdn.apis.cineplanet.cl/CDN/media/entity/get/FilmPosterGraphic/HO00001843?referenceScheme=HeadOffice&allowPlaceHolder=true,https://www.cineplanet.cl/peliculas/spider-man-un-nuevo-dia,"Han pasado cuatro años desde los acontecimientos de No Way Home, y Peter es ahora un adulto que vive completamente solo, habiéndose borrado voluntariamente de las vidas y recuerdos de aquellos a quienes ama. Lucha contra el crimen en un Nueva York que ya no conoce su nombre.",https://www.youtube.com/watch?v=3B1_P2h7v2k,Accion
Cineplanet Alameda,SPIDER-MAN: UN NUEVO DIA,2026-08-26,20:00,2D + CONV,DOBLADA,145,TE +7,https://cdn.apis.cineplanet.cl/CDN/media/entity/get/FilmPosterGraphic/HO00001843?referenceScheme=HeadOffice&allowPlaceHolder=true,https://www.cineplanet.cl/peliculas/spider-man-un-nuevo-dia,"Han pasado cuatro años desde los acontecimientos de No Way Home, y Peter es ahora un adulto que vive completamente solo, habiéndose borrado voluntariamente de las vidas y recuerdos de aquellos a quienes ama. Lucha contra el crimen en un Nueva York que ya no conoce su nombre.",https://www.youtube.com/watch?v=3B1_P2h7v2k,Accion
Cineplanet Alameda,SPIDER-MAN: UN NUEVO DIA,2026-08-26,21:20,2D + CONV,DOBLADA,145,TE +7,https://cdn.apis.cineplanet.cl/CDN/media/entity/get/FilmPosterGraphic/HO00001843?referenceScheme=HeadOffice&allowPlaceHolder=true,https://www.cineplanet.cl/peliculas/spider-man-un-nuevo-dia,"Han pasado cuatro años desde los acontecimientos de No Way Home, y Peter es ahora un adulto que vive completamente solo, habiéndose borrado voluntariamente de las vidas y recuerdos de aquellos a quienes ama. Lucha contra el crimen en un Nueva York que ya no conoce su nombre.",https://www.youtube.com/watch?v=3B1_P2h7v2k,Accion
Cineplanet Alameda,TOY STORY 5,2026-08-25,14:30,2D + CONV,DOBLADA,102,TE,https://cdn.apis.cineplanet.cl/CDN/media/entity/get/FilmPosterGraphic/HO00001810?referenceScheme=HeadOffice&allowPlaceHolder=true,https://www.cineplanet.cl/peliculas/toy-story-5,"Los juguetes están de vuelta. Esta vez, Buzz Lightyear, Woody, Jessie y el resto de la pandilla se enfrentan a un nuevo reto cuando conocen a Lilypad, una nueva tablet.",https://www.youtube.com/watch?v=s_qpMMkvHYE,Animacion
Cineplanet Alameda,TOY STORY 5,2026-08-25,16:20,2D + CONV,DOBLADA,102,TE,https://cdn.apis.cineplanet.cl/CDN/media/entity/get/FilmPosterGraphic/HO00001810?referenceScheme=HeadOffice&allowPlaceHolder=true,https://www.cineplanet.cl/peliculas/toy-story-5,"Los juguetes están de vuelta. Esta vez, Buzz Lightyear, Woody, Jessie y el resto de la pandilla se enfrentan a un nuevo reto cuando conocen a Lilypad, una nueva tablet.",https://www.youtube.com/watch?v=s_qpMMkvHYE,Animacion
Cineplanet Alameda,TOY STORY 5,2026-08-26,14:30,2D + CONV,DOBLADA,102,TE,https://cdn.apis.cineplanet.cl/CDN/media/entity/get/FilmPosterGraphic/HO00001810?referenceScheme=HeadOffice&allowPlaceHolder=true,https://www.cineplanet.cl/peliculas/toy-story-5,"Los juguetes están de vuelta. Esta vez, Buzz Lightyear, Woody, Jessie y el resto de la pandilla se enfrentan a un nuevo reto cuando conocen a Lilypad, una nueva tablet.",https://www.youtube.com/watch?v=s_qpMMkvHYE,Animacion
Cineplanet Alameda,TOY STORY 5,2026-08-26,18:40,2D + CONV,DOBLADA,102,TE,https://cdn.apis.cineplanet.cl/CDN/media/entity/get/FilmPosterGraphic/HO00001810?referenceScheme=HeadOffice&allowPlaceHolder=true,https://www.cineplanet.cl/peliculas/toy-story-5,"Los juguetes están de vuelta. Esta vez, Buzz Lightyear, Woody, Jessie y el resto de la pandilla se enfrentan a un nuevo reto cuando conocen a Lilypad, una nueva tablet.",https://www.youtube.com/watch?v=s_qpMMkvHYE,Animacion
Cineplanet Alameda,TU CORAZON SERA DESTROZADO,2026-08-25,15:10,2D + CONV,DOBLADA,135,+14,https://cdn.apis.cineplanet.cl/CDN/media/entity/get/FilmPosterGraphic/HO00001846?referenceScheme=HeadOffice&allowPlaceHolder=true,https://www.cineplanet.cl/peliculas/tu-corazon-sera-destrozado,"Polina llega a un nuevo colegio intentando pasar desapercibida, pero rápidamente se convierte en el blanco de los abusos de sus compañeros.",https://www.youtube.com/watch?v=hrqU6rChAgE,Romance
Cineplanet Alameda,TU CORAZON SERA DESTROZADO,2026-08-26,15:10,2D + CONV,DOBLADA,135,+14,https://cdn.apis.cineplanet.cl/CDN/media/entity/get/FilmPosterGraphic/HO00001846?referenceScheme=HeadOffice&allowPlaceHolder=true,https://www.cineplanet.cl/peliculas/tu-corazon-sera-destrozado,"Polina llega a un nuevo colegio intentando pasar desapercibida, pero rápidamente se convierte en el blanco de los abusos de sus compañeros.",https://www.youtube.com/watch?v=hrqU6rChAgE,Romance
Cineplanet Costanera Center,EL FINAL DE LA CALLE OAK,2026-08-25,13:45,2D + CONV,DOBLADA,99,+14,https://cdn.apis.cineplanet.cl/CDN/media/entity/get/FilmPosterGraphic/HO00001856?referenceScheme=HeadOffice&allowPlaceHolder=true,https://www.cineplanet.cl/peliculas/el-final-de-la-calle-oak,"Después de que un misterioso fenómeno cósmico arranque Oak Street de su entorno suburbano y transporte a sus habitantes a un lugar desconocido, la familia Platt pronto descubre que su propia supervivencia depende de que permanezcan unidos mientras se orientan en un entorno que ya no reconocen.",https://www.youtube.com/watch?v=kdrry0xfHzA,Ciencia ficcion
Cineplanet Costanera Center,EL FINAL DE LA CALLE OAK,2026-08-25,16:00,2D + CONV,DOBLADA,99,+14,https://cdn.apis.cineplanet.cl/CDN/media/entity/get/FilmPosterGraphic/HO00001856?referenceScheme=HeadOffice&allowPlaceHolder=true,https://www.cineplanet.cl/peliculas/el-final-de-la-calle-oak,"Después de que un misterioso fenómeno cósmico arranque Oak Street de su entorno suburbano y transporte a sus habitantes a un lugar desconocido, la familia Platt pronto descubre que su propia supervivencia depende de que permanezcan unidos mientras se orientan en un entorno que ya no reconocen.",https://www.youtube.com/watch?v=kdrry0xfHzA,Ciencia ficcion
Cineplanet Costanera Center,EL FINAL DE LA CALLE OAK,2026-08-25,18:10,2D + CONV,SUBTITULAD,99,+14,https://cdn.apis.cineplanet.cl/CDN/media/entity/get/FilmPosterGraphic/HO00001856?referenceScheme=HeadOffice&allowPlaceHolder=true,https://www.cineplanet.cl/peliculas/el-final-de-la-calle-oak,"Después de que un misterioso fenómeno cósmico arranque Oak Street de su entorno suburbano y transporte a sus habitantes a un lugar desconocido, la familia Platt pronto descubre que su propia supervivencia depende de que permanezcan unidos mientras se orientan en un entorno que ya no reconocen.",https://www.youtube.com/watch?v=kdrry0xfHzA,Ciencia ficcion
Cineplanet Costanera Center,EL FINAL DE LA CALLE OAK,2026-08-25,20:30,2D + CONV,SUBTITULAD,99,+14,https://cdn.apis.cineplanet.cl/CDN/media/entity/get/FilmPosterGraphic/HO00001856?referenceScheme=HeadOffice&allowPlaceHolder=true,https://www.cineplanet.cl/peliculas/el-final-de-la-calle-oak,"Después de que un misterioso fenómeno cósmico arranque Oak Street de su entorno suburbano y transporte a sus habitantes a un lugar desconocido, la familia Platt pronto descubre que su propia supervivencia depende de que permanezcan unidos mientras se orientan en un entorno que ya no reconocen.",https://www.youtube.com/watch?v=kdrry0xfHzA,Ciencia ficcion
Cineplanet Costanera Center,EL FINAL DE LA CALLE OAK,2026-08-25,21:50,2D + PRIME,SUBTITULAD,99,+14,https://cdn.apis.cineplanet.cl/CDN/media/entity/get/FilmPosterGraphic/HO00001856?referenceScheme=HeadOffice&allowPlaceHolder=true,https://www.cineplanet.cl/peliculas/el-final-de-la-calle-oak,"Después de que un misterioso fenómeno cósmico arranque Oak Street de su entorno suburbano y transporte a sus habitantes a un lugar desconocido, la familia Platt pronto descubre que su propia supervivencia depende de que permanezcan unidos mientras se orientan en un entorno que ya no reconocen.",https://www.youtube.com/watch?v=kdrry0xfHzA,Ciencia ficcion
Cineplanet Costanera Center,EL FINAL DE LA CALLE OAK,2026-08-25,22:40,2D + XTREME,DOBLADA,99,+14,https://cdn.apis.cineplanet.cl/CDN/media/entity/get/FilmPosterGraphic/HO00001856?referenceScheme=HeadOffice&allowPlaceHolder=true,https://www.cineplanet.cl/peliculas/el-final-de-la-calle-oak,"Después de que un misterioso fenómeno cósmico arranque Oak Street de su entorno suburbano y transporte a sus habitantes a un lugar desconocido, la familia Platt pronto descubre que su propia supervivencia depende de que permanezcan unidos mientras se orientan en un entorno que ya no reconocen.",https://www.youtube.com/watch?v=kdrry0xfHzA,Ciencia ficcion
Cineplanet Costanera Center,EL FINAL DE LA CALLE OAK,2026-08-26,13:45,2D + CONV,DOBLADA,99,+14,https://cdn.apis.cineplanet.cl/CDN/media/entity/get/FilmPosterGraphic/HO00001856?referenceScheme=HeadOffice&allowPlaceHolder=true,https://www.cineplanet.cl/peliculas/el-final-de-la-calle-oak,"Después de que un misterioso fenómeno cósmico arranque Oak Street de su entorno suburbano y transporte a sus habitantes a un lugar desconocido, la familia Platt pronto descubre que su propia supervivencia depende de que permanezcan unidos mientras se orientan en un entorno que ya no reconocen.",https://www.youtube.com/watch?v=kdrry0xfHzA,Ciencia ficcion
Cineplanet Costanera Center,EL FINAL DE LA CALLE OAK,2026-08-26,16:00,2D + CONV,DOBLADA,99,+14,https://cdn.apis.cineplanet.cl/CDN/media/entity/get/FilmPosterGraphic/HO00001856?referenceScheme=HeadOffice&allowPlaceHolder=true,https://www.cineplanet.cl/peliculas/el-final-de-la-calle-oak,"Después de que un misterioso fenómeno cósmico arranque Oak Street de su entorno suburbano y transporte a sus habitantes a un lugar desconocido, la familia Platt pronto descubre que su propia supervivencia depende de que permanezcan unidos mientras se orientan en un entorno que ya no reconocen.",https://www.youtube.com/watch?v=kdrry0xfHzA,Ciencia ficcion
Cineplanet Costanera Center,EL FINAL DE LA CALLE OAK,2026-08-26,18:10,2D + CONV,SUBTITULAD,99,+14,https://cdn.apis.cineplanet.cl/CDN/media/entity/get/FilmPosterGraphic/HO00001856?referenceScheme=HeadOffice&allowPlaceHolder=true,https://www.cineplanet.cl/peliculas/el-final-de-la-calle-oak,"Después de que un misterioso fenómeno cósmico arranque Oak Street de su entorno suburbano y transporte a sus habitantes a un lugar desconocido, la familia Platt pronto descubre que su propia supervivencia depende de que permanezcan unidos mientras se orientan en un entorno que ya no reconocen.",https://www.youtube.com/watch?v=kdrry0xfHzA,Ciencia ficcion
Cineplanet Costanera Center,EL FINAL DE LA CALLE OAK,2026-08-26,20:30,2D + CONV,SUBTITULAD,99,+14,https://cdn.apis.cineplanet.cl/CDN/media/entity/get/FilmPosterGraphic/HO00001856?referenceScheme=HeadOffice&allowPlaceHolder=true,https://www.cineplanet.cl/peliculas/el-final-de-la-calle-oak,"Después de que un misterioso fenómeno cósmico arranque Oak Street de su entorno suburbano y transporte a sus habitantes a un lugar desconocido, la familia Platt pronto descubre que su propia supervivencia depende de que permanezcan unidos mientras se orientan en un entorno que ya no reconocen.",https://www.youtube.com/watch?v=kdrry0xfHzA,Ciencia ficcion
Cineplanet Costanera Center,EL FINAL DE LA CALLE OAK,2026-08-26,21:50,2D + PRIME,SUBTITULAD,99,+14,https://cdn.apis.cineplanet.cl/CDN/media/entity/get/FilmPosterGraphic/HO00001856?referenceScheme=HeadOffice&allowPlaceHolder=true,https://www.cineplanet.cl/peliculas/el-final-de-la-calle-oak,"Después de que un misterioso fenómeno cósmico arranque Oak Street de su entorno suburbano y transporte a sus habitantes a un lugar desconocido, la familia Platt pronto descubre que su propia supervivencia depende de que permanezcan unidos mientras se orientan en un entorno que ya no reconocen.",https://www.youtube.com/watch?v=kdrry0xfHzA,Ciencia ficcion
Cineplanet Costanera Center,EL FINAL DE LA CALLE OAK,2026-08-26,22:40,2D + XTREME,DOBLADA,99,+14,https://cdn.apis.cineplanet.cl/CDN/media/entity/get/FilmPosterGraphic/HO00001856?referenceScheme=HeadOffice&allowPlaceHolder=true,https://www.cineplanet.cl/peliculas/el-final-de-la-calle-oak,"Después de que un misterioso fenómeno cósmico arranque Oak Street de su entorno suburbano y transporte a sus habitantes a un lugar desconocido, la familia Platt pronto descubre que su propia supervivencia depende de que permanezcan unidos mientras se orientan en un entorno que ya no reconocen.",https://www.youtube.com/watch?v=kdrry0xfHzA,Ciencia ficcion
Cineplanet Costanera Center,GHOST: 2 Big To Rig,2026-08-26,21:10,2D + CONV,SUBTITULAD,115,+14,https://cdn.apis.cineplanet.cl/CDN/media/entity/get/FilmPosterGraphic/HO00001882?referenceScheme=HeadOffice&allowPlaceHolder=true,https://www.cineplanet.cl/peliculas/ghost-2-big-to-rig,"Capturado en vivo durante los dos conciertos con entradas agotadas que GHOST dio en la Ciudad de México el año pasado, 2 BIG TO RIG es el documento definitivo de la inolvidable GIRA MUNDIAL SKELETOUR. Con las únicas tomas profesionales de Papa V Perpetua y su banda de Nameless Ghouls del SKELETOUR —sin celulares—, 2 BIG TO RIG te sumerge en el ritual en vivo de GHOST, con imágenes exclusivas detrás de cámaras y acceso al backstage. 2 BIG TO RIG nació para compartir la experiencia del SKELETOUR con los fans en los lugares donde no fue posible llevar a cabo el espectáculo por razones log",,Concierto
Cineplanet Costanera Center,GHOST: 2 Big To Rig,2026-08-27,21:10,2D + CONV,SUBTITULAD,115,+14,https://cdn.apis.cineplanet.cl/CDN/media/entity/get/FilmPosterGraphic/HO00001882?referenceScheme=HeadOffice&allowPlaceHolder=true,https://www.cineplanet.cl/peliculas/ghost-2-big-to-rig,"Capturado en vivo durante los dos conciertos con entradas agotadas que GHOST dio en la Ciudad de México el año pasado, 2 BIG TO RIG es el documento definitivo de la inolvidable GIRA MUNDIAL SKELETOUR. Con las únicas tomas profesionales de Papa V Perpetua y su banda de Nameless Ghouls del SKELETOUR —sin celulares—, 2 BIG TO RIG te sumerge en el ritual en vivo de GHOST, con imágenes exclusivas detrás de cámaras y acceso al backstage. 2 BIG TO RIG nació para compartir la experiencia del SKELETOUR con los fans en los lugares donde no fue posible llevar a cabo el espectáculo por razones log",,Concierto
Cineplanet Costanera Center,GHOST: 2 Big To Rig,2026-08-29,21:10,2D + CONV,SUBTITULAD,115,+14,https://cdn.apis.cineplanet.cl/CDN/media/entity/get/FilmPosterGraphic/HO00001882?referenceScheme=HeadOffice&allowPlaceHolder=true,https://www.cineplanet.cl/peliculas/ghost-2-big-to-rig,"Capturado en vivo durante los dos conciertos con entradas agotadas que GHOST dio en la Ciudad de México el año pasado, 2 BIG TO RIG es el documento definitivo de la inolvidable GIRA MUNDIAL SKELETOUR. Con las únicas tomas profesionales de Papa V Perpetua y su banda de Nameless Ghouls del SKELETOUR —sin celulares—, 2 BIG TO RIG te sumerge en el ritual en vivo de GHOST, con imágenes exclusivas detrás de cámaras y acceso al backstage. 2 BIG TO RIG nació para compartir la experiencia del SKELETOUR con los fans en los lugares donde no fue posible llevar a cabo el espectáculo por razones log",,Concierto
Cineplanet Costanera Center,HARRY POTTER Y LA PIEDRA FILOSOFAL (2001),2026-08-27,14:00,2D + CONV,DOBLADA,166,TE +7,https://cdn.apis.cineplanet.cl/CDN/media/entity/get/FilmPosterGraphic/HO00001895?referenceScheme=HeadOffice&allowPlaceHolder=true,https://www.cineplanet.cl/peliculas/harry-potter-y-la-piedra-filosofal-2001,"El día en que cumple once años, Harry Potter se entera de que es hijo de dos destacados hechiceros, de los que ha heredado poderes mágicos. En la escuela Hogwarts de Magia y Hechicería, donde se educa con otros niños que también tienen poderes especiales, aprenderá todo lo necesario para ser mago.",,Aventura
Cineplanet Costanera Center,HARRY POTTER Y LA PIEDRA FILOSOFAL (2001),2026-08-27,17:15,2D + CONV,SUBTITULAD,166,TE +7,https://cdn.apis.cineplanet.cl/CDN/media/entity/get/FilmPosterGraphic/HO00001895?referenceScheme=HeadOffice&allowPlaceHolder=true,https://www.cineplanet.cl/peliculas/harry-potter-y-la-piedra-filosofal-2001,"El día en que cumple once años, Harry Potter se entera de que es hijo de dos destacados hechiceros, de los que ha heredado poderes mágicos. En la escuela Hogwarts de Magia y Hechicería, donde se educa con otros niños que también tienen poderes especiales, aprenderá todo lo necesario para ser mago.",,Aventura
Cineplanet Costanera Center,HARRY POTTER Y LA PIEDRA FILOSOFAL (2001),2026-08-27,20:50,2D + CONV,SUBTITULAD,166,TE +7,https://cdn.apis.cineplanet.cl/CDN/media/entity/get/FilmPosterGraphic/HO00001895?referenceScheme=HeadOffice&allowPlaceHolder=true,https://www.cineplanet.cl/peliculas/harry-potter-y-la-piedra-filosofal-2001,"El día en que cumple once años, Harry Potter se entera de que es hijo de dos destacados hechiceros, de los que ha heredado poderes mágicos. En la escuela Hogwarts de Magia y Hechicería, donde se educa con otros niños que también tienen poderes especiales, aprenderá todo lo necesario para ser mago.",,Aventura
Cineplanet Costanera Center,HARRY POTTER Y LA PIEDRA FILOSOFAL (2001),2026-08-28,14:00,2D + CONV,SUBTITULAD,166,TE +7,https://cdn.apis.cineplanet.cl/CDN/media/entity/get/FilmPosterGraphic/HO00001895?referenceScheme=HeadOffice&allowPlaceHolder=true,https://www.cineplanet.cl/peliculas/harry-potter-y-la-piedra-filosofal-2001,"El día en que cumple once años, Harry Potter se entera de que es hijo de dos destacados hechiceros, de los que ha heredado poderes mágicos. En la escuela Hogwarts de Magia y Hechicería, donde se educa con otros niños que también tienen poderes especiales, aprenderá todo lo necesario para ser mago.",,Aventura
Cineplanet Costanera Center,HARRY POTTER Y LA PIEDRA FILOSOFAL (2001),2026-08-28,17:15,2D + CONV,DOBLADA,166,TE +7,https://cdn.apis.cineplanet.cl/CDN/media/entity/get/FilmPosterGraphic/HO00001895?referenceScheme=HeadOffice&allowPlaceHolder=true,https://www.cineplanet.cl/peliculas/harry-potter-y-la-piedra-filosofal-2001,"El día en que cumple once años, Harry Potter se entera de que es hijo de dos destacados hechiceros, de los que ha heredado poderes mágicos. En la escuela Hogwarts de Magia y Hechicería, donde se educa con otros niños que también tienen poderes especiales, aprenderá todo lo necesario para ser mago.",,Aventura
Cineplanet Costanera Center,HARRY POTTER Y LA PIEDRA FILOSOFAL (2001),2026-08-28,20:50,2D + CONV,DOBLADA,166,TE +7,https://cdn.apis.cineplanet.cl/CDN/media/entity/get/FilmPosterGraphic/HO00001895?referenceScheme=HeadOffice&allowPlaceHolder=true,https://www.cineplanet.cl/peliculas/harry-potter-y-la-piedra-filosofal-2001,"El día en que cumple once años, Harry Potter se entera de que es hijo de dos destacados hechiceros, de los que ha heredado poderes mágicos. En la escuela Hogwarts de Magia y Hechicería, donde se educa con otros niños que también tienen poderes especiales, aprenderá todo lo necesario para ser mago.",,Aventura
Cineplanet Costanera Center,HARRY POTTER Y LA PIEDRA FILOSOFAL (2001),2026-08-29,14:00,2D + CONV,SUBTITULAD,166,TE +7,https://cdn.apis.cineplanet.cl/CDN/media/entity/get/FilmPosterGraphic/HO00001895?referenceScheme=HeadOffice&allowPlaceHolder=true,https://www.cineplanet.cl/peliculas/harry-potter-y-la-piedra-filosofal-2001,"El día en que cumple once años, Harry Potter se entera de que es hijo de dos destacados hechiceros, de los que ha heredado poderes mágicos. En la escuela Hogwarts de Magia y Hechicería, donde se educa con otros niños que también tienen poderes especiales, aprenderá todo lo necesario para ser mago.",,Aventura
Cineplanet Costanera Center,HARRY POTTER Y LA PIEDRA FILOSOFAL (2001),2026-08-29,17:15,2D + CONV,DOBLADA,166,TE +7,https://cdn.apis.cineplanet.cl/CDN/media/entity/get/FilmPosterGraphic/HO00001895?referenceScheme=HeadOffice&allowPlaceHolder=true,https://www.cineplanet.cl/peliculas/harry-potter-y-la-piedra-filosofal-2001,"El día en que cumple once años, Harry Potter se entera de que es hijo de dos destacados hechiceros, de los que ha heredado poderes mágicos. En la escuela Hogwarts de Magia y Hechicería, donde se educa con otros niños que también tienen poderes especiales, aprenderá todo lo necesario para ser mago.",,Aventura
Cineplanet Costanera Center,HARRY POTTER Y LA PIEDRA FILOSOFAL (2001),2026-08-30,14:00,2D + CONV,SUBTITULAD,166,TE +7,https://cdn.apis.cineplanet.cl/CDN/media/entity/get/FilmPosterGraphic/HO00001895?referenceScheme=HeadOffice&allowPlaceHolder=true,https://www.cineplanet.cl/peliculas/harry-potter-y-la-piedra-filosofal-2001,"El día en que cumple once años, Harry Potter se entera de que es hijo de dos destacados hechiceros, de los que ha heredado poderes mágicos. En la escuela Hogwarts de Magia y Hechicería, donde se educa con otros niños que también tienen poderes especiales, aprenderá todo lo necesario para ser mago.",,Aventura
Cineplanet Costanera Center,HARRY POTTER Y LA PIEDRA FILOSOFAL (2001),2026-08-30,17:15,2D + CONV,DOBLADA,166,TE +7,https://cdn.apis.cineplanet.cl/CDN/media/entity/get/FilmPosterGraphic/HO00001895?referenceScheme=HeadOffice&allowPlaceHolder=true,https://www.cineplanet.cl/peliculas/harry-potter-y-la-piedra-filosofal-2001,"El día en que cumple once años, Harry Potter se entera de que es hijo de dos destacados hechiceros, de los que ha heredado poderes mágicos. En la escuela Hogwarts de Magia y Hechicería, donde se educa con otros niños que también tienen poderes especiales, aprenderá todo lo necesario para ser mago.",,Aventura
Cineplanet Costanera Center,JUAN GABRIEL: MI PRIMER BELLAS ARTES,2026-08-28,13:40,2D + CONV,DOBLADA,110,TE +7,https://cdn.apis.cineplanet.cl/CDN/media/entity/get/FilmPosterGraphic/HO00001883?referenceScheme=HeadOffice&allowPlaceHolder=true,https://www.cineplanet.cl/peliculas/juan-gabriel-mi-primer-bellas-artes,"*Versión Sing Along* El concierto más icónico de México llega a la pantalla grande. A partir del 28 de agosto, con motivo del 10.º aniversario luctuoso de Juan Gabriel, disfruta del histórico primer concierto de Juan Gabriel en el Palacio de Bellas Artes en 1990, una noche que transformó para siempre la música en México. Más de tres décadas después, esta presentación legendaria revive en una nueva reedición especial para cines con imagen y audio restaurados, donde cada interpretación, cada aplauso y cada instante recuperan su esplendor para que nuevas generaciones y admiradores de siempre pu",https://www.youtube.com/watch?v=zq9V3eaio2Y,Concierto
Cineplanet Costanera Center,JUAN GABRIEL: MI PRIMER BELLAS ARTES,2026-08-28,16:00,2D + CONV,DOBLADA,110,TE +7,https://cdn.apis.cineplanet.cl/CDN/media/entity/get/FilmPosterGraphic/HO00001883?referenceScheme=HeadOffice&allowPlaceHolder=true,https://www.cineplanet.cl/peliculas/juan-gabriel-mi-primer-bellas-artes,"*Versión Sing Along* El concierto más icónico de México llega a la pantalla grande. A partir del 28 de agosto, con motivo del 10.º aniversario luctuoso de Juan Gabriel, disfruta del histórico primer concierto de Juan Gabriel en el Palacio de Bellas Artes en 1990, una noche que transformó para siempre la música en México. Más de tres décadas después, esta presentación legendaria revive en una nueva reedición especial para cines con imagen y audio restaurados, donde cada interpretación, cada aplauso y cada instante recuperan su esplendor para que nuevas generaciones y admiradores de siempre pu",https://www.youtube.com/watch?v=zq9V3eaio2Y,Concierto
Cineplanet Costanera Center,JUAN GABRIEL: MI PRIMER BELLAS ARTES,2026-08-28,18:20,2D + CONV,DOBLADA,110,TE +7,https://cdn.apis.cineplanet.cl/CDN/media/entity/get/FilmPosterGraphic/HO00001883?referenceScheme=HeadOffice&allowPlaceHolder=true,https://www.cineplanet.cl/peliculas/juan-gabriel-mi-primer-bellas-artes,"*Versión Sing Along* El concierto más icónico de México llega a la pantalla grande. A partir del 28 de agosto, con motivo del 10.º aniversario luctuoso de Juan Gabriel, disfruta del histórico primer concierto de Juan Gabriel en el Palacio de Bellas Artes en 1990, una noche que transformó para siempre la música en México. Más de tres décadas después, esta presentación legendaria revive en una nueva reedición especial para cines con imagen y audio restaurados, donde cada interpretación, cada aplauso y cada instante recuperan su esplendor para que nuevas generaciones y admiradores de siempre pu",https://www.youtube.com/watch?v=zq9V3eaio2Y,Concierto
Cineplanet Costanera Center,JUAN GABRIEL: MI PRIMER BELLAS ARTES,2026-08-29,13:40,2D + CONV,DOBLADA,110,TE +7,https://cdn.apis.cineplanet.cl/CDN/media/entity/get/FilmPosterGraphic/HO00001883?referenceScheme=HeadOffice&allowPlaceHolder=true,https://www.cineplanet.cl/peliculas/juan-gabriel-mi-primer-bellas-artes,"*Versión Sing Along* El concierto más icónico de México llega a la pantalla grande. A partir del 28 de agosto, con motivo del 10.º aniversario luctuoso de Juan Gabriel, disfruta del histórico primer concierto de Juan Gabriel en el Palacio de Bellas Artes en 1990, una noche que transformó para siempre la música en México. Más de tres décadas después, esta presentación legendaria revive en una nueva reedición especial para cines con imagen y audio restaurados, donde cada interpretación, cada aplauso y cada instante recuperan su esplendor para que nuevas generaciones y admiradores de siempre pu",https://www.youtube.com/watch?v=zq9V3eaio2Y,Concierto
Cineplanet Costanera Center,JUAN GABRIEL: MI PRIMER BELLAS ARTES,2026-08-29,16:00,2D + CONV,DOBLADA,110,TE +7,https://cdn.apis.cineplanet.cl/CDN/media/entity/get/FilmPosterGraphic/HO00001883?referenceScheme=HeadOffice&allowPlaceHolder=true,https://www.cineplanet.cl/peliculas/juan-gabriel-mi-primer-bellas-artes,"*Versión Sing Along* El concierto más icónico de México llega a la pantalla grande. A partir del 28 de agosto, con motivo del 10.º aniversario luctuoso de Juan Gabriel, disfruta del histórico primer concierto de Juan Gabriel en el Palacio de Bellas Artes en 1990, una noche que transformó para siempre la música en México. Más de tres décadas después, esta presentación legendaria revive en una nueva reedición especial para cines con imagen y audio restaurados, donde cada interpretación, cada aplauso y cada instante recuperan su esplendor para que nuevas generaciones y admiradores de siempre pu",https://www.youtube.com/watch?v=zq9V3eaio2Y,Concierto
Cineplanet Costanera Center,JUAN GABRIEL: MI PRIMER BELLAS ARTES,2026-08-29,18:20,2D + CONV,DOBLADA,110,TE +7,https://cdn.apis.cineplanet.cl/CDN/media/entity/get/FilmPosterGraphic/HO00001883?referenceScheme=HeadOffice&allowPlaceHolder=true,https://www.cineplanet.cl/peliculas/juan-gabriel-mi-primer-bellas-artes,"*Versión Sing Along* El concierto más icónico de México llega a la pantalla grande. A partir del 28 de agosto, con motivo del 10.º aniversario luctuoso de Juan Gabriel, disfruta del histórico primer concierto de Juan Gabriel en el Palacio de Bellas Artes en 1990, una noche que transformó para siempre la música en México. Más de tres décadas después, esta presentación legendaria revive en una nueva reedición especial para cines con imagen y audio restaurados, donde cada interpretación, cada aplauso y cada instante recuperan su esplendor para que nuevas generaciones y admiradores de siempre pu",https://www.youtube.com/watch?v=zq9V3eaio2Y,Concierto
Cineplanet Costanera Center,JUAN GABRIEL: MI PRIMER BELLAS ARTES,2026-08-30,13:40,2D + CONV,DOBLADA,110,TE +7,https://cdn.apis.cineplanet.cl/CDN/media/entity/get/FilmPosterGraphic/HO00001883?referenceScheme=HeadOffice&allowPlaceHolder=true,https://www.cineplanet.cl/peliculas/juan-gabriel-mi-primer-bellas-artes,"*Versión Sing Along* El concierto más icónico de México llega a la pantalla grande. A partir del 28 de agosto, con motivo del 10.º aniversario luctuoso de Juan Gabriel, disfruta del histórico primer concierto de Juan Gabriel en el Palacio de Bellas Artes en 1990, una noche que transformó para siempre la música en México. Más de tres décadas después, esta presentación legendaria revive en una nueva reedición especial para cines con imagen y audio restaurados, donde cada interpretación, cada aplauso y cada instante recuperan su esplendor para que nuevas generaciones y admiradores de siempre pu",https://www.youtube.com/watch?v=zq9V3eaio2Y,Concierto
Cineplanet Costanera Center,JUAN GABRIEL: MI PRIMER BELLAS ARTES,2026-08-30,16:00,2D + CONV,DOBLADA,110,TE +7,https://cdn.apis.cineplanet.cl/CDN/media/entity/get/FilmPosterGraphic/HO00001883?referenceScheme=HeadOffice&allowPlaceHolder=true,https://www.cineplanet.cl/peliculas/juan-gabriel-mi-primer-bellas-artes,"*Versión Sing Along* El concierto más icónico de México llega a la pantalla grande. A partir del 28 de agosto, con motivo del 10.º aniversario luctuoso de Juan Gabriel, disfruta del histórico primer concierto de Juan Gabriel en el Palacio de Bellas Artes en 1990, una noche que transformó para siempre la música en México. Más de tres décadas después, esta presentación legendaria revive en una nueva reedición especial para cines con imagen y audio restaurados, donde cada interpretación, cada aplauso y cada instante recuperan su esplendor para que nuevas generaciones y admiradores de siempre pu",https://www.youtube.com/watch?v=zq9V3eaio2Y,Concierto
Cineplanet Costanera Center,JUAN GABRIEL: MI PRIMER BELLAS ARTES,2026-08-30,18:20,2D + CONV,DOBLADA,110,TE +7,https://cdn.apis.cineplanet.cl/CDN/media/entity/get/FilmPosterGraphic/HO00001883?referenceScheme=HeadOffice&allowPlaceHolder=true,https://www.cineplanet.cl/peliculas/juan-gabriel-mi-primer-bellas-artes,"*Versión Sing Along* El concierto más icónico de México llega a la pantalla grande. A partir del 28 de agosto, con motivo del 10.º aniversario luctuoso de Juan Gabriel, disfruta del histórico primer concierto de Juan Gabriel en el Palacio de Bellas Artes en 1990, una noche que transformó para siempre la música en México. Más de tres décadas después, esta presentación legendaria revive en una nueva reedición especial para cines con imagen y audio restaurados, donde cada interpretación, cada aplauso y cada instante recuperan su esplendor para que nuevas generaciones y admiradores de siempre pu",https://www.youtube.com/watch?v=zq9V3eaio2Y,Concierto
Cineplanet Costanera Center,KATY PERRY: THE LIFETIMES TOUR - LIVE FROM PARIS,2026-09-02,20:10,2D + CONV,SUBTITULAD,132,TBC,https://cdn.apis.cineplanet.cl/CDN/media/entity/get/FilmPosterGraphic/HO00001891?referenceScheme=HeadOffice&allowPlaceHolder=true,https://www.cineplanet.cl/peliculas/katy-perry-the-lifetimes-tour-live-from-paris,"Grabada en el icónico Accor Arena de París durante los conciertos con todas las entradas agotadas de la gira Lifetimes Tour en noviembre de 2025, Katy Perry: The Lifetimes Tour – Live From Paris captura uno de los mayores espectáculos en directo del pop en su mejor momento. Dirigida por el reconocido realizador de conciertos Paul Dugdale y filmada con más de 60 cámaras, la película ofrece una experiencia inmersiva que hace sentir al público como si estuviera en primera fila, mostrando toda la magnitud, la energía y el espectacular despliegue visual de la gira mundial de Katy Perry",https://youtu.be/1hap21-b8mg?si=02sE5WE4PUpM-uX2,Concierto
Cineplanet Costanera Center,KATY PERRY: THE LIFETIMES TOUR - LIVE FROM PARIS,2026-09-05,15:50,2D + CONV,SUBTITULAD,132,TBC,https://cdn.apis.cineplanet.cl/CDN/media/entity/get/FilmPosterGraphic/HO00001891?referenceScheme=HeadOffice&allowPlaceHolder=true,https://www.cineplanet.cl/peliculas/katy-perry-the-lifetimes-tour-live-from-paris,"Grabada en el icónico Accor Arena de París durante los conciertos con todas las entradas agotadas de la gira Lifetimes Tour en noviembre de 2025, Katy Perry: The Lifetimes Tour – Live From Paris captura uno de los mayores espectáculos en directo del pop en su mejor momento. Dirigida por el reconocido realizador de conciertos Paul Dugdale y filmada con más de 60 cámaras, la película ofrece una experiencia inmersiva que hace sentir al público como si estuviera en primera fila, mostrando toda la magnitud, la energía y el espectacular despliegue visual de la gira mundial de Katy Perry",https://youtu.be/1hap21-b8mg?si=02sE5WE4PUpM-uX2,Concierto
Cineplanet Costanera Center,LA MUERTE DE ROBIN HOOD,2026-08-25,18:30,2D + CONV,SUBTITULAD,122,+14,https://cdn.apis.cineplanet.cl/CDN/media/entity/get/FilmPosterGraphic/HO00001904?referenceScheme=HeadOffice&allowPlaceHolder=true,https://www.cineplanet.cl/peliculas/la-muerte-de-robin-hood,"Un Robin Hood herido se enfrenta a la muerte tras su última batalla, hasta que un misterioso sanador le ofrece la redención de su violento pasado.",,Drama
Cineplanet Costanera Center,LA MUERTE DE ROBIN HOOD,2026-08-25,21:00,2D + CONV,SUBTITULAD,122,+14,https://cdn.apis.cineplanet.cl/CDN/media/entity/get/FilmPosterGraphic/HO00001904?referenceScheme=HeadOffice&allowPlaceHolder=true,https://www.cineplanet.cl/peliculas/la-muerte-de-robin-hood,"Un Robin Hood herido se enfrenta a la muerte tras su última batalla, hasta que un misterioso sanador le ofrece la redención de su violento pasado.",,Drama
Cineplanet Costanera Center,LA MUERTE DE ROBIN HOOD,2026-08-26,18:30,2D + CONV,SUBTITULAD,122,+14,https://cdn.apis.cineplanet.cl/CDN/media/entity/get/FilmPosterGraphic/HO00001904?referenceScheme=HeadOffice&allowPlaceHolder=true,https://www.cineplanet.cl/peliculas/la-muerte-de-robin-hood,"Un Robin Hood herido se enfrenta a la muerte tras su última batalla, hasta que un misterioso sanador le ofrece la redención de su violento pasado.",,Drama
Cineplanet Costanera Center,LA NEGOCIACIÓN,2026-08-25,21:20,2D + CONV,SUBTITULAD,105,+14,https://cdn.apis.cineplanet.cl/CDN/media/entity/get/FilmPosterGraphic/HO00001881?referenceScheme=HeadOffice&allowPlaceHolder=true,https://www.cineplanet.cl/peliculas/la-negociacin,"Un hombre armado irrumpe en las oficinas de una hipotecaria y toma como rehén al presidente de la compañía, amenazándolo con una escopeta conectada a su propio cuello mediante un mecanismo de alambre.",https://www.youtube.com/watch?v=D3glJQdJWsE,Drama
Cineplanet Costanera Center,LA NEGOCIACIÓN,2026-08-26,21:20,2D + CONV,SUBTITULAD,105,+14,https://cdn.apis.cineplanet.cl/CDN/media/entity/get/FilmPosterGraphic/HO00001881?referenceScheme=HeadOffice&allowPlaceHolder=true,https://www.cineplanet.cl/peliculas/la-negociacin,"Un hombre armado irrumpe en las oficinas de una hipotecaria y toma como rehén al presidente de la compañía, amenazándolo con una escopeta conectada a su propio cuello mediante un mecanismo de alambre.",https://www.youtube.com/watch?v=D3glJQdJWsE,Drama
Cineplanet Costanera Center,LA NOCHE DEL DEMONIO: ESTÁN ENTRE NOSOTROS,2026-08-25,13:00,2D + CONV,DOBLADA,106,+14,https://cdn.apis.cineplanet.cl/CDN/media/entity/get/FilmPosterGraphic/HO00001857?referenceScheme=HeadOffice&allowPlaceHolder=true,https://www.cineplanet.cl/peliculas/la-noche-del-demonio-estn-entre-nosotros,"Gemma, una joven madre que cría a su hija en la casa en la que creció, descubre que puede viajar a The Further, donde posee la capacidad de traer lo que allí vive de vuelta al mundo real.",https://www.youtube.com/watch?v=fuxeEUqCNac,Terror
Cineplanet Costanera Center,LA NOCHE DEL DEMONIO: ESTÁN ENTRE NOSOTROS,2026-08-25,14:10,2D + CONV + PRIME,DOBLADA,106,+14,https://cdn.apis.cineplanet.cl/CDN/media/entity/get/FilmPosterGraphic/HO00001857?referenceScheme=HeadOffice&allowPlaceHolder=true,https://www.cineplanet.cl/peliculas/la-noche-del-demonio-estn-entre-nosotros,"Gemma, una joven madre que cría a su hija en la casa en la que creció, descubre que puede viajar a The Further, donde posee la capacidad de traer lo que allí vive de vuelta al mundo real.",https://www.youtube.com/watch?v=fuxeEUqCNac,Terror
Cineplanet Costanera Center,LA NOCHE DEL DEMONIO: ESTÁN ENTRE NOSOTROS,2026-08-25,15:20,2D + CONV,DOBLADA,106,+14,https://cdn.apis.cineplanet.cl/CDN/media/entity/get/FilmPosterGraphic/HO00001857?referenceScheme=HeadOffice&allowPlaceHolder=true,https://www.cineplanet.cl/peliculas/la-noche-del-demonio-estn-entre-nosotros,"Gemma, una joven madre que cría a su hija en la casa en la que creció, descubre que puede viajar a The Further, donde posee la capacidad de traer lo que allí vive de vuelta al mundo real.",https://www.youtube.com/watch?v=fuxeEUqCNac,Terror
Cineplanet Costanera Center,LA NOCHE DEL DEMONIO: ESTÁN ENTRE NOSOTROS,2026-08-25,16:20,2D + PRIME,SUBTITULAD,106,+14,https://cdn.apis.cineplanet.cl/CDN/media/entity/get/FilmPosterGraphic/HO00001857?referenceScheme=HeadOffice&allowPlaceHolder=true,https://www.cineplanet.cl/peliculas/la-noche-del-demonio-estn-entre-nosotros,"Gemma, una joven madre que cría a su hija en la casa en la que creció, descubre que puede viajar a The Further, donde posee la capacidad de traer lo que allí vive de vuelta al mundo real.",https://www.youtube.com/watch?v=fuxeEUqCNac,Terror
Cineplanet Costanera Center,LA NOCHE DEL DEMONIO: ESTÁN ENTRE NOSOTROS,2026-08-25,17:40,2D + CONV,DOBLADA,106,+14,https://cdn.apis.cineplanet.cl/CDN/media/entity/get/FilmPosterGraphic/HO00001857?referenceScheme=HeadOffice&allowPlaceHolder=true,https://www.cineplanet.cl/peliculas/la-noche-del-demonio-estn-entre-nosotros,"Gemma, una joven madre que cría a su hija en la casa en la que creció, descubre que puede viajar a The Further, donde posee la capacidad de traer lo que allí vive de vuelta al mundo real.",https://www.youtube.com/watch?v=fuxeEUqCNac,Terror
Cineplanet Costanera Center,LA NOCHE DEL DEMONIO: ESTÁN ENTRE NOSOTROS,2026-08-25,20:00,2D + CONV,SUBTITULAD,106,+14,https://cdn.apis.cineplanet.cl/CDN/media/entity/get/FilmPosterGraphic/HO00001857?referenceScheme=HeadOffice&allowPlaceHolder=true,https://www.cineplanet.cl/peliculas/la-noche-del-demonio-estn-entre-nosotros,"Gemma, una joven madre que cría a su hija en la casa en la que creció, descubre que puede viajar a The Further, donde posee la capacidad de traer lo que allí vive de vuelta al mundo real.",https://www.youtube.com/watch?v=fuxeEUqCNac,Terror
Cineplanet Costanera Center,LA NOCHE DEL DEMONIO: ESTÁN ENTRE NOSOTROS,2026-08-25,22:30,2D + PRIME,SUBTITULAD,106,+14,https://cdn.apis.cineplanet.cl/CDN/media/entity/get/FilmPosterGraphic/HO00001857?referenceScheme=HeadOffice&allowPlaceHolder=true,https://www.cineplanet.cl/peliculas/la-noche-del-demonio-estn-entre-nosotros,"Gemma, una joven madre que cría a su hija en la casa en la que creció, descubre que puede viajar a The Further, donde posee la capacidad de traer lo que allí vive de vuelta al mundo real.",https://www.youtube.com/watch?v=fuxeEUqCNac,Terror
Cineplanet Costanera Center,LA NOCHE DEL DEMONIO: ESTÁN ENTRE NOSOTROS,2026-08-26,13:00,2D + CONV,DOBLADA,106,+14,https://cdn.apis.cineplanet.cl/CDN/media/entity/get/FilmPosterGraphic/HO00001857?referenceScheme=HeadOffice&allowPlaceHolder=true,https://www.cineplanet.cl/peliculas/la-noche-del-demonio-estn-entre-nosotros,"Gemma, una joven madre que cría a su hija en la casa en la que creció, descubre que puede viajar a The Further, donde posee la capacidad de traer lo que allí vive de vuelta al mundo real.",https://www.youtube.com/watch?v=fuxeEUqCNac,Terror
Cineplanet Costanera Center,LA NOCHE DEL DEMONIO: ESTÁN ENTRE NOSOTROS,2026-08-26,14:10,2D + CONV + PRIME,DOBLADA,106,+14,https://cdn.apis.cineplanet.cl/CDN/media/entity/get/FilmPosterGraphic/HO00001857?referenceScheme=HeadOffice&allowPlaceHolder=true,https://www.cineplanet.cl/peliculas/la-noche-del-demonio-estn-entre-nosotros,"Gemma, una joven madre que cría a su hija en la casa en la que creció, descubre que puede viajar a The Further, donde posee la capacidad de traer lo que allí vive de vuelta al mundo real.",https://www.youtube.com/watch?v=fuxeEUqCNac,Terror
Cineplanet Costanera Center,LA NOCHE DEL DEMONIO: ESTÁN ENTRE NOSOTROS,2026-08-26,15:20,2D + CONV,DOBLADA,106,+14,https://cdn.apis.cineplanet.cl/CDN/media/entity/get/FilmPosterGraphic/HO00001857?referenceScheme=HeadOffice&allowPlaceHolder=true,https://www.cineplanet.cl/peliculas/la-noche-del-demonio-estn-entre-nosotros,"Gemma, una joven madre que cría a su hija en la casa en la que creció, descubre que puede viajar a The Further, donde posee la capacidad de traer lo que allí vive de vuelta al mundo real.",https://www.youtube.com/watch?v=fuxeEUqCNac,Terror
Cineplanet Costanera Center,LA NOCHE DEL DEMONIO: ESTÁN ENTRE NOSOTROS,2026-08-26,16:20,2D + PRIME,SUBTITULAD,106,+14,https://cdn.apis.cineplanet.cl/CDN/media/entity/get/FilmPosterGraphic/HO00001857?referenceScheme=HeadOffice&allowPlaceHolder=true,https://www.cineplanet.cl/peliculas/la-noche-del-demonio-estn-entre-nosotros,"Gemma, una joven madre que cría a su hija en la casa en la que creció, descubre que puede viajar a The Further, donde posee la capacidad de traer lo que allí vive de vuelta al mundo real.",https://www.youtube.com/watch?v=fuxeEUqCNac,Terror
Cineplanet Costanera Center,LA NOCHE DEL DEMONIO: ESTÁN ENTRE NOSOTROS,2026-08-26,17:40,2D + CONV,DOBLADA,106,+14,https://cdn.apis.cineplanet.cl/CDN/media/entity/get/FilmPosterGraphic/HO00001857?referenceScheme=HeadOffice&allowPlaceHolder=true,https://www.cineplanet.cl/peliculas/la-noche-del-demonio-estn-entre-nosotros,"Gemma, una joven madre que cría a su hija en la casa en la que creció, descubre que puede viajar a The Further, donde posee la capacidad de traer lo que allí vive de vuelta al mundo real.",https://www.youtube.com/watch?v=fuxeEUqCNac,Terror
Cineplanet Costanera Center,LA NOCHE DEL DEMONIO: ESTÁN ENTRE NOSOTROS,2026-08-26,20:00,2D + CONV,SUBTITULAD,106,+14,https://cdn.apis.cineplanet.cl/CDN/media/entity/get/FilmPosterGraphic/HO00001857?referenceScheme=HeadOffice&allowPlaceHolder=true,https://www.cineplanet.cl/peliculas/la-noche-del-demonio-estn-entre-nosotros,"Gemma, una joven madre que cría a su hija en la casa en la que creció, descubre que puede viajar a The Further, donde posee la capacidad de traer lo que allí vive de vuelta al mundo real.",https://www.youtube.com/watch?v=fuxeEUqCNac,Terror
Cineplanet Costanera Center,LA NOCHE DEL DEMONIO: ESTÁN ENTRE NOSOTROS,2026-08-26,22:30,2D + PRIME,SUBTITULAD,106,+14,https://cdn.apis.cineplanet.cl/CDN/media/entity/get/FilmPosterGraphic/HO00001857?referenceScheme=HeadOffice&allowPlaceHolder=true,https://www.cineplanet.cl/peliculas/la-noche-del-demonio-estn-entre-nosotros,"Gemma, una joven madre que cría a su hija en la casa en la que creció, descubre que puede viajar a The Further, donde posee la capacidad de traer lo que allí vive de vuelta al mundo real.",https://www.youtube.com/watch?v=fuxeEUqCNac,Terror
Cineplanet Costanera Center,LA ODISEA,2026-08-25,13:05,2D + CONV,DOBLADA,172,+14,https://cdn.apis.cineplanet.cl/CDN/media/entity/get/FilmPosterGraphic/HO00001834?referenceScheme=HeadOffice&allowPlaceHolder=true,https://www.cineplanet.cl/peliculas/la-odisea,"La siguiente película de Christopher Nolan, La Odisea, es una película de acción épica filmada alrededor del mundo usando nueva tecnología IMAX®. La película lleva la saga fundamental de Homero a las pantallas IMAX® por primera vez y estrena en cines en julio de 2026.",https://www.youtube.com/watch?v=8un_UztYsw0,Accion
Cineplanet Costanera Center,LA ODISEA,2026-08-25,14:20,2D + CONV,DOBLADA,172,+14,https://cdn.apis.cineplanet.cl/CDN/media/entity/get/FilmPosterGraphic/HO00001834?referenceScheme=HeadOffice&allowPlaceHolder=true,https://www.cineplanet.cl/peliculas/la-odisea,"La siguiente película de Christopher Nolan, La Odisea, es una película de acción épica filmada alrededor del mundo usando nueva tecnología IMAX®. La película lleva la saga fundamental de Homero a las pantallas IMAX® por primera vez y estrena en cines en julio de 2026.",https://www.youtube.com/watch?v=8un_UztYsw0,Accion
Cineplanet Costanera Center,LA ODISEA,2026-08-25,17:00,2D + PRIME,SUBTITULAD,172,+14,https://cdn.apis.cineplanet.cl/CDN/media/entity/get/FilmPosterGraphic/HO00001834?referenceScheme=HeadOffice&allowPlaceHolder=true,https://www.cineplanet.cl/peliculas/la-odisea,"La siguiente película de Christopher Nolan, La Odisea, es una película de acción épica filmada alrededor del mundo usando nueva tecnología IMAX®. La película lleva la saga fundamental de Homero a las pantallas IMAX® por primera vez y estrena en cines en julio de 2026.",https://www.youtube.com/watch?v=8un_UztYsw0,Accion
Cineplanet Costanera Center,LA ODISEA,2026-08-25,18:00,2D + CONV,DOBLADA,172,+14,https://cdn.apis.cineplanet.cl/CDN/media/entity/get/FilmPosterGraphic/HO00001834?referenceScheme=HeadOffice&allowPlaceHolder=true,https://www.cineplanet.cl/peliculas/la-odisea,"La siguiente película de Christopher Nolan, La Odisea, es una película de acción épica filmada alrededor del mundo usando nueva tecnología IMAX®. La película lleva la saga fundamental de Homero a las pantallas IMAX® por primera vez y estrena en cines en julio de 2026.",https://www.youtube.com/watch?v=8un_UztYsw0,Accion
Cineplanet Costanera Center,LA ODISEA,2026-08-25,20:50,2D + PRIME,SUBTITULAD,172,+14,https://cdn.apis.cineplanet.cl/CDN/media/entity/get/FilmPosterGraphic/HO00001834?referenceScheme=HeadOffice&allowPlaceHolder=true,https://www.cineplanet.cl/peliculas/la-odisea,"La siguiente película de Christopher Nolan, La Odisea, es una película de acción épica filmada alrededor del mundo usando nueva tecnología IMAX®. La película lleva la saga fundamental de Homero a las pantallas IMAX® por primera vez y estrena en cines en julio de 2026.",https://www.youtube.com/watch?v=8un_UztYsw0,Accion
Cineplanet Costanera Center,LA ODISEA,2026-08-25,21:30,2D + CONV,SUBTITULAD,172,+14,https://cdn.apis.cineplanet.cl/CDN/media/entity/get/FilmPosterGraphic/HO00001834?referenceScheme=HeadOffice&allowPlaceHolder=true,https://www.cineplanet.cl/peliculas/la-odisea,"La siguiente película de Christopher Nolan, La Odisea, es una película de acción épica filmada alrededor del mundo usando nueva tecnología IMAX®. La película lleva la saga fundamental de Homero a las pantallas IMAX® por primera vez y estrena en cines en julio de 2026.",https://www.youtube.com/watch?v=8un_UztYsw0,Accion
Cineplanet Costanera Center,LA ODISEA,2026-08-26,13:05,2D + CONV,DOBLADA,172,+14,https://cdn.apis.cineplanet.cl/CDN/media/entity/get/FilmPosterGraphic/HO00001834?referenceScheme=HeadOffice&allowPlaceHolder=true,https://www.cineplanet.cl/peliculas/la-odisea,"La siguiente película de Christopher Nolan, La Odisea, es una película de acción épica filmada alrededor del mundo usando nueva tecnología IMAX®. La película lleva la saga fundamental de Homero a las pantallas IMAX® por primera vez y estrena en cines en julio de 2026.",https://www.youtube.com/watch?v=8un_UztYsw0,Accion
Cineplanet Costanera Center,LA ODISEA,2026-08-26,14:20,2D + CONV,DOBLADA,172,+14,https://cdn.apis.cineplanet.cl/CDN/media/entity/get/FilmPosterGraphic/HO00001834?referenceScheme=HeadOffice&allowPlaceHolder=true,https://www.cineplanet.cl/peliculas/la-odisea,"La siguiente película de Christopher Nolan, La Odisea, es una película de acción épica filmada alrededor del mundo usando nueva tecnología IMAX®. La película lleva la saga fundamental de Homero a las pantallas IMAX® por primera vez y estrena en cines en julio de 2026.",https://www.youtube.com/watch?v=8un_UztYsw0,Accion
Cineplanet Costanera Center,LA ODISEA,2026-08-26,17:00,2D + PRIME,SUBTITULAD,172,+14,https://cdn.apis.cineplanet.cl/CDN/media/entity/get/FilmPosterGraphic/HO00001834?referenceScheme=HeadOffice&allowPlaceHolder=true,https://www.cineplanet.cl/peliculas/la-odisea,"La siguiente película de Christopher Nolan, La Odisea, es una película de acción épica filmada alrededor del mundo usando nueva tecnología IMAX®. La película lleva la saga fundamental de Homero a las pantallas IMAX® por primera vez y estrena en cines en julio de 2026.",https://www.youtube.com/watch?v=8un_UztYsw0,Accion
Cineplanet Costanera Center,LA ODISEA,2026-08-26,18:00,2D + CONV,DOBLADA,172,+14,https://cdn.apis.cineplanet.cl/CDN/media/entity/get/FilmPosterGraphic/HO00001834?referenceScheme=HeadOffice&allowPlaceHolder=true,https://www.cineplanet.cl/peliculas/la-odisea,"La siguiente película de Christopher Nolan, La Odisea, es una película de acción épica filmada alrededor del mundo usando nueva tecnología IMAX®. La película lleva la saga fundamental de Homero a las pantallas IMAX® por primera vez y estrena en cines en julio de 2026.",https://www.youtube.com/watch?v=8un_UztYsw0,Accion
Cineplanet Costanera Center,LA ODISEA,2026-08-26,20:50,2D + PRIME,SUBTITULAD,172,+14,https://cdn.apis.cineplanet.cl/CDN/media/entity/get/FilmPosterGraphic/HO00001834?referenceScheme=HeadOffice&allowPlaceHolder=true,https://www.cineplanet.cl/peliculas/la-odisea,"La siguiente película de Christopher Nolan, La Odisea, es una película de acción épica filmada alrededor del mundo usando nueva tecnología IMAX®. La película lleva la saga fundamental de Homero a las pantallas IMAX® por primera vez y estrena en cines en julio de 2026.",https://www.youtube.com/watch?v=8un_UztYsw0,Accion
Cineplanet Costanera Center,LA ODISEA,2026-08-26,21:30,2D + CONV,SUBTITULAD,172,+14,https://cdn.apis.cineplanet.cl/CDN/media/entity/get/FilmPosterGraphic/HO00001834?referenceScheme=HeadOffice&allowPlaceHolder=true,https://www.cineplanet.cl/peliculas/la-odisea,"La siguiente película de Christopher Nolan, La Odisea, es una película de acción épica filmada alrededor del mundo usando nueva tecnología IMAX®. La película lleva la saga fundamental de Homero a las pantallas IMAX® por primera vez y estrena en cines en julio de 2026.",https://www.youtube.com/watch?v=8un_UztYsw0,Accion
Cineplanet Costanera Center,LINKIN PARK: UNSHATTER,2026-10-01,21:20,2D + CONV,SUBTITULAD,107,TBC,https://cdn.apis.cineplanet.cl/CDN/media/entity/get/FilmPosterGraphic/HO00001925?referenceScheme=HeadOffice&allowPlaceHolder=true,https://www.cineplanet.cl/peliculas/linkin-park-unshatter,"Unshatter es una película documental de la banda Linkin Park dirigida por Joe Hahn. Narra el regreso del grupo, su reconstrucción tras la muerte de Chester Bennington y los años fuera de los escenarios.",,Documental
Cineplanet Costanera Center,LOCAMENTE,2026-08-25,19:10,2D + CONV,SUBTITULAD,97,TBC,https://cdn.apis.cineplanet.cl/CDN/media/entity/get/FilmPosterGraphic/HO00001877?referenceScheme=HeadOffice&allowPlaceHolder=true,https://www.cineplanet.cl/peliculas/locamente,"En su primera cita, Piero y Lara intentan impresionarse, pero dentro de sus cabezas reina el caos. Las múltiples personalidades que ocupan su mente — la romántica, la racional, la insegura y la pasional— pelean por el control de la situación. Discuten, seducen, sabotean y a veces pierden los nervios. ¿Quién ganará la batalla interior? ¿El corazón o el deseo? Las expectativas son altas y la noche promete.",,Comedia
Cineplanet Costanera Center,LOCAMENTE,2026-08-26,19:10,2D + CONV,SUBTITULAD,97,TBC,https://cdn.apis.cineplanet.cl/CDN/media/entity/get/FilmPosterGraphic/HO00001877?referenceScheme=HeadOffice&allowPlaceHolder=true,https://www.cineplanet.cl/peliculas/locamente,"En su primera cita, Piero y Lara intentan impresionarse, pero dentro de sus cabezas reina el caos. Las múltiples personalidades que ocupan su mente — la romántica, la racional, la insegura y la pasional— pelean por el control de la situación. Discuten, seducen, sabotean y a veces pierden los nervios. ¿Quién ganará la batalla interior? ¿El corazón o el deseo? Las expectativas son altas y la noche promete.",,Comedia
Cineplanet Costanera Center,MI VECINO TOTORO,2026-08-25,16:30,2D + CONV,SUBTITULAD,87,TBC,https://cdn.apis.cineplanet.cl/CDN/media/entity/get/FilmPosterGraphic/HO00001871?referenceScheme=HeadOffice&allowPlaceHolder=true,https://www.cineplanet.cl/peliculas/mi-vecino-totoro,"Cuando las hermanas Satsuki y Mei se mudan al campo junto a su padre para estar más cerca de su madre enferma, descubren un mundo mágico oculto entre los bosques. Allí conocen a Totoro, un misterioso y amable espíritu de la naturaleza que las acompañará en una inolvidable aventura llena de imaginación, amistad y asombro.",https://www.youtube.com/watch?v=Pr8drhw55A4,Animacion
Cineplanet Costanera Center,MI VECINO TOTORO,2026-08-26,16:30,2D + CONV,SUBTITULAD,87,TBC,https://cdn.apis.cineplanet.cl/CDN/media/entity/get/FilmPosterGraphic/HO00001871?referenceScheme=HeadOffice&allowPlaceHolder=true,https://www.cineplanet.cl/peliculas/mi-vecino-totoro,"Cuando las hermanas Satsuki y Mei se mudan al campo junto a su padre para estar más cerca de su madre enferma, descubren un mundo mágico oculto entre los bosques. Allí conocen a Totoro, un misterioso y amable espíritu de la naturaleza que las acompañará en una inolvidable aventura llena de imaginación, amistad y asombro.",https://www.youtube.com/watch?v=Pr8drhw55A4,Animacion
Cineplanet Costanera Center,PAW PATROL: LA DINO PELÍCULA,2026-08-25,13:50,2D + CONV,DOBLADA,88,TE,https://cdn.apis.cineplanet.cl/CDN/media/entity/get/FilmPosterGraphic/HO00001868?referenceScheme=HeadOffice&allowPlaceHolder=true,https://www.cineplanet.cl/peliculas/paw-patrol-la-dino-pelcula,"Después de que su barco quedara atrapado en una misteriosa tormenta, los cachorros de la Patrulla Canina aterrizan de emergencia en una isla tropical inexplorada llena de dinosaurios. Allí conocen a Rex, un cachorro que lleva años abandonado en la isla y se ha convertido en un experto en todo lo relacionado con los dinosaurios.",,Animacion
Cineplanet Costanera Center,PAW PATROL: LA DINO PELÍCULA,2026-08-25,15:50,2D + CONV,DOBLADA,88,TE,https://cdn.apis.cineplanet.cl/CDN/media/entity/get/FilmPosterGraphic/HO00001868?referenceScheme=HeadOffice&allowPlaceHolder=true,https://www.cineplanet.cl/peliculas/paw-patrol-la-dino-pelcula,"Después de que su barco quedara atrapado en una misteriosa tormenta, los cachorros de la Patrulla Canina aterrizan de emergencia en una isla tropical inexplorada llena de dinosaurios. Allí conocen a Rex, un cachorro que lleva años abandonado en la isla y se ha convertido en un experto en todo lo relacionado con los dinosaurios.",,Animacion
Cineplanet Costanera Center,PAW PATROL: LA DINO PELÍCULA,2026-08-26,13:50,2D + CONV,DOBLADA,88,TE,https://cdn.apis.cineplanet.cl/CDN/media/entity/get/FilmPosterGraphic/HO00001868?referenceScheme=HeadOffice&allowPlaceHolder=true,https://www.cineplanet.cl/peliculas/paw-patrol-la-dino-pelcula,"Después de que su barco quedara atrapado en una misteriosa tormenta, los cachorros de la Patrulla Canina aterrizan de emergencia en una isla tropical inexplorada llena de dinosaurios. Allí conocen a Rex, un cachorro que lleva años abandonado en la isla y se ha convertido en un experto en todo lo relacionado con los dinosaurios.",,Animacion
Cineplanet Costanera Center,PAW PATROL: LA DINO PELÍCULA,2026-08-26,15:50,2D + CONV,DOBLADA,88,TE,https://cdn.apis.cineplanet.cl/CDN/media/entity/get/FilmPosterGraphic/HO00001868?referenceScheme=HeadOffice&allowPlaceHolder=true,https://www.cineplanet.cl/peliculas/paw-patrol-la-dino-pelcula,"Después de que su barco quedara atrapado en una misteriosa tormenta, los cachorros de la Patrulla Canina aterrizan de emergencia en una isla tropical inexplorada llena de dinosaurios. Allí conocen a Rex, un cachorro que lleva años abandonado en la isla y se ha convertido en un experto en todo lo relacionado con los dinosaurios.",,Animacion
Cineplanet Costanera Center,PUELLA MAGI MADOKA MAGICA: ETERNAL,2026-09-10,19:00,2D + CONV,SUBTITULAD,111,+14,https://cdn.apis.cineplanet.cl/CDN/media/entity/get/FilmPosterGraphic/HO00001929?referenceScheme=HeadOffice&allowPlaceHolder=true,https://www.cineplanet.cl/peliculas/puella-magi-madoka-magica-eternal,"Emociónate con la segunda parte de Madoka Magica. Después del desgarrador final de la primer parte, en esta entrega Madoka descubre entre muchas cosas los orígenes de Kyubey.",https://www.youtube.com/watch?v=E38FCQwJn1U,Anime
Cineplanet Costanera Center,PUELLA MAGI MADOKA MAGICA: LA PELÍCULA PARTE 1,2026-09-03,19:00,2D + CONV,SUBTITULAD,130,+14,https://cdn.apis.cineplanet.cl/CDN/media/entity/get/FilmPosterGraphic/HO00001928?referenceScheme=HeadOffice&allowPlaceHolder=true,https://www.cineplanet.cl/peliculas/puella-magi-madoka-magica-la-pelcula-parte-1,"¡Descubre Madoka Magica, el fenómeno que revolucionó el género de las chicas mágicas, en el cine! Madoka Kaname recibe de la misteriosa criatura Kyubey la oportunidad de cumplir cualquier deseo a cambio de convertirse en una chica mágica.",https://www.youtube.com/watch?v=E38FCQwJn1U,Anime
Cineplanet Costanera Center,PUELLA MAGI MADOKA MAGICA: REBELION,2026-09-17,15:00,2D + CONV,SUBTITULAD,120,+14,https://cdn.apis.cineplanet.cl/CDN/media/entity/get/FilmPosterGraphic/HO00001930?referenceScheme=HeadOffice&allowPlaceHolder=true,https://www.cineplanet.cl/peliculas/puella-magi-madoka-magica-rebelion,"Madoka Kaname y sus amigas llevan una vida aparentemente perfecta, pero Homura Akemi comienza a sospechar que algo no está bien.",https://www.youtube.com/watch?v=E38FCQwJn1U,Anime
Cineplanet Costanera Center,QUEEN BUDAPEST,2026-10-07,21:20,2D + CONV,SUBTITULAD,97,+14,https://cdn.apis.cineplanet.cl/CDN/media/entity/get/FilmPosterGraphic/HO00001940?referenceScheme=HeadOffice&allowPlaceHolder=true,https://www.cineplanet.cl/peliculas/queen-budapest,"El 27 de julio de 1986, Queen dio el concierto en estadio más grande de la historia en el Népstadion de Budapest, frente a 80,000 fans eufóricos. El concierto fue parte de la famosa gira Magic Tour, remasterizada en 4K.",,Concierto
Cineplanet Costanera Center,QUEEN BUDAPEST,2026-10-10,21:20,2D + CONV,SUBTITULAD,97,+14,https://cdn.apis.cineplanet.cl/CDN/media/entity/get/FilmPosterGraphic/HO00001940?referenceScheme=HeadOffice&allowPlaceHolder=true,https://www.cineplanet.cl/peliculas/queen-budapest,"El 27 de julio de 1986, Queen dio el concierto en estadio más grande de la historia en el Népstadion de Budapest, frente a 80,000 fans eufóricos. El concierto fue parte de la famosa gira Magic Tour, remasterizada en 4K.",,Concierto
Cineplanet Costanera Center,RAPIDO Y FURIOSO 25 ANIVERSARIO,2026-08-25,22:45,2D + CONV,SUBTITULAD,106,+14,https://cdn.apis.cineplanet.cl/CDN/media/entity/get/FilmPosterGraphic/HO00001884?referenceScheme=HeadOffice&allowPlaceHolder=true,https://www.cineplanet.cl/peliculas/rapido-y-furioso-25-aniversario,"Estrenada originalmente en 2001, Rápido y Furioso gira en torno a Dominic Toretto, quien conduce por las calles de Los Ángeles como si fueran suyas.",https://www.youtube.com/watch?v=Rn8Nw2LAaUA,Accion
Cineplanet Costanera Center,RAPIDO Y FURIOSO 25 ANIVERSARIO,2026-08-26,22:45,2D + CONV,SUBTITULAD,106,+14,https://cdn.apis.cineplanet.cl/CDN/media/entity/get/FilmPosterGraphic/HO00001884?referenceScheme=HeadOffice&allowPlaceHolder=true,https://www.cineplanet.cl/peliculas/rapido-y-furioso-25-aniversario,"Estrenada originalmente en 2001, Rápido y Furioso gira en torno a Dominic Toretto, quien conduce por las calles de Los Ángeles como si fueran suyas.",https://www.youtube.com/watch?v=Rn8Nw2LAaUA,Accion
Cineplanet Costanera Center,SOLO POR UNA NOCHE,2026-08-25,20:40,2D + CONV,SUBTITULAD,102,+14,https://cdn.apis.cineplanet.cl/CDN/media/entity/get/FilmPosterGraphic/HO00001880?referenceScheme=HeadOffice&allowPlaceHolder=true,https://www.cineplanet.cl/peliculas/solo-por-una-noche,"¿Qué pasaría si una noche caótica resulta ser lo mejor que te ha pasado en la vida? Will Gluck rinde homenaje a la comedia romántica moderna con una película fresca, ingeniosa y encantadora sobre la búsqueda del amor en la noche menos romántica del año.",https://www.youtube.com/watch?v=r1A8FGtTtvk&t=16s,Romance
Cineplanet Costanera Center,SOLO POR UNA NOCHE,2026-08-25,22:50,2D + CONV,SUBTITULAD,102,+14,https://cdn.apis.cineplanet.cl/CDN/media/entity/get/FilmPosterGraphic/HO00001880?referenceScheme=HeadOffice&allowPlaceHolder=true,https://www.cineplanet.cl/peliculas/solo-por-una-noche,"¿Qué pasaría si una noche caótica resulta ser lo mejor que te ha pasado en la vida? Will Gluck rinde homenaje a la comedia romántica moderna con una película fresca, ingeniosa y encantadora sobre la búsqueda del amor en la noche menos romántica del año.",https://www.youtube.com/watch?v=r1A8FGtTtvk&t=16s,Romance
Cineplanet Costanera Center,SOLO POR UNA NOCHE,2026-08-26,20:40,2D + CONV,SUBTITULAD,102,+14,https://cdn.apis.cineplanet.cl/CDN/media/entity/get/FilmPosterGraphic/HO00001880?referenceScheme=HeadOffice&allowPlaceHolder=true,https://www.cineplanet.cl/peliculas/solo-por-una-noche,"¿Qué pasaría si una noche caótica resulta ser lo mejor que te ha pasado en la vida? Will Gluck rinde homenaje a la comedia romántica moderna con una película fresca, ingeniosa y encantadora sobre la búsqueda del amor en la noche menos romántica del año.",https://www.youtube.com/watch?v=r1A8FGtTtvk&t=16s,Romance
Cineplanet Costanera Center,SOLO POR UNA NOCHE,2026-08-26,22:50,2D + CONV,SUBTITULAD,102,+14,https://cdn.apis.cineplanet.cl/CDN/media/entity/get/FilmPosterGraphic/HO00001880?referenceScheme=HeadOffice&allowPlaceHolder=true,https://www.cineplanet.cl/peliculas/solo-por-una-noche,"¿Qué pasaría si una noche caótica resulta ser lo mejor que te ha pasado en la vida? Will Gluck rinde homenaje a la comedia romántica moderna con una película fresca, ingeniosa y encantadora sobre la búsqueda del amor en la noche menos romántica del año.",https://www.youtube.com/watch?v=r1A8FGtTtvk&t=16s,Romance
Cineplanet Costanera Center,SPIDER-MAN: UN NUEVO DIA,2026-08-25,13:10,3D + PRIME,SUBTITULAD,145,TE +7,https://cdn.apis.cineplanet.cl/CDN/media/entity/get/FilmPosterGraphic/HO00001843?referenceScheme=HeadOffice&allowPlaceHolder=true,https://www.cineplanet.cl/peliculas/spider-man-un-nuevo-dia,"Han pasado cuatro años desde los acontecimientos de No Way Home, y Peter es ahora un adulto que vive completamente solo, habiéndose borrado voluntariamente de las vidas y recuerdos de aquellos a quienes ama. Lucha contra el crimen en un Nueva York que ya no conoce su nombre.",https://www.youtube.com/watch?v=3B1_P2h7v2k,Accion
Cineplanet Costanera Center,SPIDER-MAN: UN NUEVO DIA,2026-08-25,13:40,2D + XTREME,DOBLADA,145,TE +7,https://cdn.apis.cineplanet.cl/CDN/media/entity/get/FilmPosterGraphic/HO00001843?referenceScheme=HeadOffice&allowPlaceHolder=true,https://www.cineplanet.cl/peliculas/spider-man-un-nuevo-dia,"Han pasado cuatro años desde los acontecimientos de No Way Home, y Peter es ahora un adulto que vive completamente solo, habiéndose borrado voluntariamente de las vidas y recuerdos de aquellos a quienes ama. Lucha contra el crimen en un Nueva York que ya no conoce su nombre.",https://www.youtube.com/watch?v=3B1_P2h7v2k,Accion
Cineplanet Costanera Center,SPIDER-MAN: UN NUEVO DIA,2026-08-25,14:00,2D + CONV,DOBLADA,145,TE +7,https://cdn.apis.cineplanet.cl/CDN/media/entity/get/FilmPosterGraphic/HO00001843?referenceScheme=HeadOffice&allowPlaceHolder=true,https://www.cineplanet.cl/peliculas/spider-man-un-nuevo-dia,"Han pasado cuatro años desde los acontecimientos de No Way Home, y Peter es ahora un adulto que vive completamente solo, habiéndose borrado voluntariamente de las vidas y recuerdos de aquellos a quienes ama. Lucha contra el crimen en un Nueva York que ya no conoce su nombre.",https://www.youtube.com/watch?v=3B1_P2h7v2k,Accion
Cineplanet Costanera Center,SPIDER-MAN: UN NUEVO DIA,2026-08-25,15:00,2D + CONV + PRIME,SUBTITULAD,145,TE +7,https://cdn.apis.cineplanet.cl/CDN/media/entity/get/FilmPosterGraphic/HO00001843?referenceScheme=HeadOffice&allowPlaceHolder=true,https://www.cineplanet.cl/peliculas/spider-man-un-nuevo-dia,"Han pasado cuatro años desde los acontecimientos de No Way Home, y Peter es ahora un adulto que vive completamente solo, habiéndose borrado voluntariamente de las vidas y recuerdos de aquellos a quienes ama. Lucha contra el crimen en un Nueva York que ya no conoce su nombre.",https://www.youtube.com/watch?v=3B1_P2h7v2k,Accion
Cineplanet Costanera Center,SPIDER-MAN: UN NUEVO DIA,2026-08-25,15:40,2D + CONV,DOBLADA,145,TE +7,https://cdn.apis.cineplanet.cl/CDN/media/entity/get/FilmPosterGraphic/HO00001843?referenceScheme=HeadOffice&allowPlaceHolder=true,https://www.cineplanet.cl/peliculas/spider-man-un-nuevo-dia,"Han pasado cuatro años desde los acontecimientos de No Way Home, y Peter es ahora un adulto que vive completamente solo, habiéndose borrado voluntariamente de las vidas y recuerdos de aquellos a quienes ama. Lucha contra el crimen en un Nueva York que ya no conoce su nombre.",https://www.youtube.com/watch?v=3B1_P2h7v2k,Accion
Cineplanet Costanera Center,SPIDER-MAN: UN NUEVO DIA,2026-08-25,16:40,2D + XTREME,DOBLADA,145,TE +7,https://cdn.apis.cineplanet.cl/CDN/media/entity/get/FilmPosterGraphic/HO00001843?referenceScheme=HeadOffice&allowPlaceHolder=true,https://www.cineplanet.cl/peliculas/spider-man-un-nuevo-dia,"Han pasado cuatro años desde los acontecimientos de No Way Home, y Peter es ahora un adulto que vive completamente solo, habiéndose borrado voluntariamente de las vidas y recuerdos de aquellos a quienes ama. Lucha contra el crimen en un Nueva York que ya no conoce su nombre.",https://www.youtube.com/watch?v=3B1_P2h7v2k,Accion
Cineplanet Costanera Center,SPIDER-MAN: UN NUEVO DIA,2026-08-25,17:10,2D + CONV,DOBLADA,145,TE +7,https://cdn.apis.cineplanet.cl/CDN/media/entity/get/FilmPosterGraphic/HO00001843?referenceScheme=HeadOffice&allowPlaceHolder=true,https://www.cineplanet.cl/peliculas/spider-man-un-nuevo-dia,"Han pasado cuatro años desde los acontecimientos de No Way Home, y Peter es ahora un adulto que vive completamente solo, habiéndose borrado voluntariamente de las vidas y recuerdos de aquellos a quienes ama. Lucha contra el crimen en un Nueva York que ya no conoce su nombre.",https://www.youtube.com/watch?v=3B1_P2h7v2k,Accion
Cineplanet Costanera Center,SPIDER-MAN: UN NUEVO DIA,2026-08-25,18:20,2D + CONV + PRIME,SUBTITULAD,145,TE +7,https://cdn.apis.cineplanet.cl/CDN/media/entity/get/FilmPosterGraphic/HO00001843?referenceScheme=HeadOffice&allowPlaceHolder=true,https://www.cineplanet.cl/peliculas/spider-man-un-nuevo-dia,"Han pasado cuatro años desde los acontecimientos de No Way Home, y Peter es ahora un adulto que vive completamente solo, habiéndose borrado voluntariamente de las vidas y recuerdos de aquellos a quienes ama. Lucha contra el crimen en un Nueva York que ya no conoce su nombre.",https://www.youtube.com/watch?v=3B1_P2h7v2k,Accion
Cineplanet Costanera Center,SPIDER-MAN: UN NUEVO DIA,2026-08-25,18:40,2D + CONV,DOBLADA,145,TE +7,https://cdn.apis.cineplanet.cl/CDN/media/entity/get/FilmPosterGraphic/HO00001843?referenceScheme=HeadOffice&allowPlaceHolder=true,https://www.cineplanet.cl/peliculas/spider-man-un-nuevo-dia,"Han pasado cuatro años desde los acontecimientos de No Way Home, y Peter es ahora un adulto que vive completamente solo, habiéndose borrado voluntariamente de las vidas y recuerdos de aquellos a quienes ama. Lucha contra el crimen en un Nueva York que ya no conoce su nombre.",https://www.youtube.com/watch?v=3B1_P2h7v2k,Accion
Cineplanet Costanera Center,SPIDER-MAN: UN NUEVO DIA,2026-08-25,19:00,3D + PRIME,SUBTITULAD,145,TE +7,https://cdn.apis.cineplanet.cl/CDN/media/entity/get/FilmPosterGraphic/HO00001843?referenceScheme=HeadOffice&allowPlaceHolder=true,https://www.cineplanet.cl/peliculas/spider-man-un-nuevo-dia,"Han pasado cuatro años desde los acontecimientos de No Way Home, y Peter es ahora un adulto que vive completamente solo, habiéndose borrado voluntariamente de las vidas y recuerdos de aquellos a quienes ama. Lucha contra el crimen en un Nueva York que ya no conoce su nombre.",https://www.youtube.com/watch?v=3B1_P2h7v2k,Accion
Cineplanet Costanera Center,SPIDER-MAN: UN NUEVO DIA,2026-08-25,19:40,2D + XTREME,SUBTITULAD,145,TE +7,https://cdn.apis.cineplanet.cl/CDN/media/entity/get/FilmPosterGraphic/HO00001843?referenceScheme=HeadOffice&allowPlaceHolder=true,https://www.cineplanet.cl/peliculas/spider-man-un-nuevo-dia,"Han pasado cuatro años desde los acontecimientos de No Way Home, y Peter es ahora un adulto que vive completamente solo, habiéndose borrado voluntariamente de las vidas y recuerdos de aquellos a quienes ama. Lucha contra el crimen en un Nueva York que ya no conoce su nombre.",https://www.youtube.com/watch?v=3B1_P2h7v2k,Accion
Cineplanet Costanera Center,SPIDER-MAN: UN NUEVO DIA,2026-08-25,20:20,2D + CONV,DOBLADA,145,TE +7,https://cdn.apis.cineplanet.cl/CDN/media/entity/get/FilmPosterGraphic/HO00001843?referenceScheme=HeadOffice&allowPlaceHolder=true,https://www.cineplanet.cl/peliculas/spider-man-un-nuevo-dia,"Han pasado cuatro años desde los acontecimientos de No Way Home, y Peter es ahora un adulto que vive completamente solo, habiéndose borrado voluntariamente de las vidas y recuerdos de aquellos a quienes ama. Lucha contra el crimen en un Nueva York que ya no conoce su nombre.",https://www.youtube.com/watch?v=3B1_P2h7v2k,Accion
Cineplanet Costanera Center,SPIDER-MAN: UN NUEVO DIA,2026-08-25,21:40,2D + CONV,DOBLADA,145,TE +7,https://cdn.apis.cineplanet.cl/CDN/media/entity/get/FilmPosterGraphic/HO00001843?referenceScheme=HeadOffice&allowPlaceHolder=true,https://www.cineplanet.cl/peliculas/spider-man-un-nuevo-dia,"Han pasado cuatro años desde los acontecimientos de No Way Home, y Peter es ahora un adulto que vive completamente solo, habiéndose borrado voluntariamente de las vidas y recuerdos de aquellos a quienes ama. Lucha contra el crimen en un Nueva York que ya no conoce su nombre.",https://www.youtube.com/watch?v=3B1_P2h7v2k,Accion
Cineplanet Costanera Center,SPIDER-MAN: UN NUEVO DIA,2026-08-25,22:20,2D + CONV,SUBTITULAD,145,TE +7,https://cdn.apis.cineplanet.cl/CDN/media/entity/get/FilmPosterGraphic/HO00001843?referenceScheme=HeadOffice&allowPlaceHolder=true,https://www.cineplanet.cl/peliculas/spider-man-un-nuevo-dia,"Han pasado cuatro años desde los acontecimientos de No Way Home, y Peter es ahora un adulto que vive completamente solo, habiéndose borrado voluntariamente de las vidas y recuerdos de aquellos a quienes ama. Lucha contra el crimen en un Nueva York que ya no conoce su nombre.",https://www.youtube.com/watch?v=3B1_P2h7v2k,Accion
Cineplanet Costanera Center,SPIDER-MAN: UN NUEVO DIA,2026-08-26,13:10,3D + PRIME,SUBTITULAD,145,TE +7,https://cdn.apis.cineplanet.cl/CDN/media/entity/get/FilmPosterGraphic/HO00001843?referenceScheme=HeadOffice&allowPlaceHolder=true,https://www.cineplanet.cl/peliculas/spider-man-un-nuevo-dia,"Han pasado cuatro años desde los acontecimientos de No Way Home, y Peter es ahora un adulto que vive completamente solo, habiéndose borrado voluntariamente de las vidas y recuerdos de aquellos a quienes ama. Lucha contra el crimen en un Nueva York que ya no conoce su nombre.",https://www.youtube.com/watch?v=3B1_P2h7v2k,Accion
Cineplanet Costanera Center,SPIDER-MAN: UN NUEVO DIA,2026-08-26,13:40,2D + XTREME,DOBLADA,145,TE +7,https://cdn.apis.cineplanet.cl/CDN/media/entity/get/FilmPosterGraphic/HO00001843?referenceScheme=HeadOffice&allowPlaceHolder=true,https://www.cineplanet.cl/peliculas/spider-man-un-nuevo-dia,"Han pasado cuatro años desde los acontecimientos de No Way Home, y Peter es ahora un adulto que vive completamente solo, habiéndose borrado voluntariamente de las vidas y recuerdos de aquellos a quienes ama. Lucha contra el crimen en un Nueva York que ya no conoce su nombre.",https://www.youtube.com/watch?v=3B1_P2h7v2k,Accion
Cineplanet Costanera Center,SPIDER-MAN: UN NUEVO DIA,2026-08-26,14:00,2D + CONV,DOBLADA,145,TE +7,https://cdn.apis.cineplanet.cl/CDN/media/entity/get/FilmPosterGraphic/HO00001843?referenceScheme=HeadOffice&allowPlaceHolder=true,https://www.cineplanet.cl/peliculas/spider-man-un-nuevo-dia,"Han pasado cuatro años desde los acontecimientos de No Way Home, y Peter es ahora un adulto que vive completamente solo, habiéndose borrado voluntariamente de las vidas y recuerdos de aquellos a quienes ama. Lucha contra el crimen en un Nueva York que ya no conoce su nombre.",https://www.youtube.com/watch?v=3B1_P2h7v2k,Accion
Cineplanet Costanera Center,SPIDER-MAN: UN NUEVO DIA,2026-08-26,15:00,2D + CONV + PRIME,SUBTITULAD,145,TE +7,https://cdn.apis.cineplanet.cl/CDN/media/entity/get/FilmPosterGraphic/HO00001843?referenceScheme=HeadOffice&allowPlaceHolder=true,https://www.cineplanet.cl/peliculas/spider-man-un-nuevo-dia,"Han pasado cuatro años desde los acontecimientos de No Way Home, y Peter es ahora un adulto que vive completamente solo, habiéndose borrado voluntariamente de las vidas y recuerdos de aquellos a quienes ama. Lucha contra el crimen en un Nueva York que ya no conoce su nombre.",https://www.youtube.com/watch?v=3B1_P2h7v2k,Accion
Cineplanet Costanera Center,SPIDER-MAN: UN NUEVO DIA,2026-08-26,15:40,2D + CONV,DOBLADA,145,TE +7,https://cdn.apis.cineplanet.cl/CDN/media/entity/get/FilmPosterGraphic/HO00001843?referenceScheme=HeadOffice&allowPlaceHolder=true,https://www.cineplanet.cl/peliculas/spider-man-un-nuevo-dia,"Han pasado cuatro años desde los acontecimientos de No Way Home, y Peter es ahora un adulto que vive completamente solo, habiéndose borrado voluntariamente de las vidas y recuerdos de aquellos a quienes ama. Lucha contra el crimen en un Nueva York que ya no conoce su nombre.",https://www.youtube.com/watch?v=3B1_P2h7v2k,Accion
Cineplanet Costanera Center,SPIDER-MAN: UN NUEVO DIA,2026-08-26,16:40,2D + XTREME,DOBLADA,145,TE +7,https://cdn.apis.cineplanet.cl/CDN/media/entity/get/FilmPosterGraphic/HO00001843?referenceScheme=HeadOffice&allowPlaceHolder=true,https://www.cineplanet.cl/peliculas/spider-man-un-nuevo-dia,"Han pasado cuatro años desde los acontecimientos de No Way Home, y Peter es ahora un adulto que vive completamente solo, habiéndose borrado voluntariamente de las vidas y recuerdos de aquellos a quienes ama. Lucha contra el crimen en un Nueva York que ya no conoce su nombre.",https://www.youtube.com/watch?v=3B1_P2h7v2k,Accion
Cineplanet Costanera Center,SPIDER-MAN: UN NUEVO DIA,2026-08-26,17:10,2D + CONV,DOBLADA,145,TE +7,https://cdn.apis.cineplanet.cl/CDN/media/entity/get/FilmPosterGraphic/HO00001843?referenceScheme=HeadOffice&allowPlaceHolder=true,https://www.cineplanet.cl/peliculas/spider-man-un-nuevo-dia,"Han pasado cuatro años desde los acontecimientos de No Way Home, y Peter es ahora un adulto que vive completamente solo, habiéndose borrado voluntariamente de las vidas y recuerdos de aquellos a quienes ama. Lucha contra el crimen en un Nueva York que ya no conoce su nombre.",https://www.youtube.com/watch?v=3B1_P2h7v2k,Accion
Cineplanet Costanera Center,SPIDER-MAN: UN NUEVO DIA,2026-08-26,18:20,2D + CONV + PRIME,SUBTITULAD,145,TE +7,https://cdn.apis.cineplanet.cl/CDN/media/entity/get/FilmPosterGraphic/HO00001843?referenceScheme=HeadOffice&allowPlaceHolder=true,https://www.cineplanet.cl/peliculas/spider-man-un-nuevo-dia,"Han pasado cuatro años desde los acontecimientos de No Way Home, y Peter es ahora un adulto que vive completamente solo, habiéndose borrado voluntariamente de las vidas y recuerdos de aquellos a quienes ama. Lucha contra el crimen en un Nueva York que ya no conoce su nombre.",https://www.youtube.com/watch?v=3B1_P2h7v2k,Accion
Cineplanet Costanera Center,SPIDER-MAN: UN NUEVO DIA,2026-08-26,18:40,2D + CONV,DOBLADA,145,TE +7,https://cdn.apis.cineplanet.cl/CDN/media/entity/get/FilmPosterGraphic/HO00001843?referenceScheme=HeadOffice&allowPlaceHolder=true,https://www.cineplanet.cl/peliculas/spider-man-un-nuevo-dia,"Han pasado cuatro años desde los acontecimientos de No Way Home, y Peter es ahora un adulto que vive completamente solo, habiéndose borrado voluntariamente de las vidas y recuerdos de aquellos a quienes ama. Lucha contra el crimen en un Nueva York que ya no conoce su nombre.",https://www.youtube.com/watch?v=3B1_P2h7v2k,Accion
Cineplanet Costanera Center,SPIDER-MAN: UN NUEVO DIA,2026-08-26,19:00,3D + PRIME,SUBTITULAD,145,TE +7,https://cdn.apis.cineplanet.cl/CDN/media/entity/get/FilmPosterGraphic/HO00001843?referenceScheme=HeadOffice&allowPlaceHolder=true,https://www.cineplanet.cl/peliculas/spider-man-un-nuevo-dia,"Han pasado cuatro años desde los acontecimientos de No Way Home, y Peter es ahora un adulto que vive completamente solo, habiéndose borrado voluntariamente de las vidas y recuerdos de aquellos a quienes ama. Lucha contra el crimen en un Nueva York que ya no conoce su nombre.",https://www.youtube.com/watch?v=3B1_P2h7v2k,Accion
Cineplanet Costanera Center,SPIDER-MAN: UN NUEVO DIA,2026-08-26,19:40,2D + XTREME,SUBTITULAD,145,TE +7,https://cdn.apis.cineplanet.cl/CDN/media/entity/get/FilmPosterGraphic/HO00001843?referenceScheme=HeadOffice&allowPlaceHolder=true,https://www.cineplanet.cl/peliculas/spider-man-un-nuevo-dia,"Han pasado cuatro años desde los acontecimientos de No Way Home, y Peter es ahora un adulto que vive completamente solo, habiéndose borrado voluntariamente de las vidas y recuerdos de aquellos a quienes ama. Lucha contra el crimen en un Nueva York que ya no conoce su nombre.",https://www.youtube.com/watch?v=3B1_P2h7v2k,Accion
Cineplanet Costanera Center,SPIDER-MAN: UN NUEVO DIA,2026-08-26,20:10,2D + CONV,DOBLADA,145,TE +7,https://cdn.apis.cineplanet.cl/CDN/media/entity/get/FilmPosterGraphic/HO00001843?referenceScheme=HeadOffice&allowPlaceHolder=true,https://www.cineplanet.cl/peliculas/spider-man-un-nuevo-dia,"Han pasado cuatro años desde los acontecimientos de No Way Home, y Peter es ahora un adulto que vive completamente solo, habiéndose borrado voluntariamente de las vidas y recuerdos de aquellos a quienes ama. Lucha contra el crimen en un Nueva York que ya no conoce su nombre.",https://www.youtube.com/watch?v=3B1_P2h7v2k,Accion
Cineplanet Costanera Center,SPIDER-MAN: UN NUEVO DIA,2026-08-26,21:40,2D + CONV,DOBLADA,145,TE +7,https://cdn.apis.cineplanet.cl/CDN/media/entity/get/FilmPosterGraphic/HO00001843?referenceScheme=HeadOffice&allowPlaceHolder=true,https://www.cineplanet.cl/peliculas/spider-man-un-nuevo-dia,"Han pasado cuatro años desde los acontecimientos de No Way Home, y Peter es ahora un adulto que vive completamente solo, habiéndose borrado voluntariamente de las vidas y recuerdos de aquellos a quienes ama. Lucha contra el crimen en un Nueva York que ya no conoce su nombre.",https://www.youtube.com/watch?v=3B1_P2h7v2k,Accion
Cineplanet Costanera Center,SPIDER-MAN: UN NUEVO DIA,2026-08-26,22:20,2D + CONV,SUBTITULAD,145,TE +7,https://cdn.apis.cineplanet.cl/CDN/media/entity/get/FilmPosterGraphic/HO00001843?referenceScheme=HeadOffice&allowPlaceHolder=true,https://www.cineplanet.cl/peliculas/spider-man-un-nuevo-dia,"Han pasado cuatro años desde los acontecimientos de No Way Home, y Peter es ahora un adulto que vive completamente solo, habiéndose borrado voluntariamente de las vidas y recuerdos de aquellos a quienes ama. Lucha contra el crimen en un Nueva York que ya no conoce su nombre.",https://www.youtube.com/watch?v=3B1_P2h7v2k,Accion
Cineplanet Costanera Center,TOY STORY 5,2026-08-25,14:30,2D + CONV,DOBLADA,102,TE,https://cdn.apis.cineplanet.cl/CDN/media/entity/get/FilmPosterGraphic/HO00001810?referenceScheme=HeadOffice&allowPlaceHolder=true,https://www.cineplanet.cl/peliculas/toy-story-5,"Los juguetes están de vuelta. Esta vez, Buzz Lightyear, Woody, Jessie y el resto de la pandilla se enfrentan a un nuevo reto cuando conocen a Lilypad, una nueva tablet.",https://www.youtube.com/watch?v=s_qpMMkvHYE,Animacion
Cineplanet Costanera Center,TOY STORY 5,2026-08-25,16:50,2D + CONV,DOBLADA,102,TE,https://cdn.apis.cineplanet.cl/CDN/media/entity/get/FilmPosterGraphic/HO00001810?referenceScheme=HeadOffice&allowPlaceHolder=true,https://www.cineplanet.cl/peliculas/toy-story-5,"Los juguetes están de vuelta. Esta vez, Buzz Lightyear, Woody, Jessie y el resto de la pandilla se enfrentan a un nuevo reto cuando conocen a Lilypad, una nueva tablet.",https://www.youtube.com/watch?v=s_qpMMkvHYE,Animacion
Cineplanet Costanera Center,TOY STORY 5,2026-08-26,14:30,2D + CONV,DOBLADA,102,TE,https://cdn.apis.cineplanet.cl/CDN/media/entity/get/FilmPosterGraphic/HO00001810?referenceScheme=HeadOffice&allowPlaceHolder=true,https://www.cineplanet.cl/peliculas/toy-story-5,"Los juguetes están de vuelta. Esta vez, Buzz Lightyear, Woody, Jessie y el resto de la pandilla se enfrentan a un nuevo reto cuando conocen a Lilypad, una nueva tablet.",https://www.youtube.com/watch?v=s_qpMMkvHYE,Animacion
Cineplanet Costanera Center,TOY STORY 5,2026-08-26,16:50,2D + CONV,DOBLADA,102,TE,https://cdn.apis.cineplanet.cl/CDN/media/entity/get/FilmPosterGraphic/HO00001810?referenceScheme=HeadOffice&allowPlaceHolder=true,https://www.cineplanet.cl/peliculas/toy-story-5,"Los juguetes están de vuelta. Esta vez, Buzz Lightyear, Woody, Jessie y el resto de la pandilla se enfrentan a un nuevo reto cuando conocen a Lilypad, una nueva tablet.",https://www.youtube.com/watch?v=s_qpMMkvHYE,Animacion
Cineplanet Costanera Center,TU CORAZON SERA DESTROZADO,2026-08-25,17:50,2D + CONV,DOBLADA,135,+14,https://cdn.apis.cineplanet.cl/CDN/media/entity/get/FilmPosterGraphic/HO00001846?referenceScheme=HeadOffice&allowPlaceHolder=true,https://www.cineplanet.cl/peliculas/tu-corazon-sera-destrozado,"Polina llega a un nuevo colegio intentando pasar desapercibida, pero rápidamente se convierte en el blanco de los abusos de sus compañeros.",https://www.youtube.com/watch?v=hrqU6rChAgE,Romance
Cineplanet Costanera Center,TU CORAZON SERA DESTROZADO,2026-08-26,17:50,2D + CONV,DOBLADA,135,+14,https://cdn.apis.cineplanet.cl/CDN/media/entity/get/FilmPosterGraphic/HO00001846?referenceScheme=HeadOffice&allowPlaceHolder=true,https://www.cineplanet.cl/peliculas/tu-corazon-sera-destrozado,"Polina llega a un nuevo colegio intentando pasar desapercibida, pero rápidamente se convierte en el blanco de los abusos de sus compañeros.",https://www.youtube.com/watch?v=hrqU6rChAgE,Romance
Cineplanet Florida Center,EL FINAL DE LA CALLE OAK,2026-08-25,13:30,2D + CONV,DOBLADA,99,+14,https://cdn.apis.cineplanet.cl/CDN/media/entity/get/FilmPosterGraphic/HO00001856?referenceScheme=HeadOffice&allowPlaceHolder=true,https://www.cineplanet.cl/peliculas/el-final-de-la-calle-oak,"Después de que un misterioso fenómeno cósmico arranque Oak Street de su entorno suburbano y transporte a sus habitantes a un lugar desconocido, la familia Platt pronto descubre que su propia supervivencia depende de que permanezcan unidos mientras se orientan en un entorno que ya no reconocen.",https://www.youtube.com/watch?v=kdrry0xfHzA,Ciencia ficcion
Cineplanet Florida Center,EL FINAL DE LA CALLE OAK,2026-08-25,15:45,2D + CONV,DOBLADA,99,+14,https://cdn.apis.cineplanet.cl/CDN/media/entity/get/FilmPosterGraphic/HO00001856?referenceScheme=HeadOffice&allowPlaceHolder=true,https://www.cineplanet.cl/peliculas/el-final-de-la-calle-oak,"Después de que un misterioso fenómeno cósmico arranque Oak Street de su entorno suburbano y transporte a sus habitantes a un lugar desconocido, la familia Platt pronto descubre que su propia supervivencia depende de que permanezcan unidos mientras se orientan en un entorno que ya no reconocen.",https://www.youtube.com/watch?v=kdrry0xfHzA,Ciencia ficcion
Cineplanet Florida Center,EL FINAL DE LA CALLE OAK,2026-08-25,17:55,2D + CONV,DOBLADA,99,+14,https://cdn.apis.cineplanet.cl/CDN/media/entity/get/FilmPosterGraphic/HO00001856?referenceScheme=HeadOffice&allowPlaceHolder=true,https://www.cineplanet.cl/peliculas/el-final-de-la-calle-oak,"Después de que un misterioso fenómeno cósmico arranque Oak Street de su entorno suburbano y transporte a sus habitantes a un lugar desconocido, la familia Platt pronto descubre que su propia supervivencia depende de que permanezcan unidos mientras se orientan en un entorno que ya no reconocen.",https://www.youtube.com/watch?v=kdrry0xfHzA,Ciencia ficcion
Cineplanet Florida Center,EL FINAL DE LA CALLE OAK,2026-08-25,20:10,2D + CONV,DOBLADA,99,+14,https://cdn.apis.cineplanet.cl/CDN/media/entity/get/FilmPosterGraphic/HO00001856?referenceScheme=HeadOffice&allowPlaceHolder=true,https://www.cineplanet.cl/peliculas/el-final-de-la-calle-oak,"Después de que un misterioso fenómeno cósmico arranque Oak Street de su entorno suburbano y transporte a sus habitantes a un lugar desconocido, la familia Platt pronto descubre que su propia supervivencia depende de que permanezcan unidos mientras se orientan en un entorno que ya no reconocen.",https://www.youtube.com/watch?v=kdrry0xfHzA,Ciencia ficcion
Cineplanet Florida Center,EL FINAL DE LA CALLE OAK,2026-08-26,13:30,2D + CONV,DOBLADA,99,+14,https://cdn.apis.cineplanet.cl/CDN/media/entity/get/FilmPosterGraphic/HO00001856?referenceScheme=HeadOffice&allowPlaceHolder=true,https://www.cineplanet.cl/peliculas/el-final-de-la-calle-oak,"Después de que un misterioso fenómeno cósmico arranque Oak Street de su entorno suburbano y transporte a sus habitantes a un lugar desconocido, la familia Platt pronto descubre que su propia supervivencia depende de que permanezcan unidos mientras se orientan en un entorno que ya no reconocen.",https://www.youtube.com/watch?v=kdrry0xfHzA,Ciencia ficcion
Cineplanet Florida Center,EL FINAL DE LA CALLE OAK,2026-08-26,15:45,2D + CONV,DOBLADA,99,+14,https://cdn.apis.cineplanet.cl/CDN/media/entity/get/FilmPosterGraphic/HO00001856?referenceScheme=HeadOffice&allowPlaceHolder=true,https://www.cineplanet.cl/peliculas/el-final-de-la-calle-oak,"Después de que un misterioso fenómeno cósmico arranque Oak Street de su entorno suburbano y transporte a sus habitantes a un lugar desconocido, la familia Platt pronto descubre que su propia supervivencia depende de que permanezcan unidos mientras se orientan en un entorno que ya no reconocen.",https://www.youtube.com/watch?v=kdrry0xfHzA,Ciencia ficcion
Cineplanet Florida Center,EL FINAL DE LA CALLE OAK,2026-08-26,17:55,2D + CONV,DOBLADA,99,+14,https://cdn.apis.cineplanet.cl/CDN/media/entity/get/FilmPosterGraphic/HO00001856?referenceScheme=HeadOffice&allowPlaceHolder=true,https://www.cineplanet.cl/peliculas/el-final-de-la-calle-oak,"Después de que un misterioso fenómeno cósmico arranque Oak Street de su entorno suburbano y transporte a sus habitantes a un lugar desconocido, la familia Platt pronto descubre que su propia supervivencia depende de que permanezcan unidos mientras se orientan en un entorno que ya no reconocen.",https://www.youtube.com/watch?v=kdrry0xfHzA,Ciencia ficcion
Cineplanet Florida Center,EL FINAL DE LA CALLE OAK,2026-08-26,20:10,2D + CONV,DOBLADA,99,+14,https://cdn.apis.cineplanet.cl/CDN/media/entity/get/FilmPosterGraphic/HO00001856?referenceScheme=HeadOffice&allowPlaceHolder=true,https://www.cineplanet.cl/peliculas/el-final-de-la-calle-oak,"Después de que un misterioso fenómeno cósmico arranque Oak Street de su entorno suburbano y transporte a sus habitantes a un lugar desconocido, la familia Platt pronto descubre que su propia supervivencia depende de que permanezcan unidos mientras se orientan en un entorno que ya no reconocen.",https://www.youtube.com/watch?v=kdrry0xfHzA,Ciencia ficcion
Cineplanet Florida Center,EL FINAL DE LA CALLE OAK,2026-08-26,22:20,2D + CONV,DOBLADA,99,+14,https://cdn.apis.cineplanet.cl/CDN/media/entity/get/FilmPosterGraphic/HO00001856?referenceScheme=HeadOffice&allowPlaceHolder=true,https://www.cineplanet.cl/peliculas/el-final-de-la-calle-oak,"Después de que un misterioso fenómeno cósmico arranque Oak Street de su entorno suburbano y transporte a sus habitantes a un lugar desconocido, la familia Platt pronto descubre que su propia supervivencia depende de que permanezcan unidos mientras se orientan en un entorno que ya no reconocen.",https://www.youtube.com/watch?v=kdrry0xfHzA,Ciencia ficcion
Cineplanet Florida Center,HARRY POTTER Y LA PIEDRA FILOSOFAL (2001),2026-08-27,14:00,2D + CONV,DOBLADA,166,TE +7,https://cdn.apis.cineplanet.cl/CDN/media/entity/get/FilmPosterGraphic/HO00001895?referenceScheme=HeadOffice&allowPlaceHolder=true,https://www.cineplanet.cl/peliculas/harry-potter-y-la-piedra-filosofal-2001,"El día en que cumple once años, Harry Potter se entera de que es hijo de dos destacados hechiceros, de los que ha heredado poderes mágicos. En la escuela Hogwarts de Magia y Hechicería, donde se educa con otros niños que también tienen poderes especiales, aprenderá todo lo necesario para ser mago.",,Aventura
Cineplanet Florida Center,HARRY POTTER Y LA PIEDRA FILOSOFAL (2001),2026-08-27,17:20,2D + CONV,SUBTITULAD,166,TE +7,https://cdn.apis.cineplanet.cl/CDN/media/entity/get/FilmPosterGraphic/HO00001895?referenceScheme=HeadOffice&allowPlaceHolder=true,https://www.cineplanet.cl/peliculas/harry-potter-y-la-piedra-filosofal-2001,"El día en que cumple once años, Harry Potter se entera de que es hijo de dos destacados hechiceros, de los que ha heredado poderes mágicos. En la escuela Hogwarts de Magia y Hechicería, donde se educa con otros niños que también tienen poderes especiales, aprenderá todo lo necesario para ser mago.",,Aventura
Cineplanet Florida Center,HARRY POTTER Y LA PIEDRA FILOSOFAL (2001),2026-08-28,14:00,2D + CONV,DOBLADA,166,TE +7,https://cdn.apis.cineplanet.cl/CDN/media/entity/get/FilmPosterGraphic/HO00001895?referenceScheme=HeadOffice&allowPlaceHolder=true,https://www.cineplanet.cl/peliculas/harry-potter-y-la-piedra-filosofal-2001,"El día en que cumple once años, Harry Potter se entera de que es hijo de dos destacados hechiceros, de los que ha heredado poderes mágicos. En la escuela Hogwarts de Magia y Hechicería, donde se educa con otros niños que también tienen poderes especiales, aprenderá todo lo necesario para ser mago.",,Aventura
Cineplanet Florida Center,HARRY POTTER Y LA PIEDRA FILOSOFAL (2001),2026-08-28,17:20,2D + CONV,SUBTITULAD,166,TE +7,https://cdn.apis.cineplanet.cl/CDN/media/entity/get/FilmPosterGraphic/HO00001895?referenceScheme=HeadOffice&allowPlaceHolder=true,https://www.cineplanet.cl/peliculas/harry-potter-y-la-piedra-filosofal-2001,"El día en que cumple once años, Harry Potter se entera de que es hijo de dos destacados hechiceros, de los que ha heredado poderes mágicos. En la escuela Hogwarts de Magia y Hechicería, donde se educa con otros niños que también tienen poderes especiales, aprenderá todo lo necesario para ser mago.",,Aventura
Cineplanet Florida Center,HARRY POTTER Y LA PIEDRA FILOSOFAL (2001),2026-08-29,14:00,2D + CONV,DOBLADA,166,TE +7,https://cdn.apis.cineplanet.cl/CDN/media/entity/get/FilmPosterGraphic/HO00001895?referenceScheme=HeadOffice&allowPlaceHolder=true,https://www.cineplanet.cl/peliculas/harry-potter-y-la-piedra-filosofal-2001,"El día en que cumple once años, Harry Potter se entera de que es hijo de dos destacados hechiceros, de los que ha heredado poderes mágicos. En la escuela Hogwarts de Magia y Hechicería, donde se educa con otros niños que también tienen poderes especiales, aprenderá todo lo necesario para ser mago.",,Aventura
Cineplanet Florida Center,HARRY POTTER Y LA PIEDRA FILOSOFAL (2001),2026-08-29,17:20,2D + CONV,SUBTITULAD,166,TE +7,https://cdn.apis.cineplanet.cl/CDN/media/entity/get/FilmPosterGraphic/HO00001895?referenceScheme=HeadOffice&allowPlaceHolder=true,https://www.cineplanet.cl/peliculas/harry-potter-y-la-piedra-filosofal-2001,"El día en que cumple once años, Harry Potter se entera de que es hijo de dos destacados hechiceros, de los que ha heredado poderes mágicos. En la escuela Hogwarts de Magia y Hechicería, donde se educa con otros niños que también tienen poderes especiales, aprenderá todo lo necesario para ser mago.",,Aventura
Cineplanet Florida Center,HARRY POTTER Y LA PIEDRA FILOSOFAL (2001),2026-08-30,14:00,2D + CONV,DOBLADA,166,TE +7,https://cdn.apis.cineplanet.cl/CDN/media/entity/get/FilmPosterGraphic/HO00001895?referenceScheme=HeadOffice&allowPlaceHolder=true,https://www.cineplanet.cl/peliculas/harry-potter-y-la-piedra-filosofal-2001,"El día en que cumple once años, Harry Potter se entera de que es hijo de dos destacados hechiceros, de los que ha heredado poderes mágicos. En la escuela Hogwarts de Magia y Hechicería, donde se educa con otros niños que también tienen poderes especiales, aprenderá todo lo necesario para ser mago.",,Aventura
Cineplanet Florida Center,HARRY POTTER Y LA PIEDRA FILOSOFAL (2001),2026-08-30,17:20,2D + CONV,SUBTITULAD,166,TE +7,https://cdn.apis.cineplanet.cl/CDN/media/entity/get/FilmPosterGraphic/HO00001895?referenceScheme=HeadOffice&allowPlaceHolder=true,https://www.cineplanet.cl/peliculas/harry-potter-y-la-piedra-filosofal-2001,"El día en que cumple once años, Harry Potter se entera de que es hijo de dos destacados hechiceros, de los que ha heredado poderes mágicos. En la escuela Hogwarts de Magia y Hechicería, donde se educa con otros niños que también tienen poderes especiales, aprenderá todo lo necesario para ser mago.",,Aventura
Cineplanet Florida Center,JUAN GABRIEL: MI PRIMER BELLAS ARTES,2026-08-28,13:40,2D + CONV,DOBLADA,110,TE +7,https://cdn.apis.cineplanet.cl/CDN/media/entity/get/FilmPosterGraphic/HO00001883?referenceScheme=HeadOffice&allowPlaceHolder=true,https://www.cineplanet.cl/peliculas/juan-gabriel-mi-primer-bellas-artes,"*Versión Sing Along* El concierto más icónico de México llega a la pantalla grande. A partir del 28 de agosto, con motivo del 10.º aniversario luctuoso de Juan Gabriel, disfruta del histórico primer concierto de Juan Gabriel en el Palacio de Bellas Artes en 1990, una noche que transformó para siempre la música en México. Más de tres décadas después, esta presentación legendaria revive en una nueva reedición especial para cines con imagen y audio restaurados, donde cada interpretación, cada aplauso y cada instante recuperan su esplendor para que nuevas generaciones y admiradores de siempre pu",https://www.youtube.com/watch?v=zq9V3eaio2Y,Concierto
Cineplanet Florida Center,JUAN GABRIEL: MI PRIMER BELLAS ARTES,2026-08-28,16:00,2D + CONV,DOBLADA,110,TE +7,https://cdn.apis.cineplanet.cl/CDN/media/entity/get/FilmPosterGraphic/HO00001883?referenceScheme=HeadOffice&allowPlaceHolder=true,https://www.cineplanet.cl/peliculas/juan-gabriel-mi-primer-bellas-artes,"*Versión Sing Along* El concierto más icónico de México llega a la pantalla grande. A partir del 28 de agosto, con motivo del 10.º aniversario luctuoso de Juan Gabriel, disfruta del histórico primer concierto de Juan Gabriel en el Palacio de Bellas Artes en 1990, una noche que transformó para siempre la música en México. Más de tres décadas después, esta presentación legendaria revive en una nueva reedición especial para cines con imagen y audio restaurados, donde cada interpretación, cada aplauso y cada instante recuperan su esplendor para que nuevas generaciones y admiradores de siempre pu",https://www.youtube.com/watch?v=zq9V3eaio2Y,Concierto
Cineplanet Florida Center,JUAN GABRIEL: MI PRIMER BELLAS ARTES,2026-08-28,18:20,2D + CONV,DOBLADA,110,TE +7,https://cdn.apis.cineplanet.cl/CDN/media/entity/get/FilmPosterGraphic/HO00001883?referenceScheme=HeadOffice&allowPlaceHolder=true,https://www.cineplanet.cl/peliculas/juan-gabriel-mi-primer-bellas-artes,"*Versión Sing Along* El concierto más icónico de México llega a la pantalla grande. A partir del 28 de agosto, con motivo del 10.º aniversario luctuoso de Juan Gabriel, disfruta del histórico primer concierto de Juan Gabriel en el Palacio de Bellas Artes en 1990, una noche que transformó para siempre la música en México. Más de tres décadas después, esta presentación legendaria revive en una nueva reedición especial para cines con imagen y audio restaurados, donde cada interpretación, cada aplauso y cada instante recuperan su esplendor para que nuevas generaciones y admiradores de siempre pu",https://www.youtube.com/watch?v=zq9V3eaio2Y,Concierto
Cineplanet Florida Center,JUAN GABRIEL: MI PRIMER BELLAS ARTES,2026-08-29,13:40,2D + CONV,DOBLADA,110,TE +7,https://cdn.apis.cineplanet.cl/CDN/media/entity/get/FilmPosterGraphic/HO00001883?referenceScheme=HeadOffice&allowPlaceHolder=true,https://www.cineplanet.cl/peliculas/juan-gabriel-mi-primer-bellas-artes,"*Versión Sing Along* El concierto más icónico de México llega a la pantalla grande. A partir del 28 de agosto, con motivo del 10.º aniversario luctuoso de Juan Gabriel, disfruta del histórico primer concierto de Juan Gabriel en el Palacio de Bellas Artes en 1990, una noche que transformó para siempre la música en México. Más de tres décadas después, esta presentación legendaria revive en una nueva reedición especial para cines con imagen y audio restaurados, donde cada interpretación, cada aplauso y cada instante recuperan su esplendor para que nuevas generaciones y admiradores de siempre pu",https://www.youtube.com/watch?v=zq9V3eaio2Y,Concierto
Cineplanet Florida Center,JUAN GABRIEL: MI PRIMER BELLAS ARTES,2026-08-29,16:00,2D + CONV,DOBLADA,110,TE +7,https://cdn.apis.cineplanet.cl/CDN/media/entity/get/FilmPosterGraphic/HO00001883?referenceScheme=HeadOffice&allowPlaceHolder=true,https://www.cineplanet.cl/peliculas/juan-gabriel-mi-primer-bellas-artes,"*Versión Sing Along* El concierto más icónico de México llega a la pantalla grande. A partir del 28 de agosto, con motivo del 10.º aniversario luctuoso de Juan Gabriel, disfruta del histórico primer concierto de Juan Gabriel en el Palacio de Bellas Artes en 1990, una noche que transformó para siempre la música en México. Más de tres décadas después, esta presentación legendaria revive en una nueva reedición especial para cines con imagen y audio restaurados, donde cada interpretación, cada aplauso y cada instante recuperan su esplendor para que nuevas generaciones y admiradores de siempre pu",https://www.youtube.com/watch?v=zq9V3eaio2Y,Concierto
Cineplanet Florida Center,JUAN GABRIEL: MI PRIMER BELLAS ARTES,2026-08-29,18:20,2D + CONV,DOBLADA,110,TE +7,https://cdn.apis.cineplanet.cl/CDN/media/entity/get/FilmPosterGraphic/HO00001883?referenceScheme=HeadOffice&allowPlaceHolder=true,https://www.cineplanet.cl/peliculas/juan-gabriel-mi-primer-bellas-artes,"*Versión Sing Along* El concierto más icónico de México llega a la pantalla grande. A partir del 28 de agosto, con motivo del 10.º aniversario luctuoso de Juan Gabriel, disfruta del histórico primer concierto de Juan Gabriel en el Palacio de Bellas Artes en 1990, una noche que transformó para siempre la música en México. Más de tres décadas después, esta presentación legendaria revive en una nueva reedición especial para cines con imagen y audio restaurados, donde cada interpretación, cada aplauso y cada instante recuperan su esplendor para que nuevas generaciones y admiradores de siempre pu",https://www.youtube.com/watch?v=zq9V3eaio2Y,Concierto
Cineplanet Florida Center,JUAN GABRIEL: MI PRIMER BELLAS ARTES,2026-08-30,13:40,2D + CONV,DOBLADA,110,TE +7,https://cdn.apis.cineplanet.cl/CDN/media/entity/get/FilmPosterGraphic/HO00001883?referenceScheme=HeadOffice&allowPlaceHolder=true,https://www.cineplanet.cl/peliculas/juan-gabriel-mi-primer-bellas-artes,"*Versión Sing Along* El concierto más icónico de México llega a la pantalla grande. A partir del 28 de agosto, con motivo del 10.º aniversario luctuoso de Juan Gabriel, disfruta del histórico primer concierto de Juan Gabriel en el Palacio de Bellas Artes en 1990, una noche que transformó para siempre la música en México. Más de tres décadas después, esta presentación legendaria revive en una nueva reedición especial para cines con imagen y audio restaurados, donde cada interpretación, cada aplauso y cada instante recuperan su esplendor para que nuevas generaciones y admiradores de siempre pu",https://www.youtube.com/watch?v=zq9V3eaio2Y,Concierto
Cineplanet Florida Center,JUAN GABRIEL: MI PRIMER BELLAS ARTES,2026-08-30,16:00,2D + CONV,DOBLADA,110,TE +7,https://cdn.apis.cineplanet.cl/CDN/media/entity/get/FilmPosterGraphic/HO00001883?referenceScheme=HeadOffice&allowPlaceHolder=true,https://www.cineplanet.cl/peliculas/juan-gabriel-mi-primer-bellas-artes,"*Versión Sing Along* El concierto más icónico de México llega a la pantalla grande. A partir del 28 de agosto, con motivo del 10.º aniversario luctuoso de Juan Gabriel, disfruta del histórico primer concierto de Juan Gabriel en el Palacio de Bellas Artes en 1990, una noche que transformó para siempre la música en México. Más de tres décadas después, esta presentación legendaria revive en una nueva reedición especial para cines con imagen y audio restaurados, donde cada interpretación, cada aplauso y cada instante recuperan su esplendor para que nuevas generaciones y admiradores de siempre pu",https://www.youtube.com/watch?v=zq9V3eaio2Y,Concierto
Cineplanet Florida Center,JUAN GABRIEL: MI PRIMER BELLAS ARTES,2026-08-30,18:20,2D + CONV,DOBLADA,110,TE +7,https://cdn.apis.cineplanet.cl/CDN/media/entity/get/FilmPosterGraphic/HO00001883?referenceScheme=HeadOffice&allowPlaceHolder=true,https://www.cineplanet.cl/peliculas/juan-gabriel-mi-primer-bellas-artes,"*Versión Sing Along* El concierto más icónico de México llega a la pantalla grande. A partir del 28 de agosto, con motivo del 10.º aniversario luctuoso de Juan Gabriel, disfruta del histórico primer concierto de Juan Gabriel en el Palacio de Bellas Artes en 1990, una noche que transformó para siempre la música en México. Más de tres décadas después, esta presentación legendaria revive en una nueva reedición especial para cines con imagen y audio restaurados, donde cada interpretación, cada aplauso y cada instante recuperan su esplendor para que nuevas generaciones y admiradores de siempre pu",https://www.youtube.com/watch?v=zq9V3eaio2Y,Concierto
Cineplanet Florida Center,LA MUERTE DE ROBIN HOOD,2026-08-25,14:10,2D + CONV,DOBLADA,122,+14,https://cdn.apis.cineplanet.cl/CDN/media/entity/get/FilmPosterGraphic/HO00001904?referenceScheme=HeadOffice&allowPlaceHolder=true,https://www.cineplanet.cl/peliculas/la-muerte-de-robin-hood,"Un Robin Hood herido se enfrenta a la muerte tras su última batalla, hasta que un misterioso sanador le ofrece la redención de su violento pasado.",,Drama
Cineplanet Florida Center,LA MUERTE DE ROBIN HOOD,2026-08-25,19:00,2D + CONV,DOBLADA,122,+14,https://cdn.apis.cineplanet.cl/CDN/media/entity/get/FilmPosterGraphic/HO00001904?referenceScheme=HeadOffice&allowPlaceHolder=true,https://www.cineplanet.cl/peliculas/la-muerte-de-robin-hood,"Un Robin Hood herido se enfrenta a la muerte tras su última batalla, hasta que un misterioso sanador le ofrece la redención de su violento pasado.",,Drama
Cineplanet Florida Center,LA MUERTE DE ROBIN HOOD,2026-08-26,14:10,2D + CONV,DOBLADA,122,+14,https://cdn.apis.cineplanet.cl/CDN/media/entity/get/FilmPosterGraphic/HO00001904?referenceScheme=HeadOffice&allowPlaceHolder=true,https://www.cineplanet.cl/peliculas/la-muerte-de-robin-hood,"Un Robin Hood herido se enfrenta a la muerte tras su última batalla, hasta que un misterioso sanador le ofrece la redención de su violento pasado.",,Drama
Cineplanet Florida Center,LA MUERTE DE ROBIN HOOD,2026-08-26,19:00,2D + CONV,DOBLADA,122,+14,https://cdn.apis.cineplanet.cl/CDN/media/entity/get/FilmPosterGraphic/HO00001904?referenceScheme=HeadOffice&allowPlaceHolder=true,https://www.cineplanet.cl/peliculas/la-muerte-de-robin-hood,"Un Robin Hood herido se enfrenta a la muerte tras su última batalla, hasta que un misterioso sanador le ofrece la redención de su violento pasado.",,Drama
Cineplanet Florida Center,LA NEGOCIACIÓN,2026-08-25,16:45,2D + CONV,SUBTITULAD,105,+14,https://cdn.apis.cineplanet.cl/CDN/media/entity/get/FilmPosterGraphic/HO00001881?referenceScheme=HeadOffice&allowPlaceHolder=true,https://www.cineplanet.cl/peliculas/la-negociacin,"Un hombre armado irrumpe en las oficinas de una hipotecaria y toma como rehén al presidente de la compañía, amenazándolo con una escopeta conectada a su propio cuello mediante un mecanismo de alambre.",https://www.youtube.com/watch?v=D3glJQdJWsE,Drama
Cineplanet Florida Center,LA NEGOCIACIÓN,2026-08-25,21:30,2D + CONV,SUBTITULAD,105,+14,https://cdn.apis.cineplanet.cl/CDN/media/entity/get/FilmPosterGraphic/HO00001881?referenceScheme=HeadOffice&allowPlaceHolder=true,https://www.cineplanet.cl/peliculas/la-negociacin,"Un hombre armado irrumpe en las oficinas de una hipotecaria y toma como rehén al presidente de la compañía, amenazándolo con una escopeta conectada a su propio cuello mediante un mecanismo de alambre.",https://www.youtube.com/watch?v=D3glJQdJWsE,Drama
Cineplanet Florida Center,LA NEGOCIACIÓN,2026-08-26,16:45,2D + CONV,SUBTITULAD,105,+14,https://cdn.apis.cineplanet.cl/CDN/media/entity/get/FilmPosterGraphic/HO00001881?referenceScheme=HeadOffice&allowPlaceHolder=true,https://www.cineplanet.cl/peliculas/la-negociacin,"Un hombre armado irrumpe en las oficinas de una hipotecaria y toma como rehén al presidente de la compañía, amenazándolo con una escopeta conectada a su propio cuello mediante un mecanismo de alambre.",https://www.youtube.com/watch?v=D3glJQdJWsE,Drama
Cineplanet Florida Center,LA NEGOCIACIÓN,2026-08-26,21:30,2D + CONV,SUBTITULAD,105,+14,https://cdn.apis.cineplanet.cl/CDN/media/entity/get/FilmPosterGraphic/HO00001881?referenceScheme=HeadOffice&allowPlaceHolder=true,https://www.cineplanet.cl/peliculas/la-negociacin,"Un hombre armado irrumpe en las oficinas de una hipotecaria y toma como rehén al presidente de la compañía, amenazándolo con una escopeta conectada a su propio cuello mediante un mecanismo de alambre.",https://www.youtube.com/watch?v=D3glJQdJWsE,Drama
Cineplanet Florida Center,LA NOCHE DEL DEMONIO: ESTÁN ENTRE NOSOTROS,2026-08-25,13:20,2D + CONV,DOBLADA,106,+14,https://cdn.apis.cineplanet.cl/CDN/media/entity/get/FilmPosterGraphic/HO00001857?referenceScheme=HeadOffice&allowPlaceHolder=true,https://www.cineplanet.cl/peliculas/la-noche-del-demonio-estn-entre-nosotros,"Gemma, una joven madre que cría a su hija en la casa en la que creció, descubre que puede viajar a The Further, donde posee la capacidad de traer lo que allí vive de vuelta al mundo real.",https://www.youtube.com/watch?v=fuxeEUqCNac,Terror
Cineplanet Florida Center,LA NOCHE DEL DEMONIO: ESTÁN ENTRE NOSOTROS,2026-08-25,14:00,2D + CONV + PRIME,DOBLADA,106,+14,https://cdn.apis.cineplanet.cl/CDN/media/entity/get/FilmPosterGraphic/HO00001857?referenceScheme=HeadOffice&allowPlaceHolder=true,https://www.cineplanet.cl/peliculas/la-noche-del-demonio-estn-entre-nosotros,"Gemma, una joven madre que cría a su hija en la casa en la que creció, descubre que puede viajar a The Further, donde posee la capacidad de traer lo que allí vive de vuelta al mundo real.",https://www.youtube.com/watch?v=fuxeEUqCNac,Terror
Cineplanet Florida Center,LA NOCHE DEL DEMONIO: ESTÁN ENTRE NOSOTROS,2026-08-25,15:40,2D + CONV,DOBLADA,106,+14,https://cdn.apis.cineplanet.cl/CDN/media/entity/get/FilmPosterGraphic/HO00001857?referenceScheme=HeadOffice&allowPlaceHolder=true,https://www.cineplanet.cl/peliculas/la-noche-del-demonio-estn-entre-nosotros,"Gemma, una joven madre que cría a su hija en la casa en la que creció, descubre que puede viajar a The Further, donde posee la capacidad de traer lo que allí vive de vuelta al mundo real.",https://www.youtube.com/watch?v=fuxeEUqCNac,Terror
Cineplanet Florida Center,LA NOCHE DEL DEMONIO: ESTÁN ENTRE NOSOTROS,2026-08-25,17:00,2D + CONV,DOBLADA,106,+14,https://cdn.apis.cineplanet.cl/CDN/media/entity/get/FilmPosterGraphic/HO00001857?referenceScheme=HeadOffice&allowPlaceHolder=true,https://www.cineplanet.cl/peliculas/la-noche-del-demonio-estn-entre-nosotros,"Gemma, una joven madre que cría a su hija en la casa en la que creció, descubre que puede viajar a The Further, donde posee la capacidad de traer lo que allí vive de vuelta al mundo real.",https://www.youtube.com/watch?v=fuxeEUqCNac,Terror
Cineplanet Florida Center,LA NOCHE DEL DEMONIO: ESTÁN ENTRE NOSOTROS,2026-08-25,18:00,2D + CONV,DOBLADA,106,+14,https://cdn.apis.cineplanet.cl/CDN/media/entity/get/FilmPosterGraphic/HO00001857?referenceScheme=HeadOffice&allowPlaceHolder=true,https://www.cineplanet.cl/peliculas/la-noche-del-demonio-estn-entre-nosotros,"Gemma, una joven madre que cría a su hija en la casa en la que creció, descubre que puede viajar a The Further, donde posee la capacidad de traer lo que allí vive de vuelta al mundo real.",https://www.youtube.com/watch?v=fuxeEUqCNac,Terror
Cineplanet Florida Center,LA NOCHE DEL DEMONIO: ESTÁN ENTRE NOSOTROS,2026-08-25,18:40,2D + CONV + PRIME,DOBLADA,106,+14,https://cdn.apis.cineplanet.cl/CDN/media/entity/get/FilmPosterGraphic/HO00001857?referenceScheme=HeadOffice&allowPlaceHolder=true,https://www.cineplanet.cl/peliculas/la-noche-del-demonio-estn-entre-nosotros,"Gemma, una joven madre que cría a su hija en la casa en la que creció, descubre que puede viajar a The Further, donde posee la capacidad de traer lo que allí vive de vuelta al mundo real.",https://www.youtube.com/watch?v=fuxeEUqCNac,Terror
Cineplanet Florida Center,LA NOCHE DEL DEMONIO: ESTÁN ENTRE NOSOTROS,2026-08-25,19:20,2D + CONV,SUBTITULAD,106,+14,https://cdn.apis.cineplanet.cl/CDN/media/entity/get/FilmPosterGraphic/HO00001857?referenceScheme=HeadOffice&allowPlaceHolder=true,https://www.cineplanet.cl/peliculas/la-noche-del-demonio-estn-entre-nosotros,"Gemma, una joven madre que cría a su hija en la casa en la que creció, descubre que puede viajar a The Further, donde posee la capacidad de traer lo que allí vive de vuelta al mundo real.",https://www.youtube.com/watch?v=fuxeEUqCNac,Terror
Cineplanet Florida Center,LA NOCHE DEL DEMONIO: ESTÁN ENTRE NOSOTROS,2026-08-25,20:20,2D + CONV,DOBLADA,106,+14,https://cdn.apis.cineplanet.cl/CDN/media/entity/get/FilmPosterGraphic/HO00001857?referenceScheme=HeadOffice&allowPlaceHolder=true,https://www.cineplanet.cl/peliculas/la-noche-del-demonio-estn-entre-nosotros,"Gemma, una joven madre que cría a su hija en la casa en la que creció, descubre que puede viajar a The Further, donde posee la capacidad de traer lo que allí vive de vuelta al mundo real.",https://www.youtube.com/watch?v=fuxeEUqCNac,Terror
Cineplanet Florida Center,LA NOCHE DEL DEMONIO: ESTÁN ENTRE NOSOTROS,2026-08-25,21:40,2D + CONV,SUBTITULAD,106,+14,https://cdn.apis.cineplanet.cl/CDN/media/entity/get/FilmPosterGraphic/HO00001857?referenceScheme=HeadOffice&allowPlaceHolder=true,https://www.cineplanet.cl/peliculas/la-noche-del-demonio-estn-entre-nosotros,"Gemma, una joven madre que cría a su hija en la casa en la que creció, descubre que puede viajar a The Further, donde posee la capacidad de traer lo que allí vive de vuelta al mundo real.",https://www.youtube.com/watch?v=fuxeEUqCNac,Terror
Cineplanet Florida Center,LA NOCHE DEL DEMONIO: ESTÁN ENTRE NOSOTROS,2026-08-26,13:20,2D + CONV,DOBLADA,106,+14,https://cdn.apis.cineplanet.cl/CDN/media/entity/get/FilmPosterGraphic/HO00001857?referenceScheme=HeadOffice&allowPlaceHolder=true,https://www.cineplanet.cl/peliculas/la-noche-del-demonio-estn-entre-nosotros,"Gemma, una joven madre que cría a su hija en la casa en la que creció, descubre que puede viajar a The Further, donde posee la capacidad de traer lo que allí vive de vuelta al mundo real.",https://www.youtube.com/watch?v=fuxeEUqCNac,Terror
Cineplanet Florida Center,LA NOCHE DEL DEMONIO: ESTÁN ENTRE NOSOTROS,2026-08-26,14:00,2D + CONV + PRIME,DOBLADA,106,+14,https://cdn.apis.cineplanet.cl/CDN/media/entity/get/FilmPosterGraphic/HO00001857?referenceScheme=HeadOffice&allowPlaceHolder=true,https://www.cineplanet.cl/peliculas/la-noche-del-demonio-estn-entre-nosotros,"Gemma, una joven madre que cría a su hija en la casa en la que creció, descubre que puede viajar a The Further, donde posee la capacidad de traer lo que allí vive de vuelta al mundo real.",https://www.youtube.com/watch?v=fuxeEUqCNac,Terror
Cineplanet Florida Center,LA NOCHE DEL DEMONIO: ESTÁN ENTRE NOSOTROS,2026-08-26,15:40,2D + CONV,DOBLADA,106,+14,https://cdn.apis.cineplanet.cl/CDN/media/entity/get/FilmPosterGraphic/HO00001857?referenceScheme=HeadOffice&allowPlaceHolder=true,https://www.cineplanet.cl/peliculas/la-noche-del-demonio-estn-entre-nosotros,"Gemma, una joven madre que cría a su hija en la casa en la que creció, descubre que puede viajar a The Further, donde posee la capacidad de traer lo que allí vive de vuelta al mundo real.",https://www.youtube.com/watch?v=fuxeEUqCNac,Terror
Cineplanet Florida Center,LA NOCHE DEL DEMONIO: ESTÁN ENTRE NOSOTROS,2026-08-26,17:00,2D + CONV,DOBLADA,106,+14,https://cdn.apis.cineplanet.cl/CDN/media/entity/get/FilmPosterGraphic/HO00001857?referenceScheme=HeadOffice&allowPlaceHolder=true,https://www.cineplanet.cl/peliculas/la-noche-del-demonio-estn-entre-nosotros,"Gemma, una joven madre que cría a su hija en la casa en la que creció, descubre que puede viajar a The Further, donde posee la capacidad de traer lo que allí vive de vuelta al mundo real.",https://www.youtube.com/watch?v=fuxeEUqCNac,Terror
Cineplanet Florida Center,LA NOCHE DEL DEMONIO: ESTÁN ENTRE NOSOTROS,2026-08-26,18:00,2D + CONV,DOBLADA,106,+14,https://cdn.apis.cineplanet.cl/CDN/media/entity/get/FilmPosterGraphic/HO00001857?referenceScheme=HeadOffice&allowPlaceHolder=true,https://www.cineplanet.cl/peliculas/la-noche-del-demonio-estn-entre-nosotros,"Gemma, una joven madre que cría a su hija en la casa en la que creció, descubre que puede viajar a The Further, donde posee la capacidad de traer lo que allí vive de vuelta al mundo real.",https://www.youtube.com/watch?v=fuxeEUqCNac,Terror
Cineplanet Florida Center,LA NOCHE DEL DEMONIO: ESTÁN ENTRE NOSOTROS,2026-08-26,18:40,2D + CONV + PRIME,DOBLADA,106,+14,https://cdn.apis.cineplanet.cl/CDN/media/entity/get/FilmPosterGraphic/HO00001857?referenceScheme=HeadOffice&allowPlaceHolder=true,https://www.cineplanet.cl/peliculas/la-noche-del-demonio-estn-entre-nosotros,"Gemma, una joven madre que cría a su hija en la casa en la que creció, descubre que puede viajar a The Further, donde posee la capacidad de traer lo que allí vive de vuelta al mundo real.",https://www.youtube.com/watch?v=fuxeEUqCNac,Terror
Cineplanet Florida Center,LA NOCHE DEL DEMONIO: ESTÁN ENTRE NOSOTROS,2026-08-26,19:20,2D + CONV,SUBTITULAD,106,+14,https://cdn.apis.cineplanet.cl/CDN/media/entity/get/FilmPosterGraphic/HO00001857?referenceScheme=HeadOffice&allowPlaceHolder=true,https://www.cineplanet.cl/peliculas/la-noche-del-demonio-estn-entre-nosotros,"Gemma, una joven madre que cría a su hija en la casa en la que creció, descubre que puede viajar a The Further, donde posee la capacidad de traer lo que allí vive de vuelta al mundo real.",https://www.youtube.com/watch?v=fuxeEUqCNac,Terror
Cineplanet Florida Center,LA NOCHE DEL DEMONIO: ESTÁN ENTRE NOSOTROS,2026-08-26,20:20,2D + CONV,DOBLADA,106,+14,https://cdn.apis.cineplanet.cl/CDN/media/entity/get/FilmPosterGraphic/HO00001857?referenceScheme=HeadOffice&allowPlaceHolder=true,https://www.cineplanet.cl/peliculas/la-noche-del-demonio-estn-entre-nosotros,"Gemma, una joven madre que cría a su hija en la casa en la que creció, descubre que puede viajar a The Further, donde posee la capacidad de traer lo que allí vive de vuelta al mundo real.",https://www.youtube.com/watch?v=fuxeEUqCNac,Terror
Cineplanet Florida Center,LA NOCHE DEL DEMONIO: ESTÁN ENTRE NOSOTROS,2026-08-26,21:40,2D + CONV,SUBTITULAD,106,+14,https://cdn.apis.cineplanet.cl/CDN/media/entity/get/FilmPosterGraphic/HO00001857?referenceScheme=HeadOffice&allowPlaceHolder=true,https://www.cineplanet.cl/peliculas/la-noche-del-demonio-estn-entre-nosotros,"Gemma, una joven madre que cría a su hija en la casa en la que creció, descubre que puede viajar a The Further, donde posee la capacidad de traer lo que allí vive de vuelta al mundo real.",https://www.youtube.com/watch?v=fuxeEUqCNac,Terror
Cineplanet Florida Center,LA NOCHE DEL DEMONIO: ESTÁN ENTRE NOSOTROS,2026-08-26,22:10,2D + CONV,DOBLADA,106,+14,https://cdn.apis.cineplanet.cl/CDN/media/entity/get/FilmPosterGraphic/HO00001857?referenceScheme=HeadOffice&allowPlaceHolder=true,https://www.cineplanet.cl/peliculas/la-noche-del-demonio-estn-entre-nosotros,"Gemma, una joven madre que cría a su hija en la casa en la que creció, descubre que puede viajar a The Further, donde posee la capacidad de traer lo que allí vive de vuelta al mundo real.",https://www.youtube.com/watch?v=fuxeEUqCNac,Terror
Cineplanet Florida Center,LA ODISEA,2026-08-25,14:20,2D + CONV,DOBLADA,172,+14,https://cdn.apis.cineplanet.cl/CDN/media/entity/get/FilmPosterGraphic/HO00001834?referenceScheme=HeadOffice&allowPlaceHolder=true,https://www.cineplanet.cl/peliculas/la-odisea,"La siguiente película de Christopher Nolan, La Odisea, es una película de acción épica filmada alrededor del mundo usando nueva tecnología IMAX®. La película lleva la saga fundamental de Homero a las pantallas IMAX® por primera vez y estrena en cines en julio de 2026.",https://www.youtube.com/watch?v=8un_UztYsw0,Accion
Cineplanet Florida Center,LA ODISEA,2026-08-25,16:30,2D + PRIME,SUBTITULAD,172,+14,https://cdn.apis.cineplanet.cl/CDN/media/entity/get/FilmPosterGraphic/HO00001834?referenceScheme=HeadOffice&allowPlaceHolder=true,https://www.cineplanet.cl/peliculas/la-odisea,"La siguiente película de Christopher Nolan, La Odisea, es una película de acción épica filmada alrededor del mundo usando nueva tecnología IMAX®. La película lleva la saga fundamental de Homero a las pantallas IMAX® por primera vez y estrena en cines en julio de 2026.",https://www.youtube.com/watch?v=8un_UztYsw0,Accion
Cineplanet Florida Center,LA ODISEA,2026-08-25,17:50,2D + CONV,DOBLADA,172,+14,https://cdn.apis.cineplanet.cl/CDN/media/entity/get/FilmPosterGraphic/HO00001834?referenceScheme=HeadOffice&allowPlaceHolder=true,https://www.cineplanet.cl/peliculas/la-odisea,"La siguiente película de Christopher Nolan, La Odisea, es una película de acción épica filmada alrededor del mundo usando nueva tecnología IMAX®. La película lleva la saga fundamental de Homero a las pantallas IMAX® por primera vez y estrena en cines en julio de 2026.",https://www.youtube.com/watch?v=8un_UztYsw0,Accion
Cineplanet Florida Center,LA ODISEA,2026-08-25,20:00,2D + PRIME,SUBTITULAD,172,+14,https://cdn.apis.cineplanet.cl/CDN/media/entity/get/FilmPosterGraphic/HO00001834?referenceScheme=HeadOffice&allowPlaceHolder=true,https://www.cineplanet.cl/peliculas/la-odisea,"La siguiente película de Christopher Nolan, La Odisea, es una película de acción épica filmada alrededor del mundo usando nueva tecnología IMAX®. La película lleva la saga fundamental de Homero a las pantallas IMAX® por primera vez y estrena en cines en julio de 2026.",https://www.youtube.com/watch?v=8un_UztYsw0,Accion
Cineplanet Florida Center,LA ODISEA,2026-08-26,14:20,2D + CONV,DOBLADA,172,+14,https://cdn.apis.cineplanet.cl/CDN/media/entity/get/FilmPosterGraphic/HO00001834?referenceScheme=HeadOffice&allowPlaceHolder=true,https://www.cineplanet.cl/peliculas/la-odisea,"La siguiente película de Christopher Nolan, La Odisea, es una película de acción épica filmada alrededor del mundo usando nueva tecnología IMAX®. La película lleva la saga fundamental de Homero a las pantallas IMAX® por primera vez y estrena en cines en julio de 2026.",https://www.youtube.com/watch?v=8un_UztYsw0,Accion
Cineplanet Florida Center,LA ODISEA,2026-08-26,16:30,2D + PRIME,SUBTITULAD,172,+14,https://cdn.apis.cineplanet.cl/CDN/media/entity/get/FilmPosterGraphic/HO00001834?referenceScheme=HeadOffice&allowPlaceHolder=true,https://www.cineplanet.cl/peliculas/la-odisea,"La siguiente película de Christopher Nolan, La Odisea, es una película de acción épica filmada alrededor del mundo usando nueva tecnología IMAX®. La película lleva la saga fundamental de Homero a las pantallas IMAX® por primera vez y estrena en cines en julio de 2026.",https://www.youtube.com/watch?v=8un_UztYsw0,Accion
Cineplanet Florida Center,LA ODISEA,2026-08-26,17:50,2D + CONV,DOBLADA,172,+14,https://cdn.apis.cineplanet.cl/CDN/media/entity/get/FilmPosterGraphic/HO00001834?referenceScheme=HeadOffice&allowPlaceHolder=true,https://www.cineplanet.cl/peliculas/la-odisea,"La siguiente película de Christopher Nolan, La Odisea, es una película de acción épica filmada alrededor del mundo usando nueva tecnología IMAX®. La película lleva la saga fundamental de Homero a las pantallas IMAX® por primera vez y estrena en cines en julio de 2026.",https://www.youtube.com/watch?v=8un_UztYsw0,Accion
Cineplanet Florida Center,LA ODISEA,2026-08-26,20:00,2D + PRIME,SUBTITULAD,172,+14,https://cdn.apis.cineplanet.cl/CDN/media/entity/get/FilmPosterGraphic/HO00001834?referenceScheme=HeadOffice&allowPlaceHolder=true,https://www.cineplanet.cl/peliculas/la-odisea,"La siguiente película de Christopher Nolan, La Odisea, es una película de acción épica filmada alrededor del mundo usando nueva tecnología IMAX®. La película lleva la saga fundamental de Homero a las pantallas IMAX® por primera vez y estrena en cines en julio de 2026.",https://www.youtube.com/watch?v=8un_UztYsw0,Accion
Cineplanet Florida Center,LA ODISEA,2026-08-26,21:20,2D + CONV,DOBLADA,172,+14,https://cdn.apis.cineplanet.cl/CDN/media/entity/get/FilmPosterGraphic/HO00001834?referenceScheme=HeadOffice&allowPlaceHolder=true,https://www.cineplanet.cl/peliculas/la-odisea,"La siguiente película de Christopher Nolan, La Odisea, es una película de acción épica filmada alrededor del mundo usando nueva tecnología IMAX®. La película lleva la saga fundamental de Homero a las pantallas IMAX® por primera vez y estrena en cines en julio de 2026.",https://www.youtube.com/watch?v=8un_UztYsw0,Accion
Cineplanet Florida Center,LINKIN PARK: UNSHATTER,2026-10-01,21:20,2D + CONV,SUBTITULAD,107,TBC,https://cdn.apis.cineplanet.cl/CDN/media/entity/get/FilmPosterGraphic/HO00001925?referenceScheme=HeadOffice&allowPlaceHolder=true,https://www.cineplanet.cl/peliculas/linkin-park-unshatter,"Unshatter es una película documental de la banda Linkin Park dirigida por Joe Hahn. Narra el regreso del grupo, su reconstrucción tras la muerte de Chester Bennington y los años fuera de los escenarios.",,Documental
Cineplanet Florida Center,LINKIN PARK: UNSHATTER,2026-10-03,21:20,2D + CONV,SUBTITULAD,107,TBC,https://cdn.apis.cineplanet.cl/CDN/media/entity/get/FilmPosterGraphic/HO00001925?referenceScheme=HeadOffice&allowPlaceHolder=true,https://www.cineplanet.cl/peliculas/linkin-park-unshatter,"Unshatter es una película documental de la banda Linkin Park dirigida por Joe Hahn. Narra el regreso del grupo, su reconstrucción tras la muerte de Chester Bennington y los años fuera de los escenarios.",,Documental
Cineplanet Florida Center,LOCAMENTE,2026-08-25,20:50,2D + CONV,SUBTITULAD,97,TBC,https://cdn.apis.cineplanet.cl/CDN/media/entity/get/FilmPosterGraphic/HO00001877?referenceScheme=HeadOffice&allowPlaceHolder=true,https://www.cineplanet.cl/peliculas/locamente,"En su primera cita, Piero y Lara intentan impresionarse, pero dentro de sus cabezas reina el caos. Las múltiples personalidades que ocupan su mente — la romántica, la racional, la insegura y la pasional— pelean por el control de la situación. Discuten, seducen, sabotean y a veces pierden los nervios. ¿Quién ganará la batalla interior? ¿El corazón o el deseo? Las expectativas son altas y la noche promete.",,Comedia
Cineplanet Florida Center,LOCAMENTE,2026-08-26,20:50,2D + CONV,SUBTITULAD,97,TBC,https://cdn.apis.cineplanet.cl/CDN/media/entity/get/FilmPosterGraphic/HO00001877?referenceScheme=HeadOffice&allowPlaceHolder=true,https://www.cineplanet.cl/peliculas/locamente,"En su primera cita, Piero y Lara intentan impresionarse, pero dentro de sus cabezas reina el caos. Las múltiples personalidades que ocupan su mente — la romántica, la racional, la insegura y la pasional— pelean por el control de la situación. Discuten, seducen, sabotean y a veces pierden los nervios. ¿Quién ganará la batalla interior? ¿El corazón o el deseo? Las expectativas son altas y la noche promete.",,Comedia
Cineplanet Florida Center,MI VECINO TOTORO,2026-08-25,14:00,2D + CONV,SUBTITULAD,87,TBC,https://cdn.apis.cineplanet.cl/CDN/media/entity/get/FilmPosterGraphic/HO00001871?referenceScheme=HeadOffice&allowPlaceHolder=true,https://www.cineplanet.cl/peliculas/mi-vecino-totoro,"Cuando las hermanas Satsuki y Mei se mudan al campo junto a su padre para estar más cerca de su madre enferma, descubren un mundo mágico oculto entre los bosques. Allí conocen a Totoro, un misterioso y amable espíritu de la naturaleza que las acompañará en una inolvidable aventura llena de imaginación, amistad y asombro.",https://www.youtube.com/watch?v=Pr8drhw55A4,Animacion
Cineplanet Florida Center,MI VECINO TOTORO,2026-08-25,16:00,2D + CONV,SUBTITULAD,87,TBC,https://cdn.apis.cineplanet.cl/CDN/media/entity/get/FilmPosterGraphic/HO00001871?referenceScheme=HeadOffice&allowPlaceHolder=true,https://www.cineplanet.cl/peliculas/mi-vecino-totoro,"Cuando las hermanas Satsuki y Mei se mudan al campo junto a su padre para estar más cerca de su madre enferma, descubren un mundo mágico oculto entre los bosques. Allí conocen a Totoro, un misterioso y amable espíritu de la naturaleza que las acompañará en una inolvidable aventura llena de imaginación, amistad y asombro.",https://www.youtube.com/watch?v=Pr8drhw55A4,Animacion
Cineplanet Florida Center,MI VECINO TOTORO,2026-08-26,14:00,2D + CONV,SUBTITULAD,87,TBC,https://cdn.apis.cineplanet.cl/CDN/media/entity/get/FilmPosterGraphic/HO00001871?referenceScheme=HeadOffice&allowPlaceHolder=true,https://www.cineplanet.cl/peliculas/mi-vecino-totoro,"Cuando las hermanas Satsuki y Mei se mudan al campo junto a su padre para estar más cerca de su madre enferma, descubren un mundo mágico oculto entre los bosques. Allí conocen a Totoro, un misterioso y amable espíritu de la naturaleza que las acompañará en una inolvidable aventura llena de imaginación, amistad y asombro.",https://www.youtube.com/watch?v=Pr8drhw55A4,Animacion
Cineplanet Florida Center,MI VECINO TOTORO,2026-08-26,16:00,2D + CONV,SUBTITULAD,87,TBC,https://cdn.apis.cineplanet.cl/CDN/media/entity/get/FilmPosterGraphic/HO00001871?referenceScheme=HeadOffice&allowPlaceHolder=true,https://www.cineplanet.cl/peliculas/mi-vecino-totoro,"Cuando las hermanas Satsuki y Mei se mudan al campo junto a su padre para estar más cerca de su madre enferma, descubren un mundo mágico oculto entre los bosques. Allí conocen a Totoro, un misterioso y amable espíritu de la naturaleza que las acompañará en una inolvidable aventura llena de imaginación, amistad y asombro.",https://www.youtube.com/watch?v=Pr8drhw55A4,Animacion
Cineplanet Florida Center,MINIONS & MONSTRUOS,2026-08-25,13:10,2D + PRIME,DOBLADA,90,TE,https://cdn.apis.cineplanet.cl/CDN/media/entity/get/FilmPosterGraphic/HO00001832?referenceScheme=HeadOffice&allowPlaceHolder=true,https://www.cineplanet.cl/peliculas/minions-monstruos,"Tras el éxito mundial en taquilla de la comedia más divertida de 2024, Mi Villano Favorito 4, Illumination expande su universo animado con un nuevo capítulo en la franquicia animada global más grande de la historia: Minions & Monstruos.",https://www.youtube.com/watch?v=4Wm2P-4Ilvc,Animacion
Cineplanet Florida Center,MINIONS & MONSTRUOS,2026-08-26,13:10,2D + PRIME,DOBLADA,90,TE,https://cdn.apis.cineplanet.cl/CDN/media/entity/get/FilmPosterGraphic/HO00001832?referenceScheme=HeadOffice&allowPlaceHolder=true,https://www.cineplanet.cl/peliculas/minions-monstruos,"Tras el éxito mundial en taquilla de la comedia más divertida de 2024, Mi Villano Favorito 4, Illumination expande su universo animado con un nuevo capítulo en la franquicia animada global más grande de la historia: Minions & Monstruos.",https://www.youtube.com/watch?v=4Wm2P-4Ilvc,Animacion
Cineplanet Florida Center,MOANA,2026-08-25,16:20,2D + CONV,DOBLADA,115,TE,https://cdn.apis.cineplanet.cl/CDN/media/entity/get/FilmPosterGraphic/HO00001833?referenceScheme=HeadOffice&allowPlaceHolder=true,https://www.cineplanet.cl/peliculas/moana,"Moana responde al llamado del Océano y, por primera vez, se aventura más allá del arrecife de su isla de Motunui junto al infame semidiós Maui en un viaje inolvidable para restaurar la prosperidad de su pueblo.",https://www.youtube.com/watch?v=B_wpLKJE1f8,Aventura
Cineplanet Florida Center,MOANA,2026-08-26,16:20,2D + CONV,DOBLADA,115,TE,https://cdn.apis.cineplanet.cl/CDN/media/entity/get/FilmPosterGraphic/HO00001833?referenceScheme=HeadOffice&allowPlaceHolder=true,https://www.cineplanet.cl/peliculas/moana,"Moana responde al llamado del Océano y, por primera vez, se aventura más allá del arrecife de su isla de Motunui junto al infame semidiós Maui en un viaje inolvidable para restaurar la prosperidad de su pueblo.",https://www.youtube.com/watch?v=B_wpLKJE1f8,Aventura
Cineplanet Florida Center,NCT 127 5TH TOUR NEO CITY : SEOUL - THE REDLINE,2026-10-10,18:00,2D + CONV,SUBTITULAD,240,TBC,https://cdn.apis.cineplanet.cl/CDN/media/entity/get/FilmPosterGraphic/HO00001943?referenceScheme=HeadOffice&allowPlaceHolder=true,https://www.cineplanet.cl/peliculas/nct-127-5th-tour-neo-city-seoul-the-redline,,,Concierto
Cineplanet Florida Center,PAW PATROL: LA DINO PELÍCULA,2026-08-25,13:00,2D + CONV,DOBLADA,88,TE,https://cdn.apis.cineplanet.cl/CDN/media/entity/get/FilmPosterGraphic/HO00001868?referenceScheme=HeadOffice&allowPlaceHolder=true,https://www.cineplanet.cl/peliculas/paw-patrol-la-dino-pelcula,"Después de que su barco quedara atrapado en una misteriosa tormenta, los cachorros de la Patrulla Canina aterrizan de emergencia en una isla tropical inexplorada llena de dinosaurios. Allí conocen a Rex, un cachorro que lleva años abandonado en la isla y se ha convertido en un experto en todo lo relacionado con los dinosaurios.",,Animacion
Cineplanet Florida Center,PAW PATROL: LA DINO PELÍCULA,2026-08-25,15:00,2D + CONV,DOBLADA,88,TE,https://cdn.apis.cineplanet.cl/CDN/media/entity/get/FilmPosterGraphic/HO00001868?referenceScheme=HeadOffice&allowPlaceHolder=true,https://www.cineplanet.cl/peliculas/paw-patrol-la-dino-pelcula,"Después de que su barco quedara atrapado en una misteriosa tormenta, los cachorros de la Patrulla Canina aterrizan de emergencia en una isla tropical inexplorada llena de dinosaurios. Allí conocen a Rex, un cachorro que lleva años abandonado en la isla y se ha convertido en un experto en todo lo relacionado con los dinosaurios.",,Animacion
Cineplanet Florida Center,PAW PATROL: LA DINO PELÍCULA,2026-08-26,13:00,2D + CONV,DOBLADA,88,TE,https://cdn.apis.cineplanet.cl/CDN/media/entity/get/FilmPosterGraphic/HO00001868?referenceScheme=HeadOffice&allowPlaceHolder=true,https://www.cineplanet.cl/peliculas/paw-patrol-la-dino-pelcula,"Después de que su barco quedara atrapado en una misteriosa tormenta, los cachorros de la Patrulla Canina aterrizan de emergencia en una isla tropical inexplorada llena de dinosaurios. Allí conocen a Rex, un cachorro que lleva años abandonado en la isla y se ha convertido en un experto en todo lo relacionado con los dinosaurios.",,Animacion
Cineplanet Florida Center,PAW PATROL: LA DINO PELÍCULA,2026-08-26,15:00,2D + CONV,DOBLADA,88,TE,https://cdn.apis.cineplanet.cl/CDN/media/entity/get/FilmPosterGraphic/HO00001868?referenceScheme=HeadOffice&allowPlaceHolder=true,https://www.cineplanet.cl/peliculas/paw-patrol-la-dino-pelcula,"Después de que su barco quedara atrapado en una misteriosa tormenta, los cachorros de la Patrulla Canina aterrizan de emergencia en una isla tropical inexplorada llena de dinosaurios. Allí conocen a Rex, un cachorro que lleva años abandonado en la isla y se ha convertido en un experto en todo lo relacionado con los dinosaurios.",,Animacion
Cineplanet Florida Center,PUELLA MAGI MADOKA MAGICA: ETERNAL,2026-09-10,19:00,2D + CONV,SUBTITULAD,111,+14,https://cdn.apis.cineplanet.cl/CDN/media/entity/get/FilmPosterGraphic/HO00001929?referenceScheme=HeadOffice&allowPlaceHolder=true,https://www.cineplanet.cl/peliculas/puella-magi-madoka-magica-eternal,"Emociónate con la segunda parte de Madoka Magica. Después del desgarrador final de la primer parte, en esta entrega Madoka descubre entre muchas cosas los orígenes de Kyubey.",https://www.youtube.com/watch?v=E38FCQwJn1U,Anime
Cineplanet Florida Center,PUELLA MAGI MADOKA MAGICA: LA PELÍCULA PARTE 1,2026-09-03,19:00,2D + CONV,SUBTITULAD,130,+14,https://cdn.apis.cineplanet.cl/CDN/media/entity/get/FilmPosterGraphic/HO00001928?referenceScheme=HeadOffice&allowPlaceHolder=true,https://www.cineplanet.cl/peliculas/puella-magi-madoka-magica-la-pelcula-parte-1,"¡Descubre Madoka Magica, el fenómeno que revolucionó el género de las chicas mágicas, en el cine! Madoka Kaname recibe de la misteriosa criatura Kyubey la oportunidad de cumplir cualquier deseo a cambio de convertirse en una chica mágica.",https://www.youtube.com/watch?v=E38FCQwJn1U,Anime
Cineplanet Florida Center,PUELLA MAGI MADOKA MAGICA: REBELION,2026-09-17,15:00,2D + CONV,SUBTITULAD,120,+14,https://cdn.apis.cineplanet.cl/CDN/media/entity/get/FilmPosterGraphic/HO00001930?referenceScheme=HeadOffice&allowPlaceHolder=true,https://www.cineplanet.cl/peliculas/puella-magi-madoka-magica-rebelion,"Madoka Kaname y sus amigas llevan una vida aparentemente perfecta, pero Homura Akemi comienza a sospechar que algo no está bien.",https://www.youtube.com/watch?v=E38FCQwJn1U,Anime
Cineplanet Florida Center,QUEEN BUDAPEST,2026-10-07,21:20,2D + CONV,SUBTITULAD,97,+14,https://cdn.apis.cineplanet.cl/CDN/media/entity/get/FilmPosterGraphic/HO00001940?referenceScheme=HeadOffice&allowPlaceHolder=true,https://www.cineplanet.cl/peliculas/queen-budapest,"El 27 de julio de 1986, Queen dio el concierto en estadio más grande de la historia en el Népstadion de Budapest, frente a 80,000 fans eufóricos. El concierto fue parte de la famosa gira Magic Tour, remasterizada en 4K.",,Concierto
Cineplanet Florida Center,QUEEN BUDAPEST,2026-10-10,21:20,2D + CONV,SUBTITULAD,97,+14,https://cdn.apis.cineplanet.cl/CDN/media/entity/get/FilmPosterGraphic/HO00001940?referenceScheme=HeadOffice&allowPlaceHolder=true,https://www.cineplanet.cl/peliculas/queen-budapest,"El 27 de julio de 1986, Queen dio el concierto en estadio más grande de la historia en el Népstadion de Budapest, frente a 80,000 fans eufóricos. El concierto fue parte de la famosa gira Magic Tour, remasterizada en 4K.",,Concierto
Cineplanet Florida Center,SOLO POR UNA NOCHE,2026-08-25,21:10,2D + CONV,SUBTITULAD,102,+14,https://cdn.apis.cineplanet.cl/CDN/media/entity/get/FilmPosterGraphic/HO00001880?referenceScheme=HeadOffice&allowPlaceHolder=true,https://www.cineplanet.cl/peliculas/solo-por-una-noche,"¿Qué pasaría si una noche caótica resulta ser lo mejor que te ha pasado en la vida? Will Gluck rinde homenaje a la comedia romántica moderna con una película fresca, ingeniosa y encantadora sobre la búsqueda del amor en la noche menos romántica del año.",https://www.youtube.com/watch?v=r1A8FGtTtvk&t=16s,Romance
Cineplanet Florida Center,SOLO POR UNA NOCHE,2026-08-26,21:10,2D + CONV,SUBTITULAD,102,+14,https://cdn.apis.cineplanet.cl/CDN/media/entity/get/FilmPosterGraphic/HO00001880?referenceScheme=HeadOffice&allowPlaceHolder=true,https://www.cineplanet.cl/peliculas/solo-por-una-noche,"¿Qué pasaría si una noche caótica resulta ser lo mejor que te ha pasado en la vida? Will Gluck rinde homenaje a la comedia romántica moderna con una película fresca, ingeniosa y encantadora sobre la búsqueda del amor en la noche menos romántica del año.",https://www.youtube.com/watch?v=r1A8FGtTtvk&t=16s,Romance
Cineplanet Florida Center,SPIDER-MAN: UN NUEVO DIA,2026-08-25,13:15,2D + CONV,DOBLADA,145,TE +7,https://cdn.apis.cineplanet.cl/CDN/media/entity/get/FilmPosterGraphic/HO00001843?referenceScheme=HeadOffice&allowPlaceHolder=true,https://www.cineplanet.cl/peliculas/spider-man-un-nuevo-dia,"Han pasado cuatro años desde los acontecimientos de No Way Home, y Peter es ahora un adulto que vive completamente solo, habiéndose borrado voluntariamente de las vidas y recuerdos de aquellos a quienes ama. Lucha contra el crimen en un Nueva York que ya no conoce su nombre.",https://www.youtube.com/watch?v=3B1_P2h7v2k,Accion
Cineplanet Florida Center,SPIDER-MAN: UN NUEVO DIA,2026-08-25,13:40,3D + CONV,DOBLADA,145,TE +7,https://cdn.apis.cineplanet.cl/CDN/media/entity/get/FilmPosterGraphic/HO00001843?referenceScheme=HeadOffice&allowPlaceHolder=true,https://www.cineplanet.cl/peliculas/spider-man-un-nuevo-dia,"Han pasado cuatro años desde los acontecimientos de No Way Home, y Peter es ahora un adulto que vive completamente solo, habiéndose borrado voluntariamente de las vidas y recuerdos de aquellos a quienes ama. Lucha contra el crimen en un Nueva York que ya no conoce su nombre.",https://www.youtube.com/watch?v=3B1_P2h7v2k,Accion
Cineplanet Florida Center,SPIDER-MAN: UN NUEVO DIA,2026-08-25,14:30,2D + CONV,DOBLADA,145,TE +7,https://cdn.apis.cineplanet.cl/CDN/media/entity/get/FilmPosterGraphic/HO00001843?referenceScheme=HeadOffice&allowPlaceHolder=true,https://www.cineplanet.cl/peliculas/spider-man-un-nuevo-dia,"Han pasado cuatro años desde los acontecimientos de No Way Home, y Peter es ahora un adulto que vive completamente solo, habiéndose borrado voluntariamente de las vidas y recuerdos de aquellos a quienes ama. Lucha contra el crimen en un Nueva York que ya no conoce su nombre.",https://www.youtube.com/watch?v=3B1_P2h7v2k,Accion
Cineplanet Florida Center,SPIDER-MAN: UN NUEVO DIA,2026-08-25,15:30,2D + PRIME,SUBTITULAD,145,TE +7,https://cdn.apis.cineplanet.cl/CDN/media/entity/get/FilmPosterGraphic/HO00001843?referenceScheme=HeadOffice&allowPlaceHolder=true,https://www.cineplanet.cl/peliculas/spider-man-un-nuevo-dia,"Han pasado cuatro años desde los acontecimientos de No Way Home, y Peter es ahora un adulto que vive completamente solo, habiéndose borrado voluntariamente de las vidas y recuerdos de aquellos a quienes ama. Lucha contra el crimen en un Nueva York que ya no conoce su nombre.",https://www.youtube.com/watch?v=3B1_P2h7v2k,Accion
Cineplanet Florida Center,SPIDER-MAN: UN NUEVO DIA,2026-08-25,16:15,2D + CONV,SUBTITULAD,145,TE +7,https://cdn.apis.cineplanet.cl/CDN/media/entity/get/FilmPosterGraphic/HO00001843?referenceScheme=HeadOffice&allowPlaceHolder=true,https://www.cineplanet.cl/peliculas/spider-man-un-nuevo-dia,"Han pasado cuatro años desde los acontecimientos de No Way Home, y Peter es ahora un adulto que vive completamente solo, habiéndose borrado voluntariamente de las vidas y recuerdos de aquellos a quienes ama. Lucha contra el crimen en un Nueva York que ya no conoce su nombre.",https://www.youtube.com/watch?v=3B1_P2h7v2k,Accion
Cineplanet Florida Center,SPIDER-MAN: UN NUEVO DIA,2026-08-25,16:40,3D + CONV,DOBLADA,145,TE +7,https://cdn.apis.cineplanet.cl/CDN/media/entity/get/FilmPosterGraphic/HO00001843?referenceScheme=HeadOffice&allowPlaceHolder=true,https://www.cineplanet.cl/peliculas/spider-man-un-nuevo-dia,"Han pasado cuatro años desde los acontecimientos de No Way Home, y Peter es ahora un adulto que vive completamente solo, habiéndose borrado voluntariamente de las vidas y recuerdos de aquellos a quienes ama. Lucha contra el crimen en un Nueva York que ya no conoce su nombre.",https://www.youtube.com/watch?v=3B1_P2h7v2k,Accion
Cineplanet Florida Center,SPIDER-MAN: UN NUEVO DIA,2026-08-25,17:30,2D + CONV,DOBLADA,145,TE +7,https://cdn.apis.cineplanet.cl/CDN/media/entity/get/FilmPosterGraphic/HO00001843?referenceScheme=HeadOffice&allowPlaceHolder=true,https://www.cineplanet.cl/peliculas/spider-man-un-nuevo-dia,"Han pasado cuatro años desde los acontecimientos de No Way Home, y Peter es ahora un adulto que vive completamente solo, habiéndose borrado voluntariamente de las vidas y recuerdos de aquellos a quienes ama. Lucha contra el crimen en un Nueva York que ya no conoce su nombre.",https://www.youtube.com/watch?v=3B1_P2h7v2k,Accion
Cineplanet Florida Center,SPIDER-MAN: UN NUEVO DIA,2026-08-25,18:50,2D + CONV,DOBLADA,145,TE +7,https://cdn.apis.cineplanet.cl/CDN/media/entity/get/FilmPosterGraphic/HO00001843?referenceScheme=HeadOffice&allowPlaceHolder=true,https://www.cineplanet.cl/peliculas/spider-man-un-nuevo-dia,"Han pasado cuatro años desde los acontecimientos de No Way Home, y Peter es ahora un adulto que vive completamente solo, habiéndose borrado voluntariamente de las vidas y recuerdos de aquellos a quienes ama. Lucha contra el crimen en un Nueva York que ya no conoce su nombre.",https://www.youtube.com/watch?v=3B1_P2h7v2k,Accion
Cineplanet Florida Center,SPIDER-MAN: UN NUEVO DIA,2026-08-25,19:15,2D + CONV,SUBTITULAD,145,TE +7,https://cdn.apis.cineplanet.cl/CDN/media/entity/get/FilmPosterGraphic/HO00001843?referenceScheme=HeadOffice&allowPlaceHolder=true,https://www.cineplanet.cl/peliculas/spider-man-un-nuevo-dia,"Han pasado cuatro años desde los acontecimientos de No Way Home, y Peter es ahora un adulto que vive completamente solo, habiéndose borrado voluntariamente de las vidas y recuerdos de aquellos a quienes ama. Lucha contra el crimen en un Nueva York que ya no conoce su nombre.",https://www.youtube.com/watch?v=3B1_P2h7v2k,Accion
Cineplanet Florida Center,SPIDER-MAN: UN NUEVO DIA,2026-08-25,19:40,2D + CONV,DOBLADA,145,TE +7,https://cdn.apis.cineplanet.cl/CDN/media/entity/get/FilmPosterGraphic/HO00001843?referenceScheme=HeadOffice&allowPlaceHolder=true,https://www.cineplanet.cl/peliculas/spider-man-un-nuevo-dia,"Han pasado cuatro años desde los acontecimientos de No Way Home, y Peter es ahora un adulto que vive completamente solo, habiéndose borrado voluntariamente de las vidas y recuerdos de aquellos a quienes ama. Lucha contra el crimen en un Nueva York que ya no conoce su nombre.",https://www.youtube.com/watch?v=3B1_P2h7v2k,Accion
Cineplanet Florida Center,SPIDER-MAN: UN NUEVO DIA,2026-08-25,20:30,2D + CONV,DOBLADA,145,TE +7,https://cdn.apis.cineplanet.cl/CDN/media/entity/get/FilmPosterGraphic/HO00001843?referenceScheme=HeadOffice&allowPlaceHolder=true,https://www.cineplanet.cl/peliculas/spider-man-un-nuevo-dia,"Han pasado cuatro años desde los acontecimientos de No Way Home, y Peter es ahora un adulto que vive completamente solo, habiéndose borrado voluntariamente de las vidas y recuerdos de aquellos a quienes ama. Lucha contra el crimen en un Nueva York que ya no conoce su nombre.",https://www.youtube.com/watch?v=3B1_P2h7v2k,Accion
Cineplanet Florida Center,SPIDER-MAN: UN NUEVO DIA,2026-08-25,21:00,2D + PRIME,SUBTITULAD,145,TE +7,https://cdn.apis.cineplanet.cl/CDN/media/entity/get/FilmPosterGraphic/HO00001843?referenceScheme=HeadOffice&allowPlaceHolder=true,https://www.cineplanet.cl/peliculas/spider-man-un-nuevo-dia,"Han pasado cuatro años desde los acontecimientos de No Way Home, y Peter es ahora un adulto que vive completamente solo, habiéndose borrado voluntariamente de las vidas y recuerdos de aquellos a quienes ama. Lucha contra el crimen en un Nueva York que ya no conoce su nombre.",https://www.youtube.com/watch?v=3B1_P2h7v2k,Accion
Cineplanet Florida Center,SPIDER-MAN: UN NUEVO DIA,2026-08-26,13:15,2D + CONV,DOBLADA,145,TE +7,https://cdn.apis.cineplanet.cl/CDN/media/entity/get/FilmPosterGraphic/HO00001843?referenceScheme=HeadOffice&allowPlaceHolder=true,https://www.cineplanet.cl/peliculas/spider-man-un-nuevo-dia,"Han pasado cuatro años desde los acontecimientos de No Way Home, y Peter es ahora un adulto que vive completamente solo, habiéndose borrado voluntariamente de las vidas y recuerdos de aquellos a quienes ama. Lucha contra el crimen en un Nueva York que ya no conoce su nombre.",https://www.youtube.com/watch?v=3B1_P2h7v2k,Accion
Cineplanet Florida Center,SPIDER-MAN: UN NUEVO DIA,2026-08-26,13:40,3D + CONV,DOBLADA,145,TE +7,https://cdn.apis.cineplanet.cl/CDN/media/entity/get/FilmPosterGraphic/HO00001843?referenceScheme=HeadOffice&allowPlaceHolder=true,https://www.cineplanet.cl/peliculas/spider-man-un-nuevo-dia,"Han pasado cuatro años desde los acontecimientos de No Way Home, y Peter es ahora un adulto que vive completamente solo, habiéndose borrado voluntariamente de las vidas y recuerdos de aquellos a quienes ama. Lucha contra el crimen en un Nueva York que ya no conoce su nombre.",https://www.youtube.com/watch?v=3B1_P2h7v2k,Accion
Cineplanet Florida Center,SPIDER-MAN: UN NUEVO DIA,2026-08-26,14:30,2D + CONV,DOBLADA,145,TE +7,https://cdn.apis.cineplanet.cl/CDN/media/entity/get/FilmPosterGraphic/HO00001843?referenceScheme=HeadOffice&allowPlaceHolder=true,https://www.cineplanet.cl/peliculas/spider-man-un-nuevo-dia,"Han pasado cuatro años desde los acontecimientos de No Way Home, y Peter es ahora un adulto que vive completamente solo, habiéndose borrado voluntariamente de las vidas y recuerdos de aquellos a quienes ama. Lucha contra el crimen en un Nueva York que ya no conoce su nombre.",https://www.youtube.com/watch?v=3B1_P2h7v2k,Accion
Cineplanet Florida Center,SPIDER-MAN: UN NUEVO DIA,2026-08-26,15:30,2D + PRIME,SUBTITULAD,145,TE +7,https://cdn.apis.cineplanet.cl/CDN/media/entity/get/FilmPosterGraphic/HO00001843?referenceScheme=HeadOffice&allowPlaceHolder=true,https://www.cineplanet.cl/peliculas/spider-man-un-nuevo-dia,"Han pasado cuatro años desde los acontecimientos de No Way Home, y Peter es ahora un adulto que vive completamente solo, habiéndose borrado voluntariamente de las vidas y recuerdos de aquellos a quienes ama. Lucha contra el crimen en un Nueva York que ya no conoce su nombre.",https://www.youtube.com/watch?v=3B1_P2h7v2k,Accion
Cineplanet Florida Center,SPIDER-MAN: UN NUEVO DIA,2026-08-26,16:15,2D + CONV,SUBTITULAD,145,TE +7,https://cdn.apis.cineplanet.cl/CDN/media/entity/get/FilmPosterGraphic/HO00001843?referenceScheme=HeadOffice&allowPlaceHolder=true,https://www.cineplanet.cl/peliculas/spider-man-un-nuevo-dia,"Han pasado cuatro años desde los acontecimientos de No Way Home, y Peter es ahora un adulto que vive completamente solo, habiéndose borrado voluntariamente de las vidas y recuerdos de aquellos a quienes ama. Lucha contra el crimen en un Nueva York que ya no conoce su nombre.",https://www.youtube.com/watch?v=3B1_P2h7v2k,Accion
Cineplanet Florida Center,SPIDER-MAN: UN NUEVO DIA,2026-08-26,16:40,3D + CONV,DOBLADA,145,TE +7,https://cdn.apis.cineplanet.cl/CDN/media/entity/get/FilmPosterGraphic/HO00001843?referenceScheme=HeadOffice&allowPlaceHolder=true,https://www.cineplanet.cl/peliculas/spider-man-un-nuevo-dia,"Han pasado cuatro años desde los acontecimientos de No Way Home, y Peter es ahora un adulto que vive completamente solo, habiéndose borrado voluntariamente de las vidas y recuerdos de aquellos a quienes ama. Lucha contra el crimen en un Nueva York que ya no conoce su nombre.",https://www.youtube.com/watch?v=3B1_P2h7v2k,Accion
Cineplanet Florida Center,SPIDER-MAN: UN NUEVO DIA,2026-08-26,17:30,2D + CONV,DOBLADA,145,TE +7,https://cdn.apis.cineplanet.cl/CDN/media/entity/get/FilmPosterGraphic/HO00001843?referenceScheme=HeadOffice&allowPlaceHolder=true,https://www.cineplanet.cl/peliculas/spider-man-un-nuevo-dia,"Han pasado cuatro años desde los acontecimientos de No Way Home, y Peter es ahora un adulto que vive completamente solo, habiéndose borrado voluntariamente de las vidas y recuerdos de aquellos a quienes ama. Lucha contra el crimen en un Nueva York que ya no conoce su nombre.",https://www.youtube.com/watch?v=3B1_P2h7v2k,Accion
Cineplanet Florida Center,SPIDER-MAN: UN NUEVO DIA,2026-08-26,18:50,2D + CONV,DOBLADA,145,TE +7,https://cdn.apis.cineplanet.cl/CDN/media/entity/get/FilmPosterGraphic/HO00001843?referenceScheme=HeadOffice&allowPlaceHolder=true,https://www.cineplanet.cl/peliculas/spider-man-un-nuevo-dia,"Han pasado cuatro años desde los acontecimientos de No Way Home, y Peter es ahora un adulto que vive completamente solo, habiéndose borrado voluntariamente de las vidas y recuerdos de aquellos a quienes ama. Lucha contra el crimen en un Nueva York que ya no conoce su nombre.",https://www.youtube.com/watch?v=3B1_P2h7v2k,Accion
Cineplanet Florida Center,SPIDER-MAN: UN NUEVO DIA,2026-08-26,19:15,2D + CONV,SUBTITULAD,145,TE +7,https://cdn.apis.cineplanet.cl/CDN/media/entity/get/FilmPosterGraphic/HO00001843?referenceScheme=HeadOffice&allowPlaceHolder=true,https://www.cineplanet.cl/peliculas/spider-man-un-nuevo-dia,"Han pasado cuatro años desde los acontecimientos de No Way Home, y Peter es ahora un adulto que vive completamente solo, habiéndose borrado voluntariamente de las vidas y recuerdos de aquellos a quienes ama. Lucha contra el crimen en un Nueva York que ya no conoce su nombre.",https://www.youtube.com/watch?v=3B1_P2h7v2k,Accion
Cineplanet Florida Center,SPIDER-MAN: UN NUEVO DIA,2026-08-26,19:40,2D + CONV,DOBLADA,145,TE +7,https://cdn.apis.cineplanet.cl/CDN/media/entity/get/FilmPosterGraphic/HO00001843?referenceScheme=HeadOffice&allowPlaceHolder=true,https://www.cineplanet.cl/peliculas/spider-man-un-nuevo-dia,"Han pasado cuatro años desde los acontecimientos de No Way Home, y Peter es ahora un adulto que vive completamente solo, habiéndose borrado voluntariamente de las vidas y recuerdos de aquellos a quienes ama. Lucha contra el crimen en un Nueva York que ya no conoce su nombre.",https://www.youtube.com/watch?v=3B1_P2h7v2k,Accion
Cineplanet Florida Center,SPIDER-MAN: UN NUEVO DIA,2026-08-26,20:30,2D + CONV,DOBLADA,145,TE +7,https://cdn.apis.cineplanet.cl/CDN/media/entity/get/FilmPosterGraphic/HO00001843?referenceScheme=HeadOffice&allowPlaceHolder=true,https://www.cineplanet.cl/peliculas/spider-man-un-nuevo-dia,"Han pasado cuatro años desde los acontecimientos de No Way Home, y Peter es ahora un adulto que vive completamente solo, habiéndose borrado voluntariamente de las vidas y recuerdos de aquellos a quienes ama. Lucha contra el crimen en un Nueva York que ya no conoce su nombre.",https://www.youtube.com/watch?v=3B1_P2h7v2k,Accion
Cineplanet Florida Center,SPIDER-MAN: UN NUEVO DIA,2026-08-26,21:00,2D + PRIME,SUBTITULAD,145,TE +7,https://cdn.apis.cineplanet.cl/CDN/media/entity/get/FilmPosterGraphic/HO00001843?referenceScheme=HeadOffice&allowPlaceHolder=true,https://www.cineplanet.cl/peliculas/spider-man-un-nuevo-dia,"Han pasado cuatro años desde los acontecimientos de No Way Home, y Peter es ahora un adulto que vive completamente solo, habiéndose borrado voluntariamente de las vidas y recuerdos de aquellos a quienes ama. Lucha contra el crimen en un Nueva York que ya no conoce su nombre.",https://www.youtube.com/watch?v=3B1_P2h7v2k,Accion
Cineplanet Florida Center,SPIDER-MAN: UN NUEVO DIA,2026-08-26,21:50,2D + CONV,DOBLADA,145,TE +7,https://cdn.apis.cineplanet.cl/CDN/media/entity/get/FilmPosterGraphic/HO00001843?referenceScheme=HeadOffice&allowPlaceHolder=true,https://www.cineplanet.cl/peliculas/spider-man-un-nuevo-dia,"Han pasado cuatro años desde los acontecimientos de No Way Home, y Peter es ahora un adulto que vive completamente solo, habiéndose borrado voluntariamente de las vidas y recuerdos de aquellos a quienes ama. Lucha contra el crimen en un Nueva York que ya no conoce su nombre.",https://www.youtube.com/watch?v=3B1_P2h7v2k,Accion
Cineplanet Florida Center,TOY STORY 5,2026-08-25,13:50,2D + CONV,DOBLADA,102,TE,https://cdn.apis.cineplanet.cl/CDN/media/entity/get/FilmPosterGraphic/HO00001810?referenceScheme=HeadOffice&allowPlaceHolder=true,https://www.cineplanet.cl/peliculas/toy-story-5,"Los juguetes están de vuelta. Esta vez, Buzz Lightyear, Woody, Jessie y el resto de la pandilla se enfrentan a un nuevo reto cuando conocen a Lilypad, una nueva tablet.",https://www.youtube.com/watch?v=s_qpMMkvHYE,Animacion
Cineplanet Florida Center,TOY STORY 5,2026-08-25,16:10,2D + CONV,DOBLADA,102,TE,https://cdn.apis.cineplanet.cl/CDN/media/entity/get/FilmPosterGraphic/HO00001810?referenceScheme=HeadOffice&allowPlaceHolder=true,https://www.cineplanet.cl/peliculas/toy-story-5,"Los juguetes están de vuelta. Esta vez, Buzz Lightyear, Woody, Jessie y el resto de la pandilla se enfrentan a un nuevo reto cuando conocen a Lilypad, una nueva tablet.",https://www.youtube.com/watch?v=s_qpMMkvHYE,Animacion
Cineplanet Florida Center,TOY STORY 5,2026-08-25,18:30,2D + CONV,DOBLADA,102,TE,https://cdn.apis.cineplanet.cl/CDN/media/entity/get/FilmPosterGraphic/HO00001810?referenceScheme=HeadOffice&allowPlaceHolder=true,https://www.cineplanet.cl/peliculas/toy-story-5,"Los juguetes están de vuelta. Esta vez, Buzz Lightyear, Woody, Jessie y el resto de la pandilla se enfrentan a un nuevo reto cuando conocen a Lilypad, una nueva tablet.",https://www.youtube.com/watch?v=s_qpMMkvHYE,Animacion
Cineplanet Florida Center,TOY STORY 5,2026-08-26,13:50,2D + CONV,DOBLADA,102,TE,https://cdn.apis.cineplanet.cl/CDN/media/entity/get/FilmPosterGraphic/HO00001810?referenceScheme=HeadOffice&allowPlaceHolder=true,https://www.cineplanet.cl/peliculas/toy-story-5,"Los juguetes están de vuelta. Esta vez, Buzz Lightyear, Woody, Jessie y el resto de la pandilla se enfrentan a un nuevo reto cuando conocen a Lilypad, una nueva tablet.",https://www.youtube.com/watch?v=s_qpMMkvHYE,Animacion
Cineplanet Florida Center,TOY STORY 5,2026-08-26,16:10,2D + CONV,DOBLADA,102,TE,https://cdn.apis.cineplanet.cl/CDN/media/entity/get/FilmPosterGraphic/HO00001810?referenceScheme=HeadOffice&allowPlaceHolder=true,https://www.cineplanet.cl/peliculas/toy-story-5,"Los juguetes están de vuelta. Esta vez, Buzz Lightyear, Woody, Jessie y el resto de la pandilla se enfrentan a un nuevo reto cuando conocen a Lilypad, una nueva tablet.",https://www.youtube.com/watch?v=s_qpMMkvHYE,Animacion
Cineplanet Florida Center,TOY STORY 5,2026-08-26,18:30,2D + CONV,DOBLADA,102,TE,https://cdn.apis.cineplanet.cl/CDN/media/entity/get/FilmPosterGraphic/HO00001810?referenceScheme=HeadOffice&allowPlaceHolder=true,https://www.cineplanet.cl/peliculas/toy-story-5,"Los juguetes están de vuelta. Esta vez, Buzz Lightyear, Woody, Jessie y el resto de la pandilla se enfrentan a un nuevo reto cuando conocen a Lilypad, una nueva tablet.",https://www.youtube.com/watch?v=s_qpMMkvHYE,Animacion
Cineplanet Florida Center,TU CORAZON SERA DESTROZADO,2026-08-25,18:20,2D + CONV,DOBLADA,135,+14,https://cdn.apis.cineplanet.cl/CDN/media/entity/get/FilmPosterGraphic/HO00001846?referenceScheme=HeadOffice&allowPlaceHolder=true,https://www.cineplanet.cl/peliculas/tu-corazon-sera-destrozado,"Polina llega a un nuevo colegio intentando pasar desapercibida, pero rápidamente se convierte en el blanco de los abusos de sus compañeros.",https://www.youtube.com/watch?v=hrqU6rChAgE,Romance
Cineplanet Florida Center,TU CORAZON SERA DESTROZADO,2026-08-26,18:20,2D + CONV,DOBLADA,135,+14,https://cdn.apis.cineplanet.cl/CDN/media/entity/get/FilmPosterGraphic/HO00001846?referenceScheme=HeadOffice&allowPlaceHolder=true,https://www.cineplanet.cl/peliculas/tu-corazon-sera-destrozado,"Polina llega a un nuevo colegio intentando pasar desapercibida, pero rápidamente se convierte en el blanco de los abusos de sus compañeros.",https://www.youtube.com/watch?v=hrqU6rChAgE,Romance
Cineplanet Mall Barrio Independencia,EL FINAL DE LA CALLE OAK,2026-08-25,18:00,2D + CONV,DOBLADA,99,+14,https://cdn.apis.cineplanet.cl/CDN/media/entity/get/FilmPosterGraphic/HO00001856?referenceScheme=HeadOffice&allowPlaceHolder=true,https://www.cineplanet.cl/peliculas/el-final-de-la-calle-oak,"Después de que un misterioso fenómeno cósmico arranque Oak Street de su entorno suburbano y transporte a sus habitantes a un lugar desconocido, la familia Platt pronto descubre que su propia supervivencia depende de que permanezcan unidos mientras se orientan en un entorno que ya no reconocen.",https://www.youtube.com/watch?v=kdrry0xfHzA,Ciencia ficcion
Cineplanet Mall Barrio Independencia,EL FINAL DE LA CALLE OAK,2026-08-25,20:10,2D + CONV,DOBLADA,99,+14,https://cdn.apis.cineplanet.cl/CDN/media/entity/get/FilmPosterGraphic/HO00001856?referenceScheme=HeadOffice&allowPlaceHolder=true,https://www.cineplanet.cl/peliculas/el-final-de-la-calle-oak,"Después de que un misterioso fenómeno cósmico arranque Oak Street de su entorno suburbano y transporte a sus habitantes a un lugar desconocido, la familia Platt pronto descubre que su propia supervivencia depende de que permanezcan unidos mientras se orientan en un entorno que ya no reconocen.",https://www.youtube.com/watch?v=kdrry0xfHzA,Ciencia ficcion
Cineplanet Mall Barrio Independencia,EL FINAL DE LA CALLE OAK,2026-08-25,22:30,2D + CONV,DOBLADA,99,+14,https://cdn.apis.cineplanet.cl/CDN/media/entity/get/FilmPosterGraphic/HO00001856?referenceScheme=HeadOffice&allowPlaceHolder=true,https://www.cineplanet.cl/peliculas/el-final-de-la-calle-oak,"Después de que un misterioso fenómeno cósmico arranque Oak Street de su entorno suburbano y transporte a sus habitantes a un lugar desconocido, la familia Platt pronto descubre que su propia supervivencia depende de que permanezcan unidos mientras se orientan en un entorno que ya no reconocen.",https://www.youtube.com/watch?v=kdrry0xfHzA,Ciencia ficcion
Cineplanet Mall Barrio Independencia,EL FINAL DE LA CALLE OAK,2026-08-26,18:00,2D + CONV,DOBLADA,99,+14,https://cdn.apis.cineplanet.cl/CDN/media/entity/get/FilmPosterGraphic/HO00001856?referenceScheme=HeadOffice&allowPlaceHolder=true,https://www.cineplanet.cl/peliculas/el-final-de-la-calle-oak,"Después de que un misterioso fenómeno cósmico arranque Oak Street de su entorno suburbano y transporte a sus habitantes a un lugar desconocido, la familia Platt pronto descubre que su propia supervivencia depende de que permanezcan unidos mientras se orientan en un entorno que ya no reconocen.",https://www.youtube.com/watch?v=kdrry0xfHzA,Ciencia ficcion
Cineplanet Mall Barrio Independencia,EL FINAL DE LA CALLE OAK,2026-08-26,20:10,2D + CONV,DOBLADA,99,+14,https://cdn.apis.cineplanet.cl/CDN/media/entity/get/FilmPosterGraphic/HO00001856?referenceScheme=HeadOffice&allowPlaceHolder=true,https://www.cineplanet.cl/peliculas/el-final-de-la-calle-oak,"Después de que un misterioso fenómeno cósmico arranque Oak Street de su entorno suburbano y transporte a sus habitantes a un lugar desconocido, la familia Platt pronto descubre que su propia supervivencia depende de que permanezcan unidos mientras se orientan en un entorno que ya no reconocen.",https://www.youtube.com/watch?v=kdrry0xfHzA,Ciencia ficcion
Cineplanet Mall Barrio Independencia,EL FINAL DE LA CALLE OAK,2026-08-26,22:30,2D + CONV,DOBLADA,99,+14,https://cdn.apis.cineplanet.cl/CDN/media/entity/get/FilmPosterGraphic/HO00001856?referenceScheme=HeadOffice&allowPlaceHolder=true,https://www.cineplanet.cl/peliculas/el-final-de-la-calle-oak,"Después de que un misterioso fenómeno cósmico arranque Oak Street de su entorno suburbano y transporte a sus habitantes a un lugar desconocido, la familia Platt pronto descubre que su propia supervivencia depende de que permanezcan unidos mientras se orientan en un entorno que ya no reconocen.",https://www.youtube.com/watch?v=kdrry0xfHzA,Ciencia ficcion
Cineplanet Mall Barrio Independencia,HARRY POTTER Y LA PIEDRA FILOSOFAL (2001),2026-08-27,14:00,2D + CONV,DOBLADA,166,TE +7,https://cdn.apis.cineplanet.cl/CDN/media/entity/get/FilmPosterGraphic/HO00001895?referenceScheme=HeadOffice&allowPlaceHolder=true,https://www.cineplanet.cl/peliculas/harry-potter-y-la-piedra-filosofal-2001,"El día en que cumple once años, Harry Potter se entera de que es hijo de dos destacados hechiceros, de los que ha heredado poderes mágicos. En la escuela Hogwarts de Magia y Hechicería, donde se educa con otros niños que también tienen poderes especiales, aprenderá todo lo necesario para ser mago.",,Aventura
Cineplanet Mall Barrio Independencia,HARRY POTTER Y LA PIEDRA FILOSOFAL (2001),2026-08-27,17:10,2D + CONV,DOBLADA,166,TE +7,https://cdn.apis.cineplanet.cl/CDN/media/entity/get/FilmPosterGraphic/HO00001895?referenceScheme=HeadOffice&allowPlaceHolder=true,https://www.cineplanet.cl/peliculas/harry-potter-y-la-piedra-filosofal-2001,"El día en que cumple once años, Harry Potter se entera de que es hijo de dos destacados hechiceros, de los que ha heredado poderes mágicos. En la escuela Hogwarts de Magia y Hechicería, donde se educa con otros niños que también tienen poderes especiales, aprenderá todo lo necesario para ser mago.",,Aventura
Cineplanet Mall Barrio Independencia,HARRY POTTER Y LA PIEDRA FILOSOFAL (2001),2026-08-28,14:00,2D + CONV,DOBLADA,166,TE +7,https://cdn.apis.cineplanet.cl/CDN/media/entity/get/FilmPosterGraphic/HO00001895?referenceScheme=HeadOffice&allowPlaceHolder=true,https://www.cineplanet.cl/peliculas/harry-potter-y-la-piedra-filosofal-2001,"El día en que cumple once años, Harry Potter se entera de que es hijo de dos destacados hechiceros, de los que ha heredado poderes mágicos. En la escuela Hogwarts de Magia y Hechicería, donde se educa con otros niños que también tienen poderes especiales, aprenderá todo lo necesario para ser mago.",,Aventura
Cineplanet Mall Barrio Independencia,HARRY POTTER Y LA PIEDRA FILOSOFAL (2001),2026-08-28,17:10,2D + CONV,DOBLADA,166,TE +7,https://cdn.apis.cineplanet.cl/CDN/media/entity/get/FilmPosterGraphic/HO00001895?referenceScheme=HeadOffice&allowPlaceHolder=true,https://www.cineplanet.cl/peliculas/harry-potter-y-la-piedra-filosofal-2001,"El día en que cumple once años, Harry Potter se entera de que es hijo de dos destacados hechiceros, de los que ha heredado poderes mágicos. En la escuela Hogwarts de Magia y Hechicería, donde se educa con otros niños que también tienen poderes especiales, aprenderá todo lo necesario para ser mago.",,Aventura
Cineplanet Mall Barrio Independencia,HARRY POTTER Y LA PIEDRA FILOSOFAL (2001),2026-08-29,14:00,2D + CONV,DOBLADA,166,TE +7,https://cdn.apis.cineplanet.cl/CDN/media/entity/get/FilmPosterGraphic/HO00001895?referenceScheme=HeadOffice&allowPlaceHolder=true,https://www.cineplanet.cl/peliculas/harry-potter-y-la-piedra-filosofal-2001,"El día en que cumple once años, Harry Potter se entera de que es hijo de dos destacados hechiceros, de los que ha heredado poderes mágicos. En la escuela Hogwarts de Magia y Hechicería, donde se educa con otros niños que también tienen poderes especiales, aprenderá todo lo necesario para ser mago.",,Aventura
Cineplanet Mall Barrio Independencia,HARRY POTTER Y LA PIEDRA FILOSOFAL (2001),2026-08-29,17:10,2D + CONV,DOBLADA,166,TE +7,https://cdn.apis.cineplanet.cl/CDN/media/entity/get/FilmPosterGraphic/HO00001895?referenceScheme=HeadOffice&allowPlaceHolder=true,https://www.cineplanet.cl/peliculas/harry-potter-y-la-piedra-filosofal-2001,"El día en que cumple once años, Harry Potter se entera de que es hijo de dos destacados hechiceros, de los que ha heredado poderes mágicos. En la escuela Hogwarts de Magia y Hechicería, donde se educa con otros niños que también tienen poderes especiales, aprenderá todo lo necesario para ser mago.",,Aventura
Cineplanet Mall Barrio Independencia,HARRY POTTER Y LA PIEDRA FILOSOFAL (2001),2026-08-30,14:00,2D + CONV,DOBLADA,166,TE +7,https://cdn.apis.cineplanet.cl/CDN/media/entity/get/FilmPosterGraphic/HO00001895?referenceScheme=HeadOffice&allowPlaceHolder=true,https://www.cineplanet.cl/peliculas/harry-potter-y-la-piedra-filosofal-2001,"El día en que cumple once años, Harry Potter se entera de que es hijo de dos destacados hechiceros, de los que ha heredado poderes mágicos. En la escuela Hogwarts de Magia y Hechicería, donde se educa con otros niños que también tienen poderes especiales, aprenderá todo lo necesario para ser mago.",,Aventura
Cineplanet Mall Barrio Independencia,HARRY POTTER Y LA PIEDRA FILOSOFAL (2001),2026-08-30,17:10,2D + CONV,DOBLADA,166,TE +7,https://cdn.apis.cineplanet.cl/CDN/media/entity/get/FilmPosterGraphic/HO00001895?referenceScheme=HeadOffice&allowPlaceHolder=true,https://www.cineplanet.cl/peliculas/harry-potter-y-la-piedra-filosofal-2001,"El día en que cumple once años, Harry Potter se entera de que es hijo de dos destacados hechiceros, de los que ha heredado poderes mágicos. En la escuela Hogwarts de Magia y Hechicería, donde se educa con otros niños que también tienen poderes especiales, aprenderá todo lo necesario para ser mago.",,Aventura
Cineplanet Mall Barrio Independencia,JUAN GABRIEL: MI PRIMER BELLAS ARTES,2026-08-28,13:40,2D + CONV,DOBLADA,110,TE +7,https://cdn.apis.cineplanet.cl/CDN/media/entity/get/FilmPosterGraphic/HO00001883?referenceScheme=HeadOffice&allowPlaceHolder=true,https://www.cineplanet.cl/peliculas/juan-gabriel-mi-primer-bellas-artes,"*Versión Sing Along* El concierto más icónico de México llega a la pantalla grande. A partir del 28 de agosto, con motivo del 10.º aniversario luctuoso de Juan Gabriel, disfruta del histórico primer concierto de Juan Gabriel en el Palacio de Bellas Artes en 1990, una noche que transformó para siempre la música en México. Más de tres décadas después, esta presentación legendaria revive en una nueva reedición especial para cines con imagen y audio restaurados, donde cada interpretación, cada aplauso y cada instante recuperan su esplendor para que nuevas generaciones y admiradores de siempre pu",https://www.youtube.com/watch?v=zq9V3eaio2Y,Concierto
Cineplanet Mall Barrio Independencia,JUAN GABRIEL: MI PRIMER BELLAS ARTES,2026-08-28,16:00,2D + CONV,DOBLADA,110,TE +7,https://cdn.apis.cineplanet.cl/CDN/media/entity/get/FilmPosterGraphic/HO00001883?referenceScheme=HeadOffice&allowPlaceHolder=true,https://www.cineplanet.cl/peliculas/juan-gabriel-mi-primer-bellas-artes,"*Versión Sing Along* El concierto más icónico de México llega a la pantalla grande. A partir del 28 de agosto, con motivo del 10.º aniversario luctuoso de Juan Gabriel, disfruta del histórico primer concierto de Juan Gabriel en el Palacio de Bellas Artes en 1990, una noche que transformó para siempre la música en México. Más de tres décadas después, esta presentación legendaria revive en una nueva reedición especial para cines con imagen y audio restaurados, donde cada interpretación, cada aplauso y cada instante recuperan su esplendor para que nuevas generaciones y admiradores de siempre pu",https://www.youtube.com/watch?v=zq9V3eaio2Y,Concierto
Cineplanet Mall Barrio Independencia,JUAN GABRIEL: MI PRIMER BELLAS ARTES,2026-08-28,18:20,2D + CONV,DOBLADA,110,TE +7,https://cdn.apis.cineplanet.cl/CDN/media/entity/get/FilmPosterGraphic/HO00001883?referenceScheme=HeadOffice&allowPlaceHolder=true,https://www.cineplanet.cl/peliculas/juan-gabriel-mi-primer-bellas-artes,"*Versión Sing Along* El concierto más icónico de México llega a la pantalla grande. A partir del 28 de agosto, con motivo del 10.º aniversario luctuoso de Juan Gabriel, disfruta del histórico primer concierto de Juan Gabriel en el Palacio de Bellas Artes en 1990, una noche que transformó para siempre la música en México. Más de tres décadas después, esta presentación legendaria revive en una nueva reedición especial para cines con imagen y audio restaurados, donde cada interpretación, cada aplauso y cada instante recuperan su esplendor para que nuevas generaciones y admiradores de siempre pu",https://www.youtube.com/watch?v=zq9V3eaio2Y,Concierto
Cineplanet Mall Barrio Independencia,JUAN GABRIEL: MI PRIMER BELLAS ARTES,2026-08-29,13:40,2D + CONV,DOBLADA,110,TE +7,https://cdn.apis.cineplanet.cl/CDN/media/entity/get/FilmPosterGraphic/HO00001883?referenceScheme=HeadOffice&allowPlaceHolder=true,https://www.cineplanet.cl/peliculas/juan-gabriel-mi-primer-bellas-artes,"*Versión Sing Along* El concierto más icónico de México llega a la pantalla grande. A partir del 28 de agosto, con motivo del 10.º aniversario luctuoso de Juan Gabriel, disfruta del histórico primer concierto de Juan Gabriel en el Palacio de Bellas Artes en 1990, una noche que transformó para siempre la música en México. Más de tres décadas después, esta presentación legendaria revive en una nueva reedición especial para cines con imagen y audio restaurados, donde cada interpretación, cada aplauso y cada instante recuperan su esplendor para que nuevas generaciones y admiradores de siempre pu",https://www.youtube.com/watch?v=zq9V3eaio2Y,Concierto
Cineplanet Mall Barrio Independencia,JUAN GABRIEL: MI PRIMER BELLAS ARTES,2026-08-29,16:00,2D + CONV,DOBLADA,110,TE +7,https://cdn.apis.cineplanet.cl/CDN/media/entity/get/FilmPosterGraphic/HO00001883?referenceScheme=HeadOffice&allowPlaceHolder=true,https://www.cineplanet.cl/peliculas/juan-gabriel-mi-primer-bellas-artes,"*Versión Sing Along* El concierto más icónico de México llega a la pantalla grande. A partir del 28 de agosto, con motivo del 10.º aniversario luctuoso de Juan Gabriel, disfruta del histórico primer concierto de Juan Gabriel en el Palacio de Bellas Artes en 1990, una noche que transformó para siempre la música en México. Más de tres décadas después, esta presentación legendaria revive en una nueva reedición especial para cines con imagen y audio restaurados, donde cada interpretación, cada aplauso y cada instante recuperan su esplendor para que nuevas generaciones y admiradores de siempre pu",https://www.youtube.com/watch?v=zq9V3eaio2Y,Concierto
Cineplanet Mall Barrio Independencia,JUAN GABRIEL: MI PRIMER BELLAS ARTES,2026-08-29,18:20,2D + CONV,DOBLADA,110,TE +7,https://cdn.apis.cineplanet.cl/CDN/media/entity/get/FilmPosterGraphic/HO00001883?referenceScheme=HeadOffice&allowPlaceHolder=true,https://www.cineplanet.cl/peliculas/juan-gabriel-mi-primer-bellas-artes,"*Versión Sing Along* El concierto más icónico de México llega a la pantalla grande. A partir del 28 de agosto, con motivo del 10.º aniversario luctuoso de Juan Gabriel, disfruta del histórico primer concierto de Juan Gabriel en el Palacio de Bellas Artes en 1990, una noche que transformó para siempre la música en México. Más de tres décadas después, esta presentación legendaria revive en una nueva reedición especial para cines con imagen y audio restaurados, donde cada interpretación, cada aplauso y cada instante recuperan su esplendor para que nuevas generaciones y admiradores de siempre pu",https://www.youtube.com/watch?v=zq9V3eaio2Y,Concierto
Cineplanet Mall Barrio Independencia,JUAN GABRIEL: MI PRIMER BELLAS ARTES,2026-08-30,13:40,2D + CONV,DOBLADA,110,TE +7,https://cdn.apis.cineplanet.cl/CDN/media/entity/get/FilmPosterGraphic/HO00001883?referenceScheme=HeadOffice&allowPlaceHolder=true,https://www.cineplanet.cl/peliculas/juan-gabriel-mi-primer-bellas-artes,"*Versión Sing Along* El concierto más icónico de México llega a la pantalla grande. A partir del 28 de agosto, con motivo del 10.º aniversario luctuoso de Juan Gabriel, disfruta del histórico primer concierto de Juan Gabriel en el Palacio de Bellas Artes en 1990, una noche que transformó para siempre la música en México. Más de tres décadas después, esta presentación legendaria revive en una nueva reedición especial para cines con imagen y audio restaurados, donde cada interpretación, cada aplauso y cada instante recuperan su esplendor para que nuevas generaciones y admiradores de siempre pu",https://www.youtube.com/watch?v=zq9V3eaio2Y,Concierto
Cineplanet Mall Barrio Independencia,JUAN GABRIEL: MI PRIMER BELLAS ARTES,2026-08-30,16:00,2D + CONV,DOBLADA,110,TE +7,https://cdn.apis.cineplanet.cl/CDN/media/entity/get/FilmPosterGraphic/HO00001883?referenceScheme=HeadOffice&allowPlaceHolder=true,https://www.cineplanet.cl/peliculas/juan-gabriel-mi-primer-bellas-artes,"*Versión Sing Along* El concierto más icónico de México llega a la pantalla grande. A partir del 28 de agosto, con motivo del 10.º aniversario luctuoso de Juan Gabriel, disfruta del histórico primer concierto de Juan Gabriel en el Palacio de Bellas Artes en 1990, una noche que transformó para siempre la música en México. Más de tres décadas después, esta presentación legendaria revive en una nueva reedición especial para cines con imagen y audio restaurados, donde cada interpretación, cada aplauso y cada instante recuperan su esplendor para que nuevas generaciones y admiradores de siempre pu",https://www.youtube.com/watch?v=zq9V3eaio2Y,Concierto
Cineplanet Mall Barrio Independencia,JUAN GABRIEL: MI PRIMER BELLAS ARTES,2026-08-30,18:20,2D + CONV,DOBLADA,110,TE +7,https://cdn.apis.cineplanet.cl/CDN/media/entity/get/FilmPosterGraphic/HO00001883?referenceScheme=HeadOffice&allowPlaceHolder=true,https://www.cineplanet.cl/peliculas/juan-gabriel-mi-primer-bellas-artes,"*Versión Sing Along* El concierto más icónico de México llega a la pantalla grande. A partir del 28 de agosto, con motivo del 10.º aniversario luctuoso de Juan Gabriel, disfruta del histórico primer concierto de Juan Gabriel en el Palacio de Bellas Artes en 1990, una noche que transformó para siempre la música en México. Más de tres décadas después, esta presentación legendaria revive en una nueva reedición especial para cines con imagen y audio restaurados, donde cada interpretación, cada aplauso y cada instante recuperan su esplendor para que nuevas generaciones y admiradores de siempre pu",https://www.youtube.com/watch?v=zq9V3eaio2Y,Concierto
Cineplanet Mall Barrio Independencia,LA MUERTE DE ROBIN HOOD,2026-08-25,21:20,2D + CONV,SUBTITULAD,122,+14,https://cdn.apis.cineplanet.cl/CDN/media/entity/get/FilmPosterGraphic/HO00001904?referenceScheme=HeadOffice&allowPlaceHolder=true,https://www.cineplanet.cl/peliculas/la-muerte-de-robin-hood,"Un Robin Hood herido se enfrenta a la muerte tras su última batalla, hasta que un misterioso sanador le ofrece la redención de su violento pasado.",,Drama
Cineplanet Mall Barrio Independencia,LA MUERTE DE ROBIN HOOD,2026-08-26,21:20,2D + CONV,SUBTITULAD,122,+14,https://cdn.apis.cineplanet.cl/CDN/media/entity/get/FilmPosterGraphic/HO00001904?referenceScheme=HeadOffice&allowPlaceHolder=true,https://www.cineplanet.cl/peliculas/la-muerte-de-robin-hood,"Un Robin Hood herido se enfrenta a la muerte tras su última batalla, hasta que un misterioso sanador le ofrece la redención de su violento pasado.",,Drama
Cineplanet Mall Barrio Independencia,LA NEGOCIACIÓN,2026-08-25,19:00,2D + CONV,SUBTITULAD,105,+14,https://cdn.apis.cineplanet.cl/CDN/media/entity/get/FilmPosterGraphic/HO00001881?referenceScheme=HeadOffice&allowPlaceHolder=true,https://www.cineplanet.cl/peliculas/la-negociacin,"Un hombre armado irrumpe en las oficinas de una hipotecaria y toma como rehén al presidente de la compañía, amenazándolo con una escopeta conectada a su propio cuello mediante un mecanismo de alambre.",https://www.youtube.com/watch?v=D3glJQdJWsE,Drama
Cineplanet Mall Barrio Independencia,LA NEGOCIACIÓN,2026-08-26,19:00,2D + CONV,SUBTITULAD,105,+14,https://cdn.apis.cineplanet.cl/CDN/media/entity/get/FilmPosterGraphic/HO00001881?referenceScheme=HeadOffice&allowPlaceHolder=true,https://www.cineplanet.cl/peliculas/la-negociacin,"Un hombre armado irrumpe en las oficinas de una hipotecaria y toma como rehén al presidente de la compañía, amenazándolo con una escopeta conectada a su propio cuello mediante un mecanismo de alambre.",https://www.youtube.com/watch?v=D3glJQdJWsE,Drama
Cineplanet Mall Barrio Independencia,LA NOCHE DEL DEMONIO: ESTÁN ENTRE NOSOTROS,2026-08-25,13:00,2D + CONV,DOBLADA,106,+14,https://cdn.apis.cineplanet.cl/CDN/media/entity/get/FilmPosterGraphic/HO00001857?referenceScheme=HeadOffice&allowPlaceHolder=true,https://www.cineplanet.cl/peliculas/la-noche-del-demonio-estn-entre-nosotros,"Gemma, una joven madre que cría a su hija en la casa en la que creció, descubre que puede viajar a The Further, donde posee la capacidad de traer lo que allí vive de vuelta al mundo real.",https://www.youtube.com/watch?v=fuxeEUqCNac,Terror
Cineplanet Mall Barrio Independencia,LA NOCHE DEL DEMONIO: ESTÁN ENTRE NOSOTROS,2026-08-25,14:40,2D + CONV,DOBLADA,106,+14,https://cdn.apis.cineplanet.cl/CDN/media/entity/get/FilmPosterGraphic/HO00001857?referenceScheme=HeadOffice&allowPlaceHolder=true,https://www.cineplanet.cl/peliculas/la-noche-del-demonio-estn-entre-nosotros,"Gemma, una joven madre que cría a su hija en la casa en la que creció, descubre que puede viajar a The Further, donde posee la capacidad de traer lo que allí vive de vuelta al mundo real.",https://www.youtube.com/watch?v=fuxeEUqCNac,Terror
Cineplanet Mall Barrio Independencia,LA NOCHE DEL DEMONIO: ESTÁN ENTRE NOSOTROS,2026-08-25,15:20,2D + CONV,DOBLADA,106,+14,https://cdn.apis.cineplanet.cl/CDN/media/entity/get/FilmPosterGraphic/HO00001857?referenceScheme=HeadOffice&allowPlaceHolder=true,https://www.cineplanet.cl/peliculas/la-noche-del-demonio-estn-entre-nosotros,"Gemma, una joven madre que cría a su hija en la casa en la que creció, descubre que puede viajar a The Further, donde posee la capacidad de traer lo que allí vive de vuelta al mundo real.",https://www.youtube.com/watch?v=fuxeEUqCNac,Terror
Cineplanet Mall Barrio Independencia,LA NOCHE DEL DEMONIO: ESTÁN ENTRE NOSOTROS,2026-08-25,17:40,2D + CONV,DOBLADA,106,+14,https://cdn.apis.cineplanet.cl/CDN/media/entity/get/FilmPosterGraphic/HO00001857?referenceScheme=HeadOffice&allowPlaceHolder=true,https://www.cineplanet.cl/peliculas/la-noche-del-demonio-estn-entre-nosotros,"Gemma, una joven madre que cría a su hija en la casa en la que creció, descubre que puede viajar a The Further, donde posee la capacidad de traer lo que allí vive de vuelta al mundo real.",https://www.youtube.com/watch?v=fuxeEUqCNac,Terror
Cineplanet Mall Barrio Independencia,LA NOCHE DEL DEMONIO: ESTÁN ENTRE NOSOTROS,2026-08-25,20:00,2D + CONV,SUBTITULAD,106,+14,https://cdn.apis.cineplanet.cl/CDN/media/entity/get/FilmPosterGraphic/HO00001857?referenceScheme=HeadOffice&allowPlaceHolder=true,https://www.cineplanet.cl/peliculas/la-noche-del-demonio-estn-entre-nosotros,"Gemma, una joven madre que cría a su hija en la casa en la que creció, descubre que puede viajar a The Further, donde posee la capacidad de traer lo que allí vive de vuelta al mundo real.",https://www.youtube.com/watch?v=fuxeEUqCNac,Terror
Cineplanet Mall Barrio Independencia,LA NOCHE DEL DEMONIO: ESTÁN ENTRE NOSOTROS,2026-08-25,21:30,2D + CONV,DOBLADA,106,+14,https://cdn.apis.cineplanet.cl/CDN/media/entity/get/FilmPosterGraphic/HO00001857?referenceScheme=HeadOffice&allowPlaceHolder=true,https://www.cineplanet.cl/peliculas/la-noche-del-demonio-estn-entre-nosotros,"Gemma, una joven madre que cría a su hija en la casa en la que creció, descubre que puede viajar a The Further, donde posee la capacidad de traer lo que allí vive de vuelta al mundo real.",https://www.youtube.com/watch?v=fuxeEUqCNac,Terror
Cineplanet Mall Barrio Independencia,LA NOCHE DEL DEMONIO: ESTÁN ENTRE NOSOTROS,2026-08-25,22:20,2D + CONV,DOBLADA,106,+14,https://cdn.apis.cineplanet.cl/CDN/media/entity/get/FilmPosterGraphic/HO00001857?referenceScheme=HeadOffice&allowPlaceHolder=true,https://www.cineplanet.cl/peliculas/la-noche-del-demonio-estn-entre-nosotros,"Gemma, una joven madre que cría a su hija en la casa en la que creció, descubre que puede viajar a The Further, donde posee la capacidad de traer lo que allí vive de vuelta al mundo real.",https://www.youtube.com/watch?v=fuxeEUqCNac,Terror
Cineplanet Mall Barrio Independencia,LA NOCHE DEL DEMONIO: ESTÁN ENTRE NOSOTROS,2026-08-26,13:00,2D + CONV,DOBLADA,106,+14,https://cdn.apis.cineplanet.cl/CDN/media/entity/get/FilmPosterGraphic/HO00001857?referenceScheme=HeadOffice&allowPlaceHolder=true,https://www.cineplanet.cl/peliculas/la-noche-del-demonio-estn-entre-nosotros,"Gemma, una joven madre que cría a su hija en la casa en la que creció, descubre que puede viajar a The Further, donde posee la capacidad de traer lo que allí vive de vuelta al mundo real.",https://www.youtube.com/watch?v=fuxeEUqCNac,Terror
Cineplanet Mall Barrio Independencia,LA NOCHE DEL DEMONIO: ESTÁN ENTRE NOSOTROS,2026-08-26,14:40,2D + CONV,DOBLADA,106,+14,https://cdn.apis.cineplanet.cl/CDN/media/entity/get/FilmPosterGraphic/HO00001857?referenceScheme=HeadOffice&allowPlaceHolder=true,https://www.cineplanet.cl/peliculas/la-noche-del-demonio-estn-entre-nosotros,"Gemma, una joven madre que cría a su hija en la casa en la que creció, descubre que puede viajar a The Further, donde posee la capacidad de traer lo que allí vive de vuelta al mundo real.",https://www.youtube.com/watch?v=fuxeEUqCNac,Terror
Cineplanet Mall Barrio Independencia,LA NOCHE DEL DEMONIO: ESTÁN ENTRE NOSOTROS,2026-08-26,15:20,2D + CONV,DOBLADA,106,+14,https://cdn.apis.cineplanet.cl/CDN/media/entity/get/FilmPosterGraphic/HO00001857?referenceScheme=HeadOffice&allowPlaceHolder=true,https://www.cineplanet.cl/peliculas/la-noche-del-demonio-estn-entre-nosotros,"Gemma, una joven madre que cría a su hija en la casa en la que creció, descubre que puede viajar a The Further, donde posee la capacidad de traer lo que allí vive de vuelta al mundo real.",https://www.youtube.com/watch?v=fuxeEUqCNac,Terror
Cineplanet Mall Barrio Independencia,LA NOCHE DEL DEMONIO: ESTÁN ENTRE NOSOTROS,2026-08-26,17:40,2D + CONV,DOBLADA,106,+14,https://cdn.apis.cineplanet.cl/CDN/media/entity/get/FilmPosterGraphic/HO00001857?referenceScheme=HeadOffice&allowPlaceHolder=true,https://www.cineplanet.cl/peliculas/la-noche-del-demonio-estn-entre-nosotros,"Gemma, una joven madre que cría a su hija en la casa en la que creció, descubre que puede viajar a The Further, donde posee la capacidad de traer lo que allí vive de vuelta al mundo real.",https://www.youtube.com/watch?v=fuxeEUqCNac,Terror
Cineplanet Mall Barrio Independencia,LA NOCHE DEL DEMONIO: ESTÁN ENTRE NOSOTROS,2026-08-26,20:00,2D + CONV,SUBTITULAD,106,+14,https://cdn.apis.cineplanet.cl/CDN/media/entity/get/FilmPosterGraphic/HO00001857?referenceScheme=HeadOffice&allowPlaceHolder=true,https://www.cineplanet.cl/peliculas/la-noche-del-demonio-estn-entre-nosotros,"Gemma, una joven madre que cría a su hija en la casa en la que creció, descubre que puede viajar a The Further, donde posee la capacidad de traer lo que allí vive de vuelta al mundo real.",https://www.youtube.com/watch?v=fuxeEUqCNac,Terror
Cineplanet Mall Barrio Independencia,LA NOCHE DEL DEMONIO: ESTÁN ENTRE NOSOTROS,2026-08-26,21:55,2D + CONV,DOBLADA,106,+14,https://cdn.apis.cineplanet.cl/CDN/media/entity/get/FilmPosterGraphic/HO00001857?referenceScheme=HeadOffice&allowPlaceHolder=true,https://www.cineplanet.cl/peliculas/la-noche-del-demonio-estn-entre-nosotros,"Gemma, una joven madre que cría a su hija en la casa en la que creció, descubre que puede viajar a The Further, donde posee la capacidad de traer lo que allí vive de vuelta al mundo real.",https://www.youtube.com/watch?v=fuxeEUqCNac,Terror
Cineplanet Mall Barrio Independencia,LA ODISEA,2026-08-25,17:10,2D + CONV,DOBLADA,172,+14,https://cdn.apis.cineplanet.cl/CDN/media/entity/get/FilmPosterGraphic/HO00001834?referenceScheme=HeadOffice&allowPlaceHolder=true,https://www.cineplanet.cl/peliculas/la-odisea,"La siguiente película de Christopher Nolan, La Odisea, es una película de acción épica filmada alrededor del mundo usando nueva tecnología IMAX®. La película lleva la saga fundamental de Homero a las pantallas IMAX® por primera vez y estrena en cines en julio de 2026.",https://www.youtube.com/watch?v=8un_UztYsw0,Accion
Cineplanet Mall Barrio Independencia,LA ODISEA,2026-08-25,20:40,2D + CONV,DOBLADA,172,+14,https://cdn.apis.cineplanet.cl/CDN/media/entity/get/FilmPosterGraphic/HO00001834?referenceScheme=HeadOffice&allowPlaceHolder=true,https://www.cineplanet.cl/peliculas/la-odisea,"La siguiente película de Christopher Nolan, La Odisea, es una película de acción épica filmada alrededor del mundo usando nueva tecnología IMAX®. La película lleva la saga fundamental de Homero a las pantallas IMAX® por primera vez y estrena en cines en julio de 2026.",https://www.youtube.com/watch?v=8un_UztYsw0,Accion
Cineplanet Mall Barrio Independencia,LA ODISEA,2026-08-26,17:10,2D + CONV,DOBLADA,172,+14,https://cdn.apis.cineplanet.cl/CDN/media/entity/get/FilmPosterGraphic/HO00001834?referenceScheme=HeadOffice&allowPlaceHolder=true,https://www.cineplanet.cl/peliculas/la-odisea,"La siguiente película de Christopher Nolan, La Odisea, es una película de acción épica filmada alrededor del mundo usando nueva tecnología IMAX®. La película lleva la saga fundamental de Homero a las pantallas IMAX® por primera vez y estrena en cines en julio de 2026.",https://www.youtube.com/watch?v=8un_UztYsw0,Accion
Cineplanet Mall Barrio Independencia,LA ODISEA,2026-08-26,20:40,2D + CONV,DOBLADA,172,+14,https://cdn.apis.cineplanet.cl/CDN/media/entity/get/FilmPosterGraphic/HO00001834?referenceScheme=HeadOffice&allowPlaceHolder=true,https://www.cineplanet.cl/peliculas/la-odisea,"La siguiente película de Christopher Nolan, La Odisea, es una película de acción épica filmada alrededor del mundo usando nueva tecnología IMAX®. La película lleva la saga fundamental de Homero a las pantallas IMAX® por primera vez y estrena en cines en julio de 2026.",https://www.youtube.com/watch?v=8un_UztYsw0,Accion
Cineplanet Mall Barrio Independencia,MI VECINO TOTORO,2026-08-25,17:00,2D + CONV,SUBTITULAD,87,TBC,https://cdn.apis.cineplanet.cl/CDN/media/entity/get/FilmPosterGraphic/HO00001871?referenceScheme=HeadOffice&allowPlaceHolder=true,https://www.cineplanet.cl/peliculas/mi-vecino-totoro,"Cuando las hermanas Satsuki y Mei se mudan al campo junto a su padre para estar más cerca de su madre enferma, descubren un mundo mágico oculto entre los bosques. Allí conocen a Totoro, un misterioso y amable espíritu de la naturaleza que las acompañará en una inolvidable aventura llena de imaginación, amistad y asombro.",https://www.youtube.com/watch?v=Pr8drhw55A4,Animacion
Cineplanet Mall Barrio Independencia,MI VECINO TOTORO,2026-08-26,17:00,2D + CONV,SUBTITULAD,87,TBC,https://cdn.apis.cineplanet.cl/CDN/media/entity/get/FilmPosterGraphic/HO00001871?referenceScheme=HeadOffice&allowPlaceHolder=true,https://www.cineplanet.cl/peliculas/mi-vecino-totoro,"Cuando las hermanas Satsuki y Mei se mudan al campo junto a su padre para estar más cerca de su madre enferma, descubren un mundo mágico oculto entre los bosques. Allí conocen a Totoro, un misterioso y amable espíritu de la naturaleza que las acompañará en una inolvidable aventura llena de imaginación, amistad y asombro.",https://www.youtube.com/watch?v=Pr8drhw55A4,Animacion
Cineplanet Mall Barrio Independencia,PAW PATROL: LA DINO PELÍCULA,2026-08-25,13:40,2D + CONV,DOBLADA,88,TE,https://cdn.apis.cineplanet.cl/CDN/media/entity/get/FilmPosterGraphic/HO00001868?referenceScheme=HeadOffice&allowPlaceHolder=true,https://www.cineplanet.cl/peliculas/paw-patrol-la-dino-pelcula,"Después de que su barco quedara atrapado en una misteriosa tormenta, los cachorros de la Patrulla Canina aterrizan de emergencia en una isla tropical inexplorada llena de dinosaurios. Allí conocen a Rex, un cachorro que lleva años abandonado en la isla y se ha convertido en un experto en todo lo relacionado con los dinosaurios.",,Animacion
Cineplanet Mall Barrio Independencia,PAW PATROL: LA DINO PELÍCULA,2026-08-25,15:00,2D + CONV,DOBLADA,88,TE,https://cdn.apis.cineplanet.cl/CDN/media/entity/get/FilmPosterGraphic/HO00001868?referenceScheme=HeadOffice&allowPlaceHolder=true,https://www.cineplanet.cl/peliculas/paw-patrol-la-dino-pelcula,"Después de que su barco quedara atrapado en una misteriosa tormenta, los cachorros de la Patrulla Canina aterrizan de emergencia en una isla tropical inexplorada llena de dinosaurios. Allí conocen a Rex, un cachorro que lleva años abandonado en la isla y se ha convertido en un experto en todo lo relacionado con los dinosaurios.",,Animacion
Cineplanet Mall Barrio Independencia,PAW PATROL: LA DINO PELÍCULA,2026-08-26,13:40,2D + CONV,DOBLADA,88,TE,https://cdn.apis.cineplanet.cl/CDN/media/entity/get/FilmPosterGraphic/HO00001868?referenceScheme=HeadOffice&allowPlaceHolder=true,https://www.cineplanet.cl/peliculas/paw-patrol-la-dino-pelcula,"Después de que su barco quedara atrapado en una misteriosa tormenta, los cachorros de la Patrulla Canina aterrizan de emergencia en una isla tropical inexplorada llena de dinosaurios. Allí conocen a Rex, un cachorro que lleva años abandonado en la isla y se ha convertido en un experto en todo lo relacionado con los dinosaurios.",,Animacion
Cineplanet Mall Barrio Independencia,PAW PATROL: LA DINO PELÍCULA,2026-08-26,15:00,2D + CONV,DOBLADA,88,TE,https://cdn.apis.cineplanet.cl/CDN/media/entity/get/FilmPosterGraphic/HO00001868?referenceScheme=HeadOffice&allowPlaceHolder=true,https://www.cineplanet.cl/peliculas/paw-patrol-la-dino-pelcula,"Después de que su barco quedara atrapado en una misteriosa tormenta, los cachorros de la Patrulla Canina aterrizan de emergencia en una isla tropical inexplorada llena de dinosaurios. Allí conocen a Rex, un cachorro que lleva años abandonado en la isla y se ha convertido en un experto en todo lo relacionado con los dinosaurios.",,Animacion
Cineplanet Mall Barrio Independencia,SOLO POR UNA NOCHE,2026-08-25,19:05,2D + CONV,DOBLADA,102,+14,https://cdn.apis.cineplanet.cl/CDN/media/entity/get/FilmPosterGraphic/HO00001880?referenceScheme=HeadOffice&allowPlaceHolder=true,https://www.cineplanet.cl/peliculas/solo-por-una-noche,"¿Qué pasaría si una noche caótica resulta ser lo mejor que te ha pasado en la vida? Will Gluck rinde homenaje a la comedia romántica moderna con una película fresca, ingeniosa y encantadora sobre la búsqueda del amor en la noche menos romántica del año.",https://www.youtube.com/watch?v=r1A8FGtTtvk&t=16s,Romance
Cineplanet Mall Barrio Independencia,SOLO POR UNA NOCHE,2026-08-26,22:15,2D + CONV,DOBLADA,102,+14,https://cdn.apis.cineplanet.cl/CDN/media/entity/get/FilmPosterGraphic/HO00001880?referenceScheme=HeadOffice&allowPlaceHolder=true,https://www.cineplanet.cl/peliculas/solo-por-una-noche,"¿Qué pasaría si una noche caótica resulta ser lo mejor que te ha pasado en la vida? Will Gluck rinde homenaje a la comedia romántica moderna con una película fresca, ingeniosa y encantadora sobre la búsqueda del amor en la noche menos romántica del año.",https://www.youtube.com/watch?v=r1A8FGtTtvk&t=16s,Romance
Cineplanet Mall Barrio Independencia,SPIDER-MAN: UN NUEVO DIA,2026-08-25,13:30,2D + CONV,DOBLADA,145,TE +7,https://cdn.apis.cineplanet.cl/CDN/media/entity/get/FilmPosterGraphic/HO00001843?referenceScheme=HeadOffice&allowPlaceHolder=true,https://www.cineplanet.cl/peliculas/spider-man-un-nuevo-dia,"Han pasado cuatro años desde los acontecimientos de No Way Home, y Peter es ahora un adulto que vive completamente solo, habiéndose borrado voluntariamente de las vidas y recuerdos de aquellos a quienes ama. Lucha contra el crimen en un Nueva York que ya no conoce su nombre.",https://www.youtube.com/watch?v=3B1_P2h7v2k,Accion
Cineplanet Mall Barrio Independencia,SPIDER-MAN: UN NUEVO DIA,2026-08-25,14:20,2D + CONV,DOBLADA,145,TE +7,https://cdn.apis.cineplanet.cl/CDN/media/entity/get/FilmPosterGraphic/HO00001843?referenceScheme=HeadOffice&allowPlaceHolder=true,https://www.cineplanet.cl/peliculas/spider-man-un-nuevo-dia,"Han pasado cuatro años desde los acontecimientos de No Way Home, y Peter es ahora un adulto que vive completamente solo, habiéndose borrado voluntariamente de las vidas y recuerdos de aquellos a quienes ama. Lucha contra el crimen en un Nueva York que ya no conoce su nombre.",https://www.youtube.com/watch?v=3B1_P2h7v2k,Accion
Cineplanet Mall Barrio Independencia,SPIDER-MAN: UN NUEVO DIA,2026-08-25,14:50,3D + CONV,DOBLADA,145,TE +7,https://cdn.apis.cineplanet.cl/CDN/media/entity/get/FilmPosterGraphic/HO00001843?referenceScheme=HeadOffice&allowPlaceHolder=true,https://www.cineplanet.cl/peliculas/spider-man-un-nuevo-dia,"Han pasado cuatro años desde los acontecimientos de No Way Home, y Peter es ahora un adulto que vive completamente solo, habiéndose borrado voluntariamente de las vidas y recuerdos de aquellos a quienes ama. Lucha contra el crimen en un Nueva York que ya no conoce su nombre.",https://www.youtube.com/watch?v=3B1_P2h7v2k,Accion
Cineplanet Mall Barrio Independencia,SPIDER-MAN: UN NUEVO DIA,2026-08-25,15:40,2D + CONV,DOBLADA,145,TE +7,https://cdn.apis.cineplanet.cl/CDN/media/entity/get/FilmPosterGraphic/HO00001843?referenceScheme=HeadOffice&allowPlaceHolder=true,https://www.cineplanet.cl/peliculas/spider-man-un-nuevo-dia,"Han pasado cuatro años desde los acontecimientos de No Way Home, y Peter es ahora un adulto que vive completamente solo, habiéndose borrado voluntariamente de las vidas y recuerdos de aquellos a quienes ama. Lucha contra el crimen en un Nueva York que ya no conoce su nombre.",https://www.youtube.com/watch?v=3B1_P2h7v2k,Accion
Cineplanet Mall Barrio Independencia,SPIDER-MAN: UN NUEVO DIA,2026-08-25,16:40,2D + CONV,DOBLADA,145,TE +7,https://cdn.apis.cineplanet.cl/CDN/media/entity/get/FilmPosterGraphic/HO00001843?referenceScheme=HeadOffice&allowPlaceHolder=true,https://www.cineplanet.cl/peliculas/spider-man-un-nuevo-dia,"Han pasado cuatro años desde los acontecimientos de No Way Home, y Peter es ahora un adulto que vive completamente solo, habiéndose borrado voluntariamente de las vidas y recuerdos de aquellos a quienes ama. Lucha contra el crimen en un Nueva York que ya no conoce su nombre.",https://www.youtube.com/watch?v=3B1_P2h7v2k,Accion
Cineplanet Mall Barrio Independencia,SPIDER-MAN: UN NUEVO DIA,2026-08-25,17:20,2D + CONV,DOBLADA,145,TE +7,https://cdn.apis.cineplanet.cl/CDN/media/entity/get/FilmPosterGraphic/HO00001843?referenceScheme=HeadOffice&allowPlaceHolder=true,https://www.cineplanet.cl/peliculas/spider-man-un-nuevo-dia,"Han pasado cuatro años desde los acontecimientos de No Way Home, y Peter es ahora un adulto que vive completamente solo, habiéndose borrado voluntariamente de las vidas y recuerdos de aquellos a quienes ama. Lucha contra el crimen en un Nueva York que ya no conoce su nombre.",https://www.youtube.com/watch?v=3B1_P2h7v2k,Accion
Cineplanet Mall Barrio Independencia,SPIDER-MAN: UN NUEVO DIA,2026-08-25,18:40,2D + CONV,DOBLADA,145,TE +7,https://cdn.apis.cineplanet.cl/CDN/media/entity/get/FilmPosterGraphic/HO00001843?referenceScheme=HeadOffice&allowPlaceHolder=true,https://www.cineplanet.cl/peliculas/spider-man-un-nuevo-dia,"Han pasado cuatro años desde los acontecimientos de No Way Home, y Peter es ahora un adulto que vive completamente solo, habiéndose borrado voluntariamente de las vidas y recuerdos de aquellos a quienes ama. Lucha contra el crimen en un Nueva York que ya no conoce su nombre.",https://www.youtube.com/watch?v=3B1_P2h7v2k,Accion
Cineplanet Mall Barrio Independencia,SPIDER-MAN: UN NUEVO DIA,2026-08-25,19:40,2D + CONV,SUBTITULAD,145,TE +7,https://cdn.apis.cineplanet.cl/CDN/media/entity/get/FilmPosterGraphic/HO00001843?referenceScheme=HeadOffice&allowPlaceHolder=true,https://www.cineplanet.cl/peliculas/spider-man-un-nuevo-dia,"Han pasado cuatro años desde los acontecimientos de No Way Home, y Peter es ahora un adulto que vive completamente solo, habiéndose borrado voluntariamente de las vidas y recuerdos de aquellos a quienes ama. Lucha contra el crimen en un Nueva York que ya no conoce su nombre.",https://www.youtube.com/watch?v=3B1_P2h7v2k,Accion
Cineplanet Mall Barrio Independencia,SPIDER-MAN: UN NUEVO DIA,2026-08-25,20:20,2D + CONV,DOBLADA,145,TE +7,https://cdn.apis.cineplanet.cl/CDN/media/entity/get/FilmPosterGraphic/HO00001843?referenceScheme=HeadOffice&allowPlaceHolder=true,https://www.cineplanet.cl/peliculas/spider-man-un-nuevo-dia,"Han pasado cuatro años desde los acontecimientos de No Way Home, y Peter es ahora un adulto que vive completamente solo, habiéndose borrado voluntariamente de las vidas y recuerdos de aquellos a quienes ama. Lucha contra el crimen en un Nueva York que ya no conoce su nombre.",https://www.youtube.com/watch?v=3B1_P2h7v2k,Accion
Cineplanet Mall Barrio Independencia,SPIDER-MAN: UN NUEVO DIA,2026-08-25,21:40,2D + CONV,DOBLADA,145,TE +7,https://cdn.apis.cineplanet.cl/CDN/media/entity/get/FilmPosterGraphic/HO00001843?referenceScheme=HeadOffice&allowPlaceHolder=true,https://www.cineplanet.cl/peliculas/spider-man-un-nuevo-dia,"Han pasado cuatro años desde los acontecimientos de No Way Home, y Peter es ahora un adulto que vive completamente solo, habiéndose borrado voluntariamente de las vidas y recuerdos de aquellos a quienes ama. Lucha contra el crimen en un Nueva York que ya no conoce su nombre.",https://www.youtube.com/watch?v=3B1_P2h7v2k,Accion
Cineplanet Mall Barrio Independencia,SPIDER-MAN: UN NUEVO DIA,2026-08-26,13:30,2D + CONV,DOBLADA,145,TE +7,https://cdn.apis.cineplanet.cl/CDN/media/entity/get/FilmPosterGraphic/HO00001843?referenceScheme=HeadOffice&allowPlaceHolder=true,https://www.cineplanet.cl/peliculas/spider-man-un-nuevo-dia,"Han pasado cuatro años desde los acontecimientos de No Way Home, y Peter es ahora un adulto que vive completamente solo, habiéndose borrado voluntariamente de las vidas y recuerdos de aquellos a quienes ama. Lucha contra el crimen en un Nueva York que ya no conoce su nombre.",https://www.youtube.com/watch?v=3B1_P2h7v2k,Accion
Cineplanet Mall Barrio Independencia,SPIDER-MAN: UN NUEVO DIA,2026-08-26,14:20,2D + CONV,DOBLADA,145,TE +7,https://cdn.apis.cineplanet.cl/CDN/media/entity/get/FilmPosterGraphic/HO00001843?referenceScheme=HeadOffice&allowPlaceHolder=true,https://www.cineplanet.cl/peliculas/spider-man-un-nuevo-dia,"Han pasado cuatro años desde los acontecimientos de No Way Home, y Peter es ahora un adulto que vive completamente solo, habiéndose borrado voluntariamente de las vidas y recuerdos de aquellos a quienes ama. Lucha contra el crimen en un Nueva York que ya no conoce su nombre.",https://www.youtube.com/watch?v=3B1_P2h7v2k,Accion
Cineplanet Mall Barrio Independencia,SPIDER-MAN: UN NUEVO DIA,2026-08-26,14:50,3D + CONV,DOBLADA,145,TE +7,https://cdn.apis.cineplanet.cl/CDN/media/entity/get/FilmPosterGraphic/HO00001843?referenceScheme=HeadOffice&allowPlaceHolder=true,https://www.cineplanet.cl/peliculas/spider-man-un-nuevo-dia,"Han pasado cuatro años desde los acontecimientos de No Way Home, y Peter es ahora un adulto que vive completamente solo, habiéndose borrado voluntariamente de las vidas y recuerdos de aquellos a quienes ama. Lucha contra el crimen en un Nueva York que ya no conoce su nombre.",https://www.youtube.com/watch?v=3B1_P2h7v2k,Accion
Cineplanet Mall Barrio Independencia,SPIDER-MAN: UN NUEVO DIA,2026-08-26,15:40,2D + CONV,DOBLADA,145,TE +7,https://cdn.apis.cineplanet.cl/CDN/media/entity/get/FilmPosterGraphic/HO00001843?referenceScheme=HeadOffice&allowPlaceHolder=true,https://www.cineplanet.cl/peliculas/spider-man-un-nuevo-dia,"Han pasado cuatro años desde los acontecimientos de No Way Home, y Peter es ahora un adulto que vive completamente solo, habiéndose borrado voluntariamente de las vidas y recuerdos de aquellos a quienes ama. Lucha contra el crimen en un Nueva York que ya no conoce su nombre.",https://www.youtube.com/watch?v=3B1_P2h7v2k,Accion
Cineplanet Mall Barrio Independencia,SPIDER-MAN: UN NUEVO DIA,2026-08-26,16:40,2D + CONV,DOBLADA,145,TE +7,https://cdn.apis.cineplanet.cl/CDN/media/entity/get/FilmPosterGraphic/HO00001843?referenceScheme=HeadOffice&allowPlaceHolder=true,https://www.cineplanet.cl/peliculas/spider-man-un-nuevo-dia,"Han pasado cuatro años desde los acontecimientos de No Way Home, y Peter es ahora un adulto que vive completamente solo, habiéndose borrado voluntariamente de las vidas y recuerdos de aquellos a quienes ama. Lucha contra el crimen en un Nueva York que ya no conoce su nombre.",https://www.youtube.com/watch?v=3B1_P2h7v2k,Accion
Cineplanet Mall Barrio Independencia,SPIDER-MAN: UN NUEVO DIA,2026-08-26,17:20,2D + CONV,DOBLADA,145,TE +7,https://cdn.apis.cineplanet.cl/CDN/media/entity/get/FilmPosterGraphic/HO00001843?referenceScheme=HeadOffice&allowPlaceHolder=true,https://www.cineplanet.cl/peliculas/spider-man-un-nuevo-dia,"Han pasado cuatro años desde los acontecimientos de No Way Home, y Peter es ahora un adulto que vive completamente solo, habiéndose borrado voluntariamente de las vidas y recuerdos de aquellos a quienes ama. Lucha contra el crimen en un Nueva York que ya no conoce su nombre.",https://www.youtube.com/watch?v=3B1_P2h7v2k,Accion
Cineplanet Mall Barrio Independencia,SPIDER-MAN: UN NUEVO DIA,2026-08-26,18:40,2D + CONV,DOBLADA,145,TE +7,https://cdn.apis.cineplanet.cl/CDN/media/entity/get/FilmPosterGraphic/HO00001843?referenceScheme=HeadOffice&allowPlaceHolder=true,https://www.cineplanet.cl/peliculas/spider-man-un-nuevo-dia,"Han pasado cuatro años desde los acontecimientos de No Way Home, y Peter es ahora un adulto que vive completamente solo, habiéndose borrado voluntariamente de las vidas y recuerdos de aquellos a quienes ama. Lucha contra el crimen en un Nueva York que ya no conoce su nombre.",https://www.youtube.com/watch?v=3B1_P2h7v2k,Accion
Cineplanet Mall Barrio Independencia,SPIDER-MAN: UN NUEVO DIA,2026-08-26,19:40,2D + CONV,SUBTITULAD,145,TE +7,https://cdn.apis.cineplanet.cl/CDN/media/entity/get/FilmPosterGraphic/HO00001843?referenceScheme=HeadOffice&allowPlaceHolder=true,https://www.cineplanet.cl/peliculas/spider-man-un-nuevo-dia,"Han pasado cuatro años desde los acontecimientos de No Way Home, y Peter es ahora un adulto que vive completamente solo, habiéndose borrado voluntariamente de las vidas y recuerdos de aquellos a quienes ama. Lucha contra el crimen en un Nueva York que ya no conoce su nombre.",https://www.youtube.com/watch?v=3B1_P2h7v2k,Accion
Cineplanet Mall Barrio Independencia,SPIDER-MAN: UN NUEVO DIA,2026-08-26,20:20,2D + CONV,DOBLADA,145,TE +7,https://cdn.apis.cineplanet.cl/CDN/media/entity/get/FilmPosterGraphic/HO00001843?referenceScheme=HeadOffice&allowPlaceHolder=true,https://www.cineplanet.cl/peliculas/spider-man-un-nuevo-dia,"Han pasado cuatro años desde los acontecimientos de No Way Home, y Peter es ahora un adulto que vive completamente solo, habiéndose borrado voluntariamente de las vidas y recuerdos de aquellos a quienes ama. Lucha contra el crimen en un Nueva York que ya no conoce su nombre.",https://www.youtube.com/watch?v=3B1_P2h7v2k,Accion
Cineplanet Mall Barrio Independencia,SPIDER-MAN: UN NUEVO DIA,2026-08-26,21:40,2D + CONV,DOBLADA,145,TE +7,https://cdn.apis.cineplanet.cl/CDN/media/entity/get/FilmPosterGraphic/HO00001843?referenceScheme=HeadOffice&allowPlaceHolder=true,https://www.cineplanet.cl/peliculas/spider-man-un-nuevo-dia,"Han pasado cuatro años desde los acontecimientos de No Way Home, y Peter es ahora un adulto que vive completamente solo, habiéndose borrado voluntariamente de las vidas y recuerdos de aquellos a quienes ama. Lucha contra el crimen en un Nueva York que ya no conoce su nombre.",https://www.youtube.com/watch?v=3B1_P2h7v2k,Accion
Cineplanet Mall Barrio Independencia,TOY STORY 5,2026-08-25,14:00,2D + CONV,DOBLADA,102,TE,https://cdn.apis.cineplanet.cl/CDN/media/entity/get/FilmPosterGraphic/HO00001810?referenceScheme=HeadOffice&allowPlaceHolder=true,https://www.cineplanet.cl/peliculas/toy-story-5,"Los juguetes están de vuelta. Esta vez, Buzz Lightyear, Woody, Jessie y el resto de la pandilla se enfrentan a un nuevo reto cuando conocen a Lilypad, una nueva tablet.",https://www.youtube.com/watch?v=s_qpMMkvHYE,Animacion
Cineplanet Mall Barrio Independencia,TOY STORY 5,2026-08-26,14:00,2D + CONV,DOBLADA,102,TE,https://cdn.apis.cineplanet.cl/CDN/media/entity/get/FilmPosterGraphic/HO00001810?referenceScheme=HeadOffice&allowPlaceHolder=true,https://www.cineplanet.cl/peliculas/toy-story-5,"Los juguetes están de vuelta. Esta vez, Buzz Lightyear, Woody, Jessie y el resto de la pandilla se enfrentan a un nuevo reto cuando conocen a Lilypad, una nueva tablet.",https://www.youtube.com/watch?v=s_qpMMkvHYE,Animacion
Cineplanet Mall Barrio Independencia,TU CORAZON SERA DESTROZADO,2026-08-25,16:20,2D + CONV,DOBLADA,135,+14,https://cdn.apis.cineplanet.cl/CDN/media/entity/get/FilmPosterGraphic/HO00001846?referenceScheme=HeadOffice&allowPlaceHolder=true,https://www.cineplanet.cl/peliculas/tu-corazon-sera-destrozado,"Polina llega a un nuevo colegio intentando pasar desapercibida, pero rápidamente se convierte en el blanco de los abusos de sus compañeros.",https://www.youtube.com/watch?v=hrqU6rChAgE,Romance
Cineplanet Mall Barrio Independencia,TU CORAZON SERA DESTROZADO,2026-08-26,16:20,2D + CONV,DOBLADA,135,+14,https://cdn.apis.cineplanet.cl/CDN/media/entity/get/FilmPosterGraphic/HO00001846?referenceScheme=HeadOffice&allowPlaceHolder=true,https://www.cineplanet.cl/peliculas/tu-corazon-sera-destrozado,"Polina llega a un nuevo colegio intentando pasar desapercibida, pero rápidamente se convierte en el blanco de los abusos de sus compañeros.",https://www.youtube.com/watch?v=hrqU6rChAgE,Romance
Cineplanet Quilín,EL FINAL DE LA CALLE OAK,2026-08-25,17:00,2D + CONV,DOBLADA,99,+14,https://cdn.apis.cineplanet.cl/CDN/media/entity/get/FilmPosterGraphic/HO00001856?referenceScheme=HeadOffice&allowPlaceHolder=true,https://www.cineplanet.cl/peliculas/el-final-de-la-calle-oak,"Después de que un misterioso fenómeno cósmico arranque Oak Street de su entorno suburbano y transporte a sus habitantes a un lugar desconocido, la familia Platt pronto descubre que su propia supervivencia depende de que permanezcan unidos mientras se orientan en un entorno que ya no reconocen.",https://www.youtube.com/watch?v=kdrry0xfHzA,Ciencia ficcion
Cineplanet Quilín,EL FINAL DE LA CALLE OAK,2026-08-25,19:20,2D + CONV,DOBLADA,99,+14,https://cdn.apis.cineplanet.cl/CDN/media/entity/get/FilmPosterGraphic/HO00001856?referenceScheme=HeadOffice&allowPlaceHolder=true,https://www.cineplanet.cl/peliculas/el-final-de-la-calle-oak,"Después de que un misterioso fenómeno cósmico arranque Oak Street de su entorno suburbano y transporte a sus habitantes a un lugar desconocido, la familia Platt pronto descubre que su propia supervivencia depende de que permanezcan unidos mientras se orientan en un entorno que ya no reconocen.",https://www.youtube.com/watch?v=kdrry0xfHzA,Ciencia ficcion
Cineplanet Quilín,EL FINAL DE LA CALLE OAK,2026-08-26,17:00,2D + CONV,DOBLADA,99,+14,https://cdn.apis.cineplanet.cl/CDN/media/entity/get/FilmPosterGraphic/HO00001856?referenceScheme=HeadOffice&allowPlaceHolder=true,https://www.cineplanet.cl/peliculas/el-final-de-la-calle-oak,"Después de que un misterioso fenómeno cósmico arranque Oak Street de su entorno suburbano y transporte a sus habitantes a un lugar desconocido, la familia Platt pronto descubre que su propia supervivencia depende de que permanezcan unidos mientras se orientan en un entorno que ya no reconocen.",https://www.youtube.com/watch?v=kdrry0xfHzA,Ciencia ficcion
Cineplanet Quilín,EL FINAL DE LA CALLE OAK,2026-08-26,19:20,2D + CONV,DOBLADA,99,+14,https://cdn.apis.cineplanet.cl/CDN/media/entity/get/FilmPosterGraphic/HO00001856?referenceScheme=HeadOffice&allowPlaceHolder=true,https://www.cineplanet.cl/peliculas/el-final-de-la-calle-oak,"Después de que un misterioso fenómeno cósmico arranque Oak Street de su entorno suburbano y transporte a sus habitantes a un lugar desconocido, la familia Platt pronto descubre que su propia supervivencia depende de que permanezcan unidos mientras se orientan en un entorno que ya no reconocen.",https://www.youtube.com/watch?v=kdrry0xfHzA,Ciencia ficcion
Cineplanet Quilín,JUAN GABRIEL: MI PRIMER BELLAS ARTES,2026-08-28,13:00,2D + CONV,DOBLADA,110,TE +7,https://cdn.apis.cineplanet.cl/CDN/media/entity/get/FilmPosterGraphic/HO00001883?referenceScheme=HeadOffice&allowPlaceHolder=true,https://www.cineplanet.cl/peliculas/juan-gabriel-mi-primer-bellas-artes,"*Versión Sing Along* El concierto más icónico de México llega a la pantalla grande. A partir del 28 de agosto, con motivo del 10.º aniversario luctuoso de Juan Gabriel, disfruta del histórico primer concierto de Juan Gabriel en el Palacio de Bellas Artes en 1990, una noche que transformó para siempre la música en México. Más de tres décadas después, esta presentación legendaria revive en una nueva reedición especial para cines con imagen y audio restaurados, donde cada interpretación, cada aplauso y cada instante recuperan su esplendor para que nuevas generaciones y admiradores de siempre pu",https://www.youtube.com/watch?v=zq9V3eaio2Y,Concierto
Cineplanet Quilín,JUAN GABRIEL: MI PRIMER BELLAS ARTES,2026-08-28,15:20,2D + CONV,DOBLADA,110,TE +7,https://cdn.apis.cineplanet.cl/CDN/media/entity/get/FilmPosterGraphic/HO00001883?referenceScheme=HeadOffice&allowPlaceHolder=true,https://www.cineplanet.cl/peliculas/juan-gabriel-mi-primer-bellas-artes,"*Versión Sing Along* El concierto más icónico de México llega a la pantalla grande. A partir del 28 de agosto, con motivo del 10.º aniversario luctuoso de Juan Gabriel, disfruta del histórico primer concierto de Juan Gabriel en el Palacio de Bellas Artes en 1990, una noche que transformó para siempre la música en México. Más de tres décadas después, esta presentación legendaria revive en una nueva reedición especial para cines con imagen y audio restaurados, donde cada interpretación, cada aplauso y cada instante recuperan su esplendor para que nuevas generaciones y admiradores de siempre pu",https://www.youtube.com/watch?v=zq9V3eaio2Y,Concierto
Cineplanet Quilín,JUAN GABRIEL: MI PRIMER BELLAS ARTES,2026-08-28,17:40,2D + CONV,DOBLADA,110,TE +7,https://cdn.apis.cineplanet.cl/CDN/media/entity/get/FilmPosterGraphic/HO00001883?referenceScheme=HeadOffice&allowPlaceHolder=true,https://www.cineplanet.cl/peliculas/juan-gabriel-mi-primer-bellas-artes,"*Versión Sing Along* El concierto más icónico de México llega a la pantalla grande. A partir del 28 de agosto, con motivo del 10.º aniversario luctuoso de Juan Gabriel, disfruta del histórico primer concierto de Juan Gabriel en el Palacio de Bellas Artes en 1990, una noche que transformó para siempre la música en México. Más de tres décadas después, esta presentación legendaria revive en una nueva reedición especial para cines con imagen y audio restaurados, donde cada interpretación, cada aplauso y cada instante recuperan su esplendor para que nuevas generaciones y admiradores de siempre pu",https://www.youtube.com/watch?v=zq9V3eaio2Y,Concierto
Cineplanet Quilín,JUAN GABRIEL: MI PRIMER BELLAS ARTES,2026-08-29,13:00,2D + CONV,DOBLADA,110,TE +7,https://cdn.apis.cineplanet.cl/CDN/media/entity/get/FilmPosterGraphic/HO00001883?referenceScheme=HeadOffice&allowPlaceHolder=true,https://www.cineplanet.cl/peliculas/juan-gabriel-mi-primer-bellas-artes,"*Versión Sing Along* El concierto más icónico de México llega a la pantalla grande. A partir del 28 de agosto, con motivo del 10.º aniversario luctuoso de Juan Gabriel, disfruta del histórico primer concierto de Juan Gabriel en el Palacio de Bellas Artes en 1990, una noche que transformó para siempre la música en México. Más de tres décadas después, esta presentación legendaria revive en una nueva reedición especial para cines con imagen y audio restaurados, donde cada interpretación, cada aplauso y cada instante recuperan su esplendor para que nuevas generaciones y admiradores de siempre pu",https://www.youtube.com/watch?v=zq9V3eaio2Y,Concierto
Cineplanet Quilín,JUAN GABRIEL: MI PRIMER BELLAS ARTES,2026-08-29,15:20,2D + CONV,DOBLADA,110,TE +7,https://cdn.apis.cineplanet.cl/CDN/media/entity/get/FilmPosterGraphic/HO00001883?referenceScheme=HeadOffice&allowPlaceHolder=true,https://www.cineplanet.cl/peliculas/juan-gabriel-mi-primer-bellas-artes,"*Versión Sing Along* El concierto más icónico de México llega a la pantalla grande. A partir del 28 de agosto, con motivo del 10.º aniversario luctuoso de Juan Gabriel, disfruta del histórico primer concierto de Juan Gabriel en el Palacio de Bellas Artes en 1990, una noche que transformó para siempre la música en México. Más de tres décadas después, esta presentación legendaria revive en una nueva reedición especial para cines con imagen y audio restaurados, donde cada interpretación, cada aplauso y cada instante recuperan su esplendor para que nuevas generaciones y admiradores de siempre pu",https://www.youtube.com/watch?v=zq9V3eaio2Y,Concierto
Cineplanet Quilín,JUAN GABRIEL: MI PRIMER BELLAS ARTES,2026-08-29,17:40,2D + CONV,DOBLADA,110,TE +7,https://cdn.apis.cineplanet.cl/CDN/media/entity/get/FilmPosterGraphic/HO00001883?referenceScheme=HeadOffice&allowPlaceHolder=true,https://www.cineplanet.cl/peliculas/juan-gabriel-mi-primer-bellas-artes,"*Versión Sing Along* El concierto más icónico de México llega a la pantalla grande. A partir del 28 de agosto, con motivo del 10.º aniversario luctuoso de Juan Gabriel, disfruta del histórico primer concierto de Juan Gabriel en el Palacio de Bellas Artes en 1990, una noche que transformó para siempre la música en México. Más de tres décadas después, esta presentación legendaria revive en una nueva reedición especial para cines con imagen y audio restaurados, donde cada interpretación, cada aplauso y cada instante recuperan su esplendor para que nuevas generaciones y admiradores de siempre pu",https://www.youtube.com/watch?v=zq9V3eaio2Y,Concierto
Cineplanet Quilín,JUAN GABRIEL: MI PRIMER BELLAS ARTES,2026-08-30,13:00,2D + CONV,DOBLADA,110,TE +7,https://cdn.apis.cineplanet.cl/CDN/media/entity/get/FilmPosterGraphic/HO00001883?referenceScheme=HeadOffice&allowPlaceHolder=true,https://www.cineplanet.cl/peliculas/juan-gabriel-mi-primer-bellas-artes,"*Versión Sing Along* El concierto más icónico de México llega a la pantalla grande. A partir del 28 de agosto, con motivo del 10.º aniversario luctuoso de Juan Gabriel, disfruta del histórico primer concierto de Juan Gabriel en el Palacio de Bellas Artes en 1990, una noche que transformó para siempre la música en México. Más de tres décadas después, esta presentación legendaria revive en una nueva reedición especial para cines con imagen y audio restaurados, donde cada interpretación, cada aplauso y cada instante recuperan su esplendor para que nuevas generaciones y admiradores de siempre pu",https://www.youtube.com/watch?v=zq9V3eaio2Y,Concierto
Cineplanet Quilín,JUAN GABRIEL: MI PRIMER BELLAS ARTES,2026-08-30,15:20,2D + CONV,DOBLADA,110,TE +7,https://cdn.apis.cineplanet.cl/CDN/media/entity/get/FilmPosterGraphic/HO00001883?referenceScheme=HeadOffice&allowPlaceHolder=true,https://www.cineplanet.cl/peliculas/juan-gabriel-mi-primer-bellas-artes,"*Versión Sing Along* El concierto más icónico de México llega a la pantalla grande. A partir del 28 de agosto, con motivo del 10.º aniversario luctuoso de Juan Gabriel, disfruta del histórico primer concierto de Juan Gabriel en el Palacio de Bellas Artes en 1990, una noche que transformó para siempre la música en México. Más de tres décadas después, esta presentación legendaria revive en una nueva reedición especial para cines con imagen y audio restaurados, donde cada interpretación, cada aplauso y cada instante recuperan su esplendor para que nuevas generaciones y admiradores de siempre pu",https://www.youtube.com/watch?v=zq9V3eaio2Y,Concierto
Cineplanet Quilín,JUAN GABRIEL: MI PRIMER BELLAS ARTES,2026-08-30,17:40,2D + CONV,DOBLADA,110,TE +7,https://cdn.apis.cineplanet.cl/CDN/media/entity/get/FilmPosterGraphic/HO00001883?referenceScheme=HeadOffice&allowPlaceHolder=true,https://www.cineplanet.cl/peliculas/juan-gabriel-mi-primer-bellas-artes,"*Versión Sing Along* El concierto más icónico de México llega a la pantalla grande. A partir del 28 de agosto, con motivo del 10.º aniversario luctuoso de Juan Gabriel, disfruta del histórico primer concierto de Juan Gabriel en el Palacio de Bellas Artes en 1990, una noche que transformó para siempre la música en México. Más de tres décadas después, esta presentación legendaria revive en una nueva reedición especial para cines con imagen y audio restaurados, donde cada interpretación, cada aplauso y cada instante recuperan su esplendor para que nuevas generaciones y admiradores de siempre pu",https://www.youtube.com/watch?v=zq9V3eaio2Y,Concierto
Cineplanet Quilín,LA MUERTE DE ROBIN HOOD,2026-08-25,21:10,2D + CONV,DOBLADA,122,+14,https://cdn.apis.cineplanet.cl/CDN/media/entity/get/FilmPosterGraphic/HO00001904?referenceScheme=HeadOffice&allowPlaceHolder=true,https://www.cineplanet.cl/peliculas/la-muerte-de-robin-hood,"Un Robin Hood herido se enfrenta a la muerte tras su última batalla, hasta que un misterioso sanador le ofrece la redención de su violento pasado.",,Drama
Cineplanet Quilín,LA MUERTE DE ROBIN HOOD,2026-08-26,21:10,2D + CONV,DOBLADA,122,+14,https://cdn.apis.cineplanet.cl/CDN/media/entity/get/FilmPosterGraphic/HO00001904?referenceScheme=HeadOffice&allowPlaceHolder=true,https://www.cineplanet.cl/peliculas/la-muerte-de-robin-hood,"Un Robin Hood herido se enfrenta a la muerte tras su última batalla, hasta que un misterioso sanador le ofrece la redención de su violento pasado.",,Drama
Cineplanet Quilín,LA NOCHE DEL DEMONIO: ESTÁN ENTRE NOSOTROS,2026-08-25,15:00,2D + CONV,DOBLADA,106,+14,https://cdn.apis.cineplanet.cl/CDN/media/entity/get/FilmPosterGraphic/HO00001857?referenceScheme=HeadOffice&allowPlaceHolder=true,https://www.cineplanet.cl/peliculas/la-noche-del-demonio-estn-entre-nosotros,"Gemma, una joven madre que cría a su hija en la casa en la que creció, descubre que puede viajar a The Further, donde posee la capacidad de traer lo que allí vive de vuelta al mundo real.",https://www.youtube.com/watch?v=fuxeEUqCNac,Terror
Cineplanet Quilín,LA NOCHE DEL DEMONIO: ESTÁN ENTRE NOSOTROS,2026-08-25,17:20,2D + CONV,DOBLADA,106,+14,https://cdn.apis.cineplanet.cl/CDN/media/entity/get/FilmPosterGraphic/HO00001857?referenceScheme=HeadOffice&allowPlaceHolder=true,https://www.cineplanet.cl/peliculas/la-noche-del-demonio-estn-entre-nosotros,"Gemma, una joven madre que cría a su hija en la casa en la que creció, descubre que puede viajar a The Further, donde posee la capacidad de traer lo que allí vive de vuelta al mundo real.",https://www.youtube.com/watch?v=fuxeEUqCNac,Terror
Cineplanet Quilín,LA NOCHE DEL DEMONIO: ESTÁN ENTRE NOSOTROS,2026-08-25,19:40,2D + CONV,SUBTITULAD,106,+14,https://cdn.apis.cineplanet.cl/CDN/media/entity/get/FilmPosterGraphic/HO00001857?referenceScheme=HeadOffice&allowPlaceHolder=true,https://www.cineplanet.cl/peliculas/la-noche-del-demonio-estn-entre-nosotros,"Gemma, una joven madre que cría a su hija en la casa en la que creció, descubre que puede viajar a The Further, donde posee la capacidad de traer lo que allí vive de vuelta al mundo real.",https://www.youtube.com/watch?v=fuxeEUqCNac,Terror
Cineplanet Quilín,LA NOCHE DEL DEMONIO: ESTÁN ENTRE NOSOTROS,2026-08-25,22:00,2D + CONV,SUBTITULAD,106,+14,https://cdn.apis.cineplanet.cl/CDN/media/entity/get/FilmPosterGraphic/HO00001857?referenceScheme=HeadOffice&allowPlaceHolder=true,https://www.cineplanet.cl/peliculas/la-noche-del-demonio-estn-entre-nosotros,"Gemma, una joven madre que cría a su hija en la casa en la que creció, descubre que puede viajar a The Further, donde posee la capacidad de traer lo que allí vive de vuelta al mundo real.",https://www.youtube.com/watch?v=fuxeEUqCNac,Terror
Cineplanet Quilín,LA NOCHE DEL DEMONIO: ESTÁN ENTRE NOSOTROS,2026-08-26,15:00,2D + CONV,DOBLADA,106,+14,https://cdn.apis.cineplanet.cl/CDN/media/entity/get/FilmPosterGraphic/HO00001857?referenceScheme=HeadOffice&allowPlaceHolder=true,https://www.cineplanet.cl/peliculas/la-noche-del-demonio-estn-entre-nosotros,"Gemma, una joven madre que cría a su hija en la casa en la que creció, descubre que puede viajar a The Further, donde posee la capacidad de traer lo que allí vive de vuelta al mundo real.",https://www.youtube.com/watch?v=fuxeEUqCNac,Terror
Cineplanet Quilín,LA NOCHE DEL DEMONIO: ESTÁN ENTRE NOSOTROS,2026-08-26,17:20,2D + CONV,DOBLADA,106,+14,https://cdn.apis.cineplanet.cl/CDN/media/entity/get/FilmPosterGraphic/HO00001857?referenceScheme=HeadOffice&allowPlaceHolder=true,https://www.cineplanet.cl/peliculas/la-noche-del-demonio-estn-entre-nosotros,"Gemma, una joven madre que cría a su hija en la casa en la que creció, descubre que puede viajar a The Further, donde posee la capacidad de traer lo que allí vive de vuelta al mundo real.",https://www.youtube.com/watch?v=fuxeEUqCNac,Terror
Cineplanet Quilín,LA NOCHE DEL DEMONIO: ESTÁN ENTRE NOSOTROS,2026-08-26,19:40,2D + CONV,SUBTITULAD,106,+14,https://cdn.apis.cineplanet.cl/CDN/media/entity/get/FilmPosterGraphic/HO00001857?referenceScheme=HeadOffice&allowPlaceHolder=true,https://www.cineplanet.cl/peliculas/la-noche-del-demonio-estn-entre-nosotros,"Gemma, una joven madre que cría a su hija en la casa en la que creció, descubre que puede viajar a The Further, donde posee la capacidad de traer lo que allí vive de vuelta al mundo real.",https://www.youtube.com/watch?v=fuxeEUqCNac,Terror
Cineplanet Quilín,LA NOCHE DEL DEMONIO: ESTÁN ENTRE NOSOTROS,2026-08-26,22:00,2D + CONV,SUBTITULAD,106,+14,https://cdn.apis.cineplanet.cl/CDN/media/entity/get/FilmPosterGraphic/HO00001857?referenceScheme=HeadOffice&allowPlaceHolder=true,https://www.cineplanet.cl/peliculas/la-noche-del-demonio-estn-entre-nosotros,"Gemma, una joven madre que cría a su hija en la casa en la que creció, descubre que puede viajar a The Further, donde posee la capacidad de traer lo que allí vive de vuelta al mundo real.",https://www.youtube.com/watch?v=fuxeEUqCNac,Terror
Cineplanet Quilín,MI VECINO TOTORO,2026-08-25,16:20,2D + CONV,SUBTITULAD,87,TBC,https://cdn.apis.cineplanet.cl/CDN/media/entity/get/FilmPosterGraphic/HO00001871?referenceScheme=HeadOffice&allowPlaceHolder=true,https://www.cineplanet.cl/peliculas/mi-vecino-totoro,"Cuando las hermanas Satsuki y Mei se mudan al campo junto a su padre para estar más cerca de su madre enferma, descubren un mundo mágico oculto entre los bosques. Allí conocen a Totoro, un misterioso y amable espíritu de la naturaleza que las acompañará en una inolvidable aventura llena de imaginación, amistad y asombro.",https://www.youtube.com/watch?v=Pr8drhw55A4,Animacion
Cineplanet Quilín,MI VECINO TOTORO,2026-08-26,16:20,2D + CONV,SUBTITULAD,87,TBC,https://cdn.apis.cineplanet.cl/CDN/media/entity/get/FilmPosterGraphic/HO00001871?referenceScheme=HeadOffice&allowPlaceHolder=true,https://www.cineplanet.cl/peliculas/mi-vecino-totoro,"Cuando las hermanas Satsuki y Mei se mudan al campo junto a su padre para estar más cerca de su madre enferma, descubren un mundo mágico oculto entre los bosques. Allí conocen a Totoro, un misterioso y amable espíritu de la naturaleza que las acompañará en una inolvidable aventura llena de imaginación, amistad y asombro.",https://www.youtube.com/watch?v=Pr8drhw55A4,Animacion
Cineplanet Quilín,PAW PATROL: LA DINO PELÍCULA,2026-08-25,13:00,2D + CONV,DOBLADA,88,TE,https://cdn.apis.cineplanet.cl/CDN/media/entity/get/FilmPosterGraphic/HO00001868?referenceScheme=HeadOffice&allowPlaceHolder=true,https://www.cineplanet.cl/peliculas/paw-patrol-la-dino-pelcula,"Después de que su barco quedara atrapado en una misteriosa tormenta, los cachorros de la Patrulla Canina aterrizan de emergencia en una isla tropical inexplorada llena de dinosaurios. Allí conocen a Rex, un cachorro que lleva años abandonado en la isla y se ha convertido en un experto en todo lo relacionado con los dinosaurios.",,Animacion
Cineplanet Quilín,PAW PATROL: LA DINO PELÍCULA,2026-08-26,13:00,2D + CONV,DOBLADA,88,TE,https://cdn.apis.cineplanet.cl/CDN/media/entity/get/FilmPosterGraphic/HO00001868?referenceScheme=HeadOffice&allowPlaceHolder=true,https://www.cineplanet.cl/peliculas/paw-patrol-la-dino-pelcula,"Después de que su barco quedara atrapado en una misteriosa tormenta, los cachorros de la Patrulla Canina aterrizan de emergencia en una isla tropical inexplorada llena de dinosaurios. Allí conocen a Rex, un cachorro que lleva años abandonado en la isla y se ha convertido en un experto en todo lo relacionado con los dinosaurios.",,Animacion
Cineplanet Quilín,SOLO POR UNA NOCHE,2026-08-25,21:30,2D + CONV,DOBLADA,102,+14,https://cdn.apis.cineplanet.cl/CDN/media/entity/get/FilmPosterGraphic/HO00001880?referenceScheme=HeadOffice&allowPlaceHolder=true,https://www.cineplanet.cl/peliculas/solo-por-una-noche,"¿Qué pasaría si una noche caótica resulta ser lo mejor que te ha pasado en la vida? Will Gluck rinde homenaje a la comedia romántica moderna con una película fresca, ingeniosa y encantadora sobre la búsqueda del amor en la noche menos romántica del año.",https://www.youtube.com/watch?v=r1A8FGtTtvk&t=16s,Romance
Cineplanet Quilín,SOLO POR UNA NOCHE,2026-08-26,21:30,2D + CONV,DOBLADA,102,+14,https://cdn.apis.cineplanet.cl/CDN/media/entity/get/FilmPosterGraphic/HO00001880?referenceScheme=HeadOffice&allowPlaceHolder=true,https://www.cineplanet.cl/peliculas/solo-por-una-noche,"¿Qué pasaría si una noche caótica resulta ser lo mejor que te ha pasado en la vida? Will Gluck rinde homenaje a la comedia romántica moderna con una película fresca, ingeniosa y encantadora sobre la búsqueda del amor en la noche menos romántica del año.",https://www.youtube.com/watch?v=r1A8FGtTtvk&t=16s,Romance
Cineplanet Quilín,SPIDER-MAN: UN NUEVO DIA,2026-08-25,13:40,2D + CONV,DOBLADA,145,TE +7,https://cdn.apis.cineplanet.cl/CDN/media/entity/get/FilmPosterGraphic/HO00001843?referenceScheme=HeadOffice&allowPlaceHolder=true,https://www.cineplanet.cl/peliculas/spider-man-un-nuevo-dia,"Han pasado cuatro años desde los acontecimientos de No Way Home, y Peter es ahora un adulto que vive completamente solo, habiéndose borrado voluntariamente de las vidas y recuerdos de aquellos a quienes ama. Lucha contra el crimen en un Nueva York que ya no conoce su nombre.",https://www.youtube.com/watch?v=3B1_P2h7v2k,Accion
Cineplanet Quilín,SPIDER-MAN: UN NUEVO DIA,2026-08-25,14:40,2D + CONV,DOBLADA,145,TE +7,https://cdn.apis.cineplanet.cl/CDN/media/entity/get/FilmPosterGraphic/HO00001843?referenceScheme=HeadOffice&allowPlaceHolder=true,https://www.cineplanet.cl/peliculas/spider-man-un-nuevo-dia,"Han pasado cuatro años desde los acontecimientos de No Way Home, y Peter es ahora un adulto que vive completamente solo, habiéndose borrado voluntariamente de las vidas y recuerdos de aquellos a quienes ama. Lucha contra el crimen en un Nueva York que ya no conoce su nombre.",https://www.youtube.com/watch?v=3B1_P2h7v2k,Accion
Cineplanet Quilín,SPIDER-MAN: UN NUEVO DIA,2026-08-25,15:40,3D + CONV,DOBLADA,145,TE +7,https://cdn.apis.cineplanet.cl/CDN/media/entity/get/FilmPosterGraphic/HO00001843?referenceScheme=HeadOffice&allowPlaceHolder=true,https://www.cineplanet.cl/peliculas/spider-man-un-nuevo-dia,"Han pasado cuatro años desde los acontecimientos de No Way Home, y Peter es ahora un adulto que vive completamente solo, habiéndose borrado voluntariamente de las vidas y recuerdos de aquellos a quienes ama. Lucha contra el crimen en un Nueva York que ya no conoce su nombre.",https://www.youtube.com/watch?v=3B1_P2h7v2k,Accion
Cineplanet Quilín,SPIDER-MAN: UN NUEVO DIA,2026-08-25,17:40,2D + CONV,DOBLADA,145,TE +7,https://cdn.apis.cineplanet.cl/CDN/media/entity/get/FilmPosterGraphic/HO00001843?referenceScheme=HeadOffice&allowPlaceHolder=true,https://www.cineplanet.cl/peliculas/spider-man-un-nuevo-dia,"Han pasado cuatro años desde los acontecimientos de No Way Home, y Peter es ahora un adulto que vive completamente solo, habiéndose borrado voluntariamente de las vidas y recuerdos de aquellos a quienes ama. Lucha contra el crimen en un Nueva York que ya no conoce su nombre.",https://www.youtube.com/watch?v=3B1_P2h7v2k,Accion
Cineplanet Quilín,SPIDER-MAN: UN NUEVO DIA,2026-08-25,18:40,2D + CONV,DOBLADA,145,TE +7,https://cdn.apis.cineplanet.cl/CDN/media/entity/get/FilmPosterGraphic/HO00001843?referenceScheme=HeadOffice&allowPlaceHolder=true,https://www.cineplanet.cl/peliculas/spider-man-un-nuevo-dia,"Han pasado cuatro años desde los acontecimientos de No Way Home, y Peter es ahora un adulto que vive completamente solo, habiéndose borrado voluntariamente de las vidas y recuerdos de aquellos a quienes ama. Lucha contra el crimen en un Nueva York que ya no conoce su nombre.",https://www.youtube.com/watch?v=3B1_P2h7v2k,Accion
Cineplanet Quilín,SPIDER-MAN: UN NUEVO DIA,2026-08-25,20:40,2D + CONV,DOBLADA,145,TE +7,https://cdn.apis.cineplanet.cl/CDN/media/entity/get/FilmPosterGraphic/HO00001843?referenceScheme=HeadOffice&allowPlaceHolder=true,https://www.cineplanet.cl/peliculas/spider-man-un-nuevo-dia,"Han pasado cuatro años desde los acontecimientos de No Way Home, y Peter es ahora un adulto que vive completamente solo, habiéndose borrado voluntariamente de las vidas y recuerdos de aquellos a quienes ama. Lucha contra el crimen en un Nueva York que ya no conoce su nombre.",https://www.youtube.com/watch?v=3B1_P2h7v2k,Accion
Cineplanet Quilín,SPIDER-MAN: UN NUEVO DIA,2026-08-25,21:40,2D + CONV,DOBLADA,145,TE +7,https://cdn.apis.cineplanet.cl/CDN/media/entity/get/FilmPosterGraphic/HO00001843?referenceScheme=HeadOffice&allowPlaceHolder=true,https://www.cineplanet.cl/peliculas/spider-man-un-nuevo-dia,"Han pasado cuatro años desde los acontecimientos de No Way Home, y Peter es ahora un adulto que vive completamente solo, habiéndose borrado voluntariamente de las vidas y recuerdos de aquellos a quienes ama. Lucha contra el crimen en un Nueva York que ya no conoce su nombre.",https://www.youtube.com/watch?v=3B1_P2h7v2k,Accion
Cineplanet Quilín,SPIDER-MAN: UN NUEVO DIA,2026-08-26,13:40,2D + CONV,DOBLADA,145,TE +7,https://cdn.apis.cineplanet.cl/CDN/media/entity/get/FilmPosterGraphic/HO00001843?referenceScheme=HeadOffice&allowPlaceHolder=true,https://www.cineplanet.cl/peliculas/spider-man-un-nuevo-dia,"Han pasado cuatro años desde los acontecimientos de No Way Home, y Peter es ahora un adulto que vive completamente solo, habiéndose borrado voluntariamente de las vidas y recuerdos de aquellos a quienes ama. Lucha contra el crimen en un Nueva York que ya no conoce su nombre.",https://www.youtube.com/watch?v=3B1_P2h7v2k,Accion
Cineplanet Quilín,SPIDER-MAN: UN NUEVO DIA,2026-08-26,14:40,2D + CONV,DOBLADA,145,TE +7,https://cdn.apis.cineplanet.cl/CDN/media/entity/get/FilmPosterGraphic/HO00001843?referenceScheme=HeadOffice&allowPlaceHolder=true,https://www.cineplanet.cl/peliculas/spider-man-un-nuevo-dia,"Han pasado cuatro años desde los acontecimientos de No Way Home, y Peter es ahora un adulto que vive completamente solo, habiéndose borrado voluntariamente de las vidas y recuerdos de aquellos a quienes ama. Lucha contra el crimen en un Nueva York que ya no conoce su nombre.",https://www.youtube.com/watch?v=3B1_P2h7v2k,Accion
Cineplanet Quilín,SPIDER-MAN: UN NUEVO DIA,2026-08-26,15:40,3D + CONV,DOBLADA,145,TE +7,https://cdn.apis.cineplanet.cl/CDN/media/entity/get/FilmPosterGraphic/HO00001843?referenceScheme=HeadOffice&allowPlaceHolder=true,https://www.cineplanet.cl/peliculas/spider-man-un-nuevo-dia,"Han pasado cuatro años desde los acontecimientos de No Way Home, y Peter es ahora un adulto que vive completamente solo, habiéndose borrado voluntariamente de las vidas y recuerdos de aquellos a quienes ama. Lucha contra el crimen en un Nueva York que ya no conoce su nombre.",https://www.youtube.com/watch?v=3B1_P2h7v2k,Accion
Cineplanet Quilín,SPIDER-MAN: UN NUEVO DIA,2026-08-26,17:40,2D + CONV,DOBLADA,145,TE +7,https://cdn.apis.cineplanet.cl/CDN/media/entity/get/FilmPosterGraphic/HO00001843?referenceScheme=HeadOffice&allowPlaceHolder=true,https://www.cineplanet.cl/peliculas/spider-man-un-nuevo-dia,"Han pasado cuatro años desde los acontecimientos de No Way Home, y Peter es ahora un adulto que vive completamente solo, habiéndose borrado voluntariamente de las vidas y recuerdos de aquellos a quienes ama. Lucha contra el crimen en un Nueva York que ya no conoce su nombre.",https://www.youtube.com/watch?v=3B1_P2h7v2k,Accion
Cineplanet Quilín,SPIDER-MAN: UN NUEVO DIA,2026-08-26,18:40,2D + CONV,DOBLADA,145,TE +7,https://cdn.apis.cineplanet.cl/CDN/media/entity/get/FilmPosterGraphic/HO00001843?referenceScheme=HeadOffice&allowPlaceHolder=true,https://www.cineplanet.cl/peliculas/spider-man-un-nuevo-dia,"Han pasado cuatro años desde los acontecimientos de No Way Home, y Peter es ahora un adulto que vive completamente solo, habiéndose borrado voluntariamente de las vidas y recuerdos de aquellos a quienes ama. Lucha contra el crimen en un Nueva York que ya no conoce su nombre.",https://www.youtube.com/watch?v=3B1_P2h7v2k,Accion
Cineplanet Quilín,SPIDER-MAN: UN NUEVO DIA,2026-08-26,20:40,2D + CONV,DOBLADA,145,TE +7,https://cdn.apis.cineplanet.cl/CDN/media/entity/get/FilmPosterGraphic/HO00001843?referenceScheme=HeadOffice&allowPlaceHolder=true,https://www.cineplanet.cl/peliculas/spider-man-un-nuevo-dia,"Han pasado cuatro años desde los acontecimientos de No Way Home, y Peter es ahora un adulto que vive completamente solo, habiéndose borrado voluntariamente de las vidas y recuerdos de aquellos a quienes ama. Lucha contra el crimen en un Nueva York que ya no conoce su nombre.",https://www.youtube.com/watch?v=3B1_P2h7v2k,Accion
Cineplanet Quilín,SPIDER-MAN: UN NUEVO DIA,2026-08-26,21:40,2D + CONV,DOBLADA,145,TE +7,https://cdn.apis.cineplanet.cl/CDN/media/entity/get/FilmPosterGraphic/HO00001843?referenceScheme=HeadOffice&allowPlaceHolder=true,https://www.cineplanet.cl/peliculas/spider-man-un-nuevo-dia,"Han pasado cuatro años desde los acontecimientos de No Way Home, y Peter es ahora un adulto que vive completamente solo, habiéndose borrado voluntariamente de las vidas y recuerdos de aquellos a quienes ama. Lucha contra el crimen en un Nueva York que ya no conoce su nombre.",https://www.youtube.com/watch?v=3B1_P2h7v2k,Accion
Cineplanet Quilín,TOY STORY 5,2026-08-25,13:20,2D + CONV,DOBLADA,102,TE,https://cdn.apis.cineplanet.cl/CDN/media/entity/get/FilmPosterGraphic/HO00001810?referenceScheme=HeadOffice&allowPlaceHolder=true,https://www.cineplanet.cl/peliculas/toy-story-5,"Los juguetes están de vuelta. Esta vez, Buzz Lightyear, Woody, Jessie y el resto de la pandilla se enfrentan a un nuevo reto cuando conocen a Lilypad, una nueva tablet.",https://www.youtube.com/watch?v=s_qpMMkvHYE,Animacion
Cineplanet Quilín,TOY STORY 5,2026-08-25,14:00,2D + CONV,DOBLADA,102,TE,https://cdn.apis.cineplanet.cl/CDN/media/entity/get/FilmPosterGraphic/HO00001810?referenceScheme=HeadOffice&allowPlaceHolder=true,https://www.cineplanet.cl/peliculas/toy-story-5,"Los juguetes están de vuelta. Esta vez, Buzz Lightyear, Woody, Jessie y el resto de la pandilla se enfrentan a un nuevo reto cuando conocen a Lilypad, una nueva tablet.",https://www.youtube.com/watch?v=s_qpMMkvHYE,Animacion
Cineplanet Quilín,TOY STORY 5,2026-08-26,13:20,2D + CONV,DOBLADA,102,TE,https://cdn.apis.cineplanet.cl/CDN/media/entity/get/FilmPosterGraphic/HO00001810?referenceScheme=HeadOffice&allowPlaceHolder=true,https://www.cineplanet.cl/peliculas/toy-story-5,"Los juguetes están de vuelta. Esta vez, Buzz Lightyear, Woody, Jessie y el resto de la pandilla se enfrentan a un nuevo reto cuando conocen a Lilypad, una nueva tablet.",https://www.youtube.com/watch?v=s_qpMMkvHYE,Animacion
Cineplanet Quilín,TOY STORY 5,2026-08-26,14:00,2D + CONV,DOBLADA,102,TE,https://cdn.apis.cineplanet.cl/CDN/media/entity/get/FilmPosterGraphic/HO00001810?referenceScheme=HeadOffice&allowPlaceHolder=true,https://www.cineplanet.cl/peliculas/toy-story-5,"Los juguetes están de vuelta. Esta vez, Buzz Lightyear, Woody, Jessie y el resto de la pandilla se enfrentan a un nuevo reto cuando conocen a Lilypad, una nueva tablet.",https://www.youtube.com/watch?v=s_qpMMkvHYE,Animacion
Cineplanet Quilín,TU CORAZON SERA DESTROZADO,2026-08-25,18:20,2D + CONV,DOBLADA,135,+14,https://cdn.apis.cineplanet.cl/CDN/media/entity/get/FilmPosterGraphic/HO00001846?referenceScheme=HeadOffice&allowPlaceHolder=true,https://www.cineplanet.cl/peliculas/tu-corazon-sera-destrozado,"Polina llega a un nuevo colegio intentando pasar desapercibida, pero rápidamente se convierte en el blanco de los abusos de sus compañeros.",https://www.youtube.com/watch?v=hrqU6rChAgE,Romance
Cineplanet Quilín,TU CORAZON SERA DESTROZADO,2026-08-26,18:20,2D + CONV,DOBLADA,135,+14,https://cdn.apis.cineplanet.cl/CDN/media/entity/get/FilmPosterGraphic/HO00001846?referenceScheme=HeadOffice&allowPlaceHolder=true,https://www.cineplanet.cl/peliculas/tu-corazon-sera-destrozado,"Polina llega a un nuevo colegio intentando pasar desapercibida, pero rápidamente se convierte en el blanco de los abusos de sus compañeros.",https://www.youtube.com/watch?v=hrqU6rChAgE,Romance
