cine,pelicula,fecha,hora,formato,idioma,duracion_min,clasificacion,poster,link_compra,sinopsis,trailer,generos,credito
Cineplanet Alameda,PAW Patrol: La Dino Película,2026-08-31,13:10,2D,doblada,88,TE,,https://www.cineplanet.cl/peliculas/paw-patrol-la-dino-pelcula,"Después de que su barco quedara atrapado en una misteriosa tormenta, los cachorros de la Patrulla Canina aterrizan de emergencia en una isla tropical inexplorada llena de dinosaurios. Allí conocen a Rex, un cachorro que lleva años abandonado en la isla y se ha convertido en un experto en todo lo relacionado con los dinosaurios. Cuando el archienemigo de la Patrulla Canina, el alcalde Humdinger, comienza a explotar minas de forma imprudente con la esperanza de saquear los recursos naturales de la isla, provoca sin querer la erupción de un enorme volcán inactivo.",,ANIMACION,
Cineplanet Alameda,Juan Gabriel: Mi Primer Bellas Artes,2026-08-31,13:20,2D,doblada,110,TE +7,,https://www.cineplanet.cl/peliculas/juan-gabriel-mi-primer-bellas-artes,"Versión Sing Along. El concierto más icónico de México llega a la pantalla grande. A partir del 28 de agosto, con motivo del 10º aniversario luctuoso de Juan Gabriel, disfruta del histórico primer concierto de Juan Gabriel en el Palacio de Bellas Artes en 1990, una noche que transformó para siempre la música en México.",https://www.youtube.com/embed/zq9V3eaio2Y,CONCIERTO,
Cineplanet Alameda,Coyote vs ACME,2026-08-31,14:00,2D,doblada,103,TE,,https://www.cineplanet.cl/peliculas/coyote-vs-acme,"Después de que todos los productos fabricados por ACME Corporation le salgan mal a Wile E. Coyote, en su persecución del Correcaminos, contrata a un abogado humano igualmente desafortunado para demandar a la empresa. Cuando el abogado de Wile E. descubre que el intimidante jefe de su antiguo bufete es el director general de ACME, se une a Wile E. para ganar el juicio contra él.",https://www.youtube.com/embed/V_ueAlyvn6A,FAMILIAR,
Cineplanet Alameda,Toy Story 5,2026-08-31,14:10,2D,doblada,102,TE,,https://www.cineplanet.cl/peliculas/toy-story-5,"Los juguetes están de vuelta. Esta vez, Buzz Lightyear, Woody, Jessie y el resto de la pandilla se enfrentan a un nuevo reto cuando conocen a Lilypad, una nueva tablet que llega con sus propias ideas disruptivas sobre lo que es mejor para Bonnie. ¿Volverá a ser lo mismo la hora de jugar?",https://www.youtube.com/embed/s_qpMMkvHYE,ANIMACION,
Cineplanet Alameda,Harry Potter y la piedra filosofal (2001),2026-08-31,14:20,2D,doblada,166,TE +7,,https://www.cineplanet.cl/peliculas/harry-potter-y-la-piedra-filosofal-2001,"El día en que cumple once años, Harry Potter se entera de que es hijo de dos destacados hechiceros, de los que ha heredado poderes mágicos. En la escuela Hogwarts de Magia y Hechicería, donde se educa con otros niños que también tienen poderes especiales, aprenderá todo lo necesario para ser mago.",,AVENTURA,
Cineplanet Alameda,La noche del demonio: Están entre nosotros,2026-08-31,14:40,2D,doblada,106,+14,,https://www.cineplanet.cl/peliculas/la-noche-del-demonio-estn-entre-nosotros,"Gemma, una joven madre que cría a su hija en la casa en la que creció, descubre que puede viajar a The Further, donde posee la capacidad de traer lo que allí vive de vuelta al mundo real.",https://www.youtube.com/embed/fuxeEUqCNac,TERROR,
Cineplanet Alameda,Papi Ricky: La película,2026-08-31,15:00,2D,doblada,104,TE +7,,https://www.cineplanet.cl/peliculas/papi-ricky-la-pelcula,"La película retoma la historia de Alicia, quien vuelve a Chile para presentar a su futuro esposo, un joven español hípster y excéntrico que representa la modernidad. Sin embargo, su llegada provoca un verdadero terremoto familiar: el choque con el conservador Papi Ricky y la irreverente Catrala hará que ambos padres dejen atrás antiguas diferencias para unirse en un objetivo común: impedir la boda de su hija.",https://www.youtube.com/embed/Nr17OlZAkBc,COMEDIA,
Cineplanet Alameda,Spider-Man: Un Nuevo Día,2026-08-31,15:20,2D,doblada,145,TE +7,,https://www.cineplanet.cl/peliculas/spider-man-un-nuevo-dia,"Han pasado cuatro años desde los acontecimientos de No Way Home, y Peter es ahora un adulto que vive completamente solo, habiéndose borrado voluntariamente de las vidas y recuerdos de aquellos a quienes ama. Lucha contra el crimen en un Nueva York que ya no conoce su nombre, se ha dedicado por completo a proteger su ciudad -un Spider-Man de tiempo completo- pero a medida que las exigencias sobre él se intensifican, la presión desata una sorprendente evolución física que amenaza su existencia, aun cuando un nuevo y extraño patrón de crímenes da lugar a una de las amenazas más poderosas que jamás haya enfrentado.",https://www.youtube.com/embed/3B1_P2h7v2k,ACCION,
Cineplanet Alameda,Juan Gabriel: Mi Primer Bellas Artes,2026-08-31,15:40,2D,doblada,110,TE +7,,https://www.cineplanet.cl/peliculas/juan-gabriel-mi-primer-bellas-artes,"Versión Sing Along. El concierto más icónico de México llega a la pantalla grande. A partir del 28 de agosto, con motivo del 10º aniversario luctuoso de Juan Gabriel, disfruta del histórico primer concierto de Juan Gabriel en el Palacio de Bellas Artes en 1990, una noche que transformó para siempre la música en México.",https://www.youtube.com/embed/zq9V3eaio2Y,CONCIERTO,
Cineplanet Alameda,Coyote vs ACME,2026-08-31,16:20,2D,doblada,103,TE,,https://www.cineplanet.cl/peliculas/coyote-vs-acme,"Después de que todos los productos fabricados por ACME Corporation le salgan mal a Wile E. Coyote, en su persecución del Correcaminos, contrata a un abogado humano igualmente desafortunado para demandar a la empresa. Cuando el abogado de Wile E. descubre que el intimidante jefe de su antiguo bufete es el director general de ACME, se une a Wile E. para ganar el juicio contra él.",https://www.youtube.com/embed/V_ueAlyvn6A,FAMILIAR,
Cineplanet Alameda,La Guerra de los Últimos,2026-08-31,16:30,2D,doblada,118,,,https://www.cineplanet.cl/peliculas/la-guerra-de-los-ltimos,"En un mundo postapocalíptico, un virus aniquila a prácticamente toda la humanidad. Los supervivientes se enfrentan a unos carroñeros errantes llamados ""Segadores"". El protagonista, Hig, un piloto, sobrevivió a la gripe pero perdió a su mujer. Adaptación de la aclamada novela ""La constelación del perro"", de Peter Heller.",https://www.youtube.com/embed/JZHY6oGCO58,CIENCIA FICCION,
Cineplanet Alameda,La noche del demonio: Están entre nosotros,2026-08-31,17:00,2D,doblada,106,+14,,https://www.cineplanet.cl/peliculas/la-noche-del-demonio-estn-entre-nosotros,"Gemma, una joven madre que cría a su hija en la casa en la que creció, descubre que puede viajar a The Further, donde posee la capacidad de traer lo que allí vive de vuelta al mundo real.",https://www.youtube.com/embed/fuxeEUqCNac,TERROR,
Cineplanet Alameda,Papi Ricky: La película,2026-08-31,17:20,2D,doblada,104,TE +7,,https://www.cineplanet.cl/peliculas/papi-ricky-la-pelcula,"La película retoma la historia de Alicia, quien vuelve a Chile para presentar a su futuro esposo, un joven español hípster y excéntrico que representa la modernidad. Sin embargo, su llegada provoca un verdadero terremoto familiar: el choque con el conservador Papi Ricky y la irreverente Catrala hará que ambos padres dejen atrás antiguas diferencias para unirse en un objetivo común: impedir la boda de su hija.",https://www.youtube.com/embed/Nr17OlZAkBc,COMEDIA,
Cineplanet Alameda,Coyote vs ACME,2026-08-31,17:40,2D,doblada,103,TE,,https://www.cineplanet.cl/peliculas/coyote-vs-acme,"Después de que todos los productos fabricados por ACME Corporation le salgan mal a Wile E. Coyote, en su persecución del Correcaminos, contrata a un abogado humano igualmente desafortunado para demandar a la empresa. Cuando el abogado de Wile E. descubre que el intimidante jefe de su antiguo bufete es el director general de ACME, se une a Wile E. para ganar el juicio contra él.",https://www.youtube.com/embed/V_ueAlyvn6A,FAMILIAR,
Cineplanet Alameda,Juan Gabriel: Mi Primer Bellas Artes,2026-08-31,18:00,2D,doblada,110,TE +7,,https://www.cineplanet.cl/peliculas/juan-gabriel-mi-primer-bellas-artes,"Versión Sing Along. El concierto más icónico de México llega a la pantalla grande. A partir del 28 de agosto, con motivo del 10º aniversario luctuoso de Juan Gabriel, disfruta del histórico primer concierto de Juan Gabriel en el Palacio de Bellas Artes en 1990, una noche que transformó para siempre la música en México.",https://www.youtube.com/embed/zq9V3eaio2Y,CONCIERTO,
Cineplanet Alameda,Spider-Man: Un Nuevo Día,2026-08-31,18:20,2D,doblada,145,TE +7,,https://www.cineplanet.cl/peliculas/spider-man-un-nuevo-dia,"Han pasado cuatro años desde los acontecimientos de No Way Home, y Peter es ahora un adulto que vive completamente solo, habiéndose borrado voluntariamente de las vidas y recuerdos de aquellos a quienes ama. Lucha contra el crimen en un Nueva York que ya no conoce su nombre, se ha dedicado por completo a proteger su ciudad -un Spider-Man de tiempo completo- pero a medida que las exigencias sobre él se intensifican, la presión desata una sorprendente evolución física que amenaza su existencia, aun cuando un nuevo y extraño patrón de crímenes da lugar a una de las amenazas más poderosas que jamás haya enfrentado.",https://www.youtube.com/embed/3B1_P2h7v2k,ACCION,
Cineplanet Alameda,Coyote vs ACME,2026-08-31,18:40,2D,doblada,103,TE,,https://www.cineplanet.cl/peliculas/coyote-vs-acme,"Después de que todos los productos fabricados por ACME Corporation le salgan mal a Wile E. Coyote, en su persecución del Correcaminos, contrata a un abogado humano igualmente desafortunado para demandar a la empresa. Cuando el abogado de Wile E. descubre que el intimidante jefe de su antiguo bufete es el director general de ACME, se une a Wile E. para ganar el juicio contra él.",https://www.youtube.com/embed/V_ueAlyvn6A,FAMILIAR,
Cineplanet Alameda,La Guerra de los Últimos,2026-08-31,19:00,2D,doblada,118,,,https://www.cineplanet.cl/peliculas/la-guerra-de-los-ltimos,"En un mundo postapocalíptico, un virus aniquila a prácticamente toda la humanidad. Los supervivientes se enfrentan a unos carroñeros errantes llamados ""Segadores"". El protagonista, Hig, un piloto, sobrevivió a la gripe pero perdió a su mujer. Adaptación de la aclamada novela ""La constelación del perro"", de Peter Heller.",https://www.youtube.com/embed/JZHY6oGCO58,CIENCIA FICCION,
Cineplanet Alameda,La noche del demonio: Están entre nosotros,2026-08-31,19:20,2D,doblada,106,+14,,https://www.cineplanet.cl/peliculas/la-noche-del-demonio-estn-entre-nosotros,"Gemma, una joven madre que cría a su hija en la casa en la que creció, descubre que puede viajar a The Further, donde posee la capacidad de traer lo que allí vive de vuelta al mundo real.",https://www.youtube.com/embed/fuxeEUqCNac,TERROR,
Cineplanet Alameda,Papi Ricky: La película,2026-08-31,19:40,2D,doblada,104,TE +7,,https://www.cineplanet.cl/peliculas/papi-ricky-la-pelcula,"La película retoma la historia de Alicia, quien vuelve a Chile para presentar a su futuro esposo, un joven español hípster y excéntrico que representa la modernidad. Sin embargo, su llegada provoca un verdadero terremoto familiar: el choque con el conservador Papi Ricky y la irreverente Catrala hará que ambos padres dejen atrás antiguas diferencias para unirse en un objetivo común: impedir la boda de su hija.",https://www.youtube.com/embed/Nr17OlZAkBc,COMEDIA,
Cineplanet Alameda,Spider-Man: Un Nuevo Día,2026-08-31,20:00,2D,doblada,145,TE +7,,https://www.cineplanet.cl/peliculas/spider-man-un-nuevo-dia,"Han pasado cuatro años desde los acontecimientos de No Way Home, y Peter es ahora un adulto que vive completamente solo, habiéndose borrado voluntariamente de las vidas y recuerdos de aquellos a quienes ama. Lucha contra el crimen en un Nueva York que ya no conoce su nombre, se ha dedicado por completo a proteger su ciudad -un Spider-Man de tiempo completo- pero a medida que las exigencias sobre él se intensifican, la presión desata una sorprendente evolución física que amenaza su existencia, aun cuando un nuevo y extraño patrón de crímenes da lugar a una de las amenazas más poderosas que jamás haya enfrentado.",https://www.youtube.com/embed/3B1_P2h7v2k,ACCION,
Cineplanet Alameda,Papi Ricky: La película,2026-08-31,20:30,2D,doblada,104,TE +7,,https://www.cineplanet.cl/peliculas/papi-ricky-la-pelcula,"La película retoma la historia de Alicia, quien vuelve a Chile para presentar a su futuro esposo, un joven español hípster y excéntrico que representa la modernidad. Sin embargo, su llegada provoca un verdadero terremoto familiar: el choque con el conservador Papi Ricky y la irreverente Catrala hará que ambos padres dejen atrás antiguas diferencias para unirse en un objetivo común: impedir la boda de su hija.",https://www.youtube.com/embed/Nr17OlZAkBc,COMEDIA,
Cineplanet Alameda,Coyote vs ACME,2026-08-31,21:00,2D,doblada,103,TE,,https://www.cineplanet.cl/peliculas/coyote-vs-acme,"Después de que todos los productos fabricados por ACME Corporation le salgan mal a Wile E. Coyote, en su persecución del Correcaminos, contrata a un abogado humano igualmente desafortunado para demandar a la empresa. Cuando el abogado de Wile E. descubre que el intimidante jefe de su antiguo bufete es el director general de ACME, se une a Wile E. para ganar el juicio contra él.",https://www.youtube.com/embed/V_ueAlyvn6A,FAMILIAR,
Cineplanet Alameda,Spider-Man: Un Nuevo Día,2026-08-31,21:20,2D,doblada,145,TE +7,,https://www.cineplanet.cl/peliculas/spider-man-un-nuevo-dia,"Han pasado cuatro años desde los acontecimientos de No Way Home, y Peter es ahora un adulto que vive completamente solo, habiéndose borrado voluntariamente de las vidas y recuerdos de aquellos a quienes ama. Lucha contra el crimen en un Nueva York que ya no conoce su nombre, se ha dedicado por completo a proteger su ciudad -un Spider-Man de tiempo completo- pero a medida que las exigencias sobre él se intensifican, la presión desata una sorprendente evolución física que amenaza su existencia, aun cuando un nuevo y extraño patrón de crímenes da lugar a una de las amenazas más poderosas que jamás haya enfrentado.",https://www.youtube.com/embed/3B1_P2h7v2k,ACCION,
Cineplanet Alameda,La Guerra de los Últimos,2026-08-31,21:30,2D,doblada,118,,,https://www.cineplanet.cl/peliculas/la-guerra-de-los-ltimos,"En un mundo postapocalíptico, un virus aniquila a prácticamente toda la humanidad. Los supervivientes se enfrentan a unos carroñeros errantes llamados ""Segadores"". El protagonista, Hig, un piloto, sobrevivió a la gripe pero perdió a su mujer. Adaptación de la aclamada novela ""La constelación del perro"", de Peter Heller.",https://www.youtube.com/embed/JZHY6oGCO58,CIENCIA FICCION,
Cineplanet Alameda,El Final de la Calle Oak,2026-08-31,21:40,2D,doblada,99,+14,,https://www.cineplanet.cl/peliculas/el-final-de-la-calle-oak,"Después de que un misterioso fenómeno cósmico arranque Oak Street de su entorno suburbano y transporte a sus habitantes a un lugar desconocido, la familia Platt pronto descubre que su propia supervivencia depende de que permanezcan unidos mientras se orientan en un entorno que ya no reconocen.",https://www.youtube.com/embed/kdrry0xfHzA,CIENCIA FICCION,
Cineplanet Alameda,Papi Ricky: La película,2026-08-31,22:00,2D,doblada,104,TE +7,,https://www.cineplanet.cl/peliculas/papi-ricky-la-pelcula,"La película retoma la historia de Alicia, quien vuelve a Chile para presentar a su futuro esposo, un joven español hípster y excéntrico que representa la modernidad. Sin embargo, su llegada provoca un verdadero terremoto familiar: el choque con el conservador Papi Ricky y la irreverente Catrala hará que ambos padres dejen atrás antiguas diferencias para unirse en un objetivo común: impedir la boda de su hija.",https://www.youtube.com/embed/Nr17OlZAkBc,COMEDIA,
Cineplanet Alameda,PAW Patrol: La Dino Película,2026-09-01,13:10,2D,doblada,88,TE,,https://www.cineplanet.cl/peliculas/paw-patrol-la-dino-pelcula,"Después de que su barco quedara atrapado en una misteriosa tormenta, los cachorros de la Patrulla Canina aterrizan de emergencia en una isla tropical inexplorada llena de dinosaurios. Allí conocen a Rex, un cachorro que lleva años abandonado en la isla y se ha convertido en un experto en todo lo relacionado con los dinosaurios. Cuando el archienemigo de la Patrulla Canina, el alcalde Humdinger, comienza a explotar minas de forma imprudente con la esperanza de saquear los recursos naturales de la isla, provoca sin querer la erupción de un enorme volcán inactivo.",,ANIMACION,
Cineplanet Alameda,Juan Gabriel: Mi Primer Bellas Artes,2026-09-01,13:20,2D,doblada,110,TE +7,,https://www.cineplanet.cl/peliculas/juan-gabriel-mi-primer-bellas-artes,"Versión Sing Along. El concierto más icónico de México llega a la pantalla grande. A partir del 28 de agosto, con motivo del 10º aniversario luctuoso de Juan Gabriel, disfruta del histórico primer concierto de Juan Gabriel en el Palacio de Bellas Artes en 1990, una noche que transformó para siempre la música en México.",https://www.youtube.com/embed/zq9V3eaio2Y,CONCIERTO,
Cineplanet Alameda,Coyote vs ACME,2026-09-01,14:00,2D,doblada,103,TE,,https://www.cineplanet.cl/peliculas/coyote-vs-acme,"Después de que todos los productos fabricados por ACME Corporation le salgan mal a Wile E. Coyote, en su persecución del Correcaminos, contrata a un abogado humano igualmente desafortunado para demandar a la empresa. Cuando el abogado de Wile E. descubre que el intimidante jefe de su antiguo bufete es el director general de ACME, se une a Wile E. para ganar el juicio contra él.",https://www.youtube.com/embed/V_ueAlyvn6A,FAMILIAR,
Cineplanet Alameda,Toy Story 5,2026-09-01,14:10,2D,doblada,102,TE,,https://www.cineplanet.cl/peliculas/toy-story-5,"Los juguetes están de vuelta. Esta vez, Buzz Lightyear, Woody, Jessie y el resto de la pandilla se enfrentan a un nuevo reto cuando conocen a Lilypad, una nueva tablet que llega con sus propias ideas disruptivas sobre lo que es mejor para Bonnie. ¿Volverá a ser lo mismo la hora de jugar?",https://www.youtube.com/embed/s_qpMMkvHYE,ANIMACION,
Cineplanet Alameda,Harry Potter y la piedra filosofal (2001),2026-09-01,14:20,2D,doblada,166,TE +7,,https://www.cineplanet.cl/peliculas/harry-potter-y-la-piedra-filosofal-2001,"El día en que cumple once años, Harry Potter se entera de que es hijo de dos destacados hechiceros, de los que ha heredado poderes mágicos. En la escuela Hogwarts de Magia y Hechicería, donde se educa con otros niños que también tienen poderes especiales, aprenderá todo lo necesario para ser mago.",,AVENTURA,
Cineplanet Alameda,La noche del demonio: Están entre nosotros,2026-09-01,14:40,2D,doblada,106,+14,,https://www.cineplanet.cl/peliculas/la-noche-del-demonio-estn-entre-nosotros,"Gemma, una joven madre que cría a su hija en la casa en la que creció, descubre que puede viajar a The Further, donde posee la capacidad de traer lo que allí vive de vuelta al mundo real.",https://www.youtube.com/embed/fuxeEUqCNac,TERROR,
Cineplanet Alameda,Papi Ricky: La película,2026-09-01,15:00,2D,doblada,104,TE +7,,https://www.cineplanet.cl/peliculas/papi-ricky-la-pelcula,"La película retoma la historia de Alicia, quien vuelve a Chile para presentar a su futuro esposo, un joven español hípster y excéntrico que representa la modernidad. Sin embargo, su llegada provoca un verdadero terremoto familiar: el choque con el conservador Papi Ricky y la irreverente Catrala hará que ambos padres dejen atrás antiguas diferencias para unirse en un objetivo común: impedir la boda de su hija.",https://www.youtube.com/embed/Nr17OlZAkBc,COMEDIA,
Cineplanet Alameda,Spider-Man: Un Nuevo Día,2026-09-01,15:20,2D,doblada,145,TE +7,,https://www.cineplanet.cl/peliculas/spider-man-un-nuevo-dia,"Han pasado cuatro años desde los acontecimientos de No Way Home, y Peter es ahora un adulto que vive completamente solo, habiéndose borrado voluntariamente de las vidas y recuerdos de aquellos a quienes ama. Lucha contra el crimen en un Nueva York que ya no conoce su nombre, se ha dedicado por completo a proteger su ciudad -un Spider-Man de tiempo completo- pero a medida que las exigencias sobre él se intensifican, la presión desata una sorprendente evolución física que amenaza su existencia, aun cuando un nuevo y extraño patrón de crímenes da lugar a una de las amenazas más poderosas que jamás haya enfrentado.",https://www.youtube.com/embed/3B1_P2h7v2k,ACCION,
Cineplanet Alameda,Juan Gabriel: Mi Primer Bellas Artes,2026-09-01,15:40,2D,doblada,110,TE +7,,https://www.cineplanet.cl/peliculas/juan-gabriel-mi-primer-bellas-artes,"Versión Sing Along. El concierto más icónico de México llega a la pantalla grande. A partir del 28 de agosto, con motivo del 10º aniversario luctuoso de Juan Gabriel, disfruta del histórico primer concierto de Juan Gabriel en el Palacio de Bellas Artes en 1990, una noche que transformó para siempre la música en México.",https://www.youtube.com/embed/zq9V3eaio2Y,CONCIERTO,
Cineplanet Alameda,Coyote vs ACME,2026-09-01,16:20,2D,doblada,103,TE,,https://www.cineplanet.cl/peliculas/coyote-vs-acme,"Después de que todos los productos fabricados por ACME Corporation le salgan mal a Wile E. Coyote, en su persecución del Correcaminos, contrata a un abogado humano igualmente desafortunado para demandar a la empresa. Cuando el abogado de Wile E. descubre que el intimidante jefe de su antiguo bufete es el director general de ACME, se une a Wile E. para ganar el juicio contra él.",https://www.youtube.com/embed/V_ueAlyvn6A,FAMILIAR,
Cineplanet Alameda,La Guerra de los Últimos,2026-09-01,16:30,2D,doblada,118,,,https://www.cineplanet.cl/peliculas/la-guerra-de-los-ltimos,"En un mundo postapocalíptico, un virus aniquila a prácticamente toda la humanidad. Los supervivientes se enfrentan a unos carroñeros errantes llamados ""Segadores"". El protagonista, Hig, un piloto, sobrevivió a la gripe pero perdió a su mujer. Adaptación de la aclamada novela ""La constelación del perro"", de Peter Heller.",https://www.youtube.com/embed/JZHY6oGCO58,CIENCIA FICCION,
Cineplanet Alameda,La noche del demonio: Están entre nosotros,2026-09-01,17:00,2D,doblada,106,+14,,https://www.cineplanet.cl/peliculas/la-noche-del-demonio-estn-entre-nosotros,"Gemma, una joven madre que cría a su hija en la casa en la que creció, descubre que puede viajar a The Further, donde posee la capacidad de traer lo que allí vive de vuelta al mundo real.",https://www.youtube.com/embed/fuxeEUqCNac,TERROR,
Cineplanet Alameda,Papi Ricky: La película,2026-09-01,17:20,2D,doblada,104,TE +7,,https://www.cineplanet.cl/peliculas/papi-ricky-la-pelcula,"La película retoma la historia de Alicia, quien vuelve a Chile para presentar a su futuro esposo, un joven español hípster y excéntrico que representa la modernidad. Sin embargo, su llegada provoca un verdadero terremoto familiar: el choque con el conservador Papi Ricky y la irreverente Catrala hará que ambos padres dejen atrás antiguas diferencias para unirse en un objetivo común: impedir la boda de su hija.",https://www.youtube.com/embed/Nr17OlZAkBc,COMEDIA,
Cineplanet Alameda,Coyote vs ACME,2026-09-01,17:40,2D,doblada,103,TE,,https://www.cineplanet.cl/peliculas/coyote-vs-acme,"Después de que todos los productos fabricados por ACME Corporation le salgan mal a Wile E. Coyote, en su persecución del Correcaminos, contrata a un abogado humano igualmente desafortunado para demandar a la empresa. Cuando el abogado de Wile E. descubre que el intimidante jefe de su antiguo bufete es el director general de ACME, se une a Wile E. para ganar el juicio contra él.",https://www.youtube.com/embed/V_ueAlyvn6A,FAMILIAR,
Cineplanet Alameda,Juan Gabriel: Mi Primer Bellas Artes,2026-09-01,18:00,2D,doblada,110,TE +7,,https://www.cineplanet.cl/peliculas/juan-gabriel-mi-primer-bellas-artes,"Versión Sing Along. El concierto más icónico de México llega a la pantalla grande. A partir del 28 de agosto, con motivo del 10º aniversario luctuoso de Juan Gabriel, disfruta del histórico primer concierto de Juan Gabriel en el Palacio de Bellas Artes en 1990, una noche que transformó para siempre la música en México.",https://www.youtube.com/embed/zq9V3eaio2Y,CONCIERTO,
Cineplanet Alameda,Spider-Man: Un Nuevo Día,2026-09-01,18:20,2D,doblada,145,TE +7,,https://www.cineplanet.cl/peliculas/spider-man-un-nuevo-dia,"Han pasado cuatro años desde los acontecimientos de No Way Home, y Peter es ahora un adulto que vive completamente solo, habiéndose borrado voluntariamente de las vidas y recuerdos de aquellos a quienes ama. Lucha contra el crimen en un Nueva York que ya no conoce su nombre, se ha dedicado por completo a proteger su ciudad -un Spider-Man de tiempo completo- pero a medida que las exigencias sobre él se intensifican, la presión desata una sorprendente evolución física que amenaza su existencia, aun cuando un nuevo y extraño patrón de crímenes da lugar a una de las amenazas más poderosas que jamás haya enfrentado.",https://www.youtube.com/embed/3B1_P2h7v2k,ACCION,
Cineplanet Alameda,Coyote vs ACME,2026-09-01,18:40,2D,doblada,103,TE,,https://www.cineplanet.cl/peliculas/coyote-vs-acme,"Después de que todos los productos fabricados por ACME Corporation le salgan mal a Wile E. Coyote, en su persecución del Correcaminos, contrata a un abogado humano igualmente desafortunado para demandar a la empresa. Cuando el abogado de Wile E. descubre que el intimidante jefe de su antiguo bufete es el director general de ACME, se une a Wile E. para ganar el juicio contra él.",https://www.youtube.com/embed/V_ueAlyvn6A,FAMILIAR,
Cineplanet Alameda,La Guerra de los Últimos,2026-09-01,19:00,2D,doblada,118,,,https://www.cineplanet.cl/peliculas/la-guerra-de-los-ltimos,"En un mundo postapocalíptico, un virus aniquila a prácticamente toda la humanidad. Los supervivientes se enfrentan a unos carroñeros errantes llamados ""Segadores"". El protagonista, Hig, un piloto, sobrevivió a la gripe pero perdió a su mujer. Adaptación de la aclamada novela ""La constelación del perro"", de Peter Heller.",https://www.youtube.com/embed/JZHY6oGCO58,CIENCIA FICCION,
Cineplanet Alameda,La noche del demonio: Están entre nosotros,2026-09-01,19:20,2D,doblada,106,+14,,https://www.cineplanet.cl/peliculas/la-noche-del-demonio-estn-entre-nosotros,"Gemma, una joven madre que cría a su hija en la casa en la que creció, descubre que puede viajar a The Further, donde posee la capacidad de traer lo que allí vive de vuelta al mundo real.",https://www.youtube.com/embed/fuxeEUqCNac,TERROR,
Cineplanet Alameda,Papi Ricky: La película,2026-09-01,19:40,2D,doblada,104,TE +7,,https://www.cineplanet.cl/peliculas/papi-ricky-la-pelcula,"La película retoma la historia de Alicia, quien vuelve a Chile para presentar a su futuro esposo, un joven español hípster y excéntrico que representa la modernidad. Sin embargo, su llegada provoca un verdadero terremoto familiar: el choque con el conservador Papi Ricky y la irreverente Catrala hará que ambos padres dejen atrás antiguas diferencias para unirse en un objetivo común: impedir la boda de su hija.",https://www.youtube.com/embed/Nr17OlZAkBc,COMEDIA,
Cineplanet Alameda,Spider-Man: Un Nuevo Día,2026-09-01,20:00,2D,doblada,145,TE +7,,https://www.cineplanet.cl/peliculas/spider-man-un-nuevo-dia,"Han pasado cuatro años desde los acontecimientos de No Way Home, y Peter es ahora un adulto que vive completamente solo, habiéndose borrado voluntariamente de las vidas y recuerdos de aquellos a quienes ama. Lucha contra el crimen en un Nueva York que ya no conoce su nombre, se ha dedicado por completo a proteger su ciudad -un Spider-Man de tiempo completo- pero a medida que las exigencias sobre él se intensifican, la presión desata una sorprendente evolución física que amenaza su existencia, aun cuando un nuevo y extraño patrón de crímenes da lugar a una de las amenazas más poderosas que jamás haya enfrentado.",https://www.youtube.com/embed/3B1_P2h7v2k,ACCION,
Cineplanet Alameda,Papi Ricky: La película,2026-09-01,20:30,2D,doblada,104,TE +7,,https://www.cineplanet.cl/peliculas/papi-ricky-la-pelcula,"La película retoma la historia de Alicia, quien vuelve a Chile para presentar a su futuro esposo, un joven español hípster y excéntrico que representa la modernidad. Sin embargo, su llegada provoca un verdadero terremoto familiar: el choque con el conservador Papi Ricky y la irreverente Catrala hará que ambos padres dejen atrás antiguas diferencias para unirse en un objetivo común: impedir la boda de su hija.",https://www.youtube.com/embed/Nr17OlZAkBc,COMEDIA,
Cineplanet Alameda,Coyote vs ACME,2026-09-01,21:00,2D,doblada,103,TE,,https://www.cineplanet.cl/peliculas/coyote-vs-acme,"Después de que todos los productos fabricados por ACME Corporation le salgan mal a Wile E. Coyote, en su persecución del Correcaminos, contrata a un abogado humano igualmente desafortunado para demandar a la empresa. Cuando el abogado de Wile E. descubre que el intimidante jefe de su antiguo bufete es el director general de ACME, se une a Wile E. para ganar el juicio contra él.",https://www.youtube.com/embed/V_ueAlyvn6A,FAMILIAR,
Cineplanet Alameda,Spider-Man: Un Nuevo Día,2026-09-01,21:20,2D,doblada,145,TE +7,,https://www.cineplanet.cl/peliculas/spider-man-un-nuevo-dia,"Han pasado cuatro años desde los acontecimientos de No Way Home, y Peter es ahora un adulto que vive completamente solo, habiéndose borrado voluntariamente de las vidas y recuerdos de aquellos a quienes ama. Lucha contra el crimen en un Nueva York que ya no conoce su nombre, se ha dedicado por completo a proteger su ciudad -un Spider-Man de tiempo completo- pero a medida que las exigencias sobre él se intensifican, la presión desata una sorprendente evolución física que amenaza su existencia, aun cuando un nuevo y extraño patrón de crímenes da lugar a una de las amenazas más poderosas que jamás haya enfrentado.",https://www.youtube.com/embed/3B1_P2h7v2k,ACCION,
Cineplanet Alameda,La Guerra de los Últimos,2026-09-01,21:30,2D,doblada,118,,,https://www.cineplanet.cl/peliculas/la-guerra-de-los-ltimos,"En un mundo postapocalíptico, un virus aniquila a prácticamente toda la humanidad. Los supervivientes se enfrentan a unos carroñeros errantes llamados ""Segadores"". El protagonista, Hig, un piloto, sobrevivió a la gripe pero perdió a su mujer. Adaptación de la aclamada novela ""La constelación del perro"", de Peter Heller.",https://www.youtube.com/embed/JZHY6oGCO58,CIENCIA FICCION,
Cineplanet Alameda,El Final de la Calle Oak,2026-09-01,21:40,2D,doblada,99,+14,,https://www.cineplanet.cl/peliculas/el-final-de-la-calle-oak,"Después de que un misterioso fenómeno cósmico arranque Oak Street de su entorno suburbano y transporte a sus habitantes a un lugar desconocido, la familia Platt pronto descubre que su propia supervivencia depende de que permanezcan unidos mientras se orientan en un entorno que ya no reconocen.",https://www.youtube.com/embed/kdrry0xfHzA,CIENCIA FICCION,
Cineplanet Alameda,Papi Ricky: La película,2026-09-01,22:00,2D,doblada,104,TE +7,,https://www.cineplanet.cl/peliculas/papi-ricky-la-pelcula,"La película retoma la historia de Alicia, quien vuelve a Chile para presentar a su futuro esposo, un joven español hípster y excéntrico que representa la modernidad. Sin embargo, su llegada provoca un verdadero terremoto familiar: el choque con el conservador Papi Ricky y la irreverente Catrala hará que ambos padres dejen atrás antiguas diferencias para unirse en un objetivo común: impedir la boda de su hija.",https://www.youtube.com/embed/Nr17OlZAkBc,COMEDIA,
Cineplanet Alameda,PAW Patrol: La Dino Película,2026-09-02,13:10,2D,doblada,88,TE,,https://www.cineplanet.cl/peliculas/paw-patrol-la-dino-pelcula,"Después de que su barco quedara atrapado en una misteriosa tormenta, los cachorros de la Patrulla Canina aterrizan de emergencia en una isla tropical inexplorada llena de dinosaurios. Allí conocen a Rex, un cachorro que lleva años abandonado en la isla y se ha convertido en un experto en todo lo relacionado con los dinosaurios. Cuando el archienemigo de la Patrulla Canina, el alcalde Humdinger, comienza a explotar minas de forma imprudente con la esperanza de saquear los recursos naturales de la isla, provoca sin querer la erupción de un enorme volcán inactivo.",,ANIMACION,
Cineplanet Alameda,Juan Gabriel: Mi Primer Bellas Artes,2026-09-02,13:20,2D,doblada,110,TE +7,,https://www.cineplanet.cl/peliculas/juan-gabriel-mi-primer-bellas-artes,"Versión Sing Along. El concierto más icónico de México llega a la pantalla grande. A partir del 28 de agosto, con motivo del 10º aniversario luctuoso de Juan Gabriel, disfruta del histórico primer concierto de Juan Gabriel en el Palacio de Bellas Artes en 1990, una noche que transformó para siempre la música en México.",https://www.youtube.com/embed/zq9V3eaio2Y,CONCIERTO,
Cineplanet Alameda,Coyote vs ACME,2026-09-02,14:00,2D,doblada,103,TE,,https://www.cineplanet.cl/peliculas/coyote-vs-acme,"Después de que todos los productos fabricados por ACME Corporation le salgan mal a Wile E. Coyote, en su persecución del Correcaminos, contrata a un abogado humano igualmente desafortunado para demandar a la empresa. Cuando el abogado de Wile E. descubre que el intimidante jefe de su antiguo bufete es el director general de ACME, se une a Wile E. para ganar el juicio contra él.",https://www.youtube.com/embed/V_ueAlyvn6A,FAMILIAR,
Cineplanet Alameda,Toy Story 5,2026-09-02,14:10,2D,doblada,102,TE,,https://www.cineplanet.cl/peliculas/toy-story-5,"Los juguetes están de vuelta. Esta vez, Buzz Lightyear, Woody, Jessie y el resto de la pandilla se enfrentan a un nuevo reto cuando conocen a Lilypad, una nueva tablet que llega con sus propias ideas disruptivas sobre lo que es mejor para Bonnie. ¿Volverá a ser lo mismo la hora de jugar?",https://www.youtube.com/embed/s_qpMMkvHYE,ANIMACION,
Cineplanet Alameda,Harry Potter y la piedra filosofal (2001),2026-09-02,14:20,2D,doblada,166,TE +7,,https://www.cineplanet.cl/peliculas/harry-potter-y-la-piedra-filosofal-2001,"El día en que cumple once años, Harry Potter se entera de que es hijo de dos destacados hechiceros, de los que ha heredado poderes mágicos. En la escuela Hogwarts de Magia y Hechicería, donde se educa con otros niños que también tienen poderes especiales, aprenderá todo lo necesario para ser mago.",,AVENTURA,
Cineplanet Alameda,La noche del demonio: Están entre nosotros,2026-09-02,14:40,2D,doblada,106,+14,,https://www.cineplanet.cl/peliculas/la-noche-del-demonio-estn-entre-nosotros,"Gemma, una joven madre que cría a su hija en la casa en la que creció, descubre que puede viajar a The Further, donde posee la capacidad de traer lo que allí vive de vuelta al mundo real.",https://www.youtube.com/embed/fuxeEUqCNac,TERROR,
Cineplanet Alameda,Papi Ricky: La película,2026-09-02,15:00,2D,doblada,104,TE +7,,https://www.cineplanet.cl/peliculas/papi-ricky-la-pelcula,"La película retoma la historia de Alicia, quien vuelve a Chile para presentar a su futuro esposo, un joven español hípster y excéntrico que representa la modernidad. Sin embargo, su llegada provoca un verdadero terremoto familiar: el choque con el conservador Papi Ricky y la irreverente Catrala hará que ambos padres dejen atrás antiguas diferencias para unirse en un objetivo común: impedir la boda de su hija.",https://www.youtube.com/embed/Nr17OlZAkBc,COMEDIA,
Cineplanet Alameda,Spider-Man: Un Nuevo Día,2026-09-02,15:20,2D,doblada,145,TE +7,,https://www.cineplanet.cl/peliculas/spider-man-un-nuevo-dia,"Han pasado cuatro años desde los acontecimientos de No Way Home, y Peter es ahora un adulto que vive completamente solo, habiéndose borrado voluntariamente de las vidas y recuerdos de aquellos a quienes ama. Lucha contra el crimen en un Nueva York que ya no conoce su nombre, se ha dedicado por completo a proteger su ciudad -un Spider-Man de tiempo completo- pero a medida que las exigencias sobre él se intensifican, la presión desata una sorprendente evolución física que amenaza su existencia, aun cuando un nuevo y extraño patrón de crímenes da lugar a una de las amenazas más poderosas que jamás haya enfrentado.",https://www.youtube.com/embed/3B1_P2h7v2k,ACCION,
Cineplanet Alameda,Juan Gabriel: Mi Primer Bellas Artes,2026-09-02,15:40,2D,doblada,110,TE +7,,https://www.cineplanet.cl/peliculas/juan-gabriel-mi-primer-bellas-artes,"Versión Sing Along. El concierto más icónico de México llega a la pantalla grande. A partir del 28 de agosto, con motivo del 10º aniversario luctuoso de Juan Gabriel, disfruta del histórico primer concierto de Juan Gabriel en el Palacio de Bellas Artes en 1990, una noche que transformó para siempre la música en México.",https://www.youtube.com/embed/zq9V3eaio2Y,CONCIERTO,
Cineplanet Alameda,Coyote vs ACME,2026-09-02,16:20,2D,doblada,103,TE,,https://www.cineplanet.cl/peliculas/coyote-vs-acme,"Después de que todos los productos fabricados por ACME Corporation le salgan mal a Wile E. Coyote, en su persecución del Correcaminos, contrata a un abogado humano igualmente desafortunado para demandar a la empresa. Cuando el abogado de Wile E. descubre que el intimidante jefe de su antiguo bufete es el director general de ACME, se une a Wile E. para ganar el juicio contra él.",https://www.youtube.com/embed/V_ueAlyvn6A,FAMILIAR,
Cineplanet Alameda,La Guerra de los Últimos,2026-09-02,16:30,2D,doblada,118,,,https://www.cineplanet.cl/peliculas/la-guerra-de-los-ltimos,"En un mundo postapocalíptico, un virus aniquila a prácticamente toda la humanidad. Los supervivientes se enfrentan a unos carroñeros errantes llamados ""Segadores"". El protagonista, Hig, un piloto, sobrevivió a la gripe pero perdió a su mujer. Adaptación de la aclamada novela ""La constelación del perro"", de Peter Heller.",https://www.youtube.com/embed/JZHY6oGCO58,CIENCIA FICCION,
Cineplanet Alameda,La noche del demonio: Están entre nosotros,2026-09-02,17:00,2D,doblada,106,+14,,https://www.cineplanet.cl/peliculas/la-noche-del-demonio-estn-entre-nosotros,"Gemma, una joven madre que cría a su hija en la casa en la que creció, descubre que puede viajar a The Further, donde posee la capacidad de traer lo que allí vive de vuelta al mundo real.",https://www.youtube.com/embed/fuxeEUqCNac,TERROR,
Cineplanet Alameda,Papi Ricky: La película,2026-09-02,17:20,2D,doblada,104,TE +7,,https://www.cineplanet.cl/peliculas/papi-ricky-la-pelcula,"La película retoma la historia de Alicia, quien vuelve a Chile para presentar a su futuro esposo, un joven español hípster y excéntrico que representa la modernidad. Sin embargo, su llegada provoca un verdadero terremoto familiar: el choque con el conservador Papi Ricky y la irreverente Catrala hará que ambos padres dejen atrás antiguas diferencias para unirse en un objetivo común: impedir la boda de su hija.",https://www.youtube.com/embed/Nr17OlZAkBc,COMEDIA,
Cineplanet Alameda,Coyote vs ACME,2026-09-02,17:40,2D,doblada,103,TE,,https://www.cineplanet.cl/peliculas/coyote-vs-acme,"Después de que todos los productos fabricados por ACME Corporation le salgan mal a Wile E. Coyote, en su persecución del Correcaminos, contrata a un abogado humano igualmente desafortunado para demandar a la empresa. Cuando el abogado de Wile E. descubre que el intimidante jefe de su antiguo bufete es el director general de ACME, se une a Wile E. para ganar el juicio contra él.",https://www.youtube.com/embed/V_ueAlyvn6A,FAMILIAR,
Cineplanet Alameda,Juan Gabriel: Mi Primer Bellas Artes,2026-09-02,18:00,2D,doblada,110,TE +7,,https://www.cineplanet.cl/peliculas/juan-gabriel-mi-primer-bellas-artes,"Versión Sing Along. El concierto más icónico de México llega a la pantalla grande. A partir del 28 de agosto, con motivo del 10º aniversario luctuoso de Juan Gabriel, disfruta del histórico primer concierto de Juan Gabriel en el Palacio de Bellas Artes en 1990, una noche que transformó para siempre la música en México.",https://www.youtube.com/embed/zq9V3eaio2Y,CONCIERTO,
Cineplanet Alameda,Spider-Man: Un Nuevo Día,2026-09-02,18:20,2D,doblada,145,TE +7,,https://www.cineplanet.cl/peliculas/spider-man-un-nuevo-dia,"Han pasado cuatro años desde los acontecimientos de No Way Home, y Peter es ahora un adulto que vive completamente solo, habiéndose borrado voluntariamente de las vidas y recuerdos de aquellos a quienes ama. Lucha contra el crimen en un Nueva York que ya no conoce su nombre, se ha dedicado por completo a proteger su ciudad -un Spider-Man de tiempo completo- pero a medida que las exigencias sobre él se intensifican, la presión desata una sorprendente evolución física que amenaza su existencia, aun cuando un nuevo y extraño patrón de crímenes da lugar a una de las amenazas más poderosas que jamás haya enfrentado.",https://www.youtube.com/embed/3B1_P2h7v2k,ACCION,
Cineplanet Alameda,Coyote vs ACME,2026-09-02,18:40,2D,doblada,103,TE,,https://www.cineplanet.cl/peliculas/coyote-vs-acme,"Después de que todos los productos fabricados por ACME Corporation le salgan mal a Wile E. Coyote, en su persecución del Correcaminos, contrata a un abogado humano igualmente desafortunado para demandar a la empresa. Cuando el abogado de Wile E. descubre que el intimidante jefe de su antiguo bufete es el director general de ACME, se une a Wile E. para ganar el juicio contra él.",https://www.youtube.com/embed/V_ueAlyvn6A,FAMILIAR,
Cineplanet Alameda,La Guerra de los Últimos,2026-09-02,19:00,2D,doblada,118,,,https://www.cineplanet.cl/peliculas/la-guerra-de-los-ltimos,"En un mundo postapocalíptico, un virus aniquila a prácticamente toda la humanidad. Los supervivientes se enfrentan a unos carroñeros errantes llamados ""Segadores"". El protagonista, Hig, un piloto, sobrevivió a la gripe pero perdió a su mujer. Adaptación de la aclamada novela ""La constelación del perro"", de Peter Heller.",https://www.youtube.com/embed/JZHY6oGCO58,CIENCIA FICCION,
Cineplanet Alameda,La noche del demonio: Están entre nosotros,2026-09-02,19:20,2D,doblada,106,+14,,https://www.cineplanet.cl/peliculas/la-noche-del-demonio-estn-entre-nosotros,"Gemma, una joven madre que cría a su hija en la casa en la que creció, descubre que puede viajar a The Further, donde posee la capacidad de traer lo que allí vive de vuelta al mundo real.",https://www.youtube.com/embed/fuxeEUqCNac,TERROR,
Cineplanet Alameda,Papi Ricky: La película,2026-09-02,19:40,2D,doblada,104,TE +7,,https://www.cineplanet.cl/peliculas/papi-ricky-la-pelcula,"La película retoma la historia de Alicia, quien vuelve a Chile para presentar a su futuro esposo, un joven español hípster y excéntrico que representa la modernidad. Sin embargo, su llegada provoca un verdadero terremoto familiar: el choque con el conservador Papi Ricky y la irreverente Catrala hará que ambos padres dejen atrás antiguas diferencias para unirse en un objetivo común: impedir la boda de su hija.",https://www.youtube.com/embed/Nr17OlZAkBc,COMEDIA,
Cineplanet Alameda,Spider-Man: Un Nuevo Día,2026-09-02,20:00,2D,doblada,145,TE +7,,https://www.cineplanet.cl/peliculas/spider-man-un-nuevo-dia,"Han pasado cuatro años desde los acontecimientos de No Way Home, y Peter es ahora un adulto que vive completamente solo, habiéndose borrado voluntariamente de las vidas y recuerdos de aquellos a quienes ama. Lucha contra el crimen en un Nueva York que ya no conoce su nombre, se ha dedicado por completo a proteger su ciudad -un Spider-Man de tiempo completo- pero a medida que las exigencias sobre él se intensifican, la presión desata una sorprendente evolución física que amenaza su existencia, aun cuando un nuevo y extraño patrón de crímenes da lugar a una de las amenazas más poderosas que jamás haya enfrentado.",https://www.youtube.com/embed/3B1_P2h7v2k,ACCION,
Cineplanet Alameda,Papi Ricky: La película,2026-09-02,20:30,2D,doblada,104,TE +7,,https://www.cineplanet.cl/peliculas/papi-ricky-la-pelcula,"La película retoma la historia de Alicia, quien vuelve a Chile para presentar a su futuro esposo, un joven español hípster y excéntrico que representa la modernidad. Sin embargo, su llegada provoca un verdadero terremoto familiar: el choque con el conservador Papi Ricky y la irreverente Catrala hará que ambos padres dejen atrás antiguas diferencias para unirse en un objetivo común: impedir la boda de su hija.",https://www.youtube.com/embed/Nr17OlZAkBc,COMEDIA,
Cineplanet Alameda,Coyote vs ACME,2026-09-02,21:00,2D,doblada,103,TE,,https://www.cineplanet.cl/peliculas/coyote-vs-acme,"Después de que todos los productos fabricados por ACME Corporation le salgan mal a Wile E. Coyote, en su persecución del Correcaminos, contrata a un abogado humano igualmente desafortunado para demandar a la empresa. Cuando el abogado de Wile E. descubre que el intimidante jefe de su antiguo bufete es el director general de ACME, se une a Wile E. para ganar el juicio contra él.",https://www.youtube.com/embed/V_ueAlyvn6A,FAMILIAR,
Cineplanet Alameda,Spider-Man: Un Nuevo Día,2026-09-02,21:20,2D,doblada,145,TE +7,,https://www.cineplanet.cl/peliculas/spider-man-un-nuevo-dia,"Han pasado cuatro años desde los acontecimientos de No Way Home, y Peter es ahora un adulto que vive completamente solo, habiéndose borrado voluntariamente de las vidas y recuerdos de aquellos a quienes ama. Lucha contra el crimen en un Nueva York que ya no conoce su nombre, se ha dedicado por completo a proteger su ciudad -un Spider-Man de tiempo completo- pero a medida que las exigencias sobre él se intensifican, la presión desata una sorprendente evolución física que amenaza su existencia, aun cuando un nuevo y extraño patrón de crímenes da lugar a una de las amenazas más poderosas que jamás haya enfrentado.",https://www.youtube.com/embed/3B1_P2h7v2k,ACCION,
Cineplanet Alameda,La Guerra de los Últimos,2026-09-02,21:30,2D,doblada,118,,,https://www.cineplanet.cl/peliculas/la-guerra-de-los-ltimos,"En un mundo postapocalíptico, un virus aniquila a prácticamente toda la humanidad. Los supervivientes se enfrentan a unos carroñeros errantes llamados ""Segadores"". El protagonista, Hig, un piloto, sobrevivió a la gripe pero perdió a su mujer. Adaptación de la aclamada novela ""La constelación del perro"", de Peter Heller.",https://www.youtube.com/embed/JZHY6oGCO58,CIENCIA FICCION,
Cineplanet Alameda,El Final de la Calle Oak,2026-09-02,21:40,2D,doblada,99,+14,,https://www.cineplanet.cl/peliculas/el-final-de-la-calle-oak,"Después de que un misterioso fenómeno cósmico arranque Oak Street de su entorno suburbano y transporte a sus habitantes a un lugar desconocido, la familia Platt pronto descubre que su propia supervivencia depende de que permanezcan unidos mientras se orientan en un entorno que ya no reconocen.",https://www.youtube.com/embed/kdrry0xfHzA,CIENCIA FICCION,
Cineplanet Alameda,Papi Ricky: La película,2026-09-02,22:00,2D,doblada,104,TE +7,,https://www.cineplanet.cl/peliculas/papi-ricky-la-pelcula,"La película retoma la historia de Alicia, quien vuelve a Chile para presentar a su futuro esposo, un joven español hípster y excéntrico que representa la modernidad. Sin embargo, su llegada provoca un verdadero terremoto familiar: el choque con el conservador Papi Ricky y la irreverente Catrala hará que ambos padres dejen atrás antiguas diferencias para unirse en un objetivo común: impedir la boda de su hija.",https://www.youtube.com/embed/Nr17OlZAkBc,COMEDIA,
Cineplanet Costanera Center,Papi Ricky: La película,2026-08-31,13:00,2D,doblada,104,TE +7,,https://www.cineplanet.cl/peliculas/papi-ricky-la-pelcula,"La película retoma la historia de Alicia, quien vuelve a Chile para presentar a su futuro esposo, un joven español hípster y excéntrico que representa la modernidad. Sin embargo, su llegada provoca un verdadero terremoto familiar: el choque con el conservador Papi Ricky y la irreverente Catrala hará que ambos padres dejen atrás antiguas diferencias para unirse en un objetivo común: impedir la boda de su hija.",https://www.youtube.com/embed/Nr17OlZAkBc,COMEDIA,
Cineplanet Costanera Center,La Guerra de los Últimos,2026-08-31,13:10,2D,doblada,118,,,https://www.cineplanet.cl/peliculas/la-guerra-de-los-ltimos,"En un mundo postapocalíptico, un virus aniquila a prácticamente toda la humanidad. Los supervivientes se enfrentan a unos carroñeros errantes llamados ""Segadores"". El protagonista, Hig, un piloto, sobrevivió a la gripe pero perdió a su mujer. Adaptación de la aclamada novela ""La constelación del perro"", de Peter Heller.",https://www.youtube.com/embed/JZHY6oGCO58,CIENCIA FICCION,
Cineplanet Costanera Center,Coyote vs ACME,2026-08-31,13:20,PRIME,doblada,103,TE,,https://www.cineplanet.cl/peliculas/coyote-vs-acme,"Después de que todos los productos fabricados por ACME Corporation le salgan mal a Wile E. Coyote, en su persecución del Correcaminos, contrata a un abogado humano igualmente desafortunado para demandar a la empresa. Cuando el abogado de Wile E. descubre que el intimidante jefe de su antiguo bufete es el director general de ACME, se une a Wile E. para ganar el juicio contra él.",https://www.youtube.com/embed/V_ueAlyvn6A,FAMILIAR,
Cineplanet Costanera Center,Spider-Man: Un Nuevo Día,2026-08-31,13:20,2D,doblada,145,TE +7,,https://www.cineplanet.cl/peliculas/spider-man-un-nuevo-dia,"Han pasado cuatro años desde los acontecimientos de No Way Home, y Peter es ahora un adulto que vive completamente solo, habiéndose borrado voluntariamente de las vidas y recuerdos de aquellos a quienes ama. Lucha contra el crimen en un Nueva York que ya no conoce su nombre, se ha dedicado por completo a proteger su ciudad -un Spider-Man de tiempo completo- pero a medida que las exigencias sobre él se intensifican, la presión desata una sorprendente evolución física que amenaza su existencia, aun cuando un nuevo y extraño patrón de crímenes da lugar a una de las amenazas más poderosas que jamás haya enfrentado.",https://www.youtube.com/embed/3B1_P2h7v2k,ACCION,
Cineplanet Costanera Center,Juan Gabriel: Mi Primer Bellas Artes,2026-08-31,13:30,2D,doblada,110,TE +7,,https://www.cineplanet.cl/peliculas/juan-gabriel-mi-primer-bellas-artes,"Versión Sing Along. El concierto más icónico de México llega a la pantalla grande. A partir del 28 de agosto, con motivo del 10º aniversario luctuoso de Juan Gabriel, disfruta del histórico primer concierto de Juan Gabriel en el Palacio de Bellas Artes en 1990, una noche que transformó para siempre la música en México.",https://www.youtube.com/embed/zq9V3eaio2Y,CONCIERTO,
Cineplanet Costanera Center,El Final de la Calle Oak,2026-08-31,13:50,2D,doblada,99,+14,,https://www.cineplanet.cl/peliculas/el-final-de-la-calle-oak,"Después de que un misterioso fenómeno cósmico arranque Oak Street de su entorno suburbano y transporte a sus habitantes a un lugar desconocido, la familia Platt pronto descubre que su propia supervivencia depende de que permanezcan unidos mientras se orientan en un entorno que ya no reconocen.",https://www.youtube.com/embed/kdrry0xfHzA,CIENCIA FICCION,
Cineplanet Costanera Center,Harry Potter y la piedra filosofal (2001),2026-08-31,14:00,2D,subtitulada,166,TE +7,,https://www.cineplanet.cl/peliculas/harry-potter-y-la-piedra-filosofal-2001,"El día en que cumple once años, Harry Potter se entera de que es hijo de dos destacados hechiceros, de los que ha heredado poderes mágicos. En la escuela Hogwarts de Magia y Hechicería, donde se educa con otros niños que también tienen poderes especiales, aprenderá todo lo necesario para ser mago.",,AVENTURA,
Cineplanet Costanera Center,Spider-Man: Un Nuevo Día,2026-08-31,14:00,PRIME,subtitulada,145,TE +7,,https://www.cineplanet.cl/peliculas/spider-man-un-nuevo-dia,"Han pasado cuatro años desde los acontecimientos de No Way Home, y Peter es ahora un adulto que vive completamente solo, habiéndose borrado voluntariamente de las vidas y recuerdos de aquellos a quienes ama. Lucha contra el crimen en un Nueva York que ya no conoce su nombre, se ha dedicado por completo a proteger su ciudad -un Spider-Man de tiempo completo- pero a medida que las exigencias sobre él se intensifican, la presión desata una sorprendente evolución física que amenaza su existencia, aun cuando un nuevo y extraño patrón de crímenes da lugar a una de las amenazas más poderosas que jamás haya enfrentado.",https://www.youtube.com/embed/3B1_P2h7v2k,ACCION,
Cineplanet Costanera Center,La Odisea,2026-08-31,14:10,2D,doblada,172,+14,,https://www.cineplanet.cl/peliculas/la-odisea,"La siguiente película de Christopher Nolan, La Odisea, es una película de acción épica filmada alrededor del mundo usando nueva tecnología IMAX. La película lleva la saga fundamental de Homero a las pantallas IMAX por primera vez y estrena en cines en julio de 2026.",https://www.youtube.com/embed/8un_UztYsw0,ACCION,
Cineplanet Costanera Center,La noche del demonio: Están entre nosotros,2026-08-31,14:30,XTREME,doblada,106,+14,,https://www.cineplanet.cl/peliculas/la-noche-del-demonio-estn-entre-nosotros,"Gemma, una joven madre que cría a su hija en la casa en la que creció, descubre que puede viajar a The Further, donde posee la capacidad de traer lo que allí vive de vuelta al mundo real.",https://www.youtube.com/embed/fuxeEUqCNac,TERROR,
Cineplanet Costanera Center,Papi Ricky: La película,2026-08-31,14:50,2D,doblada,104,TE +7,,https://www.cineplanet.cl/peliculas/papi-ricky-la-pelcula,"La película retoma la historia de Alicia, quien vuelve a Chile para presentar a su futuro esposo, un joven español hípster y excéntrico que representa la modernidad. Sin embargo, su llegada provoca un verdadero terremoto familiar: el choque con el conservador Papi Ricky y la irreverente Catrala hará que ambos padres dejen atrás antiguas diferencias para unirse en un objetivo común: impedir la boda de su hija.",https://www.youtube.com/embed/Nr17OlZAkBc,COMEDIA,
Cineplanet Costanera Center,La Guerra de los Últimos,2026-08-31,15:20,2D,doblada,118,,,https://www.cineplanet.cl/peliculas/la-guerra-de-los-ltimos,"En un mundo postapocalíptico, un virus aniquila a prácticamente toda la humanidad. Los supervivientes se enfrentan a unos carroñeros errantes llamados ""Segadores"". El protagonista, Hig, un piloto, sobrevivió a la gripe pero perdió a su mujer. Adaptación de la aclamada novela ""La constelación del perro"", de Peter Heller.",https://www.youtube.com/embed/JZHY6oGCO58,CIENCIA FICCION,
Cineplanet Costanera Center,Coyote vs ACME,2026-08-31,15:40,2D,doblada,103,TE,,https://www.cineplanet.cl/peliculas/coyote-vs-acme,"Después de que todos los productos fabricados por ACME Corporation le salgan mal a Wile E. Coyote, en su persecución del Correcaminos, contrata a un abogado humano igualmente desafortunado para demandar a la empresa. Cuando el abogado de Wile E. descubre que el intimidante jefe de su antiguo bufete es el director general de ACME, se une a Wile E. para ganar el juicio contra él.",https://www.youtube.com/embed/V_ueAlyvn6A,FAMILIAR,
Cineplanet Costanera Center,Juan Gabriel: Mi Primer Bellas Artes,2026-08-31,16:00,2D,doblada,110,TE +7,,https://www.cineplanet.cl/peliculas/juan-gabriel-mi-primer-bellas-artes,"Versión Sing Along. El concierto más icónico de México llega a la pantalla grande. A partir del 28 de agosto, con motivo del 10º aniversario luctuoso de Juan Gabriel, disfruta del histórico primer concierto de Juan Gabriel en el Palacio de Bellas Artes en 1990, una noche que transformó para siempre la música en México.",https://www.youtube.com/embed/zq9V3eaio2Y,CONCIERTO,
Cineplanet Costanera Center,El Final de la Calle Oak,2026-08-31,16:05,2D,doblada,99,+14,,https://www.cineplanet.cl/peliculas/el-final-de-la-calle-oak,"Después de que un misterioso fenómeno cósmico arranque Oak Street de su entorno suburbano y transporte a sus habitantes a un lugar desconocido, la familia Platt pronto descubre que su propia supervivencia depende de que permanezcan unidos mientras se orientan en un entorno que ya no reconocen.",https://www.youtube.com/embed/kdrry0xfHzA,CIENCIA FICCION,
Cineplanet Costanera Center,La Guerra de los Últimos,2026-08-31,16:10,PRIME,subtitulada,118,,,https://www.cineplanet.cl/peliculas/la-guerra-de-los-ltimos,"En un mundo postapocalíptico, un virus aniquila a prácticamente toda la humanidad. Los supervivientes se enfrentan a unos carroñeros errantes llamados ""Segadores"". El protagonista, Hig, un piloto, sobrevivió a la gripe pero perdió a su mujer. Adaptación de la aclamada novela ""La constelación del perro"", de Peter Heller.",https://www.youtube.com/embed/JZHY6oGCO58,CIENCIA FICCION,
Cineplanet Costanera Center,Spider-Man: Un Nuevo Día,2026-08-31,16:20,2D,doblada,145,TE +7,,https://www.cineplanet.cl/peliculas/spider-man-un-nuevo-dia,"Han pasado cuatro años desde los acontecimientos de No Way Home, y Peter es ahora un adulto que vive completamente solo, habiéndose borrado voluntariamente de las vidas y recuerdos de aquellos a quienes ama. Lucha contra el crimen en un Nueva York que ya no conoce su nombre, se ha dedicado por completo a proteger su ciudad -un Spider-Man de tiempo completo- pero a medida que las exigencias sobre él se intensifican, la presión desata una sorprendente evolución física que amenaza su existencia, aun cuando un nuevo y extraño patrón de crímenes da lugar a una de las amenazas más poderosas que jamás haya enfrentado.",https://www.youtube.com/embed/3B1_P2h7v2k,ACCION,
Cineplanet Costanera Center,La noche del demonio: Están entre nosotros,2026-08-31,16:50,XTREME,doblada,106,+14,,https://www.cineplanet.cl/peliculas/la-noche-del-demonio-estn-entre-nosotros,"Gemma, una joven madre que cría a su hija en la casa en la que creció, descubre que puede viajar a The Further, donde posee la capacidad de traer lo que allí vive de vuelta al mundo real.",https://www.youtube.com/embed/fuxeEUqCNac,TERROR,
Cineplanet Costanera Center,Papi Ricky: La película,2026-08-31,17:10,2D,doblada,104,TE +7,,https://www.cineplanet.cl/peliculas/papi-ricky-la-pelcula,"La película retoma la historia de Alicia, quien vuelve a Chile para presentar a su futuro esposo, un joven español hípster y excéntrico que representa la modernidad. Sin embargo, su llegada provoca un verdadero terremoto familiar: el choque con el conservador Papi Ricky y la irreverente Catrala hará que ambos padres dejen atrás antiguas diferencias para unirse en un objetivo común: impedir la boda de su hija.",https://www.youtube.com/embed/Nr17OlZAkBc,COMEDIA,
Cineplanet Costanera Center,Harry Potter y la piedra filosofal (2001),2026-08-31,17:20,2D,doblada,166,TE +7,,https://www.cineplanet.cl/peliculas/harry-potter-y-la-piedra-filosofal-2001,"El día en que cumple once años, Harry Potter se entera de que es hijo de dos destacados hechiceros, de los que ha heredado poderes mágicos. En la escuela Hogwarts de Magia y Hechicería, donde se educa con otros niños que también tienen poderes especiales, aprenderá todo lo necesario para ser mago.",,AVENTURA,
Cineplanet Costanera Center,La noche del demonio: Están entre nosotros,2026-08-31,17:30,PRIME,subtitulada,106,+14,,https://www.cineplanet.cl/peliculas/la-noche-del-demonio-estn-entre-nosotros,"Gemma, una joven madre que cría a su hija en la casa en la que creció, descubre que puede viajar a The Further, donde posee la capacidad de traer lo que allí vive de vuelta al mundo real.",https://www.youtube.com/embed/fuxeEUqCNac,TERROR,
Cineplanet Costanera Center,La Odisea,2026-08-31,17:40,2D,doblada,172,+14,,https://www.cineplanet.cl/peliculas/la-odisea,"La siguiente película de Christopher Nolan, La Odisea, es una película de acción épica filmada alrededor del mundo usando nueva tecnología IMAX. La película lleva la saga fundamental de Homero a las pantallas IMAX por primera vez y estrena en cines en julio de 2026.",https://www.youtube.com/embed/8un_UztYsw0,ACCION,
Cineplanet Costanera Center,Toy Story 5,2026-08-31,17:50,2D,doblada,102,TE,,https://www.cineplanet.cl/peliculas/toy-story-5,"Los juguetes están de vuelta. Esta vez, Buzz Lightyear, Woody, Jessie y el resto de la pandilla se enfrentan a un nuevo reto cuando conocen a Lilypad, una nueva tablet que llega con sus propias ideas disruptivas sobre lo que es mejor para Bonnie. ¿Volverá a ser lo mismo la hora de jugar?",https://www.youtube.com/embed/s_qpMMkvHYE,ANIMACION,
Cineplanet Costanera Center,Coyote vs ACME,2026-08-31,18:00,2D,doblada,103,TE,,https://www.cineplanet.cl/peliculas/coyote-vs-acme,"Después de que todos los productos fabricados por ACME Corporation le salgan mal a Wile E. Coyote, en su persecución del Correcaminos, contrata a un abogado humano igualmente desafortunado para demandar a la empresa. Cuando el abogado de Wile E. descubre que el intimidante jefe de su antiguo bufete es el director general de ACME, se une a Wile E. para ganar el juicio contra él.",https://www.youtube.com/embed/V_ueAlyvn6A,FAMILIAR,
Cineplanet Costanera Center,Spider-Man: Un Nuevo Día,2026-08-31,18:20,2D,subtitulada,145,TE +7,,https://www.cineplanet.cl/peliculas/spider-man-un-nuevo-dia,"Han pasado cuatro años desde los acontecimientos de No Way Home, y Peter es ahora un adulto que vive completamente solo, habiéndose borrado voluntariamente de las vidas y recuerdos de aquellos a quienes ama. Lucha contra el crimen en un Nueva York que ya no conoce su nombre, se ha dedicado por completo a proteger su ciudad -un Spider-Man de tiempo completo- pero a medida que las exigencias sobre él se intensifican, la presión desata una sorprendente evolución física que amenaza su existencia, aun cuando un nuevo y extraño patrón de crímenes da lugar a una de las amenazas más poderosas que jamás haya enfrentado.",https://www.youtube.com/embed/3B1_P2h7v2k,ACCION,
Cineplanet Costanera Center,Juan Gabriel: Mi Primer Bellas Artes,2026-08-31,18:30,2D,doblada,110,TE +7,,https://www.cineplanet.cl/peliculas/juan-gabriel-mi-primer-bellas-artes,"Versión Sing Along. El concierto más icónico de México llega a la pantalla grande. A partir del 28 de agosto, con motivo del 10º aniversario luctuoso de Juan Gabriel, disfruta del histórico primer concierto de Juan Gabriel en el Palacio de Bellas Artes en 1990, una noche que transformó para siempre la música en México.",https://www.youtube.com/embed/zq9V3eaio2Y,CONCIERTO,
Cineplanet Costanera Center,Coyote vs ACME,2026-08-31,19:00,PRIME,subtitulada,103,TE,,https://www.cineplanet.cl/peliculas/coyote-vs-acme,"Después de que todos los productos fabricados por ACME Corporation le salgan mal a Wile E. Coyote, en su persecución del Correcaminos, contrata a un abogado humano igualmente desafortunado para demandar a la empresa. Cuando el abogado de Wile E. descubre que el intimidante jefe de su antiguo bufete es el director general de ACME, se une a Wile E. para ganar el juicio contra él.",https://www.youtube.com/embed/V_ueAlyvn6A,FAMILIAR,
Cineplanet Costanera Center,La noche del demonio: Están entre nosotros,2026-08-31,19:10,XTREME,doblada,106,+14,,https://www.cineplanet.cl/peliculas/la-noche-del-demonio-estn-entre-nosotros,"Gemma, una joven madre que cría a su hija en la casa en la que creció, descubre que puede viajar a The Further, donde posee la capacidad de traer lo que allí vive de vuelta al mundo real.",https://www.youtube.com/embed/fuxeEUqCNac,TERROR,
Cineplanet Costanera Center,Spider-Man: Un Nuevo Día,2026-08-31,19:20,2D,doblada,145,TE +7,,https://www.cineplanet.cl/peliculas/spider-man-un-nuevo-dia,"Han pasado cuatro años desde los acontecimientos de No Way Home, y Peter es ahora un adulto que vive completamente solo, habiéndose borrado voluntariamente de las vidas y recuerdos de aquellos a quienes ama. Lucha contra el crimen en un Nueva York que ya no conoce su nombre, se ha dedicado por completo a proteger su ciudad -un Spider-Man de tiempo completo- pero a medida que las exigencias sobre él se intensifican, la presión desata una sorprendente evolución física que amenaza su existencia, aun cuando un nuevo y extraño patrón de crímenes da lugar a una de las amenazas más poderosas que jamás haya enfrentado.",https://www.youtube.com/embed/3B1_P2h7v2k,ACCION,
Cineplanet Costanera Center,Papi Ricky: La película,2026-08-31,19:30,2D,doblada,104,TE +7,,https://www.cineplanet.cl/peliculas/papi-ricky-la-pelcula,"La película retoma la historia de Alicia, quien vuelve a Chile para presentar a su futuro esposo, un joven español hípster y excéntrico que representa la modernidad. Sin embargo, su llegada provoca un verdadero terremoto familiar: el choque con el conservador Papi Ricky y la irreverente Catrala hará que ambos padres dejen atrás antiguas diferencias para unirse en un objetivo común: impedir la boda de su hija.",https://www.youtube.com/embed/Nr17OlZAkBc,COMEDIA,
Cineplanet Costanera Center,Papi Ricky: La película,2026-08-31,20:00,PRIME,doblada,104,TE +7,,https://www.cineplanet.cl/peliculas/papi-ricky-la-pelcula,"La película retoma la historia de Alicia, quien vuelve a Chile para presentar a su futuro esposo, un joven español hípster y excéntrico que representa la modernidad. Sin embargo, su llegada provoca un verdadero terremoto familiar: el choque con el conservador Papi Ricky y la irreverente Catrala hará que ambos padres dejen atrás antiguas diferencias para unirse en un objetivo común: impedir la boda de su hija.",https://www.youtube.com/embed/Nr17OlZAkBc,COMEDIA,
Cineplanet Costanera Center,La Guerra de los Últimos,2026-08-31,20:10,2D,subtitulada,118,,,https://www.cineplanet.cl/peliculas/la-guerra-de-los-ltimos,"En un mundo postapocalíptico, un virus aniquila a prácticamente toda la humanidad. Los supervivientes se enfrentan a unos carroñeros errantes llamados ""Segadores"". El protagonista, Hig, un piloto, sobrevivió a la gripe pero perdió a su mujer. Adaptación de la aclamada novela ""La constelación del perro"", de Peter Heller.",https://www.youtube.com/embed/JZHY6oGCO58,CIENCIA FICCION,
Cineplanet Costanera Center,Coyote vs ACME,2026-08-31,20:20,2D,doblada,103,TE,,https://www.cineplanet.cl/peliculas/coyote-vs-acme,"Después de que todos los productos fabricados por ACME Corporation le salgan mal a Wile E. Coyote, en su persecución del Correcaminos, contrata a un abogado humano igualmente desafortunado para demandar a la empresa. Cuando el abogado de Wile E. descubre que el intimidante jefe de su antiguo bufete es el director general de ACME, se une a Wile E. para ganar el juicio contra él.",https://www.youtube.com/embed/V_ueAlyvn6A,FAMILIAR,
Cineplanet Costanera Center,Harry Potter y la piedra filosofal (2001),2026-08-31,20:40,2D,doblada,166,TE +7,,https://www.cineplanet.cl/peliculas/harry-potter-y-la-piedra-filosofal-2001,"El día en que cumple once años, Harry Potter se entera de que es hijo de dos destacados hechiceros, de los que ha heredado poderes mágicos. En la escuela Hogwarts de Magia y Hechicería, donde se educa con otros niños que también tienen poderes especiales, aprenderá todo lo necesario para ser mago.",,AVENTURA,
Cineplanet Costanera Center,Juan Gabriel: Mi Primer Bellas Artes,2026-08-31,20:50,2D,doblada,110,TE +7,,https://www.cineplanet.cl/peliculas/juan-gabriel-mi-primer-bellas-artes,"Versión Sing Along. El concierto más icónico de México llega a la pantalla grande. A partir del 28 de agosto, con motivo del 10º aniversario luctuoso de Juan Gabriel, disfruta del histórico primer concierto de Juan Gabriel en el Palacio de Bellas Artes en 1990, una noche que transformó para siempre la música en México.",https://www.youtube.com/embed/zq9V3eaio2Y,CONCIERTO,
Cineplanet Costanera Center,La Odisea,2026-08-31,21:10,2D,subtitulada,172,+14,,https://www.cineplanet.cl/peliculas/la-odisea,"La siguiente película de Christopher Nolan, La Odisea, es una película de acción épica filmada alrededor del mundo usando nueva tecnología IMAX. La película lleva la saga fundamental de Homero a las pantallas IMAX por primera vez y estrena en cines en julio de 2026.",https://www.youtube.com/embed/8un_UztYsw0,ACCION,
Cineplanet Costanera Center,Spider-Man: Un Nuevo Día,2026-08-31,21:20,2D,subtitulada,145,TE +7,,https://www.cineplanet.cl/peliculas/spider-man-un-nuevo-dia,"Han pasado cuatro años desde los acontecimientos de No Way Home, y Peter es ahora un adulto que vive completamente solo, habiéndose borrado voluntariamente de las vidas y recuerdos de aquellos a quienes ama. Lucha contra el crimen en un Nueva York que ya no conoce su nombre, se ha dedicado por completo a proteger su ciudad -un Spider-Man de tiempo completo- pero a medida que las exigencias sobre él se intensifican, la presión desata una sorprendente evolución física que amenaza su existencia, aun cuando un nuevo y extraño patrón de crímenes da lugar a una de las amenazas más poderosas que jamás haya enfrentado.",https://www.youtube.com/embed/3B1_P2h7v2k,ACCION,
Cineplanet Costanera Center,La noche del demonio: Están entre nosotros,2026-08-31,21:30,XTREME,subtitulada,106,+14,,https://www.cineplanet.cl/peliculas/la-noche-del-demonio-estn-entre-nosotros,"Gemma, una joven madre que cría a su hija en la casa en la que creció, descubre que puede viajar a The Further, donde posee la capacidad de traer lo que allí vive de vuelta al mundo real.",https://www.youtube.com/embed/fuxeEUqCNac,TERROR,
Cineplanet Costanera Center,La Odisea,2026-08-31,21:40,PRIME,subtitulada,172,+14,,https://www.cineplanet.cl/peliculas/la-odisea,"La siguiente película de Christopher Nolan, La Odisea, es una película de acción épica filmada alrededor del mundo usando nueva tecnología IMAX. La película lleva la saga fundamental de Homero a las pantallas IMAX por primera vez y estrena en cines en julio de 2026.",https://www.youtube.com/embed/8un_UztYsw0,ACCION,
Cineplanet Costanera Center,El Final de la Calle Oak,2026-08-31,21:50,2D,subtitulada,99,+14,,https://www.cineplanet.cl/peliculas/el-final-de-la-calle-oak,"Después de que un misterioso fenómeno cósmico arranque Oak Street de su entorno suburbano y transporte a sus habitantes a un lugar desconocido, la familia Platt pronto descubre que su propia supervivencia depende de que permanezcan unidos mientras se orientan en un entorno que ya no reconocen.",https://www.youtube.com/embed/kdrry0xfHzA,CIENCIA FICCION,
Cineplanet Costanera Center,Spider-Man: Un Nuevo Día,2026-08-31,22:20,2D,doblada,145,TE +7,,https://www.cineplanet.cl/peliculas/spider-man-un-nuevo-dia,"Han pasado cuatro años desde los acontecimientos de No Way Home, y Peter es ahora un adulto que vive completamente solo, habiéndose borrado voluntariamente de las vidas y recuerdos de aquellos a quienes ama. Lucha contra el crimen en un Nueva York que ya no conoce su nombre, se ha dedicado por completo a proteger su ciudad -un Spider-Man de tiempo completo- pero a medida que las exigencias sobre él se intensifican, la presión desata una sorprendente evolución física que amenaza su existencia, aun cuando un nuevo y extraño patrón de crímenes da lugar a una de las amenazas más poderosas que jamás haya enfrentado.",https://www.youtube.com/embed/3B1_P2h7v2k,ACCION,
Cineplanet Costanera Center,La noche del demonio: Están entre nosotros,2026-08-31,22:30,PRIME,subtitulada,106,+14,,https://www.cineplanet.cl/peliculas/la-noche-del-demonio-estn-entre-nosotros,"Gemma, una joven madre que cría a su hija en la casa en la que creció, descubre que puede viajar a The Further, donde posee la capacidad de traer lo que allí vive de vuelta al mundo real.",https://www.youtube.com/embed/fuxeEUqCNac,TERROR,
Cineplanet Costanera Center,Coyote vs ACME,2026-08-31,22:35,2D,subtitulada,103,TE,,https://www.cineplanet.cl/peliculas/coyote-vs-acme,"Después de que todos los productos fabricados por ACME Corporation le salgan mal a Wile E. Coyote, en su persecución del Correcaminos, contrata a un abogado humano igualmente desafortunado para demandar a la empresa. Cuando el abogado de Wile E. descubre que el intimidante jefe de su antiguo bufete es el director general de ACME, se une a Wile E. para ganar el juicio contra él.",https://www.youtube.com/embed/V_ueAlyvn6A,FAMILIAR,
Cineplanet Costanera Center,El Final de la Calle Oak,2026-08-31,22:40,2D,doblada,99,+14,,https://www.cineplanet.cl/peliculas/el-final-de-la-calle-oak,"Después de que un misterioso fenómeno cósmico arranque Oak Street de su entorno suburbano y transporte a sus habitantes a un lugar desconocido, la familia Platt pronto descubre que su propia supervivencia depende de que permanezcan unidos mientras se orientan en un entorno que ya no reconocen.",https://www.youtube.com/embed/kdrry0xfHzA,CIENCIA FICCION,
Cineplanet Costanera Center,Papi Ricky: La película,2026-09-01,13:00,2D,doblada,104,TE +7,,https://www.cineplanet.cl/peliculas/papi-ricky-la-pelcula,"La película retoma la historia de Alicia, quien vuelve a Chile para presentar a su futuro esposo, un joven español hípster y excéntrico que representa la modernidad. Sin embargo, su llegada provoca un verdadero terremoto familiar: el choque con el conservador Papi Ricky y la irreverente Catrala hará que ambos padres dejen atrás antiguas diferencias para unirse en un objetivo común: impedir la boda de su hija.",https://www.youtube.com/embed/Nr17OlZAkBc,COMEDIA,
Cineplanet Costanera Center,La Guerra de los Últimos,2026-09-01,13:10,2D,doblada,118,,,https://www.cineplanet.cl/peliculas/la-guerra-de-los-ltimos,"En un mundo postapocalíptico, un virus aniquila a prácticamente toda la humanidad. Los supervivientes se enfrentan a unos carroñeros errantes llamados ""Segadores"". El protagonista, Hig, un piloto, sobrevivió a la gripe pero perdió a su mujer. Adaptación de la aclamada novela ""La constelación del perro"", de Peter Heller.",https://www.youtube.com/embed/JZHY6oGCO58,CIENCIA FICCION,
Cineplanet Costanera Center,Coyote vs ACME,2026-09-01,13:20,PRIME,doblada,103,TE,,https://www.cineplanet.cl/peliculas/coyote-vs-acme,"Después de que todos los productos fabricados por ACME Corporation le salgan mal a Wile E. Coyote, en su persecución del Correcaminos, contrata a un abogado humano igualmente desafortunado para demandar a la empresa. Cuando el abogado de Wile E. descubre que el intimidante jefe de su antiguo bufete es el director general de ACME, se une a Wile E. para ganar el juicio contra él.",https://www.youtube.com/embed/V_ueAlyvn6A,FAMILIAR,
Cineplanet Costanera Center,Spider-Man: Un Nuevo Día,2026-09-01,13:20,2D,doblada,145,TE +7,,https://www.cineplanet.cl/peliculas/spider-man-un-nuevo-dia,"Han pasado cuatro años desde los acontecimientos de No Way Home, y Peter es ahora un adulto que vive completamente solo, habiéndose borrado voluntariamente de las vidas y recuerdos de aquellos a quienes ama. Lucha contra el crimen en un Nueva York que ya no conoce su nombre, se ha dedicado por completo a proteger su ciudad -un Spider-Man de tiempo completo- pero a medida que las exigencias sobre él se intensifican, la presión desata una sorprendente evolución física que amenaza su existencia, aun cuando un nuevo y extraño patrón de crímenes da lugar a una de las amenazas más poderosas que jamás haya enfrentado.",https://www.youtube.com/embed/3B1_P2h7v2k,ACCION,
Cineplanet Costanera Center,Juan Gabriel: Mi Primer Bellas Artes,2026-09-01,13:30,2D,doblada,110,TE +7,,https://www.cineplanet.cl/peliculas/juan-gabriel-mi-primer-bellas-artes,"Versión Sing Along. El concierto más icónico de México llega a la pantalla grande. A partir del 28 de agosto, con motivo del 10º aniversario luctuoso de Juan Gabriel, disfruta del histórico primer concierto de Juan Gabriel en el Palacio de Bellas Artes en 1990, una noche que transformó para siempre la música en México.",https://www.youtube.com/embed/zq9V3eaio2Y,CONCIERTO,
Cineplanet Costanera Center,El Final de la Calle Oak,2026-09-01,13:50,2D,doblada,99,+14,,https://www.cineplanet.cl/peliculas/el-final-de-la-calle-oak,"Después de que un misterioso fenómeno cósmico arranque Oak Street de su entorno suburbano y transporte a sus habitantes a un lugar desconocido, la familia Platt pronto descubre que su propia supervivencia depende de que permanezcan unidos mientras se orientan en un entorno que ya no reconocen.",https://www.youtube.com/embed/kdrry0xfHzA,CIENCIA FICCION,
Cineplanet Costanera Center,Harry Potter y la piedra filosofal (2001),2026-09-01,14:00,2D,subtitulada,166,TE +7,,https://www.cineplanet.cl/peliculas/harry-potter-y-la-piedra-filosofal-2001,"El día en que cumple once años, Harry Potter se entera de que es hijo de dos destacados hechiceros, de los que ha heredado poderes mágicos. En la escuela Hogwarts de Magia y Hechicería, donde se educa con otros niños que también tienen poderes especiales, aprenderá todo lo necesario para ser mago.",,AVENTURA,
Cineplanet Costanera Center,Spider-Man: Un Nuevo Día,2026-09-01,14:00,PRIME,subtitulada,145,TE +7,,https://www.cineplanet.cl/peliculas/spider-man-un-nuevo-dia,"Han pasado cuatro años desde los acontecimientos de No Way Home, y Peter es ahora un adulto que vive completamente solo, habiéndose borrado voluntariamente de las vidas y recuerdos de aquellos a quienes ama. Lucha contra el crimen en un Nueva York que ya no conoce su nombre, se ha dedicado por completo a proteger su ciudad -un Spider-Man de tiempo completo- pero a medida que las exigencias sobre él se intensifican, la presión desata una sorprendente evolución física que amenaza su existencia, aun cuando un nuevo y extraño patrón de crímenes da lugar a una de las amenazas más poderosas que jamás haya enfrentado.",https://www.youtube.com/embed/3B1_P2h7v2k,ACCION,
Cineplanet Costanera Center,La Odisea,2026-09-01,14:10,2D,doblada,172,+14,,https://www.cineplanet.cl/peliculas/la-odisea,"La siguiente película de Christopher Nolan, La Odisea, es una película de acción épica filmada alrededor del mundo usando nueva tecnología IMAX. La película lleva la saga fundamental de Homero a las pantallas IMAX por primera vez y estrena en cines en julio de 2026.",https://www.youtube.com/embed/8un_UztYsw0,ACCION,
Cineplanet Costanera Center,La noche del demonio: Están entre nosotros,2026-09-01,14:30,XTREME,doblada,106,+14,,https://www.cineplanet.cl/peliculas/la-noche-del-demonio-estn-entre-nosotros,"Gemma, una joven madre que cría a su hija en la casa en la que creció, descubre que puede viajar a The Further, donde posee la capacidad de traer lo que allí vive de vuelta al mundo real.",https://www.youtube.com/embed/fuxeEUqCNac,TERROR,
Cineplanet Costanera Center,Papi Ricky: La película,2026-09-01,14:50,2D,doblada,104,TE +7,,https://www.cineplanet.cl/peliculas/papi-ricky-la-pelcula,"La película retoma la historia de Alicia, quien vuelve a Chile para presentar a su futuro esposo, un joven español hípster y excéntrico que representa la modernidad. Sin embargo, su llegada provoca un verdadero terremoto familiar: el choque con el conservador Papi Ricky y la irreverente Catrala hará que ambos padres dejen atrás antiguas diferencias para unirse en un objetivo común: impedir la boda de su hija.",https://www.youtube.com/embed/Nr17OlZAkBc,COMEDIA,
Cineplanet Costanera Center,La Guerra de los Últimos,2026-09-01,15:20,2D,doblada,118,,,https://www.cineplanet.cl/peliculas/la-guerra-de-los-ltimos,"En un mundo postapocalíptico, un virus aniquila a prácticamente toda la humanidad. Los supervivientes se enfrentan a unos carroñeros errantes llamados ""Segadores"". El protagonista, Hig, un piloto, sobrevivió a la gripe pero perdió a su mujer. Adaptación de la aclamada novela ""La constelación del perro"", de Peter Heller.",https://www.youtube.com/embed/JZHY6oGCO58,CIENCIA FICCION,
Cineplanet Costanera Center,Coyote vs ACME,2026-09-01,15:40,2D,doblada,103,TE,,https://www.cineplanet.cl/peliculas/coyote-vs-acme,"Después de que todos los productos fabricados por ACME Corporation le salgan mal a Wile E. Coyote, en su persecución del Correcaminos, contrata a un abogado humano igualmente desafortunado para demandar a la empresa. Cuando el abogado de Wile E. descubre que el intimidante jefe de su antiguo bufete es el director general de ACME, se une a Wile E. para ganar el juicio contra él.",https://www.youtube.com/embed/V_ueAlyvn6A,FAMILIAR,
Cineplanet Costanera Center,Juan Gabriel: Mi Primer Bellas Artes,2026-09-01,16:00,2D,doblada,110,TE +7,,https://www.cineplanet.cl/peliculas/juan-gabriel-mi-primer-bellas-artes,"Versión Sing Along. El concierto más icónico de México llega a la pantalla grande. A partir del 28 de agosto, con motivo del 10º aniversario luctuoso de Juan Gabriel, disfruta del histórico primer concierto de Juan Gabriel en el Palacio de Bellas Artes en 1990, una noche que transformó para siempre la música en México.",https://www.youtube.com/embed/zq9V3eaio2Y,CONCIERTO,
Cineplanet Costanera Center,El Final de la Calle Oak,2026-09-01,16:05,2D,doblada,99,+14,,https://www.cineplanet.cl/peliculas/el-final-de-la-calle-oak,"Después de que un misterioso fenómeno cósmico arranque Oak Street de su entorno suburbano y transporte a sus habitantes a un lugar desconocido, la familia Platt pronto descubre que su propia supervivencia depende de que permanezcan unidos mientras se orientan en un entorno que ya no reconocen.",https://www.youtube.com/embed/kdrry0xfHzA,CIENCIA FICCION,
Cineplanet Costanera Center,La Guerra de los Últimos,2026-09-01,16:10,PRIME,subtitulada,118,,,https://www.cineplanet.cl/peliculas/la-guerra-de-los-ltimos,"En un mundo postapocalíptico, un virus aniquila a prácticamente toda la humanidad. Los supervivientes se enfrentan a unos carroñeros errantes llamados ""Segadores"". El protagonista, Hig, un piloto, sobrevivió a la gripe pero perdió a su mujer. Adaptación de la aclamada novela ""La constelación del perro"", de Peter Heller.",https://www.youtube.com/embed/JZHY6oGCO58,CIENCIA FICCION,
Cineplanet Costanera Center,Spider-Man: Un Nuevo Día,2026-09-01,16:20,2D,doblada,145,TE +7,,https://www.cineplanet.cl/peliculas/spider-man-un-nuevo-dia,"Han pasado cuatro años desde los acontecimientos de No Way Home, y Peter es ahora un adulto que vive completamente solo, habiéndose borrado voluntariamente de las vidas y recuerdos de aquellos a quienes ama. Lucha contra el crimen en un Nueva York que ya no conoce su nombre, se ha dedicado por completo a proteger su ciudad -un Spider-Man de tiempo completo- pero a medida que las exigencias sobre él se intensifican, la presión desata una sorprendente evolución física que amenaza su existencia, aun cuando un nuevo y extraño patrón de crímenes da lugar a una de las amenazas más poderosas que jamás haya enfrentado.",https://www.youtube.com/embed/3B1_P2h7v2k,ACCION,
Cineplanet Costanera Center,La noche del demonio: Están entre nosotros,2026-09-01,16:50,XTREME,doblada,106,+14,,https://www.cineplanet.cl/peliculas/la-noche-del-demonio-estn-entre-nosotros,"Gemma, una joven madre que cría a su hija en la casa en la que creció, descubre que puede viajar a The Further, donde posee la capacidad de traer lo que allí vive de vuelta al mundo real.",https://www.youtube.com/embed/fuxeEUqCNac,TERROR,
Cineplanet Costanera Center,Papi Ricky: La película,2026-09-01,17:10,2D,doblada,104,TE +7,,https://www.cineplanet.cl/peliculas/papi-ricky-la-pelcula,"La película retoma la historia de Alicia, quien vuelve a Chile para presentar a su futuro esposo, un joven español hípster y excéntrico que representa la modernidad. Sin embargo, su llegada provoca un verdadero terremoto familiar: el choque con el conservador Papi Ricky y la irreverente Catrala hará que ambos padres dejen atrás antiguas diferencias para unirse en un objetivo común: impedir la boda de su hija.",https://www.youtube.com/embed/Nr17OlZAkBc,COMEDIA,
Cineplanet Costanera Center,Harry Potter y la piedra filosofal (2001),2026-09-01,17:20,2D,doblada,166,TE +7,,https://www.cineplanet.cl/peliculas/harry-potter-y-la-piedra-filosofal-2001,"El día en que cumple once años, Harry Potter se entera de que es hijo de dos destacados hechiceros, de los que ha heredado poderes mágicos. En la escuela Hogwarts de Magia y Hechicería, donde se educa con otros niños que también tienen poderes especiales, aprenderá todo lo necesario para ser mago.",,AVENTURA,
Cineplanet Costanera Center,La noche del demonio: Están entre nosotros,2026-09-01,17:30,PRIME,subtitulada,106,+14,,https://www.cineplanet.cl/peliculas/la-noche-del-demonio-estn-entre-nosotros,"Gemma, una joven madre que cría a su hija en la casa en la que creció, descubre que puede viajar a The Further, donde posee la capacidad de traer lo que allí vive de vuelta al mundo real.",https://www.youtube.com/embed/fuxeEUqCNac,TERROR,
Cineplanet Costanera Center,La Odisea,2026-09-01,17:40,2D,doblada,172,+14,,https://www.cineplanet.cl/peliculas/la-odisea,"La siguiente película de Christopher Nolan, La Odisea, es una película de acción épica filmada alrededor del mundo usando nueva tecnología IMAX. La película lleva la saga fundamental de Homero a las pantallas IMAX por primera vez y estrena en cines en julio de 2026.",https://www.youtube.com/embed/8un_UztYsw0,ACCION,
Cineplanet Costanera Center,Toy Story 5,2026-09-01,17:50,2D,doblada,102,TE,,https://www.cineplanet.cl/peliculas/toy-story-5,"Los juguetes están de vuelta. Esta vez, Buzz Lightyear, Woody, Jessie y el resto de la pandilla se enfrentan a un nuevo reto cuando conocen a Lilypad, una nueva tablet que llega con sus propias ideas disruptivas sobre lo que es mejor para Bonnie. ¿Volverá a ser lo mismo la hora de jugar?",https://www.youtube.com/embed/s_qpMMkvHYE,ANIMACION,
Cineplanet Costanera Center,Coyote vs ACME,2026-09-01,18:00,2D,doblada,103,TE,,https://www.cineplanet.cl/peliculas/coyote-vs-acme,"Después de que todos los productos fabricados por ACME Corporation le salgan mal a Wile E. Coyote, en su persecución del Correcaminos, contrata a un abogado humano igualmente desafortunado para demandar a la empresa. Cuando el abogado de Wile E. descubre que el intimidante jefe de su antiguo bufete es el director general de ACME, se une a Wile E. para ganar el juicio contra él.",https://www.youtube.com/embed/V_ueAlyvn6A,FAMILIAR,
Cineplanet Costanera Center,Spider-Man: Un Nuevo Día,2026-09-01,18:20,2D,subtitulada,145,TE +7,,https://www.cineplanet.cl/peliculas/spider-man-un-nuevo-dia,"Han pasado cuatro años desde los acontecimientos de No Way Home, y Peter es ahora un adulto que vive completamente solo, habiéndose borrado voluntariamente de las vidas y recuerdos de aquellos a quienes ama. Lucha contra el crimen en un Nueva York que ya no conoce su nombre, se ha dedicado por completo a proteger su ciudad -un Spider-Man de tiempo completo- pero a medida que las exigencias sobre él se intensifican, la presión desata una sorprendente evolución física que amenaza su existencia, aun cuando un nuevo y extraño patrón de crímenes da lugar a una de las amenazas más poderosas que jamás haya enfrentado.",https://www.youtube.com/embed/3B1_P2h7v2k,ACCION,
Cineplanet Costanera Center,Juan Gabriel: Mi Primer Bellas Artes,2026-09-01,18:30,2D,doblada,110,TE +7,,https://www.cineplanet.cl/peliculas/juan-gabriel-mi-primer-bellas-artes,"Versión Sing Along. El concierto más icónico de México llega a la pantalla grande. A partir del 28 de agosto, con motivo del 10º aniversario luctuoso de Juan Gabriel, disfruta del histórico primer concierto de Juan Gabriel en el Palacio de Bellas Artes en 1990, una noche que transformó para siempre la música en México.",https://www.youtube.com/embed/zq9V3eaio2Y,CONCIERTO,
Cineplanet Costanera Center,Coyote vs ACME,2026-09-01,19:00,PRIME,subtitulada,103,TE,,https://www.cineplanet.cl/peliculas/coyote-vs-acme,"Después de que todos los productos fabricados por ACME Corporation le salgan mal a Wile E. Coyote, en su persecución del Correcaminos, contrata a un abogado humano igualmente desafortunado para demandar a la empresa. Cuando el abogado de Wile E. descubre que el intimidante jefe de su antiguo bufete es el director general de ACME, se une a Wile E. para ganar el juicio contra él.",https://www.youtube.com/embed/V_ueAlyvn6A,FAMILIAR,
Cineplanet Costanera Center,La noche del demonio: Están entre nosotros,2026-09-01,19:10,XTREME,doblada,106,+14,,https://www.cineplanet.cl/peliculas/la-noche-del-demonio-estn-entre-nosotros,"Gemma, una joven madre que cría a su hija en la casa en la que creció, descubre que puede viajar a The Further, donde posee la capacidad de traer lo que allí vive de vuelta al mundo real.",https://www.youtube.com/embed/fuxeEUqCNac,TERROR,
Cineplanet Costanera Center,Spider-Man: Un Nuevo Día,2026-09-01,19:20,2D,doblada,145,TE +7,,https://www.cineplanet.cl/peliculas/spider-man-un-nuevo-dia,"Han pasado cuatro años desde los acontecimientos de No Way Home, y Peter es ahora un adulto que vive completamente solo, habiéndose borrado voluntariamente de las vidas y recuerdos de aquellos a quienes ama. Lucha contra el crimen en un Nueva York que ya no conoce su nombre, se ha dedicado por completo a proteger su ciudad -un Spider-Man de tiempo completo- pero a medida que las exigencias sobre él se intensifican, la presión desata una sorprendente evolución física que amenaza su existencia, aun cuando un nuevo y extraño patrón de crímenes da lugar a una de las amenazas más poderosas que jamás haya enfrentado.",https://www.youtube.com/embed/3B1_P2h7v2k,ACCION,
Cineplanet Costanera Center,Papi Ricky: La película,2026-09-01,19:30,2D,doblada,104,TE +7,,https://www.cineplanet.cl/peliculas/papi-ricky-la-pelcula,"La película retoma la historia de Alicia, quien vuelve a Chile para presentar a su futuro esposo, un joven español hípster y excéntrico que representa la modernidad. Sin embargo, su llegada provoca un verdadero terremoto familiar: el choque con el conservador Papi Ricky y la irreverente Catrala hará que ambos padres dejen atrás antiguas diferencias para unirse en un objetivo común: impedir la boda de su hija.",https://www.youtube.com/embed/Nr17OlZAkBc,COMEDIA,
Cineplanet Costanera Center,Papi Ricky: La película,2026-09-01,20:00,PRIME,doblada,104,TE +7,,https://www.cineplanet.cl/peliculas/papi-ricky-la-pelcula,"La película retoma la historia de Alicia, quien vuelve a Chile para presentar a su futuro esposo, un joven español hípster y excéntrico que representa la modernidad. Sin embargo, su llegada provoca un verdadero terremoto familiar: el choque con el conservador Papi Ricky y la irreverente Catrala hará que ambos padres dejen atrás antiguas diferencias para unirse en un objetivo común: impedir la boda de su hija.",https://www.youtube.com/embed/Nr17OlZAkBc,COMEDIA,
Cineplanet Costanera Center,La Guerra de los Últimos,2026-09-01,20:10,2D,subtitulada,118,,,https://www.cineplanet.cl/peliculas/la-guerra-de-los-ltimos,"En un mundo postapocalíptico, un virus aniquila a prácticamente toda la humanidad. Los supervivientes se enfrentan a unos carroñeros errantes llamados ""Segadores"". El protagonista, Hig, un piloto, sobrevivió a la gripe pero perdió a su mujer. Adaptación de la aclamada novela ""La constelación del perro"", de Peter Heller.",https://www.youtube.com/embed/JZHY6oGCO58,CIENCIA FICCION,
Cineplanet Costanera Center,Coyote vs ACME,2026-09-01,20:20,2D,doblada,103,TE,,https://www.cineplanet.cl/peliculas/coyote-vs-acme,"Después de que todos los productos fabricados por ACME Corporation le salgan mal a Wile E. Coyote, en su persecución del Correcaminos, contrata a un abogado humano igualmente desafortunado para demandar a la empresa. Cuando el abogado de Wile E. descubre que el intimidante jefe de su antiguo bufete es el director general de ACME, se une a Wile E. para ganar el juicio contra él.",https://www.youtube.com/embed/V_ueAlyvn6A,FAMILIAR,
Cineplanet Costanera Center,Harry Potter y la piedra filosofal (2001),2026-09-01,20:40,2D,doblada,166,TE +7,,https://www.cineplanet.cl/peliculas/harry-potter-y-la-piedra-filosofal-2001,"El día en que cumple once años, Harry Potter se entera de que es hijo de dos destacados hechiceros, de los que ha heredado poderes mágicos. En la escuela Hogwarts de Magia y Hechicería, donde se educa con otros niños que también tienen poderes especiales, aprenderá todo lo necesario para ser mago.",,AVENTURA,
Cineplanet Costanera Center,Juan Gabriel: Mi Primer Bellas Artes,2026-09-01,20:50,2D,doblada,110,TE +7,,https://www.cineplanet.cl/peliculas/juan-gabriel-mi-primer-bellas-artes,"Versión Sing Along. El concierto más icónico de México llega a la pantalla grande. A partir del 28 de agosto, con motivo del 10º aniversario luctuoso de Juan Gabriel, disfruta del histórico primer concierto de Juan Gabriel en el Palacio de Bellas Artes en 1990, una noche que transformó para siempre la música en México.",https://www.youtube.com/embed/zq9V3eaio2Y,CONCIERTO,
Cineplanet Costanera Center,La Odisea,2026-09-01,21:10,2D,subtitulada,172,+14,,https://www.cineplanet.cl/peliculas/la-odisea,"La siguiente película de Christopher Nolan, La Odisea, es una película de acción épica filmada alrededor del mundo usando nueva tecnología IMAX. La película lleva la saga fundamental de Homero a las pantallas IMAX por primera vez y estrena en cines en julio de 2026.",https://www.youtube.com/embed/8un_UztYsw0,ACCION,
Cineplanet Costanera Center,Spider-Man: Un Nuevo Día,2026-09-01,21:20,2D,subtitulada,145,TE +7,,https://www.cineplanet.cl/peliculas/spider-man-un-nuevo-dia,"Han pasado cuatro años desde los acontecimientos de No Way Home, y Peter es ahora un adulto que vive completamente solo, habiéndose borrado voluntariamente de las vidas y recuerdos de aquellos a quienes ama. Lucha contra el crimen en un Nueva York que ya no conoce su nombre, se ha dedicado por completo a proteger su ciudad -un Spider-Man de tiempo completo- pero a medida que las exigencias sobre él se intensifican, la presión desata una sorprendente evolución física que amenaza su existencia, aun cuando un nuevo y extraño patrón de crímenes da lugar a una de las amenazas más poderosas que jamás haya enfrentado.",https://www.youtube.com/embed/3B1_P2h7v2k,ACCION,
Cineplanet Costanera Center,La noche del demonio: Están entre nosotros,2026-09-01,21:30,XTREME,subtitulada,106,+14,,https://www.cineplanet.cl/peliculas/la-noche-del-demonio-estn-entre-nosotros,"Gemma, una joven madre que cría a su hija en la casa en la que creció, descubre que puede viajar a The Further, donde posee la capacidad de traer lo que allí vive de vuelta al mundo real.",https://www.youtube.com/embed/fuxeEUqCNac,TERROR,
Cineplanet Costanera Center,La Odisea,2026-09-01,21:40,PRIME,subtitulada,172,+14,,https://www.cineplanet.cl/peliculas/la-odisea,"La siguiente película de Christopher Nolan, La Odisea, es una película de acción épica filmada alrededor del mundo usando nueva tecnología IMAX. La película lleva la saga fundamental de Homero a las pantallas IMAX por primera vez y estrena en cines en julio de 2026.",https://www.youtube.com/embed/8un_UztYsw0,ACCION,
Cineplanet Costanera Center,El Final de la Calle Oak,2026-09-01,21:50,2D,subtitulada,99,+14,,https://www.cineplanet.cl/peliculas/el-final-de-la-calle-oak,"Después de que un misterioso fenómeno cósmico arranque Oak Street de su entorno suburbano y transporte a sus habitantes a un lugar desconocido, la familia Platt pronto descubre que su propia supervivencia depende de que permanezcan unidos mientras se orientan en un entorno que ya no reconocen.",https://www.youtube.com/embed/kdrry0xfHzA,CIENCIA FICCION,
Cineplanet Costanera Center,Spider-Man: Un Nuevo Día,2026-09-01,22:20,2D,doblada,145,TE +7,,https://www.cineplanet.cl/peliculas/spider-man-un-nuevo-dia,"Han pasado cuatro años desde los acontecimientos de No Way Home, y Peter es ahora un adulto que vive completamente solo, habiéndose borrado voluntariamente de las vidas y recuerdos de aquellos a quienes ama. Lucha contra el crimen en un Nueva York que ya no conoce su nombre, se ha dedicado por completo a proteger su ciudad -un Spider-Man de tiempo completo- pero a medida que las exigencias sobre él se intensifican, la presión desata una sorprendente evolución física que amenaza su existencia, aun cuando un nuevo y extraño patrón de crímenes da lugar a una de las amenazas más poderosas que jamás haya enfrentado.",https://www.youtube.com/embed/3B1_P2h7v2k,ACCION,
Cineplanet Costanera Center,La noche del demonio: Están entre nosotros,2026-09-01,22:30,PRIME,subtitulada,106,+14,,https://www.cineplanet.cl/peliculas/la-noche-del-demonio-estn-entre-nosotros,"Gemma, una joven madre que cría a su hija en la casa en la que creció, descubre que puede viajar a The Further, donde posee la capacidad de traer lo que allí vive de vuelta al mundo real.",https://www.youtube.com/embed/fuxeEUqCNac,TERROR,
Cineplanet Costanera Center,Coyote vs ACME,2026-09-01,22:35,2D,subtitulada,103,TE,,https://www.cineplanet.cl/peliculas/coyote-vs-acme,"Después de que todos los productos fabricados por ACME Corporation le salgan mal a Wile E. Coyote, en su persecución del Correcaminos, contrata a un abogado humano igualmente desafortunado para demandar a la empresa. Cuando el abogado de Wile E. descubre que el intimidante jefe de su antiguo bufete es el director general de ACME, se une a Wile E. para ganar el juicio contra él.",https://www.youtube.com/embed/V_ueAlyvn6A,FAMILIAR,
Cineplanet Costanera Center,El Final de la Calle Oak,2026-09-01,22:40,2D,doblada,99,+14,,https://www.cineplanet.cl/peliculas/el-final-de-la-calle-oak,"Después de que un misterioso fenómeno cósmico arranque Oak Street de su entorno suburbano y transporte a sus habitantes a un lugar desconocido, la familia Platt pronto descubre que su propia supervivencia depende de que permanezcan unidos mientras se orientan en un entorno que ya no reconocen.",https://www.youtube.com/embed/kdrry0xfHzA,CIENCIA FICCION,
Cineplanet Costanera Center,Papi Ricky: La película,2026-09-02,13:00,2D,doblada,104,TE +7,,https://www.cineplanet.cl/peliculas/papi-ricky-la-pelcula,"La película retoma la historia de Alicia, quien vuelve a Chile para presentar a su futuro esposo, un joven español hípster y excéntrico que representa la modernidad. Sin embargo, su llegada provoca un verdadero terremoto familiar: el choque con el conservador Papi Ricky y la irreverente Catrala hará que ambos padres dejen atrás antiguas diferencias para unirse en un objetivo común: impedir la boda de su hija.",https://www.youtube.com/embed/Nr17OlZAkBc,COMEDIA,
Cineplanet Costanera Center,La Guerra de los Últimos,2026-09-02,13:10,2D,doblada,118,,,https://www.cineplanet.cl/peliculas/la-guerra-de-los-ltimos,"En un mundo postapocalíptico, un virus aniquila a prácticamente toda la humanidad. Los supervivientes se enfrentan a unos carroñeros errantes llamados ""Segadores"". El protagonista, Hig, un piloto, sobrevivió a la gripe pero perdió a su mujer. Adaptación de la aclamada novela ""La constelación del perro"", de Peter Heller.",https://www.youtube.com/embed/JZHY6oGCO58,CIENCIA FICCION,
Cineplanet Costanera Center,Coyote vs ACME,2026-09-02,13:20,PRIME,doblada,103,TE,,https://www.cineplanet.cl/peliculas/coyote-vs-acme,"Después de que todos los productos fabricados por ACME Corporation le salgan mal a Wile E. Coyote, en su persecución del Correcaminos, contrata a un abogado humano igualmente desafortunado para demandar a la empresa. Cuando el abogado de Wile E. descubre que el intimidante jefe de su antiguo bufete es el director general de ACME, se une a Wile E. para ganar el juicio contra él.",https://www.youtube.com/embed/V_ueAlyvn6A,FAMILIAR,
Cineplanet Costanera Center,Spider-Man: Un Nuevo Día,2026-09-02,13:20,2D,doblada,145,TE +7,,https://www.cineplanet.cl/peliculas/spider-man-un-nuevo-dia,"Han pasado cuatro años desde los acontecimientos de No Way Home, y Peter es ahora un adulto que vive completamente solo, habiéndose borrado voluntariamente de las vidas y recuerdos de aquellos a quienes ama. Lucha contra el crimen en un Nueva York que ya no conoce su nombre, se ha dedicado por completo a proteger su ciudad -un Spider-Man de tiempo completo- pero a medida que las exigencias sobre él se intensifican, la presión desata una sorprendente evolución física que amenaza su existencia, aun cuando un nuevo y extraño patrón de crímenes da lugar a una de las amenazas más poderosas que jamás haya enfrentado.",https://www.youtube.com/embed/3B1_P2h7v2k,ACCION,
Cineplanet Costanera Center,Juan Gabriel: Mi Primer Bellas Artes,2026-09-02,13:30,2D,doblada,110,TE +7,,https://www.cineplanet.cl/peliculas/juan-gabriel-mi-primer-bellas-artes,"Versión Sing Along. El concierto más icónico de México llega a la pantalla grande. A partir del 28 de agosto, con motivo del 10º aniversario luctuoso de Juan Gabriel, disfruta del histórico primer concierto de Juan Gabriel en el Palacio de Bellas Artes en 1990, una noche que transformó para siempre la música en México.",https://www.youtube.com/embed/zq9V3eaio2Y,CONCIERTO,
Cineplanet Costanera Center,El Final de la Calle Oak,2026-09-02,13:50,2D,doblada,99,+14,,https://www.cineplanet.cl/peliculas/el-final-de-la-calle-oak,"Después de que un misterioso fenómeno cósmico arranque Oak Street de su entorno suburbano y transporte a sus habitantes a un lugar desconocido, la familia Platt pronto descubre que su propia supervivencia depende de que permanezcan unidos mientras se orientan en un entorno que ya no reconocen.",https://www.youtube.com/embed/kdrry0xfHzA,CIENCIA FICCION,
Cineplanet Costanera Center,Harry Potter y la piedra filosofal (2001),2026-09-02,14:00,2D,subtitulada,166,TE +7,,https://www.cineplanet.cl/peliculas/harry-potter-y-la-piedra-filosofal-2001,"El día en que cumple once años, Harry Potter se entera de que es hijo de dos destacados hechiceros, de los que ha heredado poderes mágicos. En la escuela Hogwarts de Magia y Hechicería, donde se educa con otros niños que también tienen poderes especiales, aprenderá todo lo necesario para ser mago.",,AVENTURA,
Cineplanet Costanera Center,Spider-Man: Un Nuevo Día,2026-09-02,14:00,PRIME,subtitulada,145,TE +7,,https://www.cineplanet.cl/peliculas/spider-man-un-nuevo-dia,"Han pasado cuatro años desde los acontecimientos de No Way Home, y Peter es ahora un adulto que vive completamente solo, habiéndose borrado voluntariamente de las vidas y recuerdos de aquellos a quienes ama. Lucha contra el crimen en un Nueva York que ya no conoce su nombre, se ha dedicado por completo a proteger su ciudad -un Spider-Man de tiempo completo- pero a medida que las exigencias sobre él se intensifican, la presión desata una sorprendente evolución física que amenaza su existencia, aun cuando un nuevo y extraño patrón de crímenes da lugar a una de las amenazas más poderosas que jamás haya enfrentado.",https://www.youtube.com/embed/3B1_P2h7v2k,ACCION,
Cineplanet Costanera Center,La Odisea,2026-09-02,14:10,2D,doblada,172,+14,,https://www.cineplanet.cl/peliculas/la-odisea,"La siguiente película de Christopher Nolan, La Odisea, es una película de acción épica filmada alrededor del mundo usando nueva tecnología IMAX. La película lleva la saga fundamental de Homero a las pantallas IMAX por primera vez y estrena en cines en julio de 2026.",https://www.youtube.com/embed/8un_UztYsw0,ACCION,
Cineplanet Costanera Center,La noche del demonio: Están entre nosotros,2026-09-02,14:30,XTREME,doblada,106,+14,,https://www.cineplanet.cl/peliculas/la-noche-del-demonio-estn-entre-nosotros,"Gemma, una joven madre que cría a su hija en la casa en la que creció, descubre que puede viajar a The Further, donde posee la capacidad de traer lo que allí vive de vuelta al mundo real.",https://www.youtube.com/embed/fuxeEUqCNac,TERROR,
Cineplanet Costanera Center,Papi Ricky: La película,2026-09-02,14:50,2D,doblada,104,TE +7,,https://www.cineplanet.cl/peliculas/papi-ricky-la-pelcula,"La película retoma la historia de Alicia, quien vuelve a Chile para presentar a su futuro esposo, un joven español hípster y excéntrico que representa la modernidad. Sin embargo, su llegada provoca un verdadero terremoto familiar: el choque con el conservador Papi Ricky y la irreverente Catrala hará que ambos padres dejen atrás antiguas diferencias para unirse en un objetivo común: impedir la boda de su hija.",https://www.youtube.com/embed/Nr17OlZAkBc,COMEDIA,
Cineplanet Costanera Center,La Guerra de los Últimos,2026-09-02,15:20,2D,doblada,118,,,https://www.cineplanet.cl/peliculas/la-guerra-de-los-ltimos,"En un mundo postapocalíptico, un virus aniquila a prácticamente toda la humanidad. Los supervivientes se enfrentan a unos carroñeros errantes llamados ""Segadores"". El protagonista, Hig, un piloto, sobrevivió a la gripe pero perdió a su mujer. Adaptación de la aclamada novela ""La constelación del perro"", de Peter Heller.",https://www.youtube.com/embed/JZHY6oGCO58,CIENCIA FICCION,
Cineplanet Costanera Center,Coyote vs ACME,2026-09-02,15:40,2D,doblada,103,TE,,https://www.cineplanet.cl/peliculas/coyote-vs-acme,"Después de que todos los productos fabricados por ACME Corporation le salgan mal a Wile E. Coyote, en su persecución del Correcaminos, contrata a un abogado humano igualmente desafortunado para demandar a la empresa. Cuando el abogado de Wile E. descubre que el intimidante jefe de su antiguo bufete es el director general de ACME, se une a Wile E. para ganar el juicio contra él.",https://www.youtube.com/embed/V_ueAlyvn6A,FAMILIAR,
Cineplanet Costanera Center,Juan Gabriel: Mi Primer Bellas Artes,2026-09-02,16:00,2D,doblada,110,TE +7,,https://www.cineplanet.cl/peliculas/juan-gabriel-mi-primer-bellas-artes,"Versión Sing Along. El concierto más icónico de México llega a la pantalla grande. A partir del 28 de agosto, con motivo del 10º aniversario luctuoso de Juan Gabriel, disfruta del histórico primer concierto de Juan Gabriel en el Palacio de Bellas Artes en 1990, una noche que transformó para siempre la música en México.",https://www.youtube.com/embed/zq9V3eaio2Y,CONCIERTO,
Cineplanet Costanera Center,El Final de la Calle Oak,2026-09-02,16:05,2D,doblada,99,+14,,https://www.cineplanet.cl/peliculas/el-final-de-la-calle-oak,"Después de que un misterioso fenómeno cósmico arranque Oak Street de su entorno suburbano y transporte a sus habitantes a un lugar desconocido, la familia Platt pronto descubre que su propia supervivencia depende de que permanezcan unidos mientras se orientan en un entorno que ya no reconocen.",https://www.youtube.com/embed/kdrry0xfHzA,CIENCIA FICCION,
Cineplanet Costanera Center,La Guerra de los Últimos,2026-09-02,16:10,PRIME,subtitulada,118,,,https://www.cineplanet.cl/peliculas/la-guerra-de-los-ltimos,"En un mundo postapocalíptico, un virus aniquila a prácticamente toda la humanidad. Los supervivientes se enfrentan a unos carroñeros errantes llamados ""Segadores"". El protagonista, Hig, un piloto, sobrevivió a la gripe pero perdió a su mujer. Adaptación de la aclamada novela ""La constelación del perro"", de Peter Heller.",https://www.youtube.com/embed/JZHY6oGCO58,CIENCIA FICCION,
Cineplanet Costanera Center,Spider-Man: Un Nuevo Día,2026-09-02,16:20,2D,doblada,145,TE +7,,https://www.cineplanet.cl/peliculas/spider-man-un-nuevo-dia,"Han pasado cuatro años desde los acontecimientos de No Way Home, y Peter es ahora un adulto que vive completamente solo, habiéndose borrado voluntariamente de las vidas y recuerdos de aquellos a quienes ama. Lucha contra el crimen en un Nueva York que ya no conoce su nombre, se ha dedicado por completo a proteger su ciudad -un Spider-Man de tiempo completo- pero a medida que las exigencias sobre él se intensifican, la presión desata una sorprendente evolución física que amenaza su existencia, aun cuando un nuevo y extraño patrón de crímenes da lugar a una de las amenazas más poderosas que jamás haya enfrentado.",https://www.youtube.com/embed/3B1_P2h7v2k,ACCION,
Cineplanet Costanera Center,La noche del demonio: Están entre nosotros,2026-09-02,16:50,XTREME,doblada,106,+14,,https://www.cineplanet.cl/peliculas/la-noche-del-demonio-estn-entre-nosotros,"Gemma, una joven madre que cría a su hija en la casa en la que creció, descubre que puede viajar a The Further, donde posee la capacidad de traer lo que allí vive de vuelta al mundo real.",https://www.youtube.com/embed/fuxeEUqCNac,TERROR,
Cineplanet Costanera Center,Papi Ricky: La película,2026-09-02,17:10,2D,doblada,104,TE +7,,https://www.cineplanet.cl/peliculas/papi-ricky-la-pelcula,"La película retoma la historia de Alicia, quien vuelve a Chile para presentar a su futuro esposo, un joven español hípster y excéntrico que representa la modernidad. Sin embargo, su llegada provoca un verdadero terremoto familiar: el choque con el conservador Papi Ricky y la irreverente Catrala hará que ambos padres dejen atrás antiguas diferencias para unirse en un objetivo común: impedir la boda de su hija.",https://www.youtube.com/embed/Nr17OlZAkBc,COMEDIA,
Cineplanet Costanera Center,Harry Potter y la piedra filosofal (2001),2026-09-02,17:20,2D,doblada,166,TE +7,,https://www.cineplanet.cl/peliculas/harry-potter-y-la-piedra-filosofal-2001,"El día en que cumple once años, Harry Potter se entera de que es hijo de dos destacados hechiceros, de los que ha heredado poderes mágicos. En la escuela Hogwarts de Magia y Hechicería, donde se educa con otros niños que también tienen poderes especiales, aprenderá todo lo necesario para ser mago.",,AVENTURA,
Cineplanet Costanera Center,La noche del demonio: Están entre nosotros,2026-09-02,17:30,PRIME,subtitulada,106,+14,,https://www.cineplanet.cl/peliculas/la-noche-del-demonio-estn-entre-nosotros,"Gemma, una joven madre que cría a su hija en la casa en la que creció, descubre que puede viajar a The Further, donde posee la capacidad de traer lo que allí vive de vuelta al mundo real.",https://www.youtube.com/embed/fuxeEUqCNac,TERROR,
Cineplanet Costanera Center,La Odisea,2026-09-02,17:40,2D,doblada,172,+14,,https://www.cineplanet.cl/peliculas/la-odisea,"La siguiente película de Christopher Nolan, La Odisea, es una película de acción épica filmada alrededor del mundo usando nueva tecnología IMAX. La película lleva la saga fundamental de Homero a las pantallas IMAX por primera vez y estrena en cines en julio de 2026.",https://www.youtube.com/embed/8un_UztYsw0,ACCION,
Cineplanet Costanera Center,Toy Story 5,2026-09-02,17:50,2D,doblada,102,TE,,https://www.cineplanet.cl/peliculas/toy-story-5,"Los juguetes están de vuelta. Esta vez, Buzz Lightyear, Woody, Jessie y el resto de la pandilla se enfrentan a un nuevo reto cuando conocen a Lilypad, una nueva tablet que llega con sus propias ideas disruptivas sobre lo que es mejor para Bonnie. ¿Volverá a ser lo mismo la hora de jugar?",https://www.youtube.com/embed/s_qpMMkvHYE,ANIMACION,
Cineplanet Costanera Center,Coyote vs ACME,2026-09-02,18:00,2D,doblada,103,TE,,https://www.cineplanet.cl/peliculas/coyote-vs-acme,"Después de que todos los productos fabricados por ACME Corporation le salgan mal a Wile E. Coyote, en su persecución del Correcaminos, contrata a un abogado humano igualmente desafortunado para demandar a la empresa. Cuando el abogado de Wile E. descubre que el intimidante jefe de su antiguo bufete es el director general de ACME, se une a Wile E. para ganar el juicio contra él.",https://www.youtube.com/embed/V_ueAlyvn6A,FAMILIAR,
Cineplanet Costanera Center,Spider-Man: Un Nuevo Día,2026-09-02,18:20,2D,subtitulada,145,TE +7,,https://www.cineplanet.cl/peliculas/spider-man-un-nuevo-dia,"Han pasado cuatro años desde los acontecimientos de No Way Home, y Peter es ahora un adulto que vive completamente solo, habiéndose borrado voluntariamente de las vidas y recuerdos de aquellos a quienes ama. Lucha contra el crimen en un Nueva York que ya no conoce su nombre, se ha dedicado por completo a proteger su ciudad -un Spider-Man de tiempo completo- pero a medida que las exigencias sobre él se intensifican, la presión desata una sorprendente evolución física que amenaza su existencia, aun cuando un nuevo y extraño patrón de crímenes da lugar a una de las amenazas más poderosas que jamás haya enfrentado.",https://www.youtube.com/embed/3B1_P2h7v2k,ACCION,
Cineplanet Costanera Center,Juan Gabriel: Mi Primer Bellas Artes,2026-09-02,18:30,2D,doblada,110,TE +7,,https://www.cineplanet.cl/peliculas/juan-gabriel-mi-primer-bellas-artes,"Versión Sing Along. El concierto más icónico de México llega a la pantalla grande. A partir del 28 de agosto, con motivo del 10º aniversario luctuoso de Juan Gabriel, disfruta del histórico primer concierto de Juan Gabriel en el Palacio de Bellas Artes en 1990, una noche que transformó para siempre la música en México.",https://www.youtube.com/embed/zq9V3eaio2Y,CONCIERTO,
Cineplanet Costanera Center,Coyote vs ACME,2026-09-02,19:00,PRIME,subtitulada,103,TE,,https://www.cineplanet.cl/peliculas/coyote-vs-acme,"Después de que todos los productos fabricados por ACME Corporation le salgan mal a Wile E. Coyote, en su persecución del Correcaminos, contrata a un abogado humano igualmente desafortunado para demandar a la empresa. Cuando el abogado de Wile E. descubre que el intimidante jefe de su antiguo bufete es el director general de ACME, se une a Wile E. para ganar el juicio contra él.",https://www.youtube.com/embed/V_ueAlyvn6A,FAMILIAR,
Cineplanet Costanera Center,La noche del demonio: Están entre nosotros,2026-09-02,19:10,XTREME,doblada,106,+14,,https://www.cineplanet.cl/peliculas/la-noche-del-demonio-estn-entre-nosotros,"Gemma, una joven madre que cría a su hija en la casa en la que creció, descubre que puede viajar a The Further, donde posee la capacidad de traer lo que allí vive de vuelta al mundo real.",https://www.youtube.com/embed/fuxeEUqCNac,TERROR,
Cineplanet Costanera Center,Spider-Man: Un Nuevo Día,2026-09-02,19:20,2D,doblada,145,TE +7,,https://www.cineplanet.cl/peliculas/spider-man-un-nuevo-dia,"Han pasado cuatro años desde los acontecimientos de No Way Home, y Peter es ahora un adulto que vive completamente solo, habiéndose borrado voluntariamente de las vidas y recuerdos de aquellos a quienes ama. Lucha contra el crimen en un Nueva York que ya no conoce su nombre, se ha dedicado por completo a proteger su ciudad -un Spider-Man de tiempo completo- pero a medida que las exigencias sobre él se intensifican, la presión desata una sorprendente evolución física que amenaza su existencia, aun cuando un nuevo y extraño patrón de crímenes da lugar a una de las amenazas más poderosas que jamás haya enfrentado.",https://www.youtube.com/embed/3B1_P2h7v2k,ACCION,
Cineplanet Costanera Center,Papi Ricky: La película,2026-09-02,19:30,2D,doblada,104,TE +7,,https://www.cineplanet.cl/peliculas/papi-ricky-la-pelcula,"La película retoma la historia de Alicia, quien vuelve a Chile para presentar a su futuro esposo, un joven español hípster y excéntrico que representa la modernidad. Sin embargo, su llegada provoca un verdadero terremoto familiar: el choque con el conservador Papi Ricky y la irreverente Catrala hará que ambos padres dejen atrás antiguas diferencias para unirse en un objetivo común: impedir la boda de su hija.",https://www.youtube.com/embed/Nr17OlZAkBc,COMEDIA,
Cineplanet Costanera Center,Papi Ricky: La película,2026-09-02,20:00,PRIME,doblada,104,TE +7,,https://www.cineplanet.cl/peliculas/papi-ricky-la-pelcula,"La película retoma la historia de Alicia, quien vuelve a Chile para presentar a su futuro esposo, un joven español hípster y excéntrico que representa la modernidad. Sin embargo, su llegada provoca un verdadero terremoto familiar: el choque con el conservador Papi Ricky y la irreverente Catrala hará que ambos padres dejen atrás antiguas diferencias para unirse en un objetivo común: impedir la boda de su hija.",https://www.youtube.com/embed/Nr17OlZAkBc,COMEDIA,
Cineplanet Costanera Center,La Guerra de los Últimos,2026-09-02,20:10,2D,subtitulada,118,,,https://www.cineplanet.cl/peliculas/la-guerra-de-los-ltimos,"En un mundo postapocalíptico, un virus aniquila a prácticamente toda la humanidad. Los supervivientes se enfrentan a unos carroñeros errantes llamados ""Segadores"". El protagonista, Hig, un piloto, sobrevivió a la gripe pero perdió a su mujer. Adaptación de la aclamada novela ""La constelación del perro"", de Peter Heller.",https://www.youtube.com/embed/JZHY6oGCO58,CIENCIA FICCION,
Cineplanet Costanera Center,Harry Potter y la piedra filosofal (2001),2026-09-02,20:40,2D,doblada,166,TE +7,,https://www.cineplanet.cl/peliculas/harry-potter-y-la-piedra-filosofal-2001,"El día en que cumple once años, Harry Potter se entera de que es hijo de dos destacados hechiceros, de los que ha heredado poderes mágicos. En la escuela Hogwarts de Magia y Hechicería, donde se educa con otros niños que también tienen poderes especiales, aprenderá todo lo necesario para ser mago.",,AVENTURA,
Cineplanet Costanera Center,Juan Gabriel: Mi Primer Bellas Artes,2026-09-02,20:50,2D,doblada,110,TE +7,,https://www.cineplanet.cl/peliculas/juan-gabriel-mi-primer-bellas-artes,"Versión Sing Along. El concierto más icónico de México llega a la pantalla grande. A partir del 28 de agosto, con motivo del 10º aniversario luctuoso de Juan Gabriel, disfruta del histórico primer concierto de Juan Gabriel en el Palacio de Bellas Artes en 1990, una noche que transformó para siempre la música en México.",https://www.youtube.com/embed/zq9V3eaio2Y,CONCIERTO,
Cineplanet Costanera Center,La Odisea,2026-09-02,21:10,2D,subtitulada,172,+14,,https://www.cineplanet.cl/peliculas/la-odisea,"La siguiente película de Christopher Nolan, La Odisea, es una película de acción épica filmada alrededor del mundo usando nueva tecnología IMAX. La película lleva la saga fundamental de Homero a las pantallas IMAX por primera vez y estrena en cines en julio de 2026.",https://www.youtube.com/embed/8un_UztYsw0,ACCION,
Cineplanet Costanera Center,Spider-Man: Un Nuevo Día,2026-09-02,21:20,2D,subtitulada,145,TE +7,,https://www.cineplanet.cl/peliculas/spider-man-un-nuevo-dia,"Han pasado cuatro años desde los acontecimientos de No Way Home, y Peter es ahora un adulto que vive completamente solo, habiéndose borrado voluntariamente de las vidas y recuerdos de aquellos a quienes ama. Lucha contra el crimen en un Nueva York que ya no conoce su nombre, se ha dedicado por completo a proteger su ciudad -un Spider-Man de tiempo completo- pero a medida que las exigencias sobre él se intensifican, la presión desata una sorprendente evolución física que amenaza su existencia, aun cuando un nuevo y extraño patrón de crímenes da lugar a una de las amenazas más poderosas que jamás haya enfrentado.",https://www.youtube.com/embed/3B1_P2h7v2k,ACCION,
Cineplanet Costanera Center,La noche del demonio: Están entre nosotros,2026-09-02,21:30,XTREME,subtitulada,106,+14,,https://www.cineplanet.cl/peliculas/la-noche-del-demonio-estn-entre-nosotros,"Gemma, una joven madre que cría a su hija en la casa en la que creció, descubre que puede viajar a The Further, donde posee la capacidad de traer lo que allí vive de vuelta al mundo real.",https://www.youtube.com/embed/fuxeEUqCNac,TERROR,
Cineplanet Costanera Center,La Odisea,2026-09-02,21:40,PRIME,subtitulada,172,+14,,https://www.cineplanet.cl/peliculas/la-odisea,"La siguiente película de Christopher Nolan, La Odisea, es una película de acción épica filmada alrededor del mundo usando nueva tecnología IMAX. La película lleva la saga fundamental de Homero a las pantallas IMAX por primera vez y estrena en cines en julio de 2026.",https://www.youtube.com/embed/8un_UztYsw0,ACCION,
Cineplanet Costanera Center,El Final de la Calle Oak,2026-09-02,21:50,2D,subtitulada,99,+14,,https://www.cineplanet.cl/peliculas/el-final-de-la-calle-oak,"Después de que un misterioso fenómeno cósmico arranque Oak Street de su entorno suburbano y transporte a sus habitantes a un lugar desconocido, la familia Platt pronto descubre que su propia supervivencia depende de que permanezcan unidos mientras se orientan en un entorno que ya no reconocen.",https://www.youtube.com/embed/kdrry0xfHzA,CIENCIA FICCION,
Cineplanet Costanera Center,Spider-Man: Un Nuevo Día,2026-09-02,22:20,2D,doblada,145,TE +7,,https://www.cineplanet.cl/peliculas/spider-man-un-nuevo-dia,"Han pasado cuatro años desde los acontecimientos de No Way Home, y Peter es ahora un adulto que vive completamente solo, habiéndose borrado voluntariamente de las vidas y recuerdos de aquellos a quienes ama. Lucha contra el crimen en un Nueva York que ya no conoce su nombre, se ha dedicado por completo a proteger su ciudad -un Spider-Man de tiempo completo- pero a medida que las exigencias sobre él se intensifican, la presión desata una sorprendente evolución física que amenaza su existencia, aun cuando un nuevo y extraño patrón de crímenes da lugar a una de las amenazas más poderosas que jamás haya enfrentado.",https://www.youtube.com/embed/3B1_P2h7v2k,ACCION,
Cineplanet Costanera Center,La noche del demonio: Están entre nosotros,2026-09-02,22:30,PRIME,subtitulada,106,+14,,https://www.cineplanet.cl/peliculas/la-noche-del-demonio-estn-entre-nosotros,"Gemma, una joven madre que cría a su hija en la casa en la que creció, descubre que puede viajar a The Further, donde posee la capacidad de traer lo que allí vive de vuelta al mundo real.",https://www.youtube.com/embed/fuxeEUqCNac,TERROR,
Cineplanet Costanera Center,El Final de la Calle Oak,2026-09-02,22:40,2D,doblada,99,+14,,https://www.cineplanet.cl/peliculas/el-final-de-la-calle-oak,"Después de que un misterioso fenómeno cósmico arranque Oak Street de su entorno suburbano y transporte a sus habitantes a un lugar desconocido, la familia Platt pronto descubre que su propia supervivencia depende de que permanezcan unidos mientras se orientan en un entorno que ya no reconocen.",https://www.youtube.com/embed/kdrry0xfHzA,CIENCIA FICCION,
Cineplanet Costanera Center,Coyote vs ACME,2026-09-02,22:50,2D,subtitulada,103,TE,,https://www.cineplanet.cl/peliculas/coyote-vs-acme,"Después de que todos los productos fabricados por ACME Corporation le salgan mal a Wile E. Coyote, en su persecución del Correcaminos, contrata a un abogado humano igualmente desafortunado para demandar a la empresa. Cuando el abogado de Wile E. descubre que el intimidante jefe de su antiguo bufete es el director general de ACME, se une a Wile E. para ganar el juicio contra él.",https://www.youtube.com/embed/V_ueAlyvn6A,FAMILIAR,
Cineplanet Florida Center,Toy Story 5,2026-08-31,13:05,2D,doblada,102,TE,,https://www.cineplanet.cl/peliculas/toy-story-5,"Los juguetes están de vuelta. Esta vez, Buzz Lightyear, Woody, Jessie y el resto de la pandilla se enfrentan a un nuevo reto cuando conocen a Lilypad, una nueva tablet que llega con sus propias ideas disruptivas sobre lo que es mejor para Bonnie. ¿Volverá a ser lo mismo la hora de jugar?",https://www.youtube.com/embed/s_qpMMkvHYE,ANIMACION,
Cineplanet Florida Center,La noche del demonio: Están entre nosotros,2026-08-31,13:20,2D,doblada,106,+14,,https://www.cineplanet.cl/peliculas/la-noche-del-demonio-estn-entre-nosotros,"Gemma, una joven madre que cría a su hija en la casa en la que creció, descubre que puede viajar a The Further, donde posee la capacidad de traer lo que allí vive de vuelta al mundo real.",https://www.youtube.com/embed/fuxeEUqCNac,TERROR,
Cineplanet Florida Center,Spider-Man: Un Nuevo Día,2026-08-31,13:30,2D,doblada,145,TE +7,,https://www.cineplanet.cl/peliculas/spider-man-un-nuevo-dia,"Han pasado cuatro años desde los acontecimientos de No Way Home, y Peter es ahora un adulto que vive completamente solo, habiéndose borrado voluntariamente de las vidas y recuerdos de aquellos a quienes ama. Lucha contra el crimen en un Nueva York que ya no conoce su nombre, se ha dedicado por completo a proteger su ciudad -un Spider-Man de tiempo completo- pero a medida que las exigencias sobre él se intensifican, la presión desata una sorprendente evolución física que amenaza su existencia, aun cuando un nuevo y extraño patrón de crímenes da lugar a una de las amenazas más poderosas que jamás haya enfrentado.",https://www.youtube.com/embed/3B1_P2h7v2k,ACCION,
Cineplanet Florida Center,Juan Gabriel: Mi Primer Bellas Artes,2026-08-31,13:40,2D,doblada,110,TE +7,,https://www.cineplanet.cl/peliculas/juan-gabriel-mi-primer-bellas-artes,"Versión Sing Along. El concierto más icónico de México llega a la pantalla grande. A partir del 28 de agosto, con motivo del 10º aniversario luctuoso de Juan Gabriel, disfruta del histórico primer concierto de Juan Gabriel en el Palacio de Bellas Artes en 1990, una noche que transformó para siempre la música en México.",https://www.youtube.com/embed/zq9V3eaio2Y,CONCIERTO,
Cineplanet Florida Center,Coyote vs ACME,2026-08-31,13:45,PRIME,doblada,103,TE,,https://www.cineplanet.cl/peliculas/coyote-vs-acme,"Después de que todos los productos fabricados por ACME Corporation le salgan mal a Wile E. Coyote, en su persecución del Correcaminos, contrata a un abogado humano igualmente desafortunado para demandar a la empresa. Cuando el abogado de Wile E. descubre que el intimidante jefe de su antiguo bufete es el director general de ACME, se une a Wile E. para ganar el juicio contra él.",https://www.youtube.com/embed/V_ueAlyvn6A,FAMILIAR,
Cineplanet Florida Center,Harry Potter y la piedra filosofal (2001),2026-08-31,13:50,2D,doblada,166,TE +7,,https://www.cineplanet.cl/peliculas/harry-potter-y-la-piedra-filosofal-2001,"El día en que cumple once años, Harry Potter se entera de que es hijo de dos destacados hechiceros, de los que ha heredado poderes mágicos. En la escuela Hogwarts de Magia y Hechicería, donde se educa con otros niños que también tienen poderes especiales, aprenderá todo lo necesario para ser mago.",,AVENTURA,
Cineplanet Florida Center,La Odisea,2026-08-31,14:00,2D,doblada,172,+14,,https://www.cineplanet.cl/peliculas/la-odisea,"La siguiente película de Christopher Nolan, La Odisea, es una película de acción épica filmada alrededor del mundo usando nueva tecnología IMAX. La película lleva la saga fundamental de Homero a las pantallas IMAX por primera vez y estrena en cines en julio de 2026.",https://www.youtube.com/embed/8un_UztYsw0,ACCION,
Cineplanet Florida Center,PAW Patrol: La Dino Película,2026-08-31,14:10,2D,doblada,88,TE,,https://www.cineplanet.cl/peliculas/paw-patrol-la-dino-pelcula,"Después de que su barco quedara atrapado en una misteriosa tormenta, los cachorros de la Patrulla Canina aterrizan de emergencia en una isla tropical inexplorada llena de dinosaurios. Allí conocen a Rex, un cachorro que lleva años abandonado en la isla y se ha convertido en un experto en todo lo relacionado con los dinosaurios. Cuando el archienemigo de la Patrulla Canina, el alcalde Humdinger, comienza a explotar minas de forma imprudente con la esperanza de saquear los recursos naturales de la isla, provoca sin querer la erupción de un enorme volcán inactivo.",,ANIMACION,
Cineplanet Florida Center,Papi Ricky: La película,2026-08-31,14:30,2D,doblada,104,TE +7,,https://www.cineplanet.cl/peliculas/papi-ricky-la-pelcula,"La película retoma la historia de Alicia, quien vuelve a Chile para presentar a su futuro esposo, un joven español hípster y excéntrico que representa la modernidad. Sin embargo, su llegada provoca un verdadero terremoto familiar: el choque con el conservador Papi Ricky y la irreverente Catrala hará que ambos padres dejen atrás antiguas diferencias para unirse en un objetivo común: impedir la boda de su hija.",https://www.youtube.com/embed/Nr17OlZAkBc,COMEDIA,
Cineplanet Florida Center,Coyote vs ACME,2026-08-31,14:40,2D,doblada,103,TE,,https://www.cineplanet.cl/peliculas/coyote-vs-acme,"Después de que todos los productos fabricados por ACME Corporation le salgan mal a Wile E. Coyote, en su persecución del Correcaminos, contrata a un abogado humano igualmente desafortunado para demandar a la empresa. Cuando el abogado de Wile E. descubre que el intimidante jefe de su antiguo bufete es el director general de ACME, se une a Wile E. para ganar el juicio contra él.",https://www.youtube.com/embed/V_ueAlyvn6A,FAMILIAR,
Cineplanet Florida Center,Papi Ricky: La película,2026-08-31,15:00,PRIME,doblada,104,TE +7,,https://www.cineplanet.cl/peliculas/papi-ricky-la-pelcula,"La película retoma la historia de Alicia, quien vuelve a Chile para presentar a su futuro esposo, un joven español hípster y excéntrico que representa la modernidad. Sin embargo, su llegada provoca un verdadero terremoto familiar: el choque con el conservador Papi Ricky y la irreverente Catrala hará que ambos padres dejen atrás antiguas diferencias para unirse en un objetivo común: impedir la boda de su hija.",https://www.youtube.com/embed/Nr17OlZAkBc,COMEDIA,
Cineplanet Florida Center,Spider-Man: Un Nuevo Día,2026-08-31,15:10,2D,doblada,145,TE +7,,https://www.cineplanet.cl/peliculas/spider-man-un-nuevo-dia,"Han pasado cuatro años desde los acontecimientos de No Way Home, y Peter es ahora un adulto que vive completamente solo, habiéndose borrado voluntariamente de las vidas y recuerdos de aquellos a quienes ama. Lucha contra el crimen en un Nueva York que ya no conoce su nombre, se ha dedicado por completo a proteger su ciudad -un Spider-Man de tiempo completo- pero a medida que las exigencias sobre él se intensifican, la presión desata una sorprendente evolución física que amenaza su existencia, aun cuando un nuevo y extraño patrón de crímenes da lugar a una de las amenazas más poderosas que jamás haya enfrentado.",https://www.youtube.com/embed/3B1_P2h7v2k,ACCION,
Cineplanet Florida Center,Toy Story 5,2026-08-31,15:20,2D,doblada,102,TE,,https://www.cineplanet.cl/peliculas/toy-story-5,"Los juguetes están de vuelta. Esta vez, Buzz Lightyear, Woody, Jessie y el resto de la pandilla se enfrentan a un nuevo reto cuando conocen a Lilypad, una nueva tablet que llega con sus propias ideas disruptivas sobre lo que es mejor para Bonnie. ¿Volverá a ser lo mismo la hora de jugar?",https://www.youtube.com/embed/s_qpMMkvHYE,ANIMACION,
Cineplanet Florida Center,La noche del demonio: Están entre nosotros,2026-08-31,15:40,2D,doblada,106,+14,,https://www.cineplanet.cl/peliculas/la-noche-del-demonio-estn-entre-nosotros,"Gemma, una joven madre que cría a su hija en la casa en la que creció, descubre que puede viajar a The Further, donde posee la capacidad de traer lo que allí vive de vuelta al mundo real.",https://www.youtube.com/embed/fuxeEUqCNac,TERROR,
Cineplanet Florida Center,Juan Gabriel: Mi Primer Bellas Artes,2026-08-31,16:00,2D,doblada,110,TE +7,,https://www.cineplanet.cl/peliculas/juan-gabriel-mi-primer-bellas-artes,"Versión Sing Along. El concierto más icónico de México llega a la pantalla grande. A partir del 28 de agosto, con motivo del 10º aniversario luctuoso de Juan Gabriel, disfruta del histórico primer concierto de Juan Gabriel en el Palacio de Bellas Artes en 1990, una noche que transformó para siempre la música en México.",https://www.youtube.com/embed/zq9V3eaio2Y,CONCIERTO,
Cineplanet Florida Center,Spider-Man: Un Nuevo Día,2026-08-31,16:10,2D,doblada,145,TE +7,,https://www.cineplanet.cl/peliculas/spider-man-un-nuevo-dia,"Han pasado cuatro años desde los acontecimientos de No Way Home, y Peter es ahora un adulto que vive completamente solo, habiéndose borrado voluntariamente de las vidas y recuerdos de aquellos a quienes ama. Lucha contra el crimen en un Nueva York que ya no conoce su nombre, se ha dedicado por completo a proteger su ciudad -un Spider-Man de tiempo completo- pero a medida que las exigencias sobre él se intensifican, la presión desata una sorprendente evolución física que amenaza su existencia, aun cuando un nuevo y extraño patrón de crímenes da lugar a una de las amenazas más poderosas que jamás haya enfrentado.",https://www.youtube.com/embed/3B1_P2h7v2k,ACCION,
Cineplanet Florida Center,Coyote vs ACME,2026-08-31,16:15,PRIME,doblada,103,TE,,https://www.cineplanet.cl/peliculas/coyote-vs-acme,"Después de que todos los productos fabricados por ACME Corporation le salgan mal a Wile E. Coyote, en su persecución del Correcaminos, contrata a un abogado humano igualmente desafortunado para demandar a la empresa. Cuando el abogado de Wile E. descubre que el intimidante jefe de su antiguo bufete es el director general de ACME, se une a Wile E. para ganar el juicio contra él.",https://www.youtube.com/embed/V_ueAlyvn6A,FAMILIAR,
Cineplanet Florida Center,Papi Ricky: La película,2026-08-31,16:40,2D,doblada,104,TE +7,,https://www.cineplanet.cl/peliculas/papi-ricky-la-pelcula,"La película retoma la historia de Alicia, quien vuelve a Chile para presentar a su futuro esposo, un joven español hípster y excéntrico que representa la modernidad. Sin embargo, su llegada provoca un verdadero terremoto familiar: el choque con el conservador Papi Ricky y la irreverente Catrala hará que ambos padres dejen atrás antiguas diferencias para unirse en un objetivo común: impedir la boda de su hija.",https://www.youtube.com/embed/Nr17OlZAkBc,COMEDIA,
Cineplanet Florida Center,Coyote vs ACME,2026-08-31,17:00,2D,doblada,103,TE,,https://www.cineplanet.cl/peliculas/coyote-vs-acme,"Después de que todos los productos fabricados por ACME Corporation le salgan mal a Wile E. Coyote, en su persecución del Correcaminos, contrata a un abogado humano igualmente desafortunado para demandar a la empresa. Cuando el abogado de Wile E. descubre que el intimidante jefe de su antiguo bufete es el director general de ACME, se une a Wile E. para ganar el juicio contra él.",https://www.youtube.com/embed/V_ueAlyvn6A,FAMILIAR,
Cineplanet Florida Center,La Guerra de los Últimos,2026-08-31,17:00,2D,doblada,118,,,https://www.cineplanet.cl/peliculas/la-guerra-de-los-ltimos,"En un mundo postapocalíptico, un virus aniquila a prácticamente toda la humanidad. Los supervivientes se enfrentan a unos carroñeros errantes llamados ""Segadores"". El protagonista, Hig, un piloto, sobrevivió a la gripe pero perdió a su mujer. Adaptación de la aclamada novela ""La constelación del perro"", de Peter Heller.",https://www.youtube.com/embed/JZHY6oGCO58,CIENCIA FICCION,
Cineplanet Florida Center,Harry Potter y la piedra filosofal (2001),2026-08-31,17:10,2D,subtitulada,166,TE +7,,https://www.cineplanet.cl/peliculas/harry-potter-y-la-piedra-filosofal-2001,"El día en que cumple once años, Harry Potter se entera de que es hijo de dos destacados hechiceros, de los que ha heredado poderes mágicos. En la escuela Hogwarts de Magia y Hechicería, donde se educa con otros niños que también tienen poderes especiales, aprenderá todo lo necesario para ser mago.",,AVENTURA,
Cineplanet Florida Center,Juan Gabriel: Mi Primer Bellas Artes,2026-08-31,17:20,PRIME,doblada,110,TE +7,,https://www.cineplanet.cl/peliculas/juan-gabriel-mi-primer-bellas-artes,"Versión Sing Along. El concierto más icónico de México llega a la pantalla grande. A partir del 28 de agosto, con motivo del 10º aniversario luctuoso de Juan Gabriel, disfruta del histórico primer concierto de Juan Gabriel en el Palacio de Bellas Artes en 1990, una noche que transformó para siempre la música en México.",https://www.youtube.com/embed/zq9V3eaio2Y,CONCIERTO,
Cineplanet Florida Center,La Odisea,2026-08-31,17:30,2D,doblada,172,+14,,https://www.cineplanet.cl/peliculas/la-odisea,"La siguiente película de Christopher Nolan, La Odisea, es una película de acción épica filmada alrededor del mundo usando nueva tecnología IMAX. La película lleva la saga fundamental de Homero a las pantallas IMAX por primera vez y estrena en cines en julio de 2026.",https://www.youtube.com/embed/8un_UztYsw0,ACCION,
Cineplanet Florida Center,El Final de la Calle Oak,2026-08-31,17:40,2D,doblada,99,+14,,https://www.cineplanet.cl/peliculas/el-final-de-la-calle-oak,"Después de que un misterioso fenómeno cósmico arranque Oak Street de su entorno suburbano y transporte a sus habitantes a un lugar desconocido, la familia Platt pronto descubre que su propia supervivencia depende de que permanezcan unidos mientras se orientan en un entorno que ya no reconocen.",https://www.youtube.com/embed/kdrry0xfHzA,CIENCIA FICCION,
Cineplanet Florida Center,La noche del demonio: Están entre nosotros,2026-08-31,18:00,2D,doblada,106,+14,,https://www.cineplanet.cl/peliculas/la-noche-del-demonio-estn-entre-nosotros,"Gemma, una joven madre que cría a su hija en la casa en la que creció, descubre que puede viajar a The Further, donde posee la capacidad de traer lo que allí vive de vuelta al mundo real.",https://www.youtube.com/embed/fuxeEUqCNac,TERROR,
Cineplanet Florida Center,Spider-Man: Un Nuevo Día,2026-08-31,18:10,2D,doblada,145,TE +7,,https://www.cineplanet.cl/peliculas/spider-man-un-nuevo-dia,"Han pasado cuatro años desde los acontecimientos de No Way Home, y Peter es ahora un adulto que vive completamente solo, habiéndose borrado voluntariamente de las vidas y recuerdos de aquellos a quienes ama. Lucha contra el crimen en un Nueva York que ya no conoce su nombre, se ha dedicado por completo a proteger su ciudad -un Spider-Man de tiempo completo- pero a medida que las exigencias sobre él se intensifican, la presión desata una sorprendente evolución física que amenaza su existencia, aun cuando un nuevo y extraño patrón de crímenes da lugar a una de las amenazas más poderosas que jamás haya enfrentado.",https://www.youtube.com/embed/3B1_P2h7v2k,ACCION,
Cineplanet Florida Center,Juan Gabriel: Mi Primer Bellas Artes,2026-08-31,18:20,2D,doblada,110,TE +7,,https://www.cineplanet.cl/peliculas/juan-gabriel-mi-primer-bellas-artes,"Versión Sing Along. El concierto más icónico de México llega a la pantalla grande. A partir del 28 de agosto, con motivo del 10º aniversario luctuoso de Juan Gabriel, disfruta del histórico primer concierto de Juan Gabriel en el Palacio de Bellas Artes en 1990, una noche que transformó para siempre la música en México.",https://www.youtube.com/embed/zq9V3eaio2Y,CONCIERTO,
Cineplanet Florida Center,Coyote vs ACME,2026-08-31,18:30,PRIME,subtitulada,103,TE,,https://www.cineplanet.cl/peliculas/coyote-vs-acme,"Después de que todos los productos fabricados por ACME Corporation le salgan mal a Wile E. Coyote, en su persecución del Correcaminos, contrata a un abogado humano igualmente desafortunado para demandar a la empresa. Cuando el abogado de Wile E. descubre que el intimidante jefe de su antiguo bufete es el director general de ACME, se une a Wile E. para ganar el juicio contra él.",https://www.youtube.com/embed/V_ueAlyvn6A,FAMILIAR,
Cineplanet Florida Center,Papi Ricky: La película,2026-08-31,19:00,2D,doblada,104,TE +7,,https://www.cineplanet.cl/peliculas/papi-ricky-la-pelcula,"La película retoma la historia de Alicia, quien vuelve a Chile para presentar a su futuro esposo, un joven español hípster y excéntrico que representa la modernidad. Sin embargo, su llegada provoca un verdadero terremoto familiar: el choque con el conservador Papi Ricky y la irreverente Catrala hará que ambos padres dejen atrás antiguas diferencias para unirse en un objetivo común: impedir la boda de su hija.",https://www.youtube.com/embed/Nr17OlZAkBc,COMEDIA,
Cineplanet Florida Center,Spider-Man: Un Nuevo Día,2026-08-31,19:10,2D,doblada,145,TE +7,,https://www.cineplanet.cl/peliculas/spider-man-un-nuevo-dia,"Han pasado cuatro años desde los acontecimientos de No Way Home, y Peter es ahora un adulto que vive completamente solo, habiéndose borrado voluntariamente de las vidas y recuerdos de aquellos a quienes ama. Lucha contra el crimen en un Nueva York que ya no conoce su nombre, se ha dedicado por completo a proteger su ciudad -un Spider-Man de tiempo completo- pero a medida que las exigencias sobre él se intensifican, la presión desata una sorprendente evolución física que amenaza su existencia, aun cuando un nuevo y extraño patrón de crímenes da lugar a una de las amenazas más poderosas que jamás haya enfrentado.",https://www.youtube.com/embed/3B1_P2h7v2k,ACCION,
Cineplanet Florida Center,Coyote vs ACME,2026-08-31,19:20,2D,doblada,103,TE,,https://www.cineplanet.cl/peliculas/coyote-vs-acme,"Después de que todos los productos fabricados por ACME Corporation le salgan mal a Wile E. Coyote, en su persecución del Correcaminos, contrata a un abogado humano igualmente desafortunado para demandar a la empresa. Cuando el abogado de Wile E. descubre que el intimidante jefe de su antiguo bufete es el director general de ACME, se une a Wile E. para ganar el juicio contra él.",https://www.youtube.com/embed/V_ueAlyvn6A,FAMILIAR,
Cineplanet Florida Center,La Guerra de los Últimos,2026-08-31,19:30,2D,doblada,118,,,https://www.cineplanet.cl/peliculas/la-guerra-de-los-ltimos,"En un mundo postapocalíptico, un virus aniquila a prácticamente toda la humanidad. Los supervivientes se enfrentan a unos carroñeros errantes llamados ""Segadores"". El protagonista, Hig, un piloto, sobrevivió a la gripe pero perdió a su mujer. Adaptación de la aclamada novela ""La constelación del perro"", de Peter Heller.",https://www.youtube.com/embed/JZHY6oGCO58,CIENCIA FICCION,
Cineplanet Florida Center,La Odisea,2026-08-31,19:40,PRIME,doblada,172,+14,,https://www.cineplanet.cl/peliculas/la-odisea,"La siguiente película de Christopher Nolan, La Odisea, es una película de acción épica filmada alrededor del mundo usando nueva tecnología IMAX. La película lleva la saga fundamental de Homero a las pantallas IMAX por primera vez y estrena en cines en julio de 2026.",https://www.youtube.com/embed/8un_UztYsw0,ACCION,
Cineplanet Florida Center,El Final de la Calle Oak,2026-08-31,20:00,2D,doblada,99,+14,,https://www.cineplanet.cl/peliculas/el-final-de-la-calle-oak,"Después de que un misterioso fenómeno cósmico arranque Oak Street de su entorno suburbano y transporte a sus habitantes a un lugar desconocido, la familia Platt pronto descubre que su propia supervivencia depende de que permanezcan unidos mientras se orientan en un entorno que ya no reconocen.",https://www.youtube.com/embed/kdrry0xfHzA,CIENCIA FICCION,
Cineplanet Florida Center,La noche del demonio: Están entre nosotros,2026-08-31,20:20,2D,doblada,106,+14,,https://www.cineplanet.cl/peliculas/la-noche-del-demonio-estn-entre-nosotros,"Gemma, una joven madre que cría a su hija en la casa en la que creció, descubre que puede viajar a The Further, donde posee la capacidad de traer lo que allí vive de vuelta al mundo real.",https://www.youtube.com/embed/fuxeEUqCNac,TERROR,
Cineplanet Florida Center,Harry Potter y la piedra filosofal (2001),2026-08-31,20:30,2D,subtitulada,166,TE +7,,https://www.cineplanet.cl/peliculas/harry-potter-y-la-piedra-filosofal-2001,"El día en que cumple once años, Harry Potter se entera de que es hijo de dos destacados hechiceros, de los que ha heredado poderes mágicos. En la escuela Hogwarts de Magia y Hechicería, donde se educa con otros niños que también tienen poderes especiales, aprenderá todo lo necesario para ser mago.",,AVENTURA,
Cineplanet Florida Center,La Odisea,2026-08-31,20:40,2D,subtitulada,172,+14,,https://www.cineplanet.cl/peliculas/la-odisea,"La siguiente película de Christopher Nolan, La Odisea, es una película de acción épica filmada alrededor del mundo usando nueva tecnología IMAX. La película lleva la saga fundamental de Homero a las pantallas IMAX por primera vez y estrena en cines en julio de 2026.",https://www.youtube.com/embed/8un_UztYsw0,ACCION,
Cineplanet Florida Center,Juan Gabriel: Mi Primer Bellas Artes,2026-08-31,20:50,PRIME,doblada,110,TE +7,,https://www.cineplanet.cl/peliculas/juan-gabriel-mi-primer-bellas-artes,"Versión Sing Along. El concierto más icónico de México llega a la pantalla grande. A partir del 28 de agosto, con motivo del 10º aniversario luctuoso de Juan Gabriel, disfruta del histórico primer concierto de Juan Gabriel en el Palacio de Bellas Artes en 1990, una noche que transformó para siempre la música en México.",https://www.youtube.com/embed/zq9V3eaio2Y,CONCIERTO,
Cineplanet Florida Center,Coyote vs ACME,2026-08-31,21:00,2D,doblada,103,TE,,https://www.cineplanet.cl/peliculas/coyote-vs-acme,"Después de que todos los productos fabricados por ACME Corporation le salgan mal a Wile E. Coyote, en su persecución del Correcaminos, contrata a un abogado humano igualmente desafortunado para demandar a la empresa. Cuando el abogado de Wile E. descubre que el intimidante jefe de su antiguo bufete es el director general de ACME, se une a Wile E. para ganar el juicio contra él.",https://www.youtube.com/embed/V_ueAlyvn6A,FAMILIAR,
Cineplanet Florida Center,Spider-Man: Un Nuevo Día,2026-08-31,21:10,2D,doblada,145,TE +7,,https://www.cineplanet.cl/peliculas/spider-man-un-nuevo-dia,"Han pasado cuatro años desde los acontecimientos de No Way Home, y Peter es ahora un adulto que vive completamente solo, habiéndose borrado voluntariamente de las vidas y recuerdos de aquellos a quienes ama. Lucha contra el crimen en un Nueva York que ya no conoce su nombre, se ha dedicado por completo a proteger su ciudad -un Spider-Man de tiempo completo- pero a medida que las exigencias sobre él se intensifican, la presión desata una sorprendente evolución física que amenaza su existencia, aun cuando un nuevo y extraño patrón de crímenes da lugar a una de las amenazas más poderosas que jamás haya enfrentado.",https://www.youtube.com/embed/3B1_P2h7v2k,ACCION,
Cineplanet Florida Center,Papi Ricky: La película,2026-08-31,21:20,2D,doblada,104,TE +7,,https://www.cineplanet.cl/peliculas/papi-ricky-la-pelcula,"La película retoma la historia de Alicia, quien vuelve a Chile para presentar a su futuro esposo, un joven español hípster y excéntrico que representa la modernidad. Sin embargo, su llegada provoca un verdadero terremoto familiar: el choque con el conservador Papi Ricky y la irreverente Catrala hará que ambos padres dejen atrás antiguas diferencias para unirse en un objetivo común: impedir la boda de su hija.",https://www.youtube.com/embed/Nr17OlZAkBc,COMEDIA,
Cineplanet Florida Center,La noche del demonio: Están entre nosotros,2026-08-31,21:40,2D,subtitulada,106,+14,,https://www.cineplanet.cl/peliculas/la-noche-del-demonio-estn-entre-nosotros,"Gemma, una joven madre que cría a su hija en la casa en la que creció, descubre que puede viajar a The Further, donde posee la capacidad de traer lo que allí vive de vuelta al mundo real.",https://www.youtube.com/embed/fuxeEUqCNac,TERROR,
Cineplanet Florida Center,La Guerra de los Últimos,2026-08-31,22:00,2D,subtitulada,118,,,https://www.cineplanet.cl/peliculas/la-guerra-de-los-ltimos,"En un mundo postapocalíptico, un virus aniquila a prácticamente toda la humanidad. Los supervivientes se enfrentan a unos carroñeros errantes llamados ""Segadores"". El protagonista, Hig, un piloto, sobrevivió a la gripe pero perdió a su mujer. Adaptación de la aclamada novela ""La constelación del perro"", de Peter Heller.",https://www.youtube.com/embed/JZHY6oGCO58,CIENCIA FICCION,
Cineplanet Florida Center,Spider-Man: Un Nuevo Día,2026-08-31,22:10,2D,doblada,145,TE +7,,https://www.cineplanet.cl/peliculas/spider-man-un-nuevo-dia,"Han pasado cuatro años desde los acontecimientos de No Way Home, y Peter es ahora un adulto que vive completamente solo, habiéndose borrado voluntariamente de las vidas y recuerdos de aquellos a quienes ama. Lucha contra el crimen en un Nueva York que ya no conoce su nombre, se ha dedicado por completo a proteger su ciudad -un Spider-Man de tiempo completo- pero a medida que las exigencias sobre él se intensifican, la presión desata una sorprendente evolución física que amenaza su existencia, aun cuando un nuevo y extraño patrón de crímenes da lugar a una de las amenazas más poderosas que jamás haya enfrentado.",https://www.youtube.com/embed/3B1_P2h7v2k,ACCION,
Cineplanet Florida Center,El Final de la Calle Oak,2026-08-31,22:20,2D,doblada,99,+14,,https://www.cineplanet.cl/peliculas/el-final-de-la-calle-oak,"Después de que un misterioso fenómeno cósmico arranque Oak Street de su entorno suburbano y transporte a sus habitantes a un lugar desconocido, la familia Platt pronto descubre que su propia supervivencia depende de que permanezcan unidos mientras se orientan en un entorno que ya no reconocen.",https://www.youtube.com/embed/kdrry0xfHzA,CIENCIA FICCION,
Cineplanet Florida Center,La noche del demonio: Están entre nosotros,2026-08-31,22:40,2D,doblada,106,+14,,https://www.cineplanet.cl/peliculas/la-noche-del-demonio-estn-entre-nosotros,"Gemma, una joven madre que cría a su hija en la casa en la que creció, descubre que puede viajar a The Further, donde posee la capacidad de traer lo que allí vive de vuelta al mundo real.",https://www.youtube.com/embed/fuxeEUqCNac,TERROR,
Cineplanet Florida Center,Toy Story 5,2026-09-01,13:05,2D,doblada,102,TE,,https://www.cineplanet.cl/peliculas/toy-story-5,"Los juguetes están de vuelta. Esta vez, Buzz Lightyear, Woody, Jessie y el resto de la pandilla se enfrentan a un nuevo reto cuando conocen a Lilypad, una nueva tablet que llega con sus propias ideas disruptivas sobre lo que es mejor para Bonnie. ¿Volverá a ser lo mismo la hora de jugar?",https://www.youtube.com/embed/s_qpMMkvHYE,ANIMACION,
Cineplanet Florida Center,La noche del demonio: Están entre nosotros,2026-09-01,13:20,2D,doblada,106,+14,,https://www.cineplanet.cl/peliculas/la-noche-del-demonio-estn-entre-nosotros,"Gemma, una joven madre que cría a su hija en la casa en la que creció, descubre que puede viajar a The Further, donde posee la capacidad de traer lo que allí vive de vuelta al mundo real.",https://www.youtube.com/embed/fuxeEUqCNac,TERROR,
Cineplanet Florida Center,Spider-Man: Un Nuevo Día,2026-09-01,13:30,2D,doblada,145,TE +7,,https://www.cineplanet.cl/peliculas/spider-man-un-nuevo-dia,"Han pasado cuatro años desde los acontecimientos de No Way Home, y Peter es ahora un adulto que vive completamente solo, habiéndose borrado voluntariamente de las vidas y recuerdos de aquellos a quienes ama. Lucha contra el crimen en un Nueva York que ya no conoce su nombre, se ha dedicado por completo a proteger su ciudad -un Spider-Man de tiempo completo- pero a medida que las exigencias sobre él se intensifican, la presión desata una sorprendente evolución física que amenaza su existencia, aun cuando un nuevo y extraño patrón de crímenes da lugar a una de las amenazas más poderosas que jamás haya enfrentado.",https://www.youtube.com/embed/3B1_P2h7v2k,ACCION,
Cineplanet Florida Center,Juan Gabriel: Mi Primer Bellas Artes,2026-09-01,13:40,2D,doblada,110,TE +7,,https://www.cineplanet.cl/peliculas/juan-gabriel-mi-primer-bellas-artes,"Versión Sing Along. El concierto más icónico de México llega a la pantalla grande. A partir del 28 de agosto, con motivo del 10º aniversario luctuoso de Juan Gabriel, disfruta del histórico primer concierto de Juan Gabriel en el Palacio de Bellas Artes en 1990, una noche que transformó para siempre la música en México.",https://www.youtube.com/embed/zq9V3eaio2Y,CONCIERTO,
Cineplanet Florida Center,Coyote vs ACME,2026-09-01,13:45,PRIME,doblada,103,TE,,https://www.cineplanet.cl/peliculas/coyote-vs-acme,"Después de que todos los productos fabricados por ACME Corporation le salgan mal a Wile E. Coyote, en su persecución del Correcaminos, contrata a un abogado humano igualmente desafortunado para demandar a la empresa. Cuando el abogado de Wile E. descubre que el intimidante jefe de su antiguo bufete es el director general de ACME, se une a Wile E. para ganar el juicio contra él.",https://www.youtube.com/embed/V_ueAlyvn6A,FAMILIAR,
Cineplanet Florida Center,Harry Potter y la piedra filosofal (2001),2026-09-01,13:50,2D,doblada,166,TE +7,,https://www.cineplanet.cl/peliculas/harry-potter-y-la-piedra-filosofal-2001,"El día en que cumple once años, Harry Potter se entera de que es hijo de dos destacados hechiceros, de los que ha heredado poderes mágicos. En la escuela Hogwarts de Magia y Hechicería, donde se educa con otros niños que también tienen poderes especiales, aprenderá todo lo necesario para ser mago.",,AVENTURA,
Cineplanet Florida Center,La Odisea,2026-09-01,14:00,2D,doblada,172,+14,,https://www.cineplanet.cl/peliculas/la-odisea,"La siguiente película de Christopher Nolan, La Odisea, es una película de acción épica filmada alrededor del mundo usando nueva tecnología IMAX. La película lleva la saga fundamental de Homero a las pantallas IMAX por primera vez y estrena en cines en julio de 2026.",https://www.youtube.com/embed/8un_UztYsw0,ACCION,
Cineplanet Florida Center,PAW Patrol: La Dino Película,2026-09-01,14:10,2D,doblada,88,TE,,https://www.cineplanet.cl/peliculas/paw-patrol-la-dino-pelcula,"Después de que su barco quedara atrapado en una misteriosa tormenta, los cachorros de la Patrulla Canina aterrizan de emergencia en una isla tropical inexplorada llena de dinosaurios. Allí conocen a Rex, un cachorro que lleva años abandonado en la isla y se ha convertido en un experto en todo lo relacionado con los dinosaurios. Cuando el archienemigo de la Patrulla Canina, el alcalde Humdinger, comienza a explotar minas de forma imprudente con la esperanza de saquear los recursos naturales de la isla, provoca sin querer la erupción de un enorme volcán inactivo.",,ANIMACION,
Cineplanet Florida Center,Papi Ricky: La película,2026-09-01,14:30,2D,doblada,104,TE +7,,https://www.cineplanet.cl/peliculas/papi-ricky-la-pelcula,"La película retoma la historia de Alicia, quien vuelve a Chile para presentar a su futuro esposo, un joven español hípster y excéntrico que representa la modernidad. Sin embargo, su llegada provoca un verdadero terremoto familiar: el choque con el conservador Papi Ricky y la irreverente Catrala hará que ambos padres dejen atrás antiguas diferencias para unirse en un objetivo común: impedir la boda de su hija.",https://www.youtube.com/embed/Nr17OlZAkBc,COMEDIA,
Cineplanet Florida Center,Coyote vs ACME,2026-09-01,14:40,2D,doblada,103,TE,,https://www.cineplanet.cl/peliculas/coyote-vs-acme,"Después de que todos los productos fabricados por ACME Corporation le salgan mal a Wile E. Coyote, en su persecución del Correcaminos, contrata a un abogado humano igualmente desafortunado para demandar a la empresa. Cuando el abogado de Wile E. descubre que el intimidante jefe de su antiguo bufete es el director general de ACME, se une a Wile E. para ganar el juicio contra él.",https://www.youtube.com/embed/V_ueAlyvn6A,FAMILIAR,
Cineplanet Florida Center,Papi Ricky: La película,2026-09-01,15:00,PRIME,doblada,104,TE +7,,https://www.cineplanet.cl/peliculas/papi-ricky-la-pelcula,"La película retoma la historia de Alicia, quien vuelve a Chile para presentar a su futuro esposo, un joven español hípster y excéntrico que representa la modernidad. Sin embargo, su llegada provoca un verdadero terremoto familiar: el choque con el conservador Papi Ricky y la irreverente Catrala hará que ambos padres dejen atrás antiguas diferencias para unirse en un objetivo común: impedir la boda de su hija.",https://www.youtube.com/embed/Nr17OlZAkBc,COMEDIA,
Cineplanet Florida Center,Spider-Man: Un Nuevo Día,2026-09-01,15:10,2D,doblada,145,TE +7,,https://www.cineplanet.cl/peliculas/spider-man-un-nuevo-dia,"Han pasado cuatro años desde los acontecimientos de No Way Home, y Peter es ahora un adulto que vive completamente solo, habiéndose borrado voluntariamente de las vidas y recuerdos de aquellos a quienes ama. Lucha contra el crimen en un Nueva York que ya no conoce su nombre, se ha dedicado por completo a proteger su ciudad -un Spider-Man de tiempo completo- pero a medida que las exigencias sobre él se intensifican, la presión desata una sorprendente evolución física que amenaza su existencia, aun cuando un nuevo y extraño patrón de crímenes da lugar a una de las amenazas más poderosas que jamás haya enfrentado.",https://www.youtube.com/embed/3B1_P2h7v2k,ACCION,
Cineplanet Florida Center,Toy Story 5,2026-09-01,15:20,2D,doblada,102,TE,,https://www.cineplanet.cl/peliculas/toy-story-5,"Los juguetes están de vuelta. Esta vez, Buzz Lightyear, Woody, Jessie y el resto de la pandilla se enfrentan a un nuevo reto cuando conocen a Lilypad, una nueva tablet que llega con sus propias ideas disruptivas sobre lo que es mejor para Bonnie. ¿Volverá a ser lo mismo la hora de jugar?",https://www.youtube.com/embed/s_qpMMkvHYE,ANIMACION,
Cineplanet Florida Center,La noche del demonio: Están entre nosotros,2026-09-01,15:40,2D,doblada,106,+14,,https://www.cineplanet.cl/peliculas/la-noche-del-demonio-estn-entre-nosotros,"Gemma, una joven madre que cría a su hija en la casa en la que creció, descubre que puede viajar a The Further, donde posee la capacidad de traer lo que allí vive de vuelta al mundo real.",https://www.youtube.com/embed/fuxeEUqCNac,TERROR,
Cineplanet Florida Center,Juan Gabriel: Mi Primer Bellas Artes,2026-09-01,16:00,2D,doblada,110,TE +7,,https://www.cineplanet.cl/peliculas/juan-gabriel-mi-primer-bellas-artes,"Versión Sing Along. El concierto más icónico de México llega a la pantalla grande. A partir del 28 de agosto, con motivo del 10º aniversario luctuoso de Juan Gabriel, disfruta del histórico primer concierto de Juan Gabriel en el Palacio de Bellas Artes en 1990, una noche que transformó para siempre la música en México.",https://www.youtube.com/embed/zq9V3eaio2Y,CONCIERTO,
Cineplanet Florida Center,Spider-Man: Un Nuevo Día,2026-09-01,16:10,2D,doblada,145,TE +7,,https://www.cineplanet.cl/peliculas/spider-man-un-nuevo-dia,"Han pasado cuatro años desde los acontecimientos de No Way Home, y Peter es ahora un adulto que vive completamente solo, habiéndose borrado voluntariamente de las vidas y recuerdos de aquellos a quienes ama. Lucha contra el crimen en un Nueva York que ya no conoce su nombre, se ha dedicado por completo a proteger su ciudad -un Spider-Man de tiempo completo- pero a medida que las exigencias sobre él se intensifican, la presión desata una sorprendente evolución física que amenaza su existencia, aun cuando un nuevo y extraño patrón de crímenes da lugar a una de las amenazas más poderosas que jamás haya enfrentado.",https://www.youtube.com/embed/3B1_P2h7v2k,ACCION,
Cineplanet Florida Center,Coyote vs ACME,2026-09-01,16:15,PRIME,doblada,103,TE,,https://www.cineplanet.cl/peliculas/coyote-vs-acme,"Después de que todos los productos fabricados por ACME Corporation le salgan mal a Wile E. Coyote, en su persecución del Correcaminos, contrata a un abogado humano igualmente desafortunado para demandar a la empresa. Cuando el abogado de Wile E. descubre que el intimidante jefe de su antiguo bufete es el director general de ACME, se une a Wile E. para ganar el juicio contra él.",https://www.youtube.com/embed/V_ueAlyvn6A,FAMILIAR,
Cineplanet Florida Center,Papi Ricky: La película,2026-09-01,16:40,2D,doblada,104,TE +7,,https://www.cineplanet.cl/peliculas/papi-ricky-la-pelcula,"La película retoma la historia de Alicia, quien vuelve a Chile para presentar a su futuro esposo, un joven español hípster y excéntrico que representa la modernidad. Sin embargo, su llegada provoca un verdadero terremoto familiar: el choque con el conservador Papi Ricky y la irreverente Catrala hará que ambos padres dejen atrás antiguas diferencias para unirse en un objetivo común: impedir la boda de su hija.",https://www.youtube.com/embed/Nr17OlZAkBc,COMEDIA,
Cineplanet Florida Center,Coyote vs ACME,2026-09-01,17:00,2D,doblada,103,TE,,https://www.cineplanet.cl/peliculas/coyote-vs-acme,"Después de que todos los productos fabricados por ACME Corporation le salgan mal a Wile E. Coyote, en su persecución del Correcaminos, contrata a un abogado humano igualmente desafortunado para demandar a la empresa. Cuando el abogado de Wile E. descubre que el intimidante jefe de su antiguo bufete es el director general de ACME, se une a Wile E. para ganar el juicio contra él.",https://www.youtube.com/embed/V_ueAlyvn6A,FAMILIAR,
Cineplanet Florida Center,La Guerra de los Últimos,2026-09-01,17:00,2D,doblada,118,,,https://www.cineplanet.cl/peliculas/la-guerra-de-los-ltimos,"En un mundo postapocalíptico, un virus aniquila a prácticamente toda la humanidad. Los supervivientes se enfrentan a unos carroñeros errantes llamados ""Segadores"". El protagonista, Hig, un piloto, sobrevivió a la gripe pero perdió a su mujer. Adaptación de la aclamada novela ""La constelación del perro"", de Peter Heller.",https://www.youtube.com/embed/JZHY6oGCO58,CIENCIA FICCION,
Cineplanet Florida Center,Harry Potter y la piedra filosofal (2001),2026-09-01,17:10,2D,subtitulada,166,TE +7,,https://www.cineplanet.cl/peliculas/harry-potter-y-la-piedra-filosofal-2001,"El día en que cumple once años, Harry Potter se entera de que es hijo de dos destacados hechiceros, de los que ha heredado poderes mágicos. En la escuela Hogwarts de Magia y Hechicería, donde se educa con otros niños que también tienen poderes especiales, aprenderá todo lo necesario para ser mago.",,AVENTURA,
Cineplanet Florida Center,Juan Gabriel: Mi Primer Bellas Artes,2026-09-01,17:20,PRIME,doblada,110,TE +7,,https://www.cineplanet.cl/peliculas/juan-gabriel-mi-primer-bellas-artes,"Versión Sing Along. El concierto más icónico de México llega a la pantalla grande. A partir del 28 de agosto, con motivo del 10º aniversario luctuoso de Juan Gabriel, disfruta del histórico primer concierto de Juan Gabriel en el Palacio de Bellas Artes en 1990, una noche que transformó para siempre la música en México.",https://www.youtube.com/embed/zq9V3eaio2Y,CONCIERTO,
Cineplanet Florida Center,La Odisea,2026-09-01,17:30,2D,doblada,172,+14,,https://www.cineplanet.cl/peliculas/la-odisea,"La siguiente película de Christopher Nolan, La Odisea, es una película de acción épica filmada alrededor del mundo usando nueva tecnología IMAX. La película lleva la saga fundamental de Homero a las pantallas IMAX por primera vez y estrena en cines en julio de 2026.",https://www.youtube.com/embed/8un_UztYsw0,ACCION,
Cineplanet Florida Center,El Final de la Calle Oak,2026-09-01,17:40,2D,doblada,99,+14,,https://www.cineplanet.cl/peliculas/el-final-de-la-calle-oak,"Después de que un misterioso fenómeno cósmico arranque Oak Street de su entorno suburbano y transporte a sus habitantes a un lugar desconocido, la familia Platt pronto descubre que su propia supervivencia depende de que permanezcan unidos mientras se orientan en un entorno que ya no reconocen.",https://www.youtube.com/embed/kdrry0xfHzA,CIENCIA FICCION,
Cineplanet Florida Center,La noche del demonio: Están entre nosotros,2026-09-01,18:00,2D,doblada,106,+14,,https://www.cineplanet.cl/peliculas/la-noche-del-demonio-estn-entre-nosotros,"Gemma, una joven madre que cría a su hija en la casa en la que creció, descubre que puede viajar a The Further, donde posee la capacidad de traer lo que allí vive de vuelta al mundo real.",https://www.youtube.com/embed/fuxeEUqCNac,TERROR,
Cineplanet Florida Center,Spider-Man: Un Nuevo Día,2026-09-01,18:10,2D,doblada,145,TE +7,,https://www.cineplanet.cl/peliculas/spider-man-un-nuevo-dia,"Han pasado cuatro años desde los acontecimientos de No Way Home, y Peter es ahora un adulto que vive completamente solo, habiéndose borrado voluntariamente de las vidas y recuerdos de aquellos a quienes ama. Lucha contra el crimen en un Nueva York que ya no conoce su nombre, se ha dedicado por completo a proteger su ciudad -un Spider-Man de tiempo completo- pero a medida que las exigencias sobre él se intensifican, la presión desata una sorprendente evolución física que amenaza su existencia, aun cuando un nuevo y extraño patrón de crímenes da lugar a una de las amenazas más poderosas que jamás haya enfrentado.",https://www.youtube.com/embed/3B1_P2h7v2k,ACCION,
Cineplanet Florida Center,Juan Gabriel: Mi Primer Bellas Artes,2026-09-01,18:20,2D,doblada,110,TE +7,,https://www.cineplanet.cl/peliculas/juan-gabriel-mi-primer-bellas-artes,"Versión Sing Along. El concierto más icónico de México llega a la pantalla grande. A partir del 28 de agosto, con motivo del 10º aniversario luctuoso de Juan Gabriel, disfruta del histórico primer concierto de Juan Gabriel en el Palacio de Bellas Artes en 1990, una noche que transformó para siempre la música en México.",https://www.youtube.com/embed/zq9V3eaio2Y,CONCIERTO,
Cineplanet Florida Center,Coyote vs ACME,2026-09-01,18:30,PRIME,subtitulada,103,TE,,https://www.cineplanet.cl/peliculas/coyote-vs-acme,"Después de que todos los productos fabricados por ACME Corporation le salgan mal a Wile E. Coyote, en su persecución del Correcaminos, contrata a un abogado humano igualmente desafortunado para demandar a la empresa. Cuando el abogado de Wile E. descubre que el intimidante jefe de su antiguo bufete es el director general de ACME, se une a Wile E. para ganar el juicio contra él.",https://www.youtube.com/embed/V_ueAlyvn6A,FAMILIAR,
Cineplanet Florida Center,Papi Ricky: La película,2026-09-01,19:00,2D,doblada,104,TE +7,,https://www.cineplanet.cl/peliculas/papi-ricky-la-pelcula,"La película retoma la historia de Alicia, quien vuelve a Chile para presentar a su futuro esposo, un joven español hípster y excéntrico que representa la modernidad. Sin embargo, su llegada provoca un verdadero terremoto familiar: el choque con el conservador Papi Ricky y la irreverente Catrala hará que ambos padres dejen atrás antiguas diferencias para unirse en un objetivo común: impedir la boda de su hija.",https://www.youtube.com/embed/Nr17OlZAkBc,COMEDIA,
Cineplanet Florida Center,Spider-Man: Un Nuevo Día,2026-09-01,19:10,2D,doblada,145,TE +7,,https://www.cineplanet.cl/peliculas/spider-man-un-nuevo-dia,"Han pasado cuatro años desde los acontecimientos de No Way Home, y Peter es ahora un adulto que vive completamente solo, habiéndose borrado voluntariamente de las vidas y recuerdos de aquellos a quienes ama. Lucha contra el crimen en un Nueva York que ya no conoce su nombre, se ha dedicado por completo a proteger su ciudad -un Spider-Man de tiempo completo- pero a medida que las exigencias sobre él se intensifican, la presión desata una sorprendente evolución física que amenaza su existencia, aun cuando un nuevo y extraño patrón de crímenes da lugar a una de las amenazas más poderosas que jamás haya enfrentado.",https://www.youtube.com/embed/3B1_P2h7v2k,ACCION,
Cineplanet Florida Center,Coyote vs ACME,2026-09-01,19:20,2D,doblada,103,TE,,https://www.cineplanet.cl/peliculas/coyote-vs-acme,"Después de que todos los productos fabricados por ACME Corporation le salgan mal a Wile E. Coyote, en su persecución del Correcaminos, contrata a un abogado humano igualmente desafortunado para demandar a la empresa. Cuando el abogado de Wile E. descubre que el intimidante jefe de su antiguo bufete es el director general de ACME, se une a Wile E. para ganar el juicio contra él.",https://www.youtube.com/embed/V_ueAlyvn6A,FAMILIAR,
Cineplanet Florida Center,La Guerra de los Últimos,2026-09-01,19:30,2D,doblada,118,,,https://www.cineplanet.cl/peliculas/la-guerra-de-los-ltimos,"En un mundo postapocalíptico, un virus aniquila a prácticamente toda la humanidad. Los supervivientes se enfrentan a unos carroñeros errantes llamados ""Segadores"". El protagonista, Hig, un piloto, sobrevivió a la gripe pero perdió a su mujer. Adaptación de la aclamada novela ""La constelación del perro"", de Peter Heller.",https://www.youtube.com/embed/JZHY6oGCO58,CIENCIA FICCION,
Cineplanet Florida Center,La Odisea,2026-09-01,19:40,PRIME,doblada,172,+14,,https://www.cineplanet.cl/peliculas/la-odisea,"La siguiente película de Christopher Nolan, La Odisea, es una película de acción épica filmada alrededor del mundo usando nueva tecnología IMAX. La película lleva la saga fundamental de Homero a las pantallas IMAX por primera vez y estrena en cines en julio de 2026.",https://www.youtube.com/embed/8un_UztYsw0,ACCION,
Cineplanet Florida Center,El Final de la Calle Oak,2026-09-01,20:00,2D,doblada,99,+14,,https://www.cineplanet.cl/peliculas/el-final-de-la-calle-oak,"Después de que un misterioso fenómeno cósmico arranque Oak Street de su entorno suburbano y transporte a sus habitantes a un lugar desconocido, la familia Platt pronto descubre que su propia supervivencia depende de que permanezcan unidos mientras se orientan en un entorno que ya no reconocen.",https://www.youtube.com/embed/kdrry0xfHzA,CIENCIA FICCION,
Cineplanet Florida Center,La noche del demonio: Están entre nosotros,2026-09-01,20:20,2D,doblada,106,+14,,https://www.cineplanet.cl/peliculas/la-noche-del-demonio-estn-entre-nosotros,"Gemma, una joven madre que cría a su hija en la casa en la que creció, descubre que puede viajar a The Further, donde posee la capacidad de traer lo que allí vive de vuelta al mundo real.",https://www.youtube.com/embed/fuxeEUqCNac,TERROR,
Cineplanet Florida Center,Harry Potter y la piedra filosofal (2001),2026-09-01,20:30,2D,doblada,166,TE +7,,https://www.cineplanet.cl/peliculas/harry-potter-y-la-piedra-filosofal-2001,"El día en que cumple once años, Harry Potter se entera de que es hijo de dos destacados hechiceros, de los que ha heredado poderes mágicos. En la escuela Hogwarts de Magia y Hechicería, donde se educa con otros niños que también tienen poderes especiales, aprenderá todo lo necesario para ser mago.",,AVENTURA,
Cineplanet Florida Center,La Odisea,2026-09-01,20:40,2D,subtitulada,172,+14,,https://www.cineplanet.cl/peliculas/la-odisea,"La siguiente película de Christopher Nolan, La Odisea, es una película de acción épica filmada alrededor del mundo usando nueva tecnología IMAX. La película lleva la saga fundamental de Homero a las pantallas IMAX por primera vez y estrena en cines en julio de 2026.",https://www.youtube.com/embed/8un_UztYsw0,ACCION,
Cineplanet Florida Center,Juan Gabriel: Mi Primer Bellas Artes,2026-09-01,20:50,PRIME,doblada,110,TE +7,,https://www.cineplanet.cl/peliculas/juan-gabriel-mi-primer-bellas-artes,"Versión Sing Along. El concierto más icónico de México llega a la pantalla grande. A partir del 28 de agosto, con motivo del 10º aniversario luctuoso de Juan Gabriel, disfruta del histórico primer concierto de Juan Gabriel en el Palacio de Bellas Artes en 1990, una noche que transformó para siempre la música en México.",https://www.youtube.com/embed/zq9V3eaio2Y,CONCIERTO,
Cineplanet Florida Center,Coyote vs ACME,2026-09-01,21:00,2D,doblada,103,TE,,https://www.cineplanet.cl/peliculas/coyote-vs-acme,"Después de que todos los productos fabricados por ACME Corporation le salgan mal a Wile E. Coyote, en su persecución del Correcaminos, contrata a un abogado humano igualmente desafortunado para demandar a la empresa. Cuando el abogado de Wile E. descubre que el intimidante jefe de su antiguo bufete es el director general de ACME, se une a Wile E. para ganar el juicio contra él.",https://www.youtube.com/embed/V_ueAlyvn6A,FAMILIAR,
Cineplanet Florida Center,Spider-Man: Un Nuevo Día,2026-09-01,21:10,2D,doblada,145,TE +7,,https://www.cineplanet.cl/peliculas/spider-man-un-nuevo-dia,"Han pasado cuatro años desde los acontecimientos de No Way Home, y Peter es ahora un adulto que vive completamente solo, habiéndose borrado voluntariamente de las vidas y recuerdos de aquellos a quienes ama. Lucha contra el crimen en un Nueva York que ya no conoce su nombre, se ha dedicado por completo a proteger su ciudad -un Spider-Man de tiempo completo- pero a medida que las exigencias sobre él se intensifican, la presión desata una sorprendente evolución física que amenaza su existencia, aun cuando un nuevo y extraño patrón de crímenes da lugar a una de las amenazas más poderosas que jamás haya enfrentado.",https://www.youtube.com/embed/3B1_P2h7v2k,ACCION,
Cineplanet Florida Center,Papi Ricky: La película,2026-09-01,21:20,2D,doblada,104,TE +7,,https://www.cineplanet.cl/peliculas/papi-ricky-la-pelcula,"La película retoma la historia de Alicia, quien vuelve a Chile para presentar a su futuro esposo, un joven español hípster y excéntrico que representa la modernidad. Sin embargo, su llegada provoca un verdadero terremoto familiar: el choque con el conservador Papi Ricky y la irreverente Catrala hará que ambos padres dejen atrás antiguas diferencias para unirse en un objetivo común: impedir la boda de su hija.",https://www.youtube.com/embed/Nr17OlZAkBc,COMEDIA,
Cineplanet Florida Center,La noche del demonio: Están entre nosotros,2026-09-01,21:40,2D,subtitulada,106,+14,,https://www.cineplanet.cl/peliculas/la-noche-del-demonio-estn-entre-nosotros,"Gemma, una joven madre que cría a su hija en la casa en la que creció, descubre que puede viajar a The Further, donde posee la capacidad de traer lo que allí vive de vuelta al mundo real.",https://www.youtube.com/embed/fuxeEUqCNac,TERROR,
Cineplanet Florida Center,La Guerra de los Últimos,2026-09-01,22:00,2D,subtitulada,118,,,https://www.cineplanet.cl/peliculas/la-guerra-de-los-ltimos,"En un mundo postapocalíptico, un virus aniquila a prácticamente toda la humanidad. Los supervivientes se enfrentan a unos carroñeros errantes llamados ""Segadores"". El protagonista, Hig, un piloto, sobrevivió a la gripe pero perdió a su mujer. Adaptación de la aclamada novela ""La constelación del perro"", de Peter Heller.",https://www.youtube.com/embed/JZHY6oGCO58,CIENCIA FICCION,
Cineplanet Florida Center,Spider-Man: Un Nuevo Día,2026-09-01,22:10,2D,doblada,145,TE +7,,https://www.cineplanet.cl/peliculas/spider-man-un-nuevo-dia,"Han pasado cuatro años desde los acontecimientos de No Way Home, y Peter es ahora un adulto que vive completamente solo, habiéndose borrado voluntariamente de las vidas y recuerdos de aquellos a quienes ama. Lucha contra el crimen en un Nueva York que ya no conoce su nombre, se ha dedicado por completo a proteger su ciudad -un Spider-Man de tiempo completo- pero a medida que las exigencias sobre él se intensifican, la presión desata una sorprendente evolución física que amenaza su existencia, aun cuando un nuevo y extraño patrón de crímenes da lugar a una de las amenazas más poderosas que jamás haya enfrentado.",https://www.youtube.com/embed/3B1_P2h7v2k,ACCION,
Cineplanet Florida Center,El Final de la Calle Oak,2026-09-01,22:20,2D,doblada,99,+14,,https://www.cineplanet.cl/peliculas/el-final-de-la-calle-oak,"Después de que un misterioso fenómeno cósmico arranque Oak Street de su entorno suburbano y transporte a sus habitantes a un lugar desconocido, la familia Platt pronto descubre que su propia supervivencia depende de que permanezcan unidos mientras se orientan en un entorno que ya no reconocen.",https://www.youtube.com/embed/kdrry0xfHzA,CIENCIA FICCION,
Cineplanet Florida Center,La noche del demonio: Están entre nosotros,2026-09-01,22:40,2D,doblada,106,+14,,https://www.cineplanet.cl/peliculas/la-noche-del-demonio-estn-entre-nosotros,"Gemma, una joven madre que cría a su hija en la casa en la que creció, descubre que puede viajar a The Further, donde posee la capacidad de traer lo que allí vive de vuelta al mundo real.",https://www.youtube.com/embed/fuxeEUqCNac,TERROR,
Cineplanet Florida Center,Toy Story 5,2026-09-02,13:05,2D,doblada,102,TE,,https://www.cineplanet.cl/peliculas/toy-story-5,"Los juguetes están de vuelta. Esta vez, Buzz Lightyear, Woody, Jessie y el resto de la pandilla se enfrentan a un nuevo reto cuando conocen a Lilypad, una nueva tablet que llega con sus propias ideas disruptivas sobre lo que es mejor para Bonnie. ¿Volverá a ser lo mismo la hora de jugar?",https://www.youtube.com/embed/s_qpMMkvHYE,ANIMACION,
Cineplanet Florida Center,La noche del demonio: Están entre nosotros,2026-09-02,13:20,2D,doblada,106,+14,,https://www.cineplanet.cl/peliculas/la-noche-del-demonio-estn-entre-nosotros,"Gemma, una joven madre que cría a su hija en la casa en la que creció, descubre que puede viajar a The Further, donde posee la capacidad de traer lo que allí vive de vuelta al mundo real.",https://www.youtube.com/embed/fuxeEUqCNac,TERROR,
Cineplanet Florida Center,Spider-Man: Un Nuevo Día,2026-09-02,13:30,2D,doblada,145,TE +7,,https://www.cineplanet.cl/peliculas/spider-man-un-nuevo-dia,"Han pasado cuatro años desde los acontecimientos de No Way Home, y Peter es ahora un adulto que vive completamente solo, habiéndose borrado voluntariamente de las vidas y recuerdos de aquellos a quienes ama. Lucha contra el crimen en un Nueva York que ya no conoce su nombre, se ha dedicado por completo a proteger su ciudad -un Spider-Man de tiempo completo- pero a medida que las exigencias sobre él se intensifican, la presión desata una sorprendente evolución física que amenaza su existencia, aun cuando un nuevo y extraño patrón de crímenes da lugar a una de las amenazas más poderosas que jamás haya enfrentado.",https://www.youtube.com/embed/3B1_P2h7v2k,ACCION,
Cineplanet Florida Center,Juan Gabriel: Mi Primer Bellas Artes,2026-09-02,13:40,2D,doblada,110,TE +7,,https://www.cineplanet.cl/peliculas/juan-gabriel-mi-primer-bellas-artes,"Versión Sing Along. El concierto más icónico de México llega a la pantalla grande. A partir del 28 de agosto, con motivo del 10º aniversario luctuoso de Juan Gabriel, disfruta del histórico primer concierto de Juan Gabriel en el Palacio de Bellas Artes en 1990, una noche que transformó para siempre la música en México.",https://www.youtube.com/embed/zq9V3eaio2Y,CONCIERTO,
Cineplanet Florida Center,Coyote vs ACME,2026-09-02,13:45,PRIME,doblada,103,TE,,https://www.cineplanet.cl/peliculas/coyote-vs-acme,"Después de que todos los productos fabricados por ACME Corporation le salgan mal a Wile E. Coyote, en su persecución del Correcaminos, contrata a un abogado humano igualmente desafortunado para demandar a la empresa. Cuando el abogado de Wile E. descubre que el intimidante jefe de su antiguo bufete es el director general de ACME, se une a Wile E. para ganar el juicio contra él.",https://www.youtube.com/embed/V_ueAlyvn6A,FAMILIAR,
Cineplanet Florida Center,Harry Potter y la piedra filosofal (2001),2026-09-02,13:50,2D,doblada,166,TE +7,,https://www.cineplanet.cl/peliculas/harry-potter-y-la-piedra-filosofal-2001,"El día en que cumple once años, Harry Potter se entera de que es hijo de dos destacados hechiceros, de los que ha heredado poderes mágicos. En la escuela Hogwarts de Magia y Hechicería, donde se educa con otros niños que también tienen poderes especiales, aprenderá todo lo necesario para ser mago.",,AVENTURA,
Cineplanet Florida Center,La Odisea,2026-09-02,14:00,2D,doblada,172,+14,,https://www.cineplanet.cl/peliculas/la-odisea,"La siguiente película de Christopher Nolan, La Odisea, es una película de acción épica filmada alrededor del mundo usando nueva tecnología IMAX. La película lleva la saga fundamental de Homero a las pantallas IMAX por primera vez y estrena en cines en julio de 2026.",https://www.youtube.com/embed/8un_UztYsw0,ACCION,
Cineplanet Florida Center,PAW Patrol: La Dino Película,2026-09-02,14:10,2D,doblada,88,TE,,https://www.cineplanet.cl/peliculas/paw-patrol-la-dino-pelcula,"Después de que su barco quedara atrapado en una misteriosa tormenta, los cachorros de la Patrulla Canina aterrizan de emergencia en una isla tropical inexplorada llena de dinosaurios. Allí conocen a Rex, un cachorro que lleva años abandonado en la isla y se ha convertido en un experto en todo lo relacionado con los dinosaurios. Cuando el archienemigo de la Patrulla Canina, el alcalde Humdinger, comienza a explotar minas de forma imprudente con la esperanza de saquear los recursos naturales de la isla, provoca sin querer la erupción de un enorme volcán inactivo.",,ANIMACION,
Cineplanet Florida Center,Papi Ricky: La película,2026-09-02,14:30,2D,doblada,104,TE +7,,https://www.cineplanet.cl/peliculas/papi-ricky-la-pelcula,"La película retoma la historia de Alicia, quien vuelve a Chile para presentar a su futuro esposo, un joven español hípster y excéntrico que representa la modernidad. Sin embargo, su llegada provoca un verdadero terremoto familiar: el choque con el conservador Papi Ricky y la irreverente Catrala hará que ambos padres dejen atrás antiguas diferencias para unirse en un objetivo común: impedir la boda de su hija.",https://www.youtube.com/embed/Nr17OlZAkBc,COMEDIA,
Cineplanet Florida Center,Coyote vs ACME,2026-09-02,14:40,2D,doblada,103,TE,,https://www.cineplanet.cl/peliculas/coyote-vs-acme,"Después de que todos los productos fabricados por ACME Corporation le salgan mal a Wile E. Coyote, en su persecución del Correcaminos, contrata a un abogado humano igualmente desafortunado para demandar a la empresa. Cuando el abogado de Wile E. descubre que el intimidante jefe de su antiguo bufete es el director general de ACME, se une a Wile E. para ganar el juicio contra él.",https://www.youtube.com/embed/V_ueAlyvn6A,FAMILIAR,
Cineplanet Florida Center,Papi Ricky: La película,2026-09-02,15:00,PRIME,doblada,104,TE +7,,https://www.cineplanet.cl/peliculas/papi-ricky-la-pelcula,"La película retoma la historia de Alicia, quien vuelve a Chile para presentar a su futuro esposo, un joven español hípster y excéntrico que representa la modernidad. Sin embargo, su llegada provoca un verdadero terremoto familiar: el choque con el conservador Papi Ricky y la irreverente Catrala hará que ambos padres dejen atrás antiguas diferencias para unirse en un objetivo común: impedir la boda de su hija.",https://www.youtube.com/embed/Nr17OlZAkBc,COMEDIA,
Cineplanet Florida Center,Spider-Man: Un Nuevo Día,2026-09-02,15:10,2D,doblada,145,TE +7,,https://www.cineplanet.cl/peliculas/spider-man-un-nuevo-dia,"Han pasado cuatro años desde los acontecimientos de No Way Home, y Peter es ahora un adulto que vive completamente solo, habiéndose borrado voluntariamente de las vidas y recuerdos de aquellos a quienes ama. Lucha contra el crimen en un Nueva York que ya no conoce su nombre, se ha dedicado por completo a proteger su ciudad -un Spider-Man de tiempo completo- pero a medida que las exigencias sobre él se intensifican, la presión desata una sorprendente evolución física que amenaza su existencia, aun cuando un nuevo y extraño patrón de crímenes da lugar a una de las amenazas más poderosas que jamás haya enfrentado.",https://www.youtube.com/embed/3B1_P2h7v2k,ACCION,
Cineplanet Florida Center,Toy Story 5,2026-09-02,15:20,2D,doblada,102,TE,,https://www.cineplanet.cl/peliculas/toy-story-5,"Los juguetes están de vuelta. Esta vez, Buzz Lightyear, Woody, Jessie y el resto de la pandilla se enfrentan a un nuevo reto cuando conocen a Lilypad, una nueva tablet que llega con sus propias ideas disruptivas sobre lo que es mejor para Bonnie. ¿Volverá a ser lo mismo la hora de jugar?",https://www.youtube.com/embed/s_qpMMkvHYE,ANIMACION,
Cineplanet Florida Center,La noche del demonio: Están entre nosotros,2026-09-02,15:40,2D,doblada,106,+14,,https://www.cineplanet.cl/peliculas/la-noche-del-demonio-estn-entre-nosotros,"Gemma, una joven madre que cría a su hija en la casa en la que creció, descubre que puede viajar a The Further, donde posee la capacidad de traer lo que allí vive de vuelta al mundo real.",https://www.youtube.com/embed/fuxeEUqCNac,TERROR,
Cineplanet Florida Center,Juan Gabriel: Mi Primer Bellas Artes,2026-09-02,16:00,2D,doblada,110,TE +7,,https://www.cineplanet.cl/peliculas/juan-gabriel-mi-primer-bellas-artes,"Versión Sing Along. El concierto más icónico de México llega a la pantalla grande. A partir del 28 de agosto, con motivo del 10º aniversario luctuoso de Juan Gabriel, disfruta del histórico primer concierto de Juan Gabriel en el Palacio de Bellas Artes en 1990, una noche que transformó para siempre la música en México.",https://www.youtube.com/embed/zq9V3eaio2Y,CONCIERTO,
Cineplanet Florida Center,Spider-Man: Un Nuevo Día,2026-09-02,16:10,2D,doblada,145,TE +7,,https://www.cineplanet.cl/peliculas/spider-man-un-nuevo-dia,"Han pasado cuatro años desde los acontecimientos de No Way Home, y Peter es ahora un adulto que vive completamente solo, habiéndose borrado voluntariamente de las vidas y recuerdos de aquellos a quienes ama. Lucha contra el crimen en un Nueva York que ya no conoce su nombre, se ha dedicado por completo a proteger su ciudad -un Spider-Man de tiempo completo- pero a medida que las exigencias sobre él se intensifican, la presión desata una sorprendente evolución física que amenaza su existencia, aun cuando un nuevo y extraño patrón de crímenes da lugar a una de las amenazas más poderosas que jamás haya enfrentado.",https://www.youtube.com/embed/3B1_P2h7v2k,ACCION,
Cineplanet Florida Center,Coyote vs ACME,2026-09-02,16:15,PRIME,doblada,103,TE,,https://www.cineplanet.cl/peliculas/coyote-vs-acme,"Después de que todos los productos fabricados por ACME Corporation le salgan mal a Wile E. Coyote, en su persecución del Correcaminos, contrata a un abogado humano igualmente desafortunado para demandar a la empresa. Cuando el abogado de Wile E. descubre que el intimidante jefe de su antiguo bufete es el director general de ACME, se une a Wile E. para ganar el juicio contra él.",https://www.youtube.com/embed/V_ueAlyvn6A,FAMILIAR,
Cineplanet Florida Center,Papi Ricky: La película,2026-09-02,16:40,2D,doblada,104,TE +7,,https://www.cineplanet.cl/peliculas/papi-ricky-la-pelcula,"La película retoma la historia de Alicia, quien vuelve a Chile para presentar a su futuro esposo, un joven español hípster y excéntrico que representa la modernidad. Sin embargo, su llegada provoca un verdadero terremoto familiar: el choque con el conservador Papi Ricky y la irreverente Catrala hará que ambos padres dejen atrás antiguas diferencias para unirse en un objetivo común: impedir la boda de su hija.",https://www.youtube.com/embed/Nr17OlZAkBc,COMEDIA,
Cineplanet Florida Center,Coyote vs ACME,2026-09-02,17:00,2D,doblada,103,TE,,https://www.cineplanet.cl/peliculas/coyote-vs-acme,"Después de que todos los productos fabricados por ACME Corporation le salgan mal a Wile E. Coyote, en su persecución del Correcaminos, contrata a un abogado humano igualmente desafortunado para demandar a la empresa. Cuando el abogado de Wile E. descubre que el intimidante jefe de su antiguo bufete es el director general de ACME, se une a Wile E. para ganar el juicio contra él.",https://www.youtube.com/embed/V_ueAlyvn6A,FAMILIAR,
Cineplanet Florida Center,La Guerra de los Últimos,2026-09-02,17:00,2D,doblada,118,,,https://www.cineplanet.cl/peliculas/la-guerra-de-los-ltimos,"En un mundo postapocalíptico, un virus aniquila a prácticamente toda la humanidad. Los supervivientes se enfrentan a unos carroñeros errantes llamados ""Segadores"". El protagonista, Hig, un piloto, sobrevivió a la gripe pero perdió a su mujer. Adaptación de la aclamada novela ""La constelación del perro"", de Peter Heller.",https://www.youtube.com/embed/JZHY6oGCO58,CIENCIA FICCION,
Cineplanet Florida Center,Harry Potter y la piedra filosofal (2001),2026-09-02,17:10,2D,subtitulada,166,TE +7,,https://www.cineplanet.cl/peliculas/harry-potter-y-la-piedra-filosofal-2001,"El día en que cumple once años, Harry Potter se entera de que es hijo de dos destacados hechiceros, de los que ha heredado poderes mágicos. En la escuela Hogwarts de Magia y Hechicería, donde se educa con otros niños que también tienen poderes especiales, aprenderá todo lo necesario para ser mago.",,AVENTURA,
Cineplanet Florida Center,Juan Gabriel: Mi Primer Bellas Artes,2026-09-02,17:20,PRIME,doblada,110,TE +7,,https://www.cineplanet.cl/peliculas/juan-gabriel-mi-primer-bellas-artes,"Versión Sing Along. El concierto más icónico de México llega a la pantalla grande. A partir del 28 de agosto, con motivo del 10º aniversario luctuoso de Juan Gabriel, disfruta del histórico primer concierto de Juan Gabriel en el Palacio de Bellas Artes en 1990, una noche que transformó para siempre la música en México.",https://www.youtube.com/embed/zq9V3eaio2Y,CONCIERTO,
Cineplanet Florida Center,La Odisea,2026-09-02,17:30,2D,doblada,172,+14,,https://www.cineplanet.cl/peliculas/la-odisea,"La siguiente película de Christopher Nolan, La Odisea, es una película de acción épica filmada alrededor del mundo usando nueva tecnología IMAX. La película lleva la saga fundamental de Homero a las pantallas IMAX por primera vez y estrena en cines en julio de 2026.",https://www.youtube.com/embed/8un_UztYsw0,ACCION,
Cineplanet Florida Center,El Final de la Calle Oak,2026-09-02,17:40,2D,doblada,99,+14,,https://www.cineplanet.cl/peliculas/el-final-de-la-calle-oak,"Después de que un misterioso fenómeno cósmico arranque Oak Street de su entorno suburbano y transporte a sus habitantes a un lugar desconocido, la familia Platt pronto descubre que su propia supervivencia depende de que permanezcan unidos mientras se orientan en un entorno que ya no reconocen.",https://www.youtube.com/embed/kdrry0xfHzA,CIENCIA FICCION,
Cineplanet Florida Center,La noche del demonio: Están entre nosotros,2026-09-02,18:00,2D,doblada,106,+14,,https://www.cineplanet.cl/peliculas/la-noche-del-demonio-estn-entre-nosotros,"Gemma, una joven madre que cría a su hija en la casa en la que creció, descubre que puede viajar a The Further, donde posee la capacidad de traer lo que allí vive de vuelta al mundo real.",https://www.youtube.com/embed/fuxeEUqCNac,TERROR,
Cineplanet Florida Center,Spider-Man: Un Nuevo Día,2026-09-02,18:10,2D,doblada,145,TE +7,,https://www.cineplanet.cl/peliculas/spider-man-un-nuevo-dia,"Han pasado cuatro años desde los acontecimientos de No Way Home, y Peter es ahora un adulto que vive completamente solo, habiéndose borrado voluntariamente de las vidas y recuerdos de aquellos a quienes ama. Lucha contra el crimen en un Nueva York que ya no conoce su nombre, se ha dedicado por completo a proteger su ciudad -un Spider-Man de tiempo completo- pero a medida que las exigencias sobre él se intensifican, la presión desata una sorprendente evolución física que amenaza su existencia, aun cuando un nuevo y extraño patrón de crímenes da lugar a una de las amenazas más poderosas que jamás haya enfrentado.",https://www.youtube.com/embed/3B1_P2h7v2k,ACCION,
Cineplanet Florida Center,Juan Gabriel: Mi Primer Bellas Artes,2026-09-02,18:20,2D,doblada,110,TE +7,,https://www.cineplanet.cl/peliculas/juan-gabriel-mi-primer-bellas-artes,"Versión Sing Along. El concierto más icónico de México llega a la pantalla grande. A partir del 28 de agosto, con motivo del 10º aniversario luctuoso de Juan Gabriel, disfruta del histórico primer concierto de Juan Gabriel en el Palacio de Bellas Artes en 1990, una noche que transformó para siempre la música en México.",https://www.youtube.com/embed/zq9V3eaio2Y,CONCIERTO,
Cineplanet Florida Center,Coyote vs ACME,2026-09-02,18:30,PRIME,subtitulada,103,TE,,https://www.cineplanet.cl/peliculas/coyote-vs-acme,"Después de que todos los productos fabricados por ACME Corporation le salgan mal a Wile E. Coyote, en su persecución del Correcaminos, contrata a un abogado humano igualmente desafortunado para demandar a la empresa. Cuando el abogado de Wile E. descubre que el intimidante jefe de su antiguo bufete es el director general de ACME, se une a Wile E. para ganar el juicio contra él.",https://www.youtube.com/embed/V_ueAlyvn6A,FAMILIAR,
Cineplanet Florida Center,Papi Ricky: La película,2026-09-02,19:00,2D,doblada,104,TE +7,,https://www.cineplanet.cl/peliculas/papi-ricky-la-pelcula,"La película retoma la historia de Alicia, quien vuelve a Chile para presentar a su futuro esposo, un joven español hípster y excéntrico que representa la modernidad. Sin embargo, su llegada provoca un verdadero terremoto familiar: el choque con el conservador Papi Ricky y la irreverente Catrala hará que ambos padres dejen atrás antiguas diferencias para unirse en un objetivo común: impedir la boda de su hija.",https://www.youtube.com/embed/Nr17OlZAkBc,COMEDIA,
Cineplanet Florida Center,Spider-Man: Un Nuevo Día,2026-09-02,19:10,2D,doblada,145,TE +7,,https://www.cineplanet.cl/peliculas/spider-man-un-nuevo-dia,"Han pasado cuatro años desde los acontecimientos de No Way Home, y Peter es ahora un adulto que vive completamente solo, habiéndose borrado voluntariamente de las vidas y recuerdos de aquellos a quienes ama. Lucha contra el crimen en un Nueva York que ya no conoce su nombre, se ha dedicado por completo a proteger su ciudad -un Spider-Man de tiempo completo- pero a medida que las exigencias sobre él se intensifican, la presión desata una sorprendente evolución física que amenaza su existencia, aun cuando un nuevo y extraño patrón de crímenes da lugar a una de las amenazas más poderosas que jamás haya enfrentado.",https://www.youtube.com/embed/3B1_P2h7v2k,ACCION,
Cineplanet Florida Center,Coyote vs ACME,2026-09-02,19:20,2D,doblada,103,TE,,https://www.cineplanet.cl/peliculas/coyote-vs-acme,"Después de que todos los productos fabricados por ACME Corporation le salgan mal a Wile E. Coyote, en su persecución del Correcaminos, contrata a un abogado humano igualmente desafortunado para demandar a la empresa. Cuando el abogado de Wile E. descubre que el intimidante jefe de su antiguo bufete es el director general de ACME, se une a Wile E. para ganar el juicio contra él.",https://www.youtube.com/embed/V_ueAlyvn6A,FAMILIAR,
Cineplanet Florida Center,La Guerra de los Últimos,2026-09-02,19:30,2D,doblada,118,,,https://www.cineplanet.cl/peliculas/la-guerra-de-los-ltimos,"En un mundo postapocalíptico, un virus aniquila a prácticamente toda la humanidad. Los supervivientes se enfrentan a unos carroñeros errantes llamados ""Segadores"". El protagonista, Hig, un piloto, sobrevivió a la gripe pero perdió a su mujer. Adaptación de la aclamada novela ""La constelación del perro"", de Peter Heller.",https://www.youtube.com/embed/JZHY6oGCO58,CIENCIA FICCION,
Cineplanet Florida Center,La Odisea,2026-09-02,19:40,PRIME,doblada,172,+14,,https://www.cineplanet.cl/peliculas/la-odisea,"La siguiente película de Christopher Nolan, La Odisea, es una película de acción épica filmada alrededor del mundo usando nueva tecnología IMAX. La película lleva la saga fundamental de Homero a las pantallas IMAX por primera vez y estrena en cines en julio de 2026.",https://www.youtube.com/embed/8un_UztYsw0,ACCION,
Cineplanet Florida Center,El Final de la Calle Oak,2026-09-02,20:00,2D,doblada,99,+14,,https://www.cineplanet.cl/peliculas/el-final-de-la-calle-oak,"Después de que un misterioso fenómeno cósmico arranque Oak Street de su entorno suburbano y transporte a sus habitantes a un lugar desconocido, la familia Platt pronto descubre que su propia supervivencia depende de que permanezcan unidos mientras se orientan en un entorno que ya no reconocen.",https://www.youtube.com/embed/kdrry0xfHzA,CIENCIA FICCION,
Cineplanet Florida Center,La noche del demonio: Están entre nosotros,2026-09-02,20:20,2D,doblada,106,+14,,https://www.cineplanet.cl/peliculas/la-noche-del-demonio-estn-entre-nosotros,"Gemma, una joven madre que cría a su hija en la casa en la que creció, descubre que puede viajar a The Further, donde posee la capacidad de traer lo que allí vive de vuelta al mundo real.",https://www.youtube.com/embed/fuxeEUqCNac,TERROR,
Cineplanet Florida Center,Harry Potter y la piedra filosofal (2001),2026-09-02,20:30,2D,doblada,166,TE +7,,https://www.cineplanet.cl/peliculas/harry-potter-y-la-piedra-filosofal-2001,"El día en que cumple once años, Harry Potter se entera de que es hijo de dos destacados hechiceros, de los que ha heredado poderes mágicos. En la escuela Hogwarts de Magia y Hechicería, donde se educa con otros niños que también tienen poderes especiales, aprenderá todo lo necesario para ser mago.",,AVENTURA,
Cineplanet Florida Center,La Odisea,2026-09-02,20:40,2D,subtitulada,172,+14,,https://www.cineplanet.cl/peliculas/la-odisea,"La siguiente película de Christopher Nolan, La Odisea, es una película de acción épica filmada alrededor del mundo usando nueva tecnología IMAX. La película lleva la saga fundamental de Homero a las pantallas IMAX por primera vez y estrena en cines en julio de 2026.",https://www.youtube.com/embed/8un_UztYsw0,ACCION,
Cineplanet Florida Center,Juan Gabriel: Mi Primer Bellas Artes,2026-09-02,20:50,PRIME,doblada,110,TE +7,,https://www.cineplanet.cl/peliculas/juan-gabriel-mi-primer-bellas-artes,"Versión Sing Along. El concierto más icónico de México llega a la pantalla grande. A partir del 28 de agosto, con motivo del 10º aniversario luctuoso de Juan Gabriel, disfruta del histórico primer concierto de Juan Gabriel en el Palacio de Bellas Artes en 1990, una noche que transformó para siempre la música en México.",https://www.youtube.com/embed/zq9V3eaio2Y,CONCIERTO,
Cineplanet Florida Center,Coyote vs ACME,2026-09-02,21:00,2D,doblada,103,TE,,https://www.cineplanet.cl/peliculas/coyote-vs-acme,"Después de que todos los productos fabricados por ACME Corporation le salgan mal a Wile E. Coyote, en su persecución del Correcaminos, contrata a un abogado humano igualmente desafortunado para demandar a la empresa. Cuando el abogado de Wile E. descubre que el intimidante jefe de su antiguo bufete es el director general de ACME, se une a Wile E. para ganar el juicio contra él.",https://www.youtube.com/embed/V_ueAlyvn6A,FAMILIAR,
Cineplanet Florida Center,Spider-Man: Un Nuevo Día,2026-09-02,21:10,2D,doblada,145,TE +7,,https://www.cineplanet.cl/peliculas/spider-man-un-nuevo-dia,"Han pasado cuatro años desde los acontecimientos de No Way Home, y Peter es ahora un adulto que vive completamente solo, habiéndose borrado voluntariamente de las vidas y recuerdos de aquellos a quienes ama. Lucha contra el crimen en un Nueva York que ya no conoce su nombre, se ha dedicado por completo a proteger su ciudad -un Spider-Man de tiempo completo- pero a medida que las exigencias sobre él se intensifican, la presión desata una sorprendente evolución física que amenaza su existencia, aun cuando un nuevo y extraño patrón de crímenes da lugar a una de las amenazas más poderosas que jamás haya enfrentado.",https://www.youtube.com/embed/3B1_P2h7v2k,ACCION,
Cineplanet Florida Center,Papi Ricky: La película,2026-09-02,21:20,2D,doblada,104,TE +7,,https://www.cineplanet.cl/peliculas/papi-ricky-la-pelcula,"La película retoma la historia de Alicia, quien vuelve a Chile para presentar a su futuro esposo, un joven español hípster y excéntrico que representa la modernidad. Sin embargo, su llegada provoca un verdadero terremoto familiar: el choque con el conservador Papi Ricky y la irreverente Catrala hará que ambos padres dejen atrás antiguas diferencias para unirse en un objetivo común: impedir la boda de su hija.",https://www.youtube.com/embed/Nr17OlZAkBc,COMEDIA,
Cineplanet Florida Center,La noche del demonio: Están entre nosotros,2026-09-02,21:40,2D,subtitulada,106,+14,,https://www.cineplanet.cl/peliculas/la-noche-del-demonio-estn-entre-nosotros,"Gemma, una joven madre que cría a su hija en la casa en la que creció, descubre que puede viajar a The Further, donde posee la capacidad de traer lo que allí vive de vuelta al mundo real.",https://www.youtube.com/embed/fuxeEUqCNac,TERROR,
Cineplanet Florida Center,La Guerra de los Últimos,2026-09-02,22:00,2D,subtitulada,118,,,https://www.cineplanet.cl/peliculas/la-guerra-de-los-ltimos,"En un mundo postapocalíptico, un virus aniquila a prácticamente toda la humanidad. Los supervivientes se enfrentan a unos carroñeros errantes llamados ""Segadores"". El protagonista, Hig, un piloto, sobrevivió a la gripe pero perdió a su mujer. Adaptación de la aclamada novela ""La constelación del perro"", de Peter Heller.",https://www.youtube.com/embed/JZHY6oGCO58,CIENCIA FICCION,
Cineplanet Florida Center,Spider-Man: Un Nuevo Día,2026-09-02,22:10,2D,doblada,145,TE +7,,https://www.cineplanet.cl/peliculas/spider-man-un-nuevo-dia,"Han pasado cuatro años desde los acontecimientos de No Way Home, y Peter es ahora un adulto que vive completamente solo, habiéndose borrado voluntariamente de las vidas y recuerdos de aquellos a quienes ama. Lucha contra el crimen en un Nueva York que ya no conoce su nombre, se ha dedicado por completo a proteger su ciudad -un Spider-Man de tiempo completo- pero a medida que las exigencias sobre él se intensifican, la presión desata una sorprendente evolución física que amenaza su existencia, aun cuando un nuevo y extraño patrón de crímenes da lugar a una de las amenazas más poderosas que jamás haya enfrentado.",https://www.youtube.com/embed/3B1_P2h7v2k,ACCION,
Cineplanet Florida Center,La noche del demonio: Están entre nosotros,2026-09-02,22:40,2D,doblada,106,+14,,https://www.cineplanet.cl/peliculas/la-noche-del-demonio-estn-entre-nosotros,"Gemma, una joven madre que cría a su hija en la casa en la que creció, descubre que puede viajar a The Further, donde posee la capacidad de traer lo que allí vive de vuelta al mundo real.",https://www.youtube.com/embed/fuxeEUqCNac,TERROR,
Cineplanet Mall Barrio Independencia,El Final de la Calle Oak,2026-08-31,13:00,2D,doblada,99,+14,,https://www.cineplanet.cl/peliculas/el-final-de-la-calle-oak,"Después de que un misterioso fenómeno cósmico arranque Oak Street de su entorno suburbano y transporte a sus habitantes a un lugar desconocido, la familia Platt pronto descubre que su propia supervivencia depende de que permanezcan unidos mientras se orientan en un entorno que ya no reconocen.",https://www.youtube.com/embed/kdrry0xfHzA,CIENCIA FICCION,
Cineplanet Mall Barrio Independencia,PAW Patrol: La Dino Película,2026-08-31,13:05,2D,doblada,88,TE,,https://www.cineplanet.cl/peliculas/paw-patrol-la-dino-pelcula,"Después de que su barco quedara atrapado en una misteriosa tormenta, los cachorros de la Patrulla Canina aterrizan de emergencia en una isla tropical inexplorada llena de dinosaurios. Allí conocen a Rex, un cachorro que lleva años abandonado en la isla y se ha convertido en un experto en todo lo relacionado con los dinosaurios. Cuando el archienemigo de la Patrulla Canina, el alcalde Humdinger, comienza a explotar minas de forma imprudente con la esperanza de saquear los recursos naturales de la isla, provoca sin querer la erupción de un enorme volcán inactivo.",,ANIMACION,
Cineplanet Mall Barrio Independencia,Coyote vs ACME,2026-08-31,13:10,2D,doblada,103,TE,,https://www.cineplanet.cl/peliculas/coyote-vs-acme,"Después de que todos los productos fabricados por ACME Corporation le salgan mal a Wile E. Coyote, en su persecución del Correcaminos, contrata a un abogado humano igualmente desafortunado para demandar a la empresa. Cuando el abogado de Wile E. descubre que el intimidante jefe de su antiguo bufete es el director general de ACME, se une a Wile E. para ganar el juicio contra él.",https://www.youtube.com/embed/V_ueAlyvn6A,FAMILIAR,
Cineplanet Mall Barrio Independencia,Juan Gabriel: Mi Primer Bellas Artes,2026-08-31,13:40,2D,doblada,110,TE +7,,https://www.cineplanet.cl/peliculas/juan-gabriel-mi-primer-bellas-artes,"Versión Sing Along. El concierto más icónico de México llega a la pantalla grande. A partir del 28 de agosto, con motivo del 10º aniversario luctuoso de Juan Gabriel, disfruta del histórico primer concierto de Juan Gabriel en el Palacio de Bellas Artes en 1990, una noche que transformó para siempre la música en México.",https://www.youtube.com/embed/zq9V3eaio2Y,CONCIERTO,
Cineplanet Mall Barrio Independencia,Papi Ricky: La película,2026-08-31,13:50,2D,doblada,104,TE +7,,https://www.cineplanet.cl/peliculas/papi-ricky-la-pelcula,"La película retoma la historia de Alicia, quien vuelve a Chile para presentar a su futuro esposo, un joven español hípster y excéntrico que representa la modernidad. Sin embargo, su llegada provoca un verdadero terremoto familiar: el choque con el conservador Papi Ricky y la irreverente Catrala hará que ambos padres dejen atrás antiguas diferencias para unirse en un objetivo común: impedir la boda de su hija.",https://www.youtube.com/embed/Nr17OlZAkBc,COMEDIA,
Cineplanet Mall Barrio Independencia,Harry Potter y la piedra filosofal (2001),2026-08-31,14:00,2D,doblada,166,TE +7,,https://www.cineplanet.cl/peliculas/harry-potter-y-la-piedra-filosofal-2001,"El día en que cumple once años, Harry Potter se entera de que es hijo de dos destacados hechiceros, de los que ha heredado poderes mágicos. En la escuela Hogwarts de Magia y Hechicería, donde se educa con otros niños que también tienen poderes especiales, aprenderá todo lo necesario para ser mago.",,AVENTURA,
Cineplanet Mall Barrio Independencia,Coyote vs ACME,2026-08-31,14:20,2D,doblada,103,TE,,https://www.cineplanet.cl/peliculas/coyote-vs-acme,"Después de que todos los productos fabricados por ACME Corporation le salgan mal a Wile E. Coyote, en su persecución del Correcaminos, contrata a un abogado humano igualmente desafortunado para demandar a la empresa. Cuando el abogado de Wile E. descubre que el intimidante jefe de su antiguo bufete es el director general de ACME, se une a Wile E. para ganar el juicio contra él.",https://www.youtube.com/embed/V_ueAlyvn6A,FAMILIAR,
Cineplanet Mall Barrio Independencia,Papi Ricky: La película,2026-08-31,14:40,2D,doblada,104,TE +7,,https://www.cineplanet.cl/peliculas/papi-ricky-la-pelcula,"La película retoma la historia de Alicia, quien vuelve a Chile para presentar a su futuro esposo, un joven español hípster y excéntrico que representa la modernidad. Sin embargo, su llegada provoca un verdadero terremoto familiar: el choque con el conservador Papi Ricky y la irreverente Catrala hará que ambos padres dejen atrás antiguas diferencias para unirse en un objetivo común: impedir la boda de su hija.",https://www.youtube.com/embed/Nr17OlZAkBc,COMEDIA,
Cineplanet Mall Barrio Independencia,Spider-Man: Un Nuevo Día,2026-08-31,15:00,2D,doblada,145,TE +7,,https://www.cineplanet.cl/peliculas/spider-man-un-nuevo-dia,"Han pasado cuatro años desde los acontecimientos de No Way Home, y Peter es ahora un adulto que vive completamente solo, habiéndose borrado voluntariamente de las vidas y recuerdos de aquellos a quienes ama. Lucha contra el crimen en un Nueva York que ya no conoce su nombre, se ha dedicado por completo a proteger su ciudad -un Spider-Man de tiempo completo- pero a medida que las exigencias sobre él se intensifican, la presión desata una sorprendente evolución física que amenaza su existencia, aun cuando un nuevo y extraño patrón de crímenes da lugar a una de las amenazas más poderosas que jamás haya enfrentado.",https://www.youtube.com/embed/3B1_P2h7v2k,ACCION,
Cineplanet Mall Barrio Independencia,La noche del demonio: Están entre nosotros,2026-08-31,15:10,2D,doblada,106,+14,,https://www.cineplanet.cl/peliculas/la-noche-del-demonio-estn-entre-nosotros,"Gemma, una joven madre que cría a su hija en la casa en la que creció, descubre que puede viajar a The Further, donde posee la capacidad de traer lo que allí vive de vuelta al mundo real.",https://www.youtube.com/embed/fuxeEUqCNac,TERROR,
Cineplanet Mall Barrio Independencia,El Final de la Calle Oak,2026-08-31,15:30,2D,doblada,99,+14,,https://www.cineplanet.cl/peliculas/el-final-de-la-calle-oak,"Después de que un misterioso fenómeno cósmico arranque Oak Street de su entorno suburbano y transporte a sus habitantes a un lugar desconocido, la familia Platt pronto descubre que su propia supervivencia depende de que permanezcan unidos mientras se orientan en un entorno que ya no reconocen.",https://www.youtube.com/embed/kdrry0xfHzA,CIENCIA FICCION,
Cineplanet Mall Barrio Independencia,Juan Gabriel: Mi Primer Bellas Artes,2026-08-31,16:00,2D,doblada,110,TE +7,,https://www.cineplanet.cl/peliculas/juan-gabriel-mi-primer-bellas-artes,"Versión Sing Along. El concierto más icónico de México llega a la pantalla grande. A partir del 28 de agosto, con motivo del 10º aniversario luctuoso de Juan Gabriel, disfruta del histórico primer concierto de Juan Gabriel en el Palacio de Bellas Artes en 1990, una noche que transformó para siempre la música en México.",https://www.youtube.com/embed/zq9V3eaio2Y,CONCIERTO,
Cineplanet Mall Barrio Independencia,La Guerra de los Últimos,2026-08-31,16:10,2D,doblada,118,,,https://www.cineplanet.cl/peliculas/la-guerra-de-los-ltimos,"En un mundo postapocalíptico, un virus aniquila a prácticamente toda la humanidad. Los supervivientes se enfrentan a unos carroñeros errantes llamados ""Segadores"". El protagonista, Hig, un piloto, sobrevivió a la gripe pero perdió a su mujer. Adaptación de la aclamada novela ""La constelación del perro"", de Peter Heller.",https://www.youtube.com/embed/JZHY6oGCO58,CIENCIA FICCION,
Cineplanet Mall Barrio Independencia,Coyote vs ACME,2026-08-31,16:40,2D,doblada,103,TE,,https://www.cineplanet.cl/peliculas/coyote-vs-acme,"Después de que todos los productos fabricados por ACME Corporation le salgan mal a Wile E. Coyote, en su persecución del Correcaminos, contrata a un abogado humano igualmente desafortunado para demandar a la empresa. Cuando el abogado de Wile E. descubre que el intimidante jefe de su antiguo bufete es el director general de ACME, se une a Wile E. para ganar el juicio contra él.",https://www.youtube.com/embed/V_ueAlyvn6A,FAMILIAR,
Cineplanet Mall Barrio Independencia,Papi Ricky: La película,2026-08-31,17:00,2D,doblada,104,TE +7,,https://www.cineplanet.cl/peliculas/papi-ricky-la-pelcula,"La película retoma la historia de Alicia, quien vuelve a Chile para presentar a su futuro esposo, un joven español hípster y excéntrico que representa la modernidad. Sin embargo, su llegada provoca un verdadero terremoto familiar: el choque con el conservador Papi Ricky y la irreverente Catrala hará que ambos padres dejen atrás antiguas diferencias para unirse en un objetivo común: impedir la boda de su hija.",https://www.youtube.com/embed/Nr17OlZAkBc,COMEDIA,
Cineplanet Mall Barrio Independencia,Harry Potter y la piedra filosofal (2001),2026-08-31,17:15,2D,doblada,166,TE +7,,https://www.cineplanet.cl/peliculas/harry-potter-y-la-piedra-filosofal-2001,"El día en que cumple once años, Harry Potter se entera de que es hijo de dos destacados hechiceros, de los que ha heredado poderes mágicos. En la escuela Hogwarts de Magia y Hechicería, donde se educa con otros niños que también tienen poderes especiales, aprenderá todo lo necesario para ser mago.",,AVENTURA,
Cineplanet Mall Barrio Independencia,La noche del demonio: Están entre nosotros,2026-08-31,17:30,2D,doblada,106,+14,,https://www.cineplanet.cl/peliculas/la-noche-del-demonio-estn-entre-nosotros,"Gemma, una joven madre que cría a su hija en la casa en la que creció, descubre que puede viajar a The Further, donde posee la capacidad de traer lo que allí vive de vuelta al mundo real.",https://www.youtube.com/embed/fuxeEUqCNac,TERROR,
Cineplanet Mall Barrio Independencia,Coyote vs ACME,2026-08-31,17:40,2D,doblada,103,TE,,https://www.cineplanet.cl/peliculas/coyote-vs-acme,"Después de que todos los productos fabricados por ACME Corporation le salgan mal a Wile E. Coyote, en su persecución del Correcaminos, contrata a un abogado humano igualmente desafortunado para demandar a la empresa. Cuando el abogado de Wile E. descubre que el intimidante jefe de su antiguo bufete es el director general de ACME, se une a Wile E. para ganar el juicio contra él.",https://www.youtube.com/embed/V_ueAlyvn6A,FAMILIAR,
Cineplanet Mall Barrio Independencia,Spider-Man: Un Nuevo Día,2026-08-31,18:00,2D,doblada,145,TE +7,,https://www.cineplanet.cl/peliculas/spider-man-un-nuevo-dia,"Han pasado cuatro años desde los acontecimientos de No Way Home, y Peter es ahora un adulto que vive completamente solo, habiéndose borrado voluntariamente de las vidas y recuerdos de aquellos a quienes ama. Lucha contra el crimen en un Nueva York que ya no conoce su nombre, se ha dedicado por completo a proteger su ciudad -un Spider-Man de tiempo completo- pero a medida que las exigencias sobre él se intensifican, la presión desata una sorprendente evolución física que amenaza su existencia, aun cuando un nuevo y extraño patrón de crímenes da lugar a una de las amenazas más poderosas que jamás haya enfrentado.",https://www.youtube.com/embed/3B1_P2h7v2k,ACCION,
Cineplanet Mall Barrio Independencia,Juan Gabriel: Mi Primer Bellas Artes,2026-08-31,18:20,2D,doblada,110,TE +7,,https://www.cineplanet.cl/peliculas/juan-gabriel-mi-primer-bellas-artes,"Versión Sing Along. El concierto más icónico de México llega a la pantalla grande. A partir del 28 de agosto, con motivo del 10º aniversario luctuoso de Juan Gabriel, disfruta del histórico primer concierto de Juan Gabriel en el Palacio de Bellas Artes en 1990, una noche que transformó para siempre la música en México.",https://www.youtube.com/embed/zq9V3eaio2Y,CONCIERTO,
Cineplanet Mall Barrio Independencia,La Guerra de los Últimos,2026-08-31,18:40,2D,doblada,118,,,https://www.cineplanet.cl/peliculas/la-guerra-de-los-ltimos,"En un mundo postapocalíptico, un virus aniquila a prácticamente toda la humanidad. Los supervivientes se enfrentan a unos carroñeros errantes llamados ""Segadores"". El protagonista, Hig, un piloto, sobrevivió a la gripe pero perdió a su mujer. Adaptación de la aclamada novela ""La constelación del perro"", de Peter Heller.",https://www.youtube.com/embed/JZHY6oGCO58,CIENCIA FICCION,
Cineplanet Mall Barrio Independencia,Coyote vs ACME,2026-08-31,19:00,2D,doblada,103,TE,,https://www.cineplanet.cl/peliculas/coyote-vs-acme,"Después de que todos los productos fabricados por ACME Corporation le salgan mal a Wile E. Coyote, en su persecución del Correcaminos, contrata a un abogado humano igualmente desafortunado para demandar a la empresa. Cuando el abogado de Wile E. descubre que el intimidante jefe de su antiguo bufete es el director general de ACME, se une a Wile E. para ganar el juicio contra él.",https://www.youtube.com/embed/V_ueAlyvn6A,FAMILIAR,
Cineplanet Mall Barrio Independencia,Papi Ricky: La película,2026-08-31,19:20,2D,doblada,104,TE +7,,https://www.cineplanet.cl/peliculas/papi-ricky-la-pelcula,"La película retoma la historia de Alicia, quien vuelve a Chile para presentar a su futuro esposo, un joven español hípster y excéntrico que representa la modernidad. Sin embargo, su llegada provoca un verdadero terremoto familiar: el choque con el conservador Papi Ricky y la irreverente Catrala hará que ambos padres dejen atrás antiguas diferencias para unirse en un objetivo común: impedir la boda de su hija.",https://www.youtube.com/embed/Nr17OlZAkBc,COMEDIA,
Cineplanet Mall Barrio Independencia,La noche del demonio: Están entre nosotros,2026-08-31,19:50,2D,doblada,106,+14,,https://www.cineplanet.cl/peliculas/la-noche-del-demonio-estn-entre-nosotros,"Gemma, una joven madre que cría a su hija en la casa en la que creció, descubre que puede viajar a The Further, donde posee la capacidad de traer lo que allí vive de vuelta al mundo real.",https://www.youtube.com/embed/fuxeEUqCNac,TERROR,
Cineplanet Mall Barrio Independencia,Spider-Man: Un Nuevo Día,2026-08-31,20:10,2D,doblada,145,TE +7,,https://www.cineplanet.cl/peliculas/spider-man-un-nuevo-dia,"Han pasado cuatro años desde los acontecimientos de No Way Home, y Peter es ahora un adulto que vive completamente solo, habiéndose borrado voluntariamente de las vidas y recuerdos de aquellos a quienes ama. Lucha contra el crimen en un Nueva York que ya no conoce su nombre, se ha dedicado por completo a proteger su ciudad -un Spider-Man de tiempo completo- pero a medida que las exigencias sobre él se intensifican, la presión desata una sorprendente evolución física que amenaza su existencia, aun cuando un nuevo y extraño patrón de crímenes da lugar a una de las amenazas más poderosas que jamás haya enfrentado.",https://www.youtube.com/embed/3B1_P2h7v2k,ACCION,
Cineplanet Mall Barrio Independencia,La Odisea,2026-08-31,20:30,2D,doblada,172,+14,,https://www.cineplanet.cl/peliculas/la-odisea,"La siguiente película de Christopher Nolan, La Odisea, es una película de acción épica filmada alrededor del mundo usando nueva tecnología IMAX. La película lleva la saga fundamental de Homero a las pantallas IMAX por primera vez y estrena en cines en julio de 2026.",https://www.youtube.com/embed/8un_UztYsw0,ACCION,
Cineplanet Mall Barrio Independencia,Papi Ricky: La película,2026-08-31,20:50,2D,doblada,104,TE +7,,https://www.cineplanet.cl/peliculas/papi-ricky-la-pelcula,"La película retoma la historia de Alicia, quien vuelve a Chile para presentar a su futuro esposo, un joven español hípster y excéntrico que representa la modernidad. Sin embargo, su llegada provoca un verdadero terremoto familiar: el choque con el conservador Papi Ricky y la irreverente Catrala hará que ambos padres dejen atrás antiguas diferencias para unirse en un objetivo común: impedir la boda de su hija.",https://www.youtube.com/embed/Nr17OlZAkBc,COMEDIA,
Cineplanet Mall Barrio Independencia,Spider-Man: Un Nuevo Día,2026-08-31,21:00,2D,doblada,145,TE +7,,https://www.cineplanet.cl/peliculas/spider-man-un-nuevo-dia,"Han pasado cuatro años desde los acontecimientos de No Way Home, y Peter es ahora un adulto que vive completamente solo, habiéndose borrado voluntariamente de las vidas y recuerdos de aquellos a quienes ama. Lucha contra el crimen en un Nueva York que ya no conoce su nombre, se ha dedicado por completo a proteger su ciudad -un Spider-Man de tiempo completo- pero a medida que las exigencias sobre él se intensifican, la presión desata una sorprendente evolución física que amenaza su existencia, aun cuando un nuevo y extraño patrón de crímenes da lugar a una de las amenazas más poderosas que jamás haya enfrentado.",https://www.youtube.com/embed/3B1_P2h7v2k,ACCION,
Cineplanet Mall Barrio Independencia,La Guerra de los Últimos,2026-08-31,21:10,2D,doblada,118,,,https://www.cineplanet.cl/peliculas/la-guerra-de-los-ltimos,"En un mundo postapocalíptico, un virus aniquila a prácticamente toda la humanidad. Los supervivientes se enfrentan a unos carroñeros errantes llamados ""Segadores"". El protagonista, Hig, un piloto, sobrevivió a la gripe pero perdió a su mujer. Adaptación de la aclamada novela ""La constelación del perro"", de Peter Heller.",https://www.youtube.com/embed/JZHY6oGCO58,CIENCIA FICCION,
Cineplanet Mall Barrio Independencia,Coyote vs ACME,2026-08-31,21:20,2D,subtitulada,103,TE,,https://www.cineplanet.cl/peliculas/coyote-vs-acme,"Después de que todos los productos fabricados por ACME Corporation le salgan mal a Wile E. Coyote, en su persecución del Correcaminos, contrata a un abogado humano igualmente desafortunado para demandar a la empresa. Cuando el abogado de Wile E. descubre que el intimidante jefe de su antiguo bufete es el director general de ACME, se une a Wile E. para ganar el juicio contra él.",https://www.youtube.com/embed/V_ueAlyvn6A,FAMILIAR,
Cineplanet Mall Barrio Independencia,Papi Ricky: La película,2026-08-31,21:40,2D,doblada,104,TE +7,,https://www.cineplanet.cl/peliculas/papi-ricky-la-pelcula,"La película retoma la historia de Alicia, quien vuelve a Chile para presentar a su futuro esposo, un joven español hípster y excéntrico que representa la modernidad. Sin embargo, su llegada provoca un verdadero terremoto familiar: el choque con el conservador Papi Ricky y la irreverente Catrala hará que ambos padres dejen atrás antiguas diferencias para unirse en un objetivo común: impedir la boda de su hija.",https://www.youtube.com/embed/Nr17OlZAkBc,COMEDIA,
Cineplanet Mall Barrio Independencia,La noche del demonio: Están entre nosotros,2026-08-31,22:10,2D,doblada,106,+14,,https://www.cineplanet.cl/peliculas/la-noche-del-demonio-estn-entre-nosotros,"Gemma, una joven madre que cría a su hija en la casa en la que creció, descubre que puede viajar a The Further, donde posee la capacidad de traer lo que allí vive de vuelta al mundo real.",https://www.youtube.com/embed/fuxeEUqCNac,TERROR,
Cineplanet Mall Barrio Independencia,El Final de la Calle Oak,2026-09-01,13:00,2D,doblada,99,+14,,https://www.cineplanet.cl/peliculas/el-final-de-la-calle-oak,"Después de que un misterioso fenómeno cósmico arranque Oak Street de su entorno suburbano y transporte a sus habitantes a un lugar desconocido, la familia Platt pronto descubre que su propia supervivencia depende de que permanezcan unidos mientras se orientan en un entorno que ya no reconocen.",https://www.youtube.com/embed/kdrry0xfHzA,CIENCIA FICCION,
Cineplanet Mall Barrio Independencia,PAW Patrol: La Dino Película,2026-09-01,13:05,2D,doblada,88,TE,,https://www.cineplanet.cl/peliculas/paw-patrol-la-dino-pelcula,"Después de que su barco quedara atrapado en una misteriosa tormenta, los cachorros de la Patrulla Canina aterrizan de emergencia en una isla tropical inexplorada llena de dinosaurios. Allí conocen a Rex, un cachorro que lleva años abandonado en la isla y se ha convertido en un experto en todo lo relacionado con los dinosaurios. Cuando el archienemigo de la Patrulla Canina, el alcalde Humdinger, comienza a explotar minas de forma imprudente con la esperanza de saquear los recursos naturales de la isla, provoca sin querer la erupción de un enorme volcán inactivo.",,ANIMACION,
Cineplanet Mall Barrio Independencia,Coyote vs ACME,2026-09-01,13:10,2D,doblada,103,TE,,https://www.cineplanet.cl/peliculas/coyote-vs-acme,"Después de que todos los productos fabricados por ACME Corporation le salgan mal a Wile E. Coyote, en su persecución del Correcaminos, contrata a un abogado humano igualmente desafortunado para demandar a la empresa. Cuando el abogado de Wile E. descubre que el intimidante jefe de su antiguo bufete es el director general de ACME, se une a Wile E. para ganar el juicio contra él.",https://www.youtube.com/embed/V_ueAlyvn6A,FAMILIAR,
Cineplanet Mall Barrio Independencia,Juan Gabriel: Mi Primer Bellas Artes,2026-09-01,13:40,2D,doblada,110,TE +7,,https://www.cineplanet.cl/peliculas/juan-gabriel-mi-primer-bellas-artes,"Versión Sing Along. El concierto más icónico de México llega a la pantalla grande. A partir del 28 de agosto, con motivo del 10º aniversario luctuoso de Juan Gabriel, disfruta del histórico primer concierto de Juan Gabriel en el Palacio de Bellas Artes en 1990, una noche que transformó para siempre la música en México.",https://www.youtube.com/embed/zq9V3eaio2Y,CONCIERTO,
Cineplanet Mall Barrio Independencia,Papi Ricky: La película,2026-09-01,13:50,2D,doblada,104,TE +7,,https://www.cineplanet.cl/peliculas/papi-ricky-la-pelcula,"La película retoma la historia de Alicia, quien vuelve a Chile para presentar a su futuro esposo, un joven español hípster y excéntrico que representa la modernidad. Sin embargo, su llegada provoca un verdadero terremoto familiar: el choque con el conservador Papi Ricky y la irreverente Catrala hará que ambos padres dejen atrás antiguas diferencias para unirse en un objetivo común: impedir la boda de su hija.",https://www.youtube.com/embed/Nr17OlZAkBc,COMEDIA,
Cineplanet Mall Barrio Independencia,Harry Potter y la piedra filosofal (2001),2026-09-01,14:00,2D,doblada,166,TE +7,,https://www.cineplanet.cl/peliculas/harry-potter-y-la-piedra-filosofal-2001,"El día en que cumple once años, Harry Potter se entera de que es hijo de dos destacados hechiceros, de los que ha heredado poderes mágicos. En la escuela Hogwarts de Magia y Hechicería, donde se educa con otros niños que también tienen poderes especiales, aprenderá todo lo necesario para ser mago.",,AVENTURA,
Cineplanet Mall Barrio Independencia,Coyote vs ACME,2026-09-01,14:20,2D,doblada,103,TE,,https://www.cineplanet.cl/peliculas/coyote-vs-acme,"Después de que todos los productos fabricados por ACME Corporation le salgan mal a Wile E. Coyote, en su persecución del Correcaminos, contrata a un abogado humano igualmente desafortunado para demandar a la empresa. Cuando el abogado de Wile E. descubre que el intimidante jefe de su antiguo bufete es el director general de ACME, se une a Wile E. para ganar el juicio contra él.",https://www.youtube.com/embed/V_ueAlyvn6A,FAMILIAR,
Cineplanet Mall Barrio Independencia,Papi Ricky: La película,2026-09-01,14:40,2D,doblada,104,TE +7,,https://www.cineplanet.cl/peliculas/papi-ricky-la-pelcula,"La película retoma la historia de Alicia, quien vuelve a Chile para presentar a su futuro esposo, un joven español hípster y excéntrico que representa la modernidad. Sin embargo, su llegada provoca un verdadero terremoto familiar: el choque con el conservador Papi Ricky y la irreverente Catrala hará que ambos padres dejen atrás antiguas diferencias para unirse en un objetivo común: impedir la boda de su hija.",https://www.youtube.com/embed/Nr17OlZAkBc,COMEDIA,
Cineplanet Mall Barrio Independencia,Spider-Man: Un Nuevo Día,2026-09-01,15:00,2D,doblada,145,TE +7,,https://www.cineplanet.cl/peliculas/spider-man-un-nuevo-dia,"Han pasado cuatro años desde los acontecimientos de No Way Home, y Peter es ahora un adulto que vive completamente solo, habiéndose borrado voluntariamente de las vidas y recuerdos de aquellos a quienes ama. Lucha contra el crimen en un Nueva York que ya no conoce su nombre, se ha dedicado por completo a proteger su ciudad -un Spider-Man de tiempo completo- pero a medida que las exigencias sobre él se intensifican, la presión desata una sorprendente evolución física que amenaza su existencia, aun cuando un nuevo y extraño patrón de crímenes da lugar a una de las amenazas más poderosas que jamás haya enfrentado.",https://www.youtube.com/embed/3B1_P2h7v2k,ACCION,
Cineplanet Mall Barrio Independencia,La noche del demonio: Están entre nosotros,2026-09-01,15:10,2D,doblada,106,+14,,https://www.cineplanet.cl/peliculas/la-noche-del-demonio-estn-entre-nosotros,"Gemma, una joven madre que cría a su hija en la casa en la que creció, descubre que puede viajar a The Further, donde posee la capacidad de traer lo que allí vive de vuelta al mundo real.",https://www.youtube.com/embed/fuxeEUqCNac,TERROR,
Cineplanet Mall Barrio Independencia,El Final de la Calle Oak,2026-09-01,15:30,2D,doblada,99,+14,,https://www.cineplanet.cl/peliculas/el-final-de-la-calle-oak,"Después de que un misterioso fenómeno cósmico arranque Oak Street de su entorno suburbano y transporte a sus habitantes a un lugar desconocido, la familia Platt pronto descubre que su propia supervivencia depende de que permanezcan unidos mientras se orientan en un entorno que ya no reconocen.",https://www.youtube.com/embed/kdrry0xfHzA,CIENCIA FICCION,
Cineplanet Mall Barrio Independencia,Juan Gabriel: Mi Primer Bellas Artes,2026-09-01,16:00,2D,doblada,110,TE +7,,https://www.cineplanet.cl/peliculas/juan-gabriel-mi-primer-bellas-artes,"Versión Sing Along. El concierto más icónico de México llega a la pantalla grande. A partir del 28 de agosto, con motivo del 10º aniversario luctuoso de Juan Gabriel, disfruta del histórico primer concierto de Juan Gabriel en el Palacio de Bellas Artes en 1990, una noche que transformó para siempre la música en México.",https://www.youtube.com/embed/zq9V3eaio2Y,CONCIERTO,
Cineplanet Mall Barrio Independencia,La Guerra de los Últimos,2026-09-01,16:10,2D,doblada,118,,,https://www.cineplanet.cl/peliculas/la-guerra-de-los-ltimos,"En un mundo postapocalíptico, un virus aniquila a prácticamente toda la humanidad. Los supervivientes se enfrentan a unos carroñeros errantes llamados ""Segadores"". El protagonista, Hig, un piloto, sobrevivió a la gripe pero perdió a su mujer. Adaptación de la aclamada novela ""La constelación del perro"", de Peter Heller.",https://www.youtube.com/embed/JZHY6oGCO58,CIENCIA FICCION,
Cineplanet Mall Barrio Independencia,Coyote vs ACME,2026-09-01,16:40,2D,doblada,103,TE,,https://www.cineplanet.cl/peliculas/coyote-vs-acme,"Después de que todos los productos fabricados por ACME Corporation le salgan mal a Wile E. Coyote, en su persecución del Correcaminos, contrata a un abogado humano igualmente desafortunado para demandar a la empresa. Cuando el abogado de Wile E. descubre que el intimidante jefe de su antiguo bufete es el director general de ACME, se une a Wile E. para ganar el juicio contra él.",https://www.youtube.com/embed/V_ueAlyvn6A,FAMILIAR,
Cineplanet Mall Barrio Independencia,Papi Ricky: La película,2026-09-01,17:00,2D,doblada,104,TE +7,,https://www.cineplanet.cl/peliculas/papi-ricky-la-pelcula,"La película retoma la historia de Alicia, quien vuelve a Chile para presentar a su futuro esposo, un joven español hípster y excéntrico que representa la modernidad. Sin embargo, su llegada provoca un verdadero terremoto familiar: el choque con el conservador Papi Ricky y la irreverente Catrala hará que ambos padres dejen atrás antiguas diferencias para unirse en un objetivo común: impedir la boda de su hija.",https://www.youtube.com/embed/Nr17OlZAkBc,COMEDIA,
Cineplanet Mall Barrio Independencia,Harry Potter y la piedra filosofal (2001),2026-09-01,17:15,2D,doblada,166,TE +7,,https://www.cineplanet.cl/peliculas/harry-potter-y-la-piedra-filosofal-2001,"El día en que cumple once años, Harry Potter se entera de que es hijo de dos destacados hechiceros, de los que ha heredado poderes mágicos. En la escuela Hogwarts de Magia y Hechicería, donde se educa con otros niños que también tienen poderes especiales, aprenderá todo lo necesario para ser mago.",,AVENTURA,
Cineplanet Mall Barrio Independencia,La noche del demonio: Están entre nosotros,2026-09-01,17:30,2D,doblada,106,+14,,https://www.cineplanet.cl/peliculas/la-noche-del-demonio-estn-entre-nosotros,"Gemma, una joven madre que cría a su hija en la casa en la que creció, descubre que puede viajar a The Further, donde posee la capacidad de traer lo que allí vive de vuelta al mundo real.",https://www.youtube.com/embed/fuxeEUqCNac,TERROR,
Cineplanet Mall Barrio Independencia,Coyote vs ACME,2026-09-01,17:40,2D,doblada,103,TE,,https://www.cineplanet.cl/peliculas/coyote-vs-acme,"Después de que todos los productos fabricados por ACME Corporation le salgan mal a Wile E. Coyote, en su persecución del Correcaminos, contrata a un abogado humano igualmente desafortunado para demandar a la empresa. Cuando el abogado de Wile E. descubre que el intimidante jefe de su antiguo bufete es el director general de ACME, se une a Wile E. para ganar el juicio contra él.",https://www.youtube.com/embed/V_ueAlyvn6A,FAMILIAR,
Cineplanet Mall Barrio Independencia,Spider-Man: Un Nuevo Día,2026-09-01,18:00,2D,doblada,145,TE +7,,https://www.cineplanet.cl/peliculas/spider-man-un-nuevo-dia,"Han pasado cuatro años desde los acontecimientos de No Way Home, y Peter es ahora un adulto que vive completamente solo, habiéndose borrado voluntariamente de las vidas y recuerdos de aquellos a quienes ama. Lucha contra el crimen en un Nueva York que ya no conoce su nombre, se ha dedicado por completo a proteger su ciudad -un Spider-Man de tiempo completo- pero a medida que las exigencias sobre él se intensifican, la presión desata una sorprendente evolución física que amenaza su existencia, aun cuando un nuevo y extraño patrón de crímenes da lugar a una de las amenazas más poderosas que jamás haya enfrentado.",https://www.youtube.com/embed/3B1_P2h7v2k,ACCION,
Cineplanet Mall Barrio Independencia,Juan Gabriel: Mi Primer Bellas Artes,2026-09-01,18:20,2D,doblada,110,TE +7,,https://www.cineplanet.cl/peliculas/juan-gabriel-mi-primer-bellas-artes,"Versión Sing Along. El concierto más icónico de México llega a la pantalla grande. A partir del 28 de agosto, con motivo del 10º aniversario luctuoso de Juan Gabriel, disfruta del histórico primer concierto de Juan Gabriel en el Palacio de Bellas Artes en 1990, una noche que transformó para siempre la música en México.",https://www.youtube.com/embed/zq9V3eaio2Y,CONCIERTO,
Cineplanet Mall Barrio Independencia,La Guerra de los Últimos,2026-09-01,18:40,2D,doblada,118,,,https://www.cineplanet.cl/peliculas/la-guerra-de-los-ltimos,"En un mundo postapocalíptico, un virus aniquila a prácticamente toda la humanidad. Los supervivientes se enfrentan a unos carroñeros errantes llamados ""Segadores"". El protagonista, Hig, un piloto, sobrevivió a la gripe pero perdió a su mujer. Adaptación de la aclamada novela ""La constelación del perro"", de Peter Heller.",https://www.youtube.com/embed/JZHY6oGCO58,CIENCIA FICCION,
Cineplanet Mall Barrio Independencia,Coyote vs ACME,2026-09-01,19:00,2D,doblada,103,TE,,https://www.cineplanet.cl/peliculas/coyote-vs-acme,"Después de que todos los productos fabricados por ACME Corporation le salgan mal a Wile E. Coyote, en su persecución del Correcaminos, contrata a un abogado humano igualmente desafortunado para demandar a la empresa. Cuando el abogado de Wile E. descubre que el intimidante jefe de su antiguo bufete es el director general de ACME, se une a Wile E. para ganar el juicio contra él.",https://www.youtube.com/embed/V_ueAlyvn6A,FAMILIAR,
Cineplanet Mall Barrio Independencia,Papi Ricky: La película,2026-09-01,19:20,2D,doblada,104,TE +7,,https://www.cineplanet.cl/peliculas/papi-ricky-la-pelcula,"La película retoma la historia de Alicia, quien vuelve a Chile para presentar a su futuro esposo, un joven español hípster y excéntrico que representa la modernidad. Sin embargo, su llegada provoca un verdadero terremoto familiar: el choque con el conservador Papi Ricky y la irreverente Catrala hará que ambos padres dejen atrás antiguas diferencias para unirse en un objetivo común: impedir la boda de su hija.",https://www.youtube.com/embed/Nr17OlZAkBc,COMEDIA,
Cineplanet Mall Barrio Independencia,La noche del demonio: Están entre nosotros,2026-09-01,19:50,2D,doblada,106,+14,,https://www.cineplanet.cl/peliculas/la-noche-del-demonio-estn-entre-nosotros,"Gemma, una joven madre que cría a su hija en la casa en la que creció, descubre que puede viajar a The Further, donde posee la capacidad de traer lo que allí vive de vuelta al mundo real.",https://www.youtube.com/embed/fuxeEUqCNac,TERROR,
Cineplanet Mall Barrio Independencia,Spider-Man: Un Nuevo Día,2026-09-01,20:10,2D,doblada,145,TE +7,,https://www.cineplanet.cl/peliculas/spider-man-un-nuevo-dia,"Han pasado cuatro años desde los acontecimientos de No Way Home, y Peter es ahora un adulto que vive completamente solo, habiéndose borrado voluntariamente de las vidas y recuerdos de aquellos a quienes ama. Lucha contra el crimen en un Nueva York que ya no conoce su nombre, se ha dedicado por completo a proteger su ciudad -un Spider-Man de tiempo completo- pero a medida que las exigencias sobre él se intensifican, la presión desata una sorprendente evolución física que amenaza su existencia, aun cuando un nuevo y extraño patrón de crímenes da lugar a una de las amenazas más poderosas que jamás haya enfrentado.",https://www.youtube.com/embed/3B1_P2h7v2k,ACCION,
Cineplanet Mall Barrio Independencia,La Odisea,2026-09-01,20:30,2D,doblada,172,+14,,https://www.cineplanet.cl/peliculas/la-odisea,"La siguiente película de Christopher Nolan, La Odisea, es una película de acción épica filmada alrededor del mundo usando nueva tecnología IMAX. La película lleva la saga fundamental de Homero a las pantallas IMAX por primera vez y estrena en cines en julio de 2026.",https://www.youtube.com/embed/8un_UztYsw0,ACCION,
Cineplanet Mall Barrio Independencia,Papi Ricky: La película,2026-09-01,20:50,2D,doblada,104,TE +7,,https://www.cineplanet.cl/peliculas/papi-ricky-la-pelcula,"La película retoma la historia de Alicia, quien vuelve a Chile para presentar a su futuro esposo, un joven español hípster y excéntrico que representa la modernidad. Sin embargo, su llegada provoca un verdadero terremoto familiar: el choque con el conservador Papi Ricky y la irreverente Catrala hará que ambos padres dejen atrás antiguas diferencias para unirse en un objetivo común: impedir la boda de su hija.",https://www.youtube.com/embed/Nr17OlZAkBc,COMEDIA,
Cineplanet Mall Barrio Independencia,Spider-Man: Un Nuevo Día,2026-09-01,21:00,2D,doblada,145,TE +7,,https://www.cineplanet.cl/peliculas/spider-man-un-nuevo-dia,"Han pasado cuatro años desde los acontecimientos de No Way Home, y Peter es ahora un adulto que vive completamente solo, habiéndose borrado voluntariamente de las vidas y recuerdos de aquellos a quienes ama. Lucha contra el crimen en un Nueva York que ya no conoce su nombre, se ha dedicado por completo a proteger su ciudad -un Spider-Man de tiempo completo- pero a medida que las exigencias sobre él se intensifican, la presión desata una sorprendente evolución física que amenaza su existencia, aun cuando un nuevo y extraño patrón de crímenes da lugar a una de las amenazas más poderosas que jamás haya enfrentado.",https://www.youtube.com/embed/3B1_P2h7v2k,ACCION,
Cineplanet Mall Barrio Independencia,La Guerra de los Últimos,2026-09-01,21:10,2D,doblada,118,,,https://www.cineplanet.cl/peliculas/la-guerra-de-los-ltimos,"En un mundo postapocalíptico, un virus aniquila a prácticamente toda la humanidad. Los supervivientes se enfrentan a unos carroñeros errantes llamados ""Segadores"". El protagonista, Hig, un piloto, sobrevivió a la gripe pero perdió a su mujer. Adaptación de la aclamada novela ""La constelación del perro"", de Peter Heller.",https://www.youtube.com/embed/JZHY6oGCO58,CIENCIA FICCION,
Cineplanet Mall Barrio Independencia,Coyote vs ACME,2026-09-01,21:20,2D,subtitulada,103,TE,,https://www.cineplanet.cl/peliculas/coyote-vs-acme,"Después de que todos los productos fabricados por ACME Corporation le salgan mal a Wile E. Coyote, en su persecución del Correcaminos, contrata a un abogado humano igualmente desafortunado para demandar a la empresa. Cuando el abogado de Wile E. descubre que el intimidante jefe de su antiguo bufete es el director general de ACME, se une a Wile E. para ganar el juicio contra él.",https://www.youtube.com/embed/V_ueAlyvn6A,FAMILIAR,
Cineplanet Mall Barrio Independencia,Papi Ricky: La película,2026-09-01,21:40,2D,doblada,104,TE +7,,https://www.cineplanet.cl/peliculas/papi-ricky-la-pelcula,"La película retoma la historia de Alicia, quien vuelve a Chile para presentar a su futuro esposo, un joven español hípster y excéntrico que representa la modernidad. Sin embargo, su llegada provoca un verdadero terremoto familiar: el choque con el conservador Papi Ricky y la irreverente Catrala hará que ambos padres dejen atrás antiguas diferencias para unirse en un objetivo común: impedir la boda de su hija.",https://www.youtube.com/embed/Nr17OlZAkBc,COMEDIA,
Cineplanet Mall Barrio Independencia,La noche del demonio: Están entre nosotros,2026-09-01,22:10,2D,doblada,106,+14,,https://www.cineplanet.cl/peliculas/la-noche-del-demonio-estn-entre-nosotros,"Gemma, una joven madre que cría a su hija en la casa en la que creció, descubre que puede viajar a The Further, donde posee la capacidad de traer lo que allí vive de vuelta al mundo real.",https://www.youtube.com/embed/fuxeEUqCNac,TERROR,
Cineplanet Mall Barrio Independencia,El Final de la Calle Oak,2026-09-02,13:00,2D,doblada,99,+14,,https://www.cineplanet.cl/peliculas/el-final-de-la-calle-oak,"Después de que un misterioso fenómeno cósmico arranque Oak Street de su entorno suburbano y transporte a sus habitantes a un lugar desconocido, la familia Platt pronto descubre que su propia supervivencia depende de que permanezcan unidos mientras se orientan en un entorno que ya no reconocen.",https://www.youtube.com/embed/kdrry0xfHzA,CIENCIA FICCION,
Cineplanet Mall Barrio Independencia,PAW Patrol: La Dino Película,2026-09-02,13:05,2D,doblada,88,TE,,https://www.cineplanet.cl/peliculas/paw-patrol-la-dino-pelcula,"Después de que su barco quedara atrapado en una misteriosa tormenta, los cachorros de la Patrulla Canina aterrizan de emergencia en una isla tropical inexplorada llena de dinosaurios. Allí conocen a Rex, un cachorro que lleva años abandonado en la isla y se ha convertido en un experto en todo lo relacionado con los dinosaurios. Cuando el archienemigo de la Patrulla Canina, el alcalde Humdinger, comienza a explotar minas de forma imprudente con la esperanza de saquear los recursos naturales de la isla, provoca sin querer la erupción de un enorme volcán inactivo.",,ANIMACION,
Cineplanet Mall Barrio Independencia,Coyote vs ACME,2026-09-02,13:10,2D,doblada,103,TE,,https://www.cineplanet.cl/peliculas/coyote-vs-acme,"Después de que todos los productos fabricados por ACME Corporation le salgan mal a Wile E. Coyote, en su persecución del Correcaminos, contrata a un abogado humano igualmente desafortunado para demandar a la empresa. Cuando el abogado de Wile E. descubre que el intimidante jefe de su antiguo bufete es el director general de ACME, se une a Wile E. para ganar el juicio contra él.",https://www.youtube.com/embed/V_ueAlyvn6A,FAMILIAR,
Cineplanet Mall Barrio Independencia,Juan Gabriel: Mi Primer Bellas Artes,2026-09-02,13:40,2D,doblada,110,TE +7,,https://www.cineplanet.cl/peliculas/juan-gabriel-mi-primer-bellas-artes,"Versión Sing Along. El concierto más icónico de México llega a la pantalla grande. A partir del 28 de agosto, con motivo del 10º aniversario luctuoso de Juan Gabriel, disfruta del histórico primer concierto de Juan Gabriel en el Palacio de Bellas Artes en 1990, una noche que transformó para siempre la música en México.",https://www.youtube.com/embed/zq9V3eaio2Y,CONCIERTO,
Cineplanet Mall Barrio Independencia,Papi Ricky: La película,2026-09-02,13:50,2D,doblada,104,TE +7,,https://www.cineplanet.cl/peliculas/papi-ricky-la-pelcula,"La película retoma la historia de Alicia, quien vuelve a Chile para presentar a su futuro esposo, un joven español hípster y excéntrico que representa la modernidad. Sin embargo, su llegada provoca un verdadero terremoto familiar: el choque con el conservador Papi Ricky y la irreverente Catrala hará que ambos padres dejen atrás antiguas diferencias para unirse en un objetivo común: impedir la boda de su hija.",https://www.youtube.com/embed/Nr17OlZAkBc,COMEDIA,
Cineplanet Mall Barrio Independencia,Harry Potter y la piedra filosofal (2001),2026-09-02,14:00,2D,doblada,166,TE +7,,https://www.cineplanet.cl/peliculas/harry-potter-y-la-piedra-filosofal-2001,"El día en que cumple once años, Harry Potter se entera de que es hijo de dos destacados hechiceros, de los que ha heredado poderes mágicos. En la escuela Hogwarts de Magia y Hechicería, donde se educa con otros niños que también tienen poderes especiales, aprenderá todo lo necesario para ser mago.",,AVENTURA,
Cineplanet Mall Barrio Independencia,Coyote vs ACME,2026-09-02,14:20,2D,doblada,103,TE,,https://www.cineplanet.cl/peliculas/coyote-vs-acme,"Después de que todos los productos fabricados por ACME Corporation le salgan mal a Wile E. Coyote, en su persecución del Correcaminos, contrata a un abogado humano igualmente desafortunado para demandar a la empresa. Cuando el abogado de Wile E. descubre que el intimidante jefe de su antiguo bufete es el director general de ACME, se une a Wile E. para ganar el juicio contra él.",https://www.youtube.com/embed/V_ueAlyvn6A,FAMILIAR,
Cineplanet Mall Barrio Independencia,Papi Ricky: La película,2026-09-02,14:40,2D,doblada,104,TE +7,,https://www.cineplanet.cl/peliculas/papi-ricky-la-pelcula,"La película retoma la historia de Alicia, quien vuelve a Chile para presentar a su futuro esposo, un joven español hípster y excéntrico que representa la modernidad. Sin embargo, su llegada provoca un verdadero terremoto familiar: el choque con el conservador Papi Ricky y la irreverente Catrala hará que ambos padres dejen atrás antiguas diferencias para unirse en un objetivo común: impedir la boda de su hija.",https://www.youtube.com/embed/Nr17OlZAkBc,COMEDIA,
Cineplanet Mall Barrio Independencia,Spider-Man: Un Nuevo Día,2026-09-02,15:00,2D,doblada,145,TE +7,,https://www.cineplanet.cl/peliculas/spider-man-un-nuevo-dia,"Han pasado cuatro años desde los acontecimientos de No Way Home, y Peter es ahora un adulto que vive completamente solo, habiéndose borrado voluntariamente de las vidas y recuerdos de aquellos a quienes ama. Lucha contra el crimen en un Nueva York que ya no conoce su nombre, se ha dedicado por completo a proteger su ciudad -un Spider-Man de tiempo completo- pero a medida que las exigencias sobre él se intensifican, la presión desata una sorprendente evolución física que amenaza su existencia, aun cuando un nuevo y extraño patrón de crímenes da lugar a una de las amenazas más poderosas que jamás haya enfrentado.",https://www.youtube.com/embed/3B1_P2h7v2k,ACCION,
Cineplanet Mall Barrio Independencia,La noche del demonio: Están entre nosotros,2026-09-02,15:10,2D,doblada,106,+14,,https://www.cineplanet.cl/peliculas/la-noche-del-demonio-estn-entre-nosotros,"Gemma, una joven madre que cría a su hija en la casa en la que creció, descubre que puede viajar a The Further, donde posee la capacidad de traer lo que allí vive de vuelta al mundo real.",https://www.youtube.com/embed/fuxeEUqCNac,TERROR,
Cineplanet Mall Barrio Independencia,El Final de la Calle Oak,2026-09-02,15:30,2D,doblada,99,+14,,https://www.cineplanet.cl/peliculas/el-final-de-la-calle-oak,"Después de que un misterioso fenómeno cósmico arranque Oak Street de su entorno suburbano y transporte a sus habitantes a un lugar desconocido, la familia Platt pronto descubre que su propia supervivencia depende de que permanezcan unidos mientras se orientan en un entorno que ya no reconocen.",https://www.youtube.com/embed/kdrry0xfHzA,CIENCIA FICCION,
Cineplanet Mall Barrio Independencia,Juan Gabriel: Mi Primer Bellas Artes,2026-09-02,16:00,2D,doblada,110,TE +7,,https://www.cineplanet.cl/peliculas/juan-gabriel-mi-primer-bellas-artes,"Versión Sing Along. El concierto más icónico de México llega a la pantalla grande. A partir del 28 de agosto, con motivo del 10º aniversario luctuoso de Juan Gabriel, disfruta del histórico primer concierto de Juan Gabriel en el Palacio de Bellas Artes en 1990, una noche que transformó para siempre la música en México.",https://www.youtube.com/embed/zq9V3eaio2Y,CONCIERTO,
Cineplanet Mall Barrio Independencia,La Guerra de los Últimos,2026-09-02,16:10,2D,doblada,118,,,https://www.cineplanet.cl/peliculas/la-guerra-de-los-ltimos,"En un mundo postapocalíptico, un virus aniquila a prácticamente toda la humanidad. Los supervivientes se enfrentan a unos carroñeros errantes llamados ""Segadores"". El protagonista, Hig, un piloto, sobrevivió a la gripe pero perdió a su mujer. Adaptación de la aclamada novela ""La constelación del perro"", de Peter Heller.",https://www.youtube.com/embed/JZHY6oGCO58,CIENCIA FICCION,
Cineplanet Mall Barrio Independencia,Coyote vs ACME,2026-09-02,16:40,2D,doblada,103,TE,,https://www.cineplanet.cl/peliculas/coyote-vs-acme,"Después de que todos los productos fabricados por ACME Corporation le salgan mal a Wile E. Coyote, en su persecución del Correcaminos, contrata a un abogado humano igualmente desafortunado para demandar a la empresa. Cuando el abogado de Wile E. descubre que el intimidante jefe de su antiguo bufete es el director general de ACME, se une a Wile E. para ganar el juicio contra él.",https://www.youtube.com/embed/V_ueAlyvn6A,FAMILIAR,
Cineplanet Mall Barrio Independencia,Papi Ricky: La película,2026-09-02,17:00,2D,doblada,104,TE +7,,https://www.cineplanet.cl/peliculas/papi-ricky-la-pelcula,"La película retoma la historia de Alicia, quien vuelve a Chile para presentar a su futuro esposo, un joven español hípster y excéntrico que representa la modernidad. Sin embargo, su llegada provoca un verdadero terremoto familiar: el choque con el conservador Papi Ricky y la irreverente Catrala hará que ambos padres dejen atrás antiguas diferencias para unirse en un objetivo común: impedir la boda de su hija.",https://www.youtube.com/embed/Nr17OlZAkBc,COMEDIA,
Cineplanet Mall Barrio Independencia,Harry Potter y la piedra filosofal (2001),2026-09-02,17:15,2D,doblada,166,TE +7,,https://www.cineplanet.cl/peliculas/harry-potter-y-la-piedra-filosofal-2001,"El día en que cumple once años, Harry Potter se entera de que es hijo de dos destacados hechiceros, de los que ha heredado poderes mágicos. En la escuela Hogwarts de Magia y Hechicería, donde se educa con otros niños que también tienen poderes especiales, aprenderá todo lo necesario para ser mago.",,AVENTURA,
Cineplanet Mall Barrio Independencia,La noche del demonio: Están entre nosotros,2026-09-02,17:30,2D,doblada,106,+14,,https://www.cineplanet.cl/peliculas/la-noche-del-demonio-estn-entre-nosotros,"Gemma, una joven madre que cría a su hija en la casa en la que creció, descubre que puede viajar a The Further, donde posee la capacidad de traer lo que allí vive de vuelta al mundo real.",https://www.youtube.com/embed/fuxeEUqCNac,TERROR,
Cineplanet Mall Barrio Independencia,Coyote vs ACME,2026-09-02,17:40,2D,doblada,103,TE,,https://www.cineplanet.cl/peliculas/coyote-vs-acme,"Después de que todos los productos fabricados por ACME Corporation le salgan mal a Wile E. Coyote, en su persecución del Correcaminos, contrata a un abogado humano igualmente desafortunado para demandar a la empresa. Cuando el abogado de Wile E. descubre que el intimidante jefe de su antiguo bufete es el director general de ACME, se une a Wile E. para ganar el juicio contra él.",https://www.youtube.com/embed/V_ueAlyvn6A,FAMILIAR,
Cineplanet Mall Barrio Independencia,Spider-Man: Un Nuevo Día,2026-09-02,18:00,2D,doblada,145,TE +7,,https://www.cineplanet.cl/peliculas/spider-man-un-nuevo-dia,"Han pasado cuatro años desde los acontecimientos de No Way Home, y Peter es ahora un adulto que vive completamente solo, habiéndose borrado voluntariamente de las vidas y recuerdos de aquellos a quienes ama. Lucha contra el crimen en un Nueva York que ya no conoce su nombre, se ha dedicado por completo a proteger su ciudad -un Spider-Man de tiempo completo- pero a medida que las exigencias sobre él se intensifican, la presión desata una sorprendente evolución física que amenaza su existencia, aun cuando un nuevo y extraño patrón de crímenes da lugar a una de las amenazas más poderosas que jamás haya enfrentado.",https://www.youtube.com/embed/3B1_P2h7v2k,ACCION,
Cineplanet Mall Barrio Independencia,Juan Gabriel: Mi Primer Bellas Artes,2026-09-02,18:20,2D,doblada,110,TE +7,,https://www.cineplanet.cl/peliculas/juan-gabriel-mi-primer-bellas-artes,"Versión Sing Along. El concierto más icónico de México llega a la pantalla grande. A partir del 28 de agosto, con motivo del 10º aniversario luctuoso de Juan Gabriel, disfruta del histórico primer concierto de Juan Gabriel en el Palacio de Bellas Artes en 1990, una noche que transformó para siempre la música en México.",https://www.youtube.com/embed/zq9V3eaio2Y,CONCIERTO,
Cineplanet Mall Barrio Independencia,La Guerra de los Últimos,2026-09-02,18:40,2D,doblada,118,,,https://www.cineplanet.cl/peliculas/la-guerra-de-los-ltimos,"En un mundo postapocalíptico, un virus aniquila a prácticamente toda la humanidad. Los supervivientes se enfrentan a unos carroñeros errantes llamados ""Segadores"". El protagonista, Hig, un piloto, sobrevivió a la gripe pero perdió a su mujer. Adaptación de la aclamada novela ""La constelación del perro"", de Peter Heller.",https://www.youtube.com/embed/JZHY6oGCO58,CIENCIA FICCION,
Cineplanet Mall Barrio Independencia,Coyote vs ACME,2026-09-02,19:00,2D,doblada,103,TE,,https://www.cineplanet.cl/peliculas/coyote-vs-acme,"Después de que todos los productos fabricados por ACME Corporation le salgan mal a Wile E. Coyote, en su persecución del Correcaminos, contrata a un abogado humano igualmente desafortunado para demandar a la empresa. Cuando el abogado de Wile E. descubre que el intimidante jefe de su antiguo bufete es el director general de ACME, se une a Wile E. para ganar el juicio contra él.",https://www.youtube.com/embed/V_ueAlyvn6A,FAMILIAR,
Cineplanet Mall Barrio Independencia,Papi Ricky: La película,2026-09-02,19:20,2D,doblada,104,TE +7,,https://www.cineplanet.cl/peliculas/papi-ricky-la-pelcula,"La película retoma la historia de Alicia, quien vuelve a Chile para presentar a su futuro esposo, un joven español hípster y excéntrico que representa la modernidad. Sin embargo, su llegada provoca un verdadero terremoto familiar: el choque con el conservador Papi Ricky y la irreverente Catrala hará que ambos padres dejen atrás antiguas diferencias para unirse en un objetivo común: impedir la boda de su hija.",https://www.youtube.com/embed/Nr17OlZAkBc,COMEDIA,
Cineplanet Mall Barrio Independencia,La noche del demonio: Están entre nosotros,2026-09-02,19:50,2D,doblada,106,+14,,https://www.cineplanet.cl/peliculas/la-noche-del-demonio-estn-entre-nosotros,"Gemma, una joven madre que cría a su hija en la casa en la que creció, descubre que puede viajar a The Further, donde posee la capacidad de traer lo que allí vive de vuelta al mundo real.",https://www.youtube.com/embed/fuxeEUqCNac,TERROR,
Cineplanet Mall Barrio Independencia,Spider-Man: Un Nuevo Día,2026-09-02,20:10,2D,doblada,145,TE +7,,https://www.cineplanet.cl/peliculas/spider-man-un-nuevo-dia,"Han pasado cuatro años desde los acontecimientos de No Way Home, y Peter es ahora un adulto que vive completamente solo, habiéndose borrado voluntariamente de las vidas y recuerdos de aquellos a quienes ama. Lucha contra el crimen en un Nueva York que ya no conoce su nombre, se ha dedicado por completo a proteger su ciudad -un Spider-Man de tiempo completo- pero a medida que las exigencias sobre él se intensifican, la presión desata una sorprendente evolución física que amenaza su existencia, aun cuando un nuevo y extraño patrón de crímenes da lugar a una de las amenazas más poderosas que jamás haya enfrentado.",https://www.youtube.com/embed/3B1_P2h7v2k,ACCION,
Cineplanet Mall Barrio Independencia,La Odisea,2026-09-02,20:30,2D,doblada,172,+14,,https://www.cineplanet.cl/peliculas/la-odisea,"La siguiente película de Christopher Nolan, La Odisea, es una película de acción épica filmada alrededor del mundo usando nueva tecnología IMAX. La película lleva la saga fundamental de Homero a las pantallas IMAX por primera vez y estrena en cines en julio de 2026.",https://www.youtube.com/embed/8un_UztYsw0,ACCION,
Cineplanet Mall Barrio Independencia,Papi Ricky: La película,2026-09-02,20:50,2D,doblada,104,TE +7,,https://www.cineplanet.cl/peliculas/papi-ricky-la-pelcula,"La película retoma la historia de Alicia, quien vuelve a Chile para presentar a su futuro esposo, un joven español hípster y excéntrico que representa la modernidad. Sin embargo, su llegada provoca un verdadero terremoto familiar: el choque con el conservador Papi Ricky y la irreverente Catrala hará que ambos padres dejen atrás antiguas diferencias para unirse en un objetivo común: impedir la boda de su hija.",https://www.youtube.com/embed/Nr17OlZAkBc,COMEDIA,
Cineplanet Mall Barrio Independencia,Spider-Man: Un Nuevo Día,2026-09-02,21:00,2D,doblada,145,TE +7,,https://www.cineplanet.cl/peliculas/spider-man-un-nuevo-dia,"Han pasado cuatro años desde los acontecimientos de No Way Home, y Peter es ahora un adulto que vive completamente solo, habiéndose borrado voluntariamente de las vidas y recuerdos de aquellos a quienes ama. Lucha contra el crimen en un Nueva York que ya no conoce su nombre, se ha dedicado por completo a proteger su ciudad -un Spider-Man de tiempo completo- pero a medida que las exigencias sobre él se intensifican, la presión desata una sorprendente evolución física que amenaza su existencia, aun cuando un nuevo y extraño patrón de crímenes da lugar a una de las amenazas más poderosas que jamás haya enfrentado.",https://www.youtube.com/embed/3B1_P2h7v2k,ACCION,
Cineplanet Mall Barrio Independencia,La Guerra de los Últimos,2026-09-02,21:10,2D,doblada,118,,,https://www.cineplanet.cl/peliculas/la-guerra-de-los-ltimos,"En un mundo postapocalíptico, un virus aniquila a prácticamente toda la humanidad. Los supervivientes se enfrentan a unos carroñeros errantes llamados ""Segadores"". El protagonista, Hig, un piloto, sobrevivió a la gripe pero perdió a su mujer. Adaptación de la aclamada novela ""La constelación del perro"", de Peter Heller.",https://www.youtube.com/embed/JZHY6oGCO58,CIENCIA FICCION,
Cineplanet Mall Barrio Independencia,Coyote vs ACME,2026-09-02,21:20,2D,subtitulada,103,TE,,https://www.cineplanet.cl/peliculas/coyote-vs-acme,"Después de que todos los productos fabricados por ACME Corporation le salgan mal a Wile E. Coyote, en su persecución del Correcaminos, contrata a un abogado humano igualmente desafortunado para demandar a la empresa. Cuando el abogado de Wile E. descubre que el intimidante jefe de su antiguo bufete es el director general de ACME, se une a Wile E. para ganar el juicio contra él.",https://www.youtube.com/embed/V_ueAlyvn6A,FAMILIAR,
Cineplanet Mall Barrio Independencia,Papi Ricky: La película,2026-09-02,21:40,2D,doblada,104,TE +7,,https://www.cineplanet.cl/peliculas/papi-ricky-la-pelcula,"La película retoma la historia de Alicia, quien vuelve a Chile para presentar a su futuro esposo, un joven español hípster y excéntrico que representa la modernidad. Sin embargo, su llegada provoca un verdadero terremoto familiar: el choque con el conservador Papi Ricky y la irreverente Catrala hará que ambos padres dejen atrás antiguas diferencias para unirse en un objetivo común: impedir la boda de su hija.",https://www.youtube.com/embed/Nr17OlZAkBc,COMEDIA,
Cineplanet Mall Barrio Independencia,La noche del demonio: Están entre nosotros,2026-09-02,22:10,2D,doblada,106,+14,,https://www.cineplanet.cl/peliculas/la-noche-del-demonio-estn-entre-nosotros,"Gemma, una joven madre que cría a su hija en la casa en la que creció, descubre que puede viajar a The Further, donde posee la capacidad de traer lo que allí vive de vuelta al mundo real.",https://www.youtube.com/embed/fuxeEUqCNac,TERROR,
Cineplanet Quilín,Papi Ricky: La película,2026-08-31,13:00,2D,doblada,104,TE +7,,https://www.cineplanet.cl/peliculas/papi-ricky-la-pelcula,"La película retoma la historia de Alicia, quien vuelve a Chile para presentar a su futuro esposo, un joven español hípster y excéntrico que representa la modernidad. Sin embargo, su llegada provoca un verdadero terremoto familiar: el choque con el conservador Papi Ricky y la irreverente Catrala hará que ambos padres dejen atrás antiguas diferencias para unirse en un objetivo común: impedir la boda de su hija.",https://www.youtube.com/embed/Nr17OlZAkBc,COMEDIA,
Cineplanet Quilín,Coyote vs ACME,2026-08-31,13:40,2D,doblada,103,TE,,https://www.cineplanet.cl/peliculas/coyote-vs-acme,"Después de que todos los productos fabricados por ACME Corporation le salgan mal a Wile E. Coyote, en su persecución del Correcaminos, contrata a un abogado humano igualmente desafortunado para demandar a la empresa. Cuando el abogado de Wile E. descubre que el intimidante jefe de su antiguo bufete es el director general de ACME, se une a Wile E. para ganar el juicio contra él.",https://www.youtube.com/embed/V_ueAlyvn6A,FAMILIAR,
Cineplanet Quilín,Harry Potter y la piedra filosofal (2001),2026-08-31,14:00,2D,doblada,166,TE +7,,https://www.cineplanet.cl/peliculas/harry-potter-y-la-piedra-filosofal-2001,"El día en que cumple once años, Harry Potter se entera de que es hijo de dos destacados hechiceros, de los que ha heredado poderes mágicos. En la escuela Hogwarts de Magia y Hechicería, donde se educa con otros niños que también tienen poderes especiales, aprenderá todo lo necesario para ser mago.",,AVENTURA,
Cineplanet Quilín,Papi Ricky: La película,2026-08-31,14:40,2D,doblada,104,TE +7,,https://www.cineplanet.cl/peliculas/papi-ricky-la-pelcula,"La película retoma la historia de Alicia, quien vuelve a Chile para presentar a su futuro esposo, un joven español hípster y excéntrico que representa la modernidad. Sin embargo, su llegada provoca un verdadero terremoto familiar: el choque con el conservador Papi Ricky y la irreverente Catrala hará que ambos padres dejen atrás antiguas diferencias para unirse en un objetivo común: impedir la boda de su hija.",https://www.youtube.com/embed/Nr17OlZAkBc,COMEDIA,
Cineplanet Quilín,Spider-Man: Un Nuevo Día,2026-08-31,15:00,2D,doblada,145,TE +7,,https://www.cineplanet.cl/peliculas/spider-man-un-nuevo-dia,"Han pasado cuatro años desde los acontecimientos de No Way Home, y Peter es ahora un adulto que vive completamente solo, habiéndose borrado voluntariamente de las vidas y recuerdos de aquellos a quienes ama. Lucha contra el crimen en un Nueva York que ya no conoce su nombre, se ha dedicado por completo a proteger su ciudad -un Spider-Man de tiempo completo- pero a medida que las exigencias sobre él se intensifican, la presión desata una sorprendente evolución física que amenaza su existencia, aun cuando un nuevo y extraño patrón de crímenes da lugar a una de las amenazas más poderosas que jamás haya enfrentado.",https://www.youtube.com/embed/3B1_P2h7v2k,ACCION,
Cineplanet Quilín,Juan Gabriel: Mi Primer Bellas Artes,2026-08-31,15:20,2D,doblada,110,TE +7,,https://www.cineplanet.cl/peliculas/juan-gabriel-mi-primer-bellas-artes,"Versión Sing Along. El concierto más icónico de México llega a la pantalla grande. A partir del 28 de agosto, con motivo del 10º aniversario luctuoso de Juan Gabriel, disfruta del histórico primer concierto de Juan Gabriel en el Palacio de Bellas Artes en 1990, una noche que transformó para siempre la música en México.",https://www.youtube.com/embed/zq9V3eaio2Y,CONCIERTO,
Cineplanet Quilín,Coyote vs ACME,2026-08-31,16:00,2D,doblada,103,TE,,https://www.cineplanet.cl/peliculas/coyote-vs-acme,"Después de que todos los productos fabricados por ACME Corporation le salgan mal a Wile E. Coyote, en su persecución del Correcaminos, contrata a un abogado humano igualmente desafortunado para demandar a la empresa. Cuando el abogado de Wile E. descubre que el intimidante jefe de su antiguo bufete es el director general de ACME, se une a Wile E. para ganar el juicio contra él.",https://www.youtube.com/embed/V_ueAlyvn6A,FAMILIAR,
Cineplanet Quilín,Papi Ricky: La película,2026-08-31,17:00,2D,doblada,104,TE +7,,https://www.cineplanet.cl/peliculas/papi-ricky-la-pelcula,"La película retoma la historia de Alicia, quien vuelve a Chile para presentar a su futuro esposo, un joven español hípster y excéntrico que representa la modernidad. Sin embargo, su llegada provoca un verdadero terremoto familiar: el choque con el conservador Papi Ricky y la irreverente Catrala hará que ambos padres dejen atrás antiguas diferencias para unirse en un objetivo común: impedir la boda de su hija.",https://www.youtube.com/embed/Nr17OlZAkBc,COMEDIA,
Cineplanet Quilín,La noche del demonio: Están entre nosotros,2026-08-31,17:20,2D,doblada,106,+14,,https://www.cineplanet.cl/peliculas/la-noche-del-demonio-estn-entre-nosotros,"Gemma, una joven madre que cría a su hija en la casa en la que creció, descubre que puede viajar a The Further, donde posee la capacidad de traer lo que allí vive de vuelta al mundo real.",https://www.youtube.com/embed/fuxeEUqCNac,TERROR,
Cineplanet Quilín,Juan Gabriel: Mi Primer Bellas Artes,2026-08-31,17:40,2D,doblada,110,TE +7,,https://www.cineplanet.cl/peliculas/juan-gabriel-mi-primer-bellas-artes,"Versión Sing Along. El concierto más icónico de México llega a la pantalla grande. A partir del 28 de agosto, con motivo del 10º aniversario luctuoso de Juan Gabriel, disfruta del histórico primer concierto de Juan Gabriel en el Palacio de Bellas Artes en 1990, una noche que transformó para siempre la música en México.",https://www.youtube.com/embed/zq9V3eaio2Y,CONCIERTO,
Cineplanet Quilín,Spider-Man: Un Nuevo Día,2026-08-31,18:00,2D,doblada,145,TE +7,,https://www.cineplanet.cl/peliculas/spider-man-un-nuevo-dia,"Han pasado cuatro años desde los acontecimientos de No Way Home, y Peter es ahora un adulto que vive completamente solo, habiéndose borrado voluntariamente de las vidas y recuerdos de aquellos a quienes ama. Lucha contra el crimen en un Nueva York que ya no conoce su nombre, se ha dedicado por completo a proteger su ciudad -un Spider-Man de tiempo completo- pero a medida que las exigencias sobre él se intensifican, la presión desata una sorprendente evolución física que amenaza su existencia, aun cuando un nuevo y extraño patrón de crímenes da lugar a una de las amenazas más poderosas que jamás haya enfrentado.",https://www.youtube.com/embed/3B1_P2h7v2k,ACCION,
Cineplanet Quilín,Coyote vs ACME,2026-08-31,18:20,2D,doblada,103,TE,,https://www.cineplanet.cl/peliculas/coyote-vs-acme,"Después de que todos los productos fabricados por ACME Corporation le salgan mal a Wile E. Coyote, en su persecución del Correcaminos, contrata a un abogado humano igualmente desafortunado para demandar a la empresa. Cuando el abogado de Wile E. descubre que el intimidante jefe de su antiguo bufete es el director general de ACME, se une a Wile E. para ganar el juicio contra él.",https://www.youtube.com/embed/V_ueAlyvn6A,FAMILIAR,
Cineplanet Quilín,Papi Ricky: La película,2026-08-31,19:20,2D,doblada,104,TE +7,,https://www.cineplanet.cl/peliculas/papi-ricky-la-pelcula,"La película retoma la historia de Alicia, quien vuelve a Chile para presentar a su futuro esposo, un joven español hípster y excéntrico que representa la modernidad. Sin embargo, su llegada provoca un verdadero terremoto familiar: el choque con el conservador Papi Ricky y la irreverente Catrala hará que ambos padres dejen atrás antiguas diferencias para unirse en un objetivo común: impedir la boda de su hija.",https://www.youtube.com/embed/Nr17OlZAkBc,COMEDIA,
Cineplanet Quilín,La noche del demonio: Están entre nosotros,2026-08-31,19:40,2D,doblada,106,+14,,https://www.cineplanet.cl/peliculas/la-noche-del-demonio-estn-entre-nosotros,"Gemma, una joven madre que cría a su hija en la casa en la que creció, descubre que puede viajar a The Further, donde posee la capacidad de traer lo que allí vive de vuelta al mundo real.",https://www.youtube.com/embed/fuxeEUqCNac,TERROR,
Cineplanet Quilín,La Guerra de los Últimos,2026-08-31,20:00,2D,doblada,118,,,https://www.cineplanet.cl/peliculas/la-guerra-de-los-ltimos,"En un mundo postapocalíptico, un virus aniquila a prácticamente toda la humanidad. Los supervivientes se enfrentan a unos carroñeros errantes llamados ""Segadores"". El protagonista, Hig, un piloto, sobrevivió a la gripe pero perdió a su mujer. Adaptación de la aclamada novela ""La constelación del perro"", de Peter Heller.",https://www.youtube.com/embed/JZHY6oGCO58,CIENCIA FICCION,
Cineplanet Quilín,Coyote vs ACME,2026-08-31,20:40,2D,subtitulada,103,TE,,https://www.cineplanet.cl/peliculas/coyote-vs-acme,"Después de que todos los productos fabricados por ACME Corporation le salgan mal a Wile E. Coyote, en su persecución del Correcaminos, contrata a un abogado humano igualmente desafortunado para demandar a la empresa. Cuando el abogado de Wile E. descubre que el intimidante jefe de su antiguo bufete es el director general de ACME, se une a Wile E. para ganar el juicio contra él.",https://www.youtube.com/embed/V_ueAlyvn6A,FAMILIAR,
Cineplanet Quilín,La Guerra de los Últimos,2026-08-31,21:00,2D,doblada,118,,,https://www.cineplanet.cl/peliculas/la-guerra-de-los-ltimos,"En un mundo postapocalíptico, un virus aniquila a prácticamente toda la humanidad. Los supervivientes se enfrentan a unos carroñeros errantes llamados ""Segadores"". El protagonista, Hig, un piloto, sobrevivió a la gripe pero perdió a su mujer. Adaptación de la aclamada novela ""La constelación del perro"", de Peter Heller.",https://www.youtube.com/embed/JZHY6oGCO58,CIENCIA FICCION,
Cineplanet Quilín,Papi Ricky: La película,2026-08-31,21:40,2D,doblada,104,TE +7,,https://www.cineplanet.cl/peliculas/papi-ricky-la-pelcula,"La película retoma la historia de Alicia, quien vuelve a Chile para presentar a su futuro esposo, un joven español hípster y excéntrico que representa la modernidad. Sin embargo, su llegada provoca un verdadero terremoto familiar: el choque con el conservador Papi Ricky y la irreverente Catrala hará que ambos padres dejen atrás antiguas diferencias para unirse en un objetivo común: impedir la boda de su hija.",https://www.youtube.com/embed/Nr17OlZAkBc,COMEDIA,
Cineplanet Quilín,El Final de la Calle Oak,2026-08-31,22:00,2D,doblada,99,+14,,https://www.cineplanet.cl/peliculas/el-final-de-la-calle-oak,"Después de que un misterioso fenómeno cósmico arranque Oak Street de su entorno suburbano y transporte a sus habitantes a un lugar desconocido, la familia Platt pronto descubre que su propia supervivencia depende de que permanezcan unidos mientras se orientan en un entorno que ya no reconocen.",https://www.youtube.com/embed/kdrry0xfHzA,CIENCIA FICCION,
Cineplanet Quilín,Papi Ricky: La película,2026-09-01,13:00,2D,doblada,104,TE +7,,https://www.cineplanet.cl/peliculas/papi-ricky-la-pelcula,"La película retoma la historia de Alicia, quien vuelve a Chile para presentar a su futuro esposo, un joven español hípster y excéntrico que representa la modernidad. Sin embargo, su llegada provoca un verdadero terremoto familiar: el choque con el conservador Papi Ricky y la irreverente Catrala hará que ambos padres dejen atrás antiguas diferencias para unirse en un objetivo común: impedir la boda de su hija.",https://www.youtube.com/embed/Nr17OlZAkBc,COMEDIA,
Cineplanet Quilín,Coyote vs ACME,2026-09-01,13:40,2D,doblada,103,TE,,https://www.cineplanet.cl/peliculas/coyote-vs-acme,"Después de que todos los productos fabricados por ACME Corporation le salgan mal a Wile E. Coyote, en su persecución del Correcaminos, contrata a un abogado humano igualmente desafortunado para demandar a la empresa. Cuando el abogado de Wile E. descubre que el intimidante jefe de su antiguo bufete es el director general de ACME, se une a Wile E. para ganar el juicio contra él.",https://www.youtube.com/embed/V_ueAlyvn6A,FAMILIAR,
Cineplanet Quilín,Harry Potter y la piedra filosofal (2001),2026-09-01,14:00,2D,doblada,166,TE +7,,https://www.cineplanet.cl/peliculas/harry-potter-y-la-piedra-filosofal-2001,"El día en que cumple once años, Harry Potter se entera de que es hijo de dos destacados hechiceros, de los que ha heredado poderes mágicos. En la escuela Hogwarts de Magia y Hechicería, donde se educa con otros niños que también tienen poderes especiales, aprenderá todo lo necesario para ser mago.",,AVENTURA,
Cineplanet Quilín,Papi Ricky: La película,2026-09-01,14:40,2D,doblada,104,TE +7,,https://www.cineplanet.cl/peliculas/papi-ricky-la-pelcula,"La película retoma la historia de Alicia, quien vuelve a Chile para presentar a su futuro esposo, un joven español hípster y excéntrico que representa la modernidad. Sin embargo, su llegada provoca un verdadero terremoto familiar: el choque con el conservador Papi Ricky y la irreverente Catrala hará que ambos padres dejen atrás antiguas diferencias para unirse en un objetivo común: impedir la boda de su hija.",https://www.youtube.com/embed/Nr17OlZAkBc,COMEDIA,
Cineplanet Quilín,Spider-Man: Un Nuevo Día,2026-09-01,15:00,2D,doblada,145,TE +7,,https://www.cineplanet.cl/peliculas/spider-man-un-nuevo-dia,"Han pasado cuatro años desde los acontecimientos de No Way Home, y Peter es ahora un adulto que vive completamente solo, habiéndose borrado voluntariamente de las vidas y recuerdos de aquellos a quienes ama. Lucha contra el crimen en un Nueva York que ya no conoce su nombre, se ha dedicado por completo a proteger su ciudad -un Spider-Man de tiempo completo- pero a medida que las exigencias sobre él se intensifican, la presión desata una sorprendente evolución física que amenaza su existencia, aun cuando un nuevo y extraño patrón de crímenes da lugar a una de las amenazas más poderosas que jamás haya enfrentado.",https://www.youtube.com/embed/3B1_P2h7v2k,ACCION,
Cineplanet Quilín,Juan Gabriel: Mi Primer Bellas Artes,2026-09-01,15:20,2D,doblada,110,TE +7,,https://www.cineplanet.cl/peliculas/juan-gabriel-mi-primer-bellas-artes,"Versión Sing Along. El concierto más icónico de México llega a la pantalla grande. A partir del 28 de agosto, con motivo del 10º aniversario luctuoso de Juan Gabriel, disfruta del histórico primer concierto de Juan Gabriel en el Palacio de Bellas Artes en 1990, una noche que transformó para siempre la música en México.",https://www.youtube.com/embed/zq9V3eaio2Y,CONCIERTO,
Cineplanet Quilín,Coyote vs ACME,2026-09-01,16:00,2D,doblada,103,TE,,https://www.cineplanet.cl/peliculas/coyote-vs-acme,"Después de que todos los productos fabricados por ACME Corporation le salgan mal a Wile E. Coyote, en su persecución del Correcaminos, contrata a un abogado humano igualmente desafortunado para demandar a la empresa. Cuando el abogado de Wile E. descubre que el intimidante jefe de su antiguo bufete es el director general de ACME, se une a Wile E. para ganar el juicio contra él.",https://www.youtube.com/embed/V_ueAlyvn6A,FAMILIAR,
Cineplanet Quilín,Papi Ricky: La película,2026-09-01,17:00,2D,doblada,104,TE +7,,https://www.cineplanet.cl/peliculas/papi-ricky-la-pelcula,"La película retoma la historia de Alicia, quien vuelve a Chile para presentar a su futuro esposo, un joven español hípster y excéntrico que representa la modernidad. Sin embargo, su llegada provoca un verdadero terremoto familiar: el choque con el conservador Papi Ricky y la irreverente Catrala hará que ambos padres dejen atrás antiguas diferencias para unirse en un objetivo común: impedir la boda de su hija.",https://www.youtube.com/embed/Nr17OlZAkBc,COMEDIA,
Cineplanet Quilín,La noche del demonio: Están entre nosotros,2026-09-01,17:20,2D,doblada,106,+14,,https://www.cineplanet.cl/peliculas/la-noche-del-demonio-estn-entre-nosotros,"Gemma, una joven madre que cría a su hija en la casa en la que creció, descubre que puede viajar a The Further, donde posee la capacidad de traer lo que allí vive de vuelta al mundo real.",https://www.youtube.com/embed/fuxeEUqCNac,TERROR,
Cineplanet Quilín,Juan Gabriel: Mi Primer Bellas Artes,2026-09-01,17:40,2D,doblada,110,TE +7,,https://www.cineplanet.cl/peliculas/juan-gabriel-mi-primer-bellas-artes,"Versión Sing Along. El concierto más icónico de México llega a la pantalla grande. A partir del 28 de agosto, con motivo del 10º aniversario luctuoso de Juan Gabriel, disfruta del histórico primer concierto de Juan Gabriel en el Palacio de Bellas Artes en 1990, una noche que transformó para siempre la música en México.",https://www.youtube.com/embed/zq9V3eaio2Y,CONCIERTO,
Cineplanet Quilín,Spider-Man: Un Nuevo Día,2026-09-01,18:00,2D,doblada,145,TE +7,,https://www.cineplanet.cl/peliculas/spider-man-un-nuevo-dia,"Han pasado cuatro años desde los acontecimientos de No Way Home, y Peter es ahora un adulto que vive completamente solo, habiéndose borrado voluntariamente de las vidas y recuerdos de aquellos a quienes ama. Lucha contra el crimen en un Nueva York que ya no conoce su nombre, se ha dedicado por completo a proteger su ciudad -un Spider-Man de tiempo completo- pero a medida que las exigencias sobre él se intensifican, la presión desata una sorprendente evolución física que amenaza su existencia, aun cuando un nuevo y extraño patrón de crímenes da lugar a una de las amenazas más poderosas que jamás haya enfrentado.",https://www.youtube.com/embed/3B1_P2h7v2k,ACCION,
Cineplanet Quilín,Coyote vs ACME,2026-09-01,18:20,2D,doblada,103,TE,,https://www.cineplanet.cl/peliculas/coyote-vs-acme,"Después de que todos los productos fabricados por ACME Corporation le salgan mal a Wile E. Coyote, en su persecución del Correcaminos, contrata a un abogado humano igualmente desafortunado para demandar a la empresa. Cuando el abogado de Wile E. descubre que el intimidante jefe de su antiguo bufete es el director general de ACME, se une a Wile E. para ganar el juicio contra él.",https://www.youtube.com/embed/V_ueAlyvn6A,FAMILIAR,
Cineplanet Quilín,Papi Ricky: La película,2026-09-01,19:20,2D,doblada,104,TE +7,,https://www.cineplanet.cl/peliculas/papi-ricky-la-pelcula,"La película retoma la historia de Alicia, quien vuelve a Chile para presentar a su futuro esposo, un joven español hípster y excéntrico que representa la modernidad. Sin embargo, su llegada provoca un verdadero terremoto familiar: el choque con el conservador Papi Ricky y la irreverente Catrala hará que ambos padres dejen atrás antiguas diferencias para unirse en un objetivo común: impedir la boda de su hija.",https://www.youtube.com/embed/Nr17OlZAkBc,COMEDIA,
Cineplanet Quilín,La noche del demonio: Están entre nosotros,2026-09-01,19:40,2D,doblada,106,+14,,https://www.cineplanet.cl/peliculas/la-noche-del-demonio-estn-entre-nosotros,"Gemma, una joven madre que cría a su hija en la casa en la que creció, descubre que puede viajar a The Further, donde posee la capacidad de traer lo que allí vive de vuelta al mundo real.",https://www.youtube.com/embed/fuxeEUqCNac,TERROR,
Cineplanet Quilín,La Guerra de los Últimos,2026-09-01,20:00,2D,doblada,118,,,https://www.cineplanet.cl/peliculas/la-guerra-de-los-ltimos,"En un mundo postapocalíptico, un virus aniquila a prácticamente toda la humanidad. Los supervivientes se enfrentan a unos carroñeros errantes llamados ""Segadores"". El protagonista, Hig, un piloto, sobrevivió a la gripe pero perdió a su mujer. Adaptación de la aclamada novela ""La constelación del perro"", de Peter Heller.",https://www.youtube.com/embed/JZHY6oGCO58,CIENCIA FICCION,
Cineplanet Quilín,Coyote vs ACME,2026-09-01,20:40,2D,subtitulada,103,TE,,https://www.cineplanet.cl/peliculas/coyote-vs-acme,"Después de que todos los productos fabricados por ACME Corporation le salgan mal a Wile E. Coyote, en su persecución del Correcaminos, contrata a un abogado humano igualmente desafortunado para demandar a la empresa. Cuando el abogado de Wile E. descubre que el intimidante jefe de su antiguo bufete es el director general de ACME, se une a Wile E. para ganar el juicio contra él.",https://www.youtube.com/embed/V_ueAlyvn6A,FAMILIAR,
Cineplanet Quilín,La Guerra de los Últimos,2026-09-01,21:00,2D,doblada,118,,,https://www.cineplanet.cl/peliculas/la-guerra-de-los-ltimos,"En un mundo postapocalíptico, un virus aniquila a prácticamente toda la humanidad. Los supervivientes se enfrentan a unos carroñeros errantes llamados ""Segadores"". El protagonista, Hig, un piloto, sobrevivió a la gripe pero perdió a su mujer. Adaptación de la aclamada novela ""La constelación del perro"", de Peter Heller.",https://www.youtube.com/embed/JZHY6oGCO58,CIENCIA FICCION,
Cineplanet Quilín,Papi Ricky: La película,2026-09-01,21:40,2D,doblada,104,TE +7,,https://www.cineplanet.cl/peliculas/papi-ricky-la-pelcula,"La película retoma la historia de Alicia, quien vuelve a Chile para presentar a su futuro esposo, un joven español hípster y excéntrico que representa la modernidad. Sin embargo, su llegada provoca un verdadero terremoto familiar: el choque con el conservador Papi Ricky y la irreverente Catrala hará que ambos padres dejen atrás antiguas diferencias para unirse en un objetivo común: impedir la boda de su hija.",https://www.youtube.com/embed/Nr17OlZAkBc,COMEDIA,
Cineplanet Quilín,El Final de la Calle Oak,2026-09-01,22:00,2D,doblada,99,+14,,https://www.cineplanet.cl/peliculas/el-final-de-la-calle-oak,"Después de que un misterioso fenómeno cósmico arranque Oak Street de su entorno suburbano y transporte a sus habitantes a un lugar desconocido, la familia Platt pronto descubre que su propia supervivencia depende de que permanezcan unidos mientras se orientan en un entorno que ya no reconocen.",https://www.youtube.com/embed/kdrry0xfHzA,CIENCIA FICCION,
Cineplanet Quilín,Papi Ricky: La película,2026-09-02,13:00,2D,doblada,104,TE +7,,https://www.cineplanet.cl/peliculas/papi-ricky-la-pelcula,"La película retoma la historia de Alicia, quien vuelve a Chile para presentar a su futuro esposo, un joven español hípster y excéntrico que representa la modernidad. Sin embargo, su llegada provoca un verdadero terremoto familiar: el choque con el conservador Papi Ricky y la irreverente Catrala hará que ambos padres dejen atrás antiguas diferencias para unirse en un objetivo común: impedir la boda de su hija.",https://www.youtube.com/embed/Nr17OlZAkBc,COMEDIA,
Cineplanet Quilín,Coyote vs ACME,2026-09-02,13:40,2D,doblada,103,TE,,https://www.cineplanet.cl/peliculas/coyote-vs-acme,"Después de que todos los productos fabricados por ACME Corporation le salgan mal a Wile E. Coyote, en su persecución del Correcaminos, contrata a un abogado humano igualmente desafortunado para demandar a la empresa. Cuando el abogado de Wile E. descubre que el intimidante jefe de su antiguo bufete es el director general de ACME, se une a Wile E. para ganar el juicio contra él.",https://www.youtube.com/embed/V_ueAlyvn6A,FAMILIAR,
Cineplanet Quilín,Harry Potter y la piedra filosofal (2001),2026-09-02,14:00,2D,doblada,166,TE +7,,https://www.cineplanet.cl/peliculas/harry-potter-y-la-piedra-filosofal-2001,"El día en que cumple once años, Harry Potter se entera de que es hijo de dos destacados hechiceros, de los que ha heredado poderes mágicos. En la escuela Hogwarts de Magia y Hechicería, donde se educa con otros niños que también tienen poderes especiales, aprenderá todo lo necesario para ser mago.",,AVENTURA,
Cineplanet Quilín,Papi Ricky: La película,2026-09-02,14:40,2D,doblada,104,TE +7,,https://www.cineplanet.cl/peliculas/papi-ricky-la-pelcula,"La película retoma la historia de Alicia, quien vuelve a Chile para presentar a su futuro esposo, un joven español hípster y excéntrico que representa la modernidad. Sin embargo, su llegada provoca un verdadero terremoto familiar: el choque con el conservador Papi Ricky y la irreverente Catrala hará que ambos padres dejen atrás antiguas diferencias para unirse en un objetivo común: impedir la boda de su hija.",https://www.youtube.com/embed/Nr17OlZAkBc,COMEDIA,
Cineplanet Quilín,Spider-Man: Un Nuevo Día,2026-09-02,15:00,2D,doblada,145,TE +7,,https://www.cineplanet.cl/peliculas/spider-man-un-nuevo-dia,"Han pasado cuatro años desde los acontecimientos de No Way Home, y Peter es ahora un adulto que vive completamente solo, habiéndose borrado voluntariamente de las vidas y recuerdos de aquellos a quienes ama. Lucha contra el crimen en un Nueva York que ya no conoce su nombre, se ha dedicado por completo a proteger su ciudad -un Spider-Man de tiempo completo- pero a medida que las exigencias sobre él se intensifican, la presión desata una sorprendente evolución física que amenaza su existencia, aun cuando un nuevo y extraño patrón de crímenes da lugar a una de las amenazas más poderosas que jamás haya enfrentado.",https://www.youtube.com/embed/3B1_P2h7v2k,ACCION,
Cineplanet Quilín,Juan Gabriel: Mi Primer Bellas Artes,2026-09-02,15:20,2D,doblada,110,TE +7,,https://www.cineplanet.cl/peliculas/juan-gabriel-mi-primer-bellas-artes,"Versión Sing Along. El concierto más icónico de México llega a la pantalla grande. A partir del 28 de agosto, con motivo del 10º aniversario luctuoso de Juan Gabriel, disfruta del histórico primer concierto de Juan Gabriel en el Palacio de Bellas Artes en 1990, una noche que transformó para siempre la música en México.",https://www.youtube.com/embed/zq9V3eaio2Y,CONCIERTO,
Cineplanet Quilín,Coyote vs ACME,2026-09-02,16:00,2D,doblada,103,TE,,https://www.cineplanet.cl/peliculas/coyote-vs-acme,"Después de que todos los productos fabricados por ACME Corporation le salgan mal a Wile E. Coyote, en su persecución del Correcaminos, contrata a un abogado humano igualmente desafortunado para demandar a la empresa. Cuando el abogado de Wile E. descubre que el intimidante jefe de su antiguo bufete es el director general de ACME, se une a Wile E. para ganar el juicio contra él.",https://www.youtube.com/embed/V_ueAlyvn6A,FAMILIAR,
Cineplanet Quilín,Papi Ricky: La película,2026-09-02,17:00,2D,doblada,104,TE +7,,https://www.cineplanet.cl/peliculas/papi-ricky-la-pelcula,"La película retoma la historia de Alicia, quien vuelve a Chile para presentar a su futuro esposo, un joven español hípster y excéntrico que representa la modernidad. Sin embargo, su llegada provoca un verdadero terremoto familiar: el choque con el conservador Papi Ricky y la irreverente Catrala hará que ambos padres dejen atrás antiguas diferencias para unirse en un objetivo común: impedir la boda de su hija.",https://www.youtube.com/embed/Nr17OlZAkBc,COMEDIA,
Cineplanet Quilín,La noche del demonio: Están entre nosotros,2026-09-02,17:20,2D,doblada,106,+14,,https://www.cineplanet.cl/peliculas/la-noche-del-demonio-estn-entre-nosotros,"Gemma, una joven madre que cría a su hija en la casa en la que creció, descubre que puede viajar a The Further, donde posee la capacidad de traer lo que allí vive de vuelta al mundo real.",https://www.youtube.com/embed/fuxeEUqCNac,TERROR,
Cineplanet Quilín,Juan Gabriel: Mi Primer Bellas Artes,2026-09-02,17:40,2D,doblada,110,TE +7,,https://www.cineplanet.cl/peliculas/juan-gabriel-mi-primer-bellas-artes,"Versión Sing Along. El concierto más icónico de México llega a la pantalla grande. A partir del 28 de agosto, con motivo del 10º aniversario luctuoso de Juan Gabriel, disfruta del histórico primer concierto de Juan Gabriel en el Palacio de Bellas Artes en 1990, una noche que transformó para siempre la música en México.",https://www.youtube.com/embed/zq9V3eaio2Y,CONCIERTO,
Cineplanet Quilín,Spider-Man: Un Nuevo Día,2026-09-02,18:00,2D,doblada,145,TE +7,,https://www.cineplanet.cl/peliculas/spider-man-un-nuevo-dia,"Han pasado cuatro años desde los acontecimientos de No Way Home, y Peter es ahora un adulto que vive completamente solo, habiéndose borrado voluntariamente de las vidas y recuerdos de aquellos a quienes ama. Lucha contra el crimen en un Nueva York que ya no conoce su nombre, se ha dedicado por completo a proteger su ciudad -un Spider-Man de tiempo completo- pero a medida que las exigencias sobre él se intensifican, la presión desata una sorprendente evolución física que amenaza su existencia, aun cuando un nuevo y extraño patrón de crímenes da lugar a una de las amenazas más poderosas que jamás haya enfrentado.",https://www.youtube.com/embed/3B1_P2h7v2k,ACCION,
Cineplanet Quilín,Coyote vs ACME,2026-09-02,18:20,2D,doblada,103,TE,,https://www.cineplanet.cl/peliculas/coyote-vs-acme,"Después de que todos los productos fabricados por ACME Corporation le salgan mal a Wile E. Coyote, en su persecución del Correcaminos, contrata a un abogado humano igualmente desafortunado para demandar a la empresa. Cuando el abogado de Wile E. descubre que el intimidante jefe de su antiguo bufete es el director general de ACME, se une a Wile E. para ganar el juicio contra él.",https://www.youtube.com/embed/V_ueAlyvn6A,FAMILIAR,
Cineplanet Quilín,Papi Ricky: La película,2026-09-02,19:20,2D,doblada,104,TE +7,,https://www.cineplanet.cl/peliculas/papi-ricky-la-pelcula,"La película retoma la historia de Alicia, quien vuelve a Chile para presentar a su futuro esposo, un joven español hípster y excéntrico que representa la modernidad. Sin embargo, su llegada provoca un verdadero terremoto familiar: el choque con el conservador Papi Ricky y la irreverente Catrala hará que ambos padres dejen atrás antiguas diferencias para unirse en un objetivo común: impedir la boda de su hija.",https://www.youtube.com/embed/Nr17OlZAkBc,COMEDIA,
Cineplanet Quilín,La noche del demonio: Están entre nosotros,2026-09-02,19:40,2D,doblada,106,+14,,https://www.cineplanet.cl/peliculas/la-noche-del-demonio-estn-entre-nosotros,"Gemma, una joven madre que cría a su hija en la casa en la que creció, descubre que puede viajar a The Further, donde posee la capacidad de traer lo que allí vive de vuelta al mundo real.",https://www.youtube.com/embed/fuxeEUqCNac,TERROR,
Cineplanet Quilín,La Guerra de los Últimos,2026-09-02,20:00,2D,doblada,118,,,https://www.cineplanet.cl/peliculas/la-guerra-de-los-ltimos,"En un mundo postapocalíptico, un virus aniquila a prácticamente toda la humanidad. Los supervivientes se enfrentan a unos carroñeros errantes llamados ""Segadores"". El protagonista, Hig, un piloto, sobrevivió a la gripe pero perdió a su mujer. Adaptación de la aclamada novela ""La constelación del perro"", de Peter Heller.",https://www.youtube.com/embed/JZHY6oGCO58,CIENCIA FICCION,
Cineplanet Quilín,Coyote vs ACME,2026-09-02,20:40,2D,subtitulada,103,TE,,https://www.cineplanet.cl/peliculas/coyote-vs-acme,"Después de que todos los productos fabricados por ACME Corporation le salgan mal a Wile E. Coyote, en su persecución del Correcaminos, contrata a un abogado humano igualmente desafortunado para demandar a la empresa. Cuando el abogado de Wile E. descubre que el intimidante jefe de su antiguo bufete es el director general de ACME, se une a Wile E. para ganar el juicio contra él.",https://www.youtube.com/embed/V_ueAlyvn6A,FAMILIAR,
Cineplanet Quilín,La Guerra de los Últimos,2026-09-02,21:00,2D,doblada,118,,,https://www.cineplanet.cl/peliculas/la-guerra-de-los-ltimos,"En un mundo postapocalíptico, un virus aniquila a prácticamente toda la humanidad. Los supervivientes se enfrentan a unos carroñeros errantes llamados ""Segadores"". El protagonista, Hig, un piloto, sobrevivió a la gripe pero perdió a su mujer. Adaptación de la aclamada novela ""La constelación del perro"", de Peter Heller.",https://www.youtube.com/embed/JZHY6oGCO58,CIENCIA FICCION,
Cineplanet Quilín,Papi Ricky: La película,2026-09-02,21:40,2D,doblada,104,TE +7,,https://www.cineplanet.cl/peliculas/papi-ricky-la-pelcula,"La película retoma la historia de Alicia, quien vuelve a Chile para presentar a su futuro esposo, un joven español hípster y excéntrico que representa la modernidad. Sin embargo, su llegada provoca un verdadero terremoto familiar: el choque con el conservador Papi Ricky y la irreverente Catrala hará que ambos padres dejen atrás antiguas diferencias para unirse en un objetivo común: impedir la boda de su hija.",https://www.youtube.com/embed/Nr17OlZAkBc,COMEDIA,
Cineplanet Quilín,El Final de la Calle Oak,2026-09-02,22:00,2D,doblada,99,+14,,https://www.cineplanet.cl/peliculas/el-final-de-la-calle-oak,"Después de que un misterioso fenómeno cósmico arranque Oak Street de su entorno suburbano y transporte a sus habitantes a un lugar desconocido, la familia Platt pronto descubre que su propia supervivencia depende de que permanezcan unidos mientras se orientan en un entorno que ya no reconocen.",https://www.youtube.com/embed/kdrry0xfHzA,CIENCIA FICCION,
