id,nombre,artistas,categoria,subcategoria,fecha_inicio,hora_inicio,fecha_termino,hora_termino,lugar,comuna,region,precio_min,simbolo_moneda,agotado,disponibles,productor,imagen_miniatura,imagen_recorte,tiene_funciones,tiene_planimetria,canal_venta,link_evento
530227,Internacional Tattoo Masters Fest 2026,,Deportes,Competition,2026-07-02,15:00:00,2026-12-13,23:55:00,Alto San Francisco,Santiago,RM,7000.00,$,NO,740,14121845,https://imagenes.passline.com/eventos/-764163-min.jpg,https://imagenes.passline.com/eventos/-764163-rec.jpg,NO,NO,0,https://www.passline.com/eventos/internacional-tattoo-masters-fest-2026
537273,COPA VERSUBS Vol. 3,,Deportes,Competition,2026-08-12,10:00:00,2026-08-12,13:30:00,Sala Víctor Jara,Estacion Central,RM,0.00,$,NO,27,14211514,https://imagenes.passline.com/eventos/copa-versubs-vol-3-537273-min.jpg,https://imagenes.passline.com/eventos/copa-versubs-vol-3-537273-rec.jpg,NO,NO,0,https://www.passline.com/eventos/copa-versubs-vol-3
542846,Deportes Recoleta vs Rangers  2026,,,,2026-08-12,18:00:00,2026-08-12,20:00:00,Estadio Municipal de La Pintana,La Pintana,RM,3000.00,$,NO,341,7558662,https://imagenes.passline.com/eventos/-776691-min.jpg,https://imagenes.passline.com/eventos/-776691-rec.jpg,NO,NO,1,https://www.passline.com/eventos/deportes-recoleta-vs-rangers-2026
536003,Concierto 1: Europa Romántica: Dvořák y Brahms,,Música,Conciertos,2026-08-12,19:30:00,2026-08-12,21:00:00,Estación Mapocho,Santiago,RM,5000.00,$,NO,198,3778234,https://imagenes.passline.com/eventos/concierto-1-europa-romantica-dvoak-y-brahms-536003-min.jpg,https://imagenes.passline.com/eventos/concierto-1-europa-romantica-dvoak-y-brahms-536003-rec.jpg,NO,NO,0,https://www.passline.com/eventos/concierto-1-europa-romantica-dvoak-y-brahms
538826,Los Viajes de Carloto | Cena Maridaje junto a Viña Invina,,Experiencias Gastronómicas,Enoturismo y eventos en torno al Vino,2026-08-12,19:30:00,2026-08-12,23:30:00,Carloto,Providencia,RM,49000.00,$,NO,16,13843756,https://imagenes.passline.com/eventos/los-viajes-de-carloto-cena-maridaje-junto-a-vina-invina-538826-min.jpg,https://imagenes.passline.com/eventos/los-viajes-de-carloto-cena-maridaje-junto-a-vina-invina-538826-rec.jpg,NO,NO,0,https://www.passline.com/eventos/los-viajes-de-carloto-cena-maridaje-junto-a-vina-invina
538490,Showcase Bibie en Centro Arte Alameda,,Música,Conciertos,2026-08-12,20:00:00,2026-08-12,22:00:00,CENTRO ARTE ALAMEDA,Santiago,RM,,$,SI,,1055535,https://imagenes.passline.com/eventos/showcase-bibie-en-centro-arte-alameda-538490-min.jpg,https://imagenes.passline.com/eventos/showcase-bibie-en-centro-arte-alameda-538490-rec.jpg,NO,NO,0,https://www.passline.com/eventos/showcase-bibie-en-centro-arte-alameda
542175,Sergio Freire en Happy People,,,Stand-up Comedy,2026-08-12,20:00:00,2026-08-12,21:30:00,Teatro Restaurant Happy People,Providencia,RM,10000.00,$,NO,147,14249361,https://imagenes.passline.com/eventos/sergio-freire-en-happy-people-542175-min.jpg,https://imagenes.passline.com/eventos/sergio-freire-en-happy-people-542175-rec.jpg,NO,NO,0,https://www.passline.com/eventos/sergio-freire-en-happy-people
527255,YERKO PUCHENTO  Rustiko Huechuraba,,Comedia,Humor / Stand Up Comedy,2026-08-12,21:00:00,2026-08-13,00:00:00,Rustiko Huehuraba,Huechuraba,RM,,$,SI,,11725058,https://imagenes.passline.com/eventos/-756700-min.jpg,https://imagenes.passline.com/eventos/-756700-rec.jpg,NO,NO,0,https://www.passline.com/eventos/yerko-puchento-rustiko-huechuraba
543490,HOT CUE ★ MIÉRCOLES 12 AGOSTO ★ Club Siete,,,Entradas y Eventos,2026-08-12,22:00:00,2026-08-13,03:30:00,Club Siete,Las Condes,RM,10000.00,$,NO,268,14279674,https://imagenes.passline.com/eventos/-776366-min.jpg,https://imagenes.passline.com/eventos/-776366-rec.jpg,NO,NO,0,https://www.passline.com/eventos/hot-cue-miercoles-12-agosto-club-siete
544595,Súper miércoles Fiesta Oliver en Illuminati  - 12 Agosto,,Música,POP,2026-08-12,23:30:00,2026-08-13,04:00:00,Illuminati,Recoleta,RM,8000.00,$,NO,30,198240,https://imagenes.passline.com/eventos/super-miercoles-fiesta-oliver-en-illuminati-12-agosto-544595-min.jpg,https://imagenes.passline.com/eventos/super-miercoles-fiesta-oliver-en-illuminati-12-agosto-544595-rec.jpg,NO,NO,0,https://www.passline.com/eventos/super-miercoles-fiesta-oliver-en-illuminati-12-agosto
544628,“12 MIÉRCOLES,,Música,Club & Discoteche,2026-08-12,23:30:00,2026-08-13,04:00:00,FAUSTO,Providencia,RM,6000.00,$,NO,100,2154487,https://imagenes.passline.com/eventos/12-miercoles-544628-min.jpg,https://imagenes.passline.com/eventos/12-miercoles-544628-rec.jpg,NO,NO,0,https://www.passline.com/eventos/12-miercoles-544628
544246,La Misteriosa Mirada del Flamenco / Centro Arte Alameda,,,,2026-08-13,14:45:00,2026-08-13,16:45:00,Centro Arte Alameda,Santiago,RM,2000.00,$,NO,173,1055535,https://imagenes.passline.com/eventos/la-misteriosa-mirada-del-flamenco-centro-arte-alameda-544246-min.jpg,https://imagenes.passline.com/eventos/la-misteriosa-mirada-del-flamenco-centro-arte-alameda-544246-rec.jpg,NO,NO,0,https://www.passline.com/eventos/la-misteriosa-mirada-del-flamenco-centro-arte-alameda-544246
479106,Sunset Andes Winter | Ago - 2 Edición,,,,2026-08-13,15:30:00,2026-08-13,18:30:00,El Colorado Centro de Ski,Lo Barnechea,RM,,$,SI,,4416629,https://imagenes.passline.com/eventos/-711714-min.jpg,https://imagenes.passline.com/eventos/-711714-rec.jpg,NO,NO,0,https://www.passline.com/eventos/sunset-andes-winter-ago-2-edicion
544249,Obsesión / Centro Arte Alameda,,Cine,Alternative Cinema,2026-08-13,16:45:00,2026-08-13,18:45:00,Centro Arte Alameda,Santiago,RM,2500.00,$,NO,191,1055535,https://imagenes.passline.com/eventos/obsesion-centro-arte-alameda-544249-min.jpg,https://imagenes.passline.com/eventos/obsesion-centro-arte-alameda-544249-rec.jpg,NO,NO,0,https://www.passline.com/eventos/obsesion-centro-arte-alameda-544249
543517,Teenage Sex and Death at Camp Miasma / Centro Arte Alameda,,Cine,Alternative Cinema,2026-08-13,18:45:00,2026-08-13,20:45:00,Centro Arte Alameda,Santiago,RM,2500.00,$,NO,158,1055535,https://imagenes.passline.com/eventos/-776415-min.jpg,https://imagenes.passline.com/eventos/-776415-rec.jpg,NO,NO,0,https://www.passline.com/eventos/teenage-sex-and-death-at-camp-miasma-centro-arte-alameda
544044,CLASES DE CUECA Y SALSA MÁS CUECAS EN VIVO 13/08,,Música,Cueca,2026-08-13,19:00:00,2026-08-14,03:00:00,BAR VICTORIA,Pedro Aguirre Cerda,RM,0.00,$,NO,153,1146137,https://imagenes.passline.com/eventos/clases-de-cueca-y-salsa-mas-cuecas-en-vivo-1308-544044-min.jpg,https://imagenes.passline.com/eventos/clases-de-cueca-y-salsa-mas-cuecas-en-vivo-1308-544044-rec.jpg,NO,NO,0,https://www.passline.com/eventos/clases-de-cueca-y-salsa-mas-cuecas-en-vivo-1308
536006,Concierto 2: Europa Romántica: Dvořák y Brahms,,Música,Conciertos,2026-08-13,19:30:00,2026-08-13,21:00:00,Estación Mapocho,Santiago,RM,5000.00,$,NO,204,3778234,https://imagenes.passline.com/eventos/concierto-2-europa-romantica-dvoak-y-brahms-536006-min.jpg,https://imagenes.passline.com/eventos/concierto-2-europa-romantica-dvoak-y-brahms-536006-rec.jpg,NO,NO,0,https://www.passline.com/eventos/concierto-2-europa-romantica-dvoak-y-brahms
538738,HICIMOS UN PACTO-T2 C16,,Comedia,Humor / Stand Up Comedy,2026-08-13,19:30:00,2026-08-13,22:00:00,Casa Irarrázaval Restobar,&Ntilde;u&ntilde;oa,RM,5000.00,$,NO,19,14284243,https://imagenes.passline.com/eventos/-777425-min.jpg,https://imagenes.passline.com/eventos/-777425-rec.jpg,NO,NO,0,https://www.passline.com/eventos/hicimos-un-pactot2-c16
537828,SEGUNDO ROSERO EN LA FAMA,,Música,Conciertos,2026-08-13,20:00:00,2026-08-14,04:00:00,Discoteca La Fama,Recoleta,RM,25000.00,$,NO,127,13037890,https://imagenes.passline.com/eventos/segundorosero-enlafama-537828-min.jpg,https://imagenes.passline.com/eventos/segundorosero-enlafama-537828-rec.jpg,NO,NO,1,https://www.passline.com/eventos/segundorosero-enlafama
538142,Magia Sobre Hielo Melipilla,,Vacaciones de Invierno,Vacaciones Julio,2026-08-13,20:00:00,2026-08-13,21:30:00,COSTADO AUTO PLANET,Melipilla,RM,5000.00,$,NO,7700,12542346,https://imagenes.passline.com/eventos/magia-sobre-hielo-melipilla-538142-min.jpg,https://imagenes.passline.com/eventos/magia-sobre-hielo-melipilla-538142-rec.jpg,NO,NO,0,https://www.passline.com/eventos/magia-sobre-hielo-melipilla-538142
542592,El Circo de Tony Caluga en Puente Alto / Vacaciones de invierno,,Vacaciones de Invierno,Vacaciones Julio,2026-08-13,20:00:00,2026-08-13,21:30:00,Puente Alto,Puente Alto,RM,5000.00,$,NO,910,9481901,https://imagenes.passline.com/eventos/el-circo-de-tony-caluga-en-puente-alto-vacaciones-de-invierno-542592-min.jpg,https://imagenes.passline.com/eventos/el-circo-de-tony-caluga-en-puente-alto-vacaciones-de-invierno-542592-rec.jpg,NO,NO,0,https://www.passline.com/eventos/el-circo-de-tony-caluga-en-puente-alto-vacaciones-de-invierno-542592
543227,Festival de Cine Tailandés 2026 en Santiago,,Cine,2D Cinema,2026-08-13,20:00:00,2026-08-14,22:00:00,Cineplanet Costanera Center,Providencia,RM,,$,SI,,8799984,https://imagenes.passline.com/eventos/festival-de-cine-tailandes-2026-en-santiago-543227-min.jpg,https://imagenes.passline.com/eventos/festival-de-cine-tailandes-2026-en-santiago-543227-rec.jpg,NO,NO,0,https://www.passline.com/eventos/festival-de-cine-tailandes-2026-en-santiago
543887,Ustedes ¿Son pareja? – jueves13 agosto,Migue Sandoval,Comedia,Comedia,2026-08-13,20:00:00,2026-08-14,21:30:00,Happy People - Teatro Bar,Providencia,RM,0.00,$,NO,229,1942362,https://imagenes.passline.com/eventos/-776969-min.jpg,https://imagenes.passline.com/eventos/-776969-rec.jpg,NO,NO,0,https://www.passline.com/eventos/ustedes-son-pareja-jueves13-agosto
541307,Delirio Colectivo,,Comedia,Comedia,2026-08-13,20:30:00,2026-08-13,22:30:00,Telepollo Restobar,Pedro Aguirre Cerda,RM,2000.00,$,NO,40,13704831,https://imagenes.passline.com/eventos/-773393-min.jpg,https://imagenes.passline.com/eventos/-773393-rec.jpg,NO,NO,0,https://www.passline.com/eventos/delirio-colectivo
544276,La Invitación / Centro Arte Alameda,,Cine,Alternative Cinema,2026-08-13,20:45:00,2026-08-13,22:30:00,Centro Arte Alameda / Sala CEINA,Santiago,RM,2500.00,$,NO,195,1055535,https://imagenes.passline.com/eventos/la-invitacion-centro-arte-alameda-544276-min.jpg,https://imagenes.passline.com/eventos/la-invitacion-centro-arte-alameda-544276-rec.jpg,NO,NO,0,https://www.passline.com/eventos/la-invitacion-centro-arte-alameda-544276
530441,TRIBUTO INCUBUS EN HOUSE OF ROCK & BLUES,TRIBUTO INCUBUS EN BAR ROCKSTAR KARAOKE STAGE,Música,Alternative Rock,2026-08-13,21:00:00,2026-08-13,23:55:00,House rock and blues,&Ntilde;u&ntilde;oa,RM,6000.00,$,NO,54,693750,https://imagenes.passline.com/eventos/-757992-min.jpg,https://imagenes.passline.com/eventos/-757992-rec.jpg,NO,NO,0,https://www.passline.com/eventos/tributo-incubus-en-house-of-rock-blues-530441
534023,Demian The Rat Probando Quesito En Maipu,,Comedia,Comedia,2026-08-13,21:00:00,2026-08-13,23:05:00,Coyotes Club,Maip&uacute;,RM,12000.00,$,NO,117,629394,https://imagenes.passline.com/eventos/demian-the-rat-probando-quesito-en-maipu-534023-min.jpg,https://imagenes.passline.com/eventos/demian-the-rat-probando-quesito-en-maipu-534023-rec.jpg,NO,NO,0,https://www.passline.com/eventos/demian-the-rat-probando-quesito-en-maipu
535200,RENNAN DA PENHA,"RENNAN DA PENHA, LiveMusic, MúsicaEnVivo, ShowEnVivo, Concierto, ConciertosChile, EventosChile, AgendaCultural, PanoramaSantiago, QuéHacerEnSantiago, QuéHacerHoy, VidaNocturna, ExperienciaEnVivo, C",Fiestas,Brazilian Carnival,2026-08-13,21:00:00,2026-08-14,03:30:00,CLUB CHOCOLATE,Recoleta,RM,20000.00,$,NO,5700206,53825,https://imagenes.passline.com/eventos/-777192-min.jpg,https://imagenes.passline.com/eventos/-777192-rec.jpg,NO,NO,0,https://www.passline.com/eventos/rennan-da-penha
540355,Andres de Leon Mystic Valley,,Música,Conciertos,2026-08-13,22:00:00,2026-08-14,01:30:00,Mystic Valley,Lampa,RM,15000.00,$,NO,210,1312167,https://imagenes.passline.com/eventos/andres-de-leon-mystic-valley-540355-min.jpg,https://imagenes.passline.com/eventos/andres-de-leon-mystic-valley-540355-rec.jpg,NO,NO,0,https://www.passline.com/eventos/andres-de-leon-mystic-valley
543999,JUEVES DE BAILE ★ JUEVES 13 AGOSTO ★ Club Siete - Piso 4 Hotel W,,,Entradas y Eventos,2026-08-13,22:00:00,2026-08-14,03:30:00,Club Siete,Las Condes,RM,10000.00,$,NO,320,14279674,https://imagenes.passline.com/eventos/-777140-min.jpg,https://imagenes.passline.com/eventos/-777140-rec.jpg,NO,NO,0,https://www.passline.com/eventos/jueves-de-baile-jueves-13-agosto-club-siete
544131,JUEVES 13 DE AGOSTO - LA FERIA CLUB,,Música,Electrónica,2026-08-13,22:00:00,2026-08-14,03:00:00,La Feria,Providencia,RM,17000.00,$,NO,200100,3581356,https://imagenes.passline.com/eventos/fiestas.jpg,https://imagenes.passline.com/eventos/fiestas.jpg,NO,NO,0,https://www.passline.com/eventos/jueves-13-de-agosto-la-feria-club
543894,"JUEVES LOWKEY EN CLUB LA RUBIA / 13 DE AGOSTO, 23HRS",,,Fiesta,2026-08-13,23:00:00,2026-08-14,03:30:00,CLUB LA RUBIA,Las Condes,RM,0.00,$,NO,1984,12983970,https://imagenes.passline.com/eventos/-777052-min.jpg,https://imagenes.passline.com/eventos/-777052-rec.jpg,NO,NO,0,https://www.passline.com/eventos/jueves-lowkey-en-club-la-rubia-13-de-agosto-23hrs
540878,INDIE UNIVERSITY PARTY • ALL ROCKERS,,Música,Indie,2026-08-13,23:30:00,2026-08-14,04:00:00,Blondie,Santiago,RM,3000.00,$,NO,91,325940,https://imagenes.passline.com/eventos/-776732-min.jpg,https://imagenes.passline.com/eventos/-776732-rec.jpg,NO,NO,0,https://www.passline.com/eventos/indie-university-party-all-rockers
544632,“13 JUEVES,,Música,Club & Discoteche,2026-08-13,23:30:00,2026-08-14,04:00:00,FAUSTO,Providencia,RM,6000.00,$,NO,100,2154487,https://imagenes.passline.com/eventos/13-jueves-544632-min.jpg,https://imagenes.passline.com/eventos/13-jueves-544632-rec.jpg,NO,NO,0,https://www.passline.com/eventos/13-jueves-544632
544804,JUEVES LATINO VS POP 🪩 13 Ago,,,,2026-08-13,23:30:00,2026-08-14,03:40:00,Illuminati,Recoleta,RM,10000.00,$,NO,200,9930776,https://imagenes.passline.com/eventos/jueves-latino-vs-pop-13-ago-544804-min.jpg,https://imagenes.passline.com/eventos/jueves-latino-vs-pop-13-ago-544804-rec.jpg,NO,NO,0,https://www.passline.com/eventos/jueves-latino-vs-pop-13-ago
540680,LA GRAN MAGIA TROPICAL Y LAS CORRALERAS,,Música,Cueca,2026-08-14,20:00:00,2026-08-15,03:00:00,BAR VICTORIA,Pedro Aguirre Cerda,RM,15000.00,$,NO,147,1146137,https://imagenes.passline.com/eventos/-778525-min.jpg,https://imagenes.passline.com/eventos/-778525-rec.jpg,NO,NO,0,https://www.passline.com/eventos/la-gran-magia-tropical-1408
542144,"JORNADA 2 COMPETENCIA EDICIÓN COREOGRÁFICA - VIERNES 14 DE AGOSTO - TEATRO CEINA (ARTURO PRAT #33,",,Música,Baile,2026-08-14,10:00:00,2026-08-14,16:00:00,Centro Cultural Ceina,Santiago,RM,10000.00,$,NO,607,14251273,https://imagenes.passline.com/eventos/jornada-2-competencia-edicion-coreografica-viernes-14-de-agosto-teatro-ceina-arturo-prat-33-santiago-542144-min.jpg,https://imagenes.passline.com/eventos/jornada-2-competencia-edicion-coreografica-viernes-14-de-agosto-teatro-ceina-arturo-prat-33-santiago-542144-rec.jpg,NO,NO,0,https://www.passline.com/eventos/jornada-2-competencia-edicion-coreografica-viernes-14-de-agosto-teatro-ceina-arturo-prat-33-santiago
542153,"JORNADA 3 COMPETENCIA EDICIÓN COREOGRÁFICA - VIERNES 14 DE AGOSTO - TEATRO CEINA (ARTURO PRAT #33,",,Música,Baile,2026-08-14,16:30:00,2026-08-14,23:30:00,Centro Cultural Ceina,Santiago,RM,10000.00,$,NO,586,14251273,https://imagenes.passline.com/eventos/jornada-3-competencia-edicion-coreografica-viernes-14-de-agosto-teatro-ceina-arturo-prat-33-santiago-542153-min.jpg,https://imagenes.passline.com/eventos/jornada-3-competencia-edicion-coreografica-viernes-14-de-agosto-teatro-ceina-arturo-prat-33-santiago-542153-rec.jpg,NO,NO,0,https://www.passline.com/eventos/jornada-3-competencia-edicion-coreografica-viernes-14-de-agosto-teatro-ceina-arturo-prat-33-santiago
541841,Salesman / Centro Arte Alameda,,Cine,Author Cinema,2026-08-14,17:00:00,2026-08-14,19:00:00,Centro Arte Alameda,Santiago,RM,2000.00,$,NO,158,1055535,https://imagenes.passline.com/eventos/salesman-centro-arte-alameda-541841-min.jpg,https://imagenes.passline.com/eventos/salesman-centro-arte-alameda-541841-rec.jpg,NO,NO,0,https://www.passline.com/eventos/salesman-centro-arte-alameda
533906,Zorro (Colombia),,Familia,Infantil,2026-08-14,18:00:00,2026-08-14,19:00:00,Teatro UC Sala Ana Gonzalez,&Ntilde;u&ntilde;oa,RM,7000.00,$,NO,496,11307267,https://imagenes.passline.com/eventos/zorro-colombia-533906-min.jpg,https://imagenes.passline.com/eventos/zorro-colombia-533906-rec.jpg,SI,NO,1,https://www.passline.com/eventos/zorro-colombia
534141,El País de las Maravillas (Aysén),,,Evento Familiar,2026-08-14,18:00:00,2026-08-14,19:30:00,Teatro Mori Recoleta,Recoleta,RM,5000.00,$,NO,398,11307267,https://imagenes.passline.com/eventos/el-pais-de-las-maravillas-aysen-534141-min.jpg,https://imagenes.passline.com/eventos/el-pais-de-las-maravillas-aysen-534141-rec.jpg,NO,NO,1,https://www.passline.com/eventos/el-pais-de-las-maravillas-aysen
543512,El final de la Calle Oak / Centro Arte Alameda,,Cine,Author Cinema,2026-08-14,18:45:00,2026-08-14,20:45:00,Centro Arte Alameda,Santiago,RM,2500.00,$,NO,192,1055535,https://imagenes.passline.com/eventos/-776409-min.jpg,https://imagenes.passline.com/eventos/-776409-rec.jpg,SI,NO,0,https://www.passline.com/eventos/el-final-de-la-calle-oak-centro-arte-alameda
524408,LUNA ES LESBOS 4°EDICIÓN 2026,,,,2026-08-14,19:00:00,2026-08-14,23:45:00,CABARET PIRAÑA,Recoleta,RM,10000.00,$,NO,35,4362764,https://imagenes.passline.com/eventos/-764800-min.jpg,https://imagenes.passline.com/eventos/-764800-rec.jpg,NO,NO,0,https://www.passline.com/eventos/luna-es-lesbos-4edicion-2026
533187,Blooom (Brasil/Alemania),,Familia,Infantil,2026-08-14,19:00:00,2026-08-14,20:00:00,GAM - A1,Santiago,RM,7000.00,$,NO,481,11307267,https://imagenes.passline.com/eventos/blooom-brasilalemania-533187-min.jpg,https://imagenes.passline.com/eventos/blooom-brasilalemania-533187-rec.jpg,NO,NO,1,https://www.passline.com/eventos/blooom-brasilalemania
533884,Sala de Menesteres,,Comedia,Comedia,2026-08-14,19:30:00,2026-08-14,21:30:00,Casa Irarrázaval,&Ntilde;u&ntilde;oa,RM,0.00,$,NO,48,4887048,https://imagenes.passline.com/eventos/sala-de-menesteres-533884-min.jpg,https://imagenes.passline.com/eventos/sala-de-menesteres-533884-rec.jpg,NO,NO,0,https://www.passline.com/eventos/sala-de-menesteres
517115,SQUASH BOWELS EN CHILE,Squash Bowels,Música,Death Metal,2026-08-14,20:00:00,2026-08-15,00:00:00,Sala RBX,&Ntilde;u&ntilde;oa,RM,25000.00,$,NO,355,11167252,https://imagenes.passline.com/eventos/-767266-min.jpg,https://imagenes.passline.com/eventos/-767266-rec.jpg,NO,NO,0,https://www.passline.com/eventos/squash-bowels-en-chile
524035,PUENTE BOHEMIO,LOS PRECISOS 5,Música,Bolero,2026-08-14,20:00:00,2026-08-15,21:30:00,Casona Irarrazaval,Puente Alto,RM,10000.00,$,NO,82,422998,https://imagenes.passline.com/eventos/-754735-min.jpg,https://imagenes.passline.com/eventos/-754735-rec.jpg,NO,NO,0,https://www.passline.com/eventos/puente-bohemio
534372,CEREZA DE LA CUMBIA EN SANTIAGO DE CHILEE,,,Entradas y Eventos,2026-08-14,20:00:00,2026-08-16,04:30:00,Discoteca La Fama,Recoleta,RM,12000.00,$,NO,749,8542480,https://imagenes.passline.com/eventos/cereza-de-la-cumbia-en-santiago-de-chilee-534372-min.jpg,https://imagenes.passline.com/eventos/cereza-de-la-cumbia-en-santiago-de-chilee-534372-rec.jpg,NO,NO,0,https://www.passline.com/eventos/cereza-de-la-cumbia-en-santiago-de-chilee
540570,CLASES DE COCTELERÍA + FIESTA ★ VIERNES 14 AGOSTO ★ Club Siete - Piso 4 Hotel W,,Experiencias Gastronómicas,Cocktail Masterclass,2026-08-14,20:00:00,2026-08-14,22:00:00,Club Siete,Las Condes,RM,,$,SI,,14279674,https://imagenes.passline.com/eventos/-778154-min.jpg,https://imagenes.passline.com/eventos/-778154-rec.jpg,NO,NO,0,https://www.passline.com/eventos/clases-de-cocteleria-fiesta-viernes-14-agosto-club-siete-piso-4-hotel-w
544236,Los Tachuelas En San Joaquín,,Vacaciones de Invierno,Vacaciones Julio,2026-08-14,20:00:00,2026-08-14,23:00:00,Circo Los Tachuelas,San Joaqu&iacute;n,RM,10000.00,$,NO,347,2061368,https://imagenes.passline.com/eventos/-777516-min.jpg,https://imagenes.passline.com/eventos/-777516-rec.jpg,NO,NO,0,https://www.passline.com/eventos/los-tachuelas-en-san-joaquin-544236
532198,Aura ★ VIERNES 14 AGOSTO ★,,Música,Discoteca,2026-08-14,20:30:00,2026-08-15,05:00:00,Aura club,Vitacura,RM,0.00,$,NO,2860878,188159,https://imagenes.passline.com/eventos/-774782-min.jpg,https://imagenes.passline.com/eventos/-774782-rec.jpg,NO,NO,1,https://www.passline.com/eventos/aura-viernes-14-agosto
536420,Choque De Frecuencias 1,"Trio de Orates, Euthanasis, Explayo",Música,Alternative Rock,2026-08-14,20:30:00,2026-08-15,03:00:00,Bar Oxido,Recoleta,RM,5000.00,$,NO,30,4993215,https://imagenes.passline.com/eventos/choque-de-frecuencias-1-536420-min.jpg,https://imagenes.passline.com/eventos/choque-de-frecuencias-1-536420-rec.jpg,NO,NO,0,https://www.passline.com/eventos/choque-de-frecuencias-1
505342,Esto es lo que soy,Laudy Mery,Cine,Musical,2026-08-14,21:00:00,2026-08-14,23:30:00,Teatro fiebre,Providencia,RM,,$,SI,,13689869,https://imagenes.passline.com/eventos/-757735-min.jpg,https://imagenes.passline.com/eventos/-757735-rec.jpg,NO,SI,1,https://www.passline.com/eventos/esto-es-lo-que-soy
511787,Heberto el Maracucho en Santiago de Chile,,,,2026-08-14,21:00:00,2026-08-15,04:00:00,Muranos Resto Bar,Santiago,RM,15000.00,$,NO,35,641296,https://imagenes.passline.com/eventos/heberto-el-maracucho-en-santiago-de-chile-511787-min.jpg,https://imagenes.passline.com/eventos/heberto-el-maracucho-en-santiago-de-chile-511787-rec.jpg,NO,NO,0,https://www.passline.com/eventos/heberto-el-maracucho-en-santiago-de-chile
535172,Dúo Ventrilocas,,Comedia,Humor / Stand Up Comedy,2026-08-14,21:00:00,2026-08-15,02:00:00,Peluquería Francesa,Santiago,RM,10000.00,$,NO,79,39593,https://imagenes.passline.com/eventos/duo-ventrilocas-535172-min.jpg,https://imagenes.passline.com/eventos/duo-ventrilocas-535172-rec.jpg,NO,NO,0,https://www.passline.com/eventos/duo-ventrilocas
537650,FIESTA PATAGONA CON LUCIANO AUAD,,Música,Baile,2026-08-14,21:00:00,2026-08-15,00:30:00,Casona de Hilda Parra,Recoleta,RM,12000.00,$,NO,132,11004949,https://imagenes.passline.com/eventos/fiesta-patagona-con-luciano-auad-537650-min.jpg,https://imagenes.passline.com/eventos/fiesta-patagona-con-luciano-auad-537650-rec.jpg,NO,NO,0,https://www.passline.com/eventos/fiesta-patagona-con-luciano-auad
538100,El Arbusto Rodante + Les Bateliers en La Puerta Amarilla,,Música,Hard Rock,2026-08-14,21:00:00,2026-08-15,00:30:00,Bar La Puerta Amarilla,La Reina,RM,7000.00,$,NO,199,2742144,https://imagenes.passline.com/eventos/el-arbusto-rodante-les-bateliers-en-la-puerta-amarilla-538100-min.jpg,https://imagenes.passline.com/eventos/el-arbusto-rodante-les-bateliers-en-la-puerta-amarilla-538100-rec.jpg,NO,NO,0,https://www.passline.com/eventos/el-arbusto-rodante-les-bateliers-en-la-puerta-amarilla
541542,🎶🔥 ¡LOS HIJOS DE LA CUMBIA LLEGAN AL CHANCHO CON CHALECO! 🔥🎶,,Música,Cumbia,2026-08-14,21:00:00,2026-08-15,02:30:00,EL CHANCHO CON CHALECO,Maip&uacute;,RM,5000.00,$,NO,100,4921233,https://imagenes.passline.com/eventos/los-hijos-de-la-cumbia-llegan-al-chancho-con-chaleco-541542-min.jpg,https://imagenes.passline.com/eventos/los-hijos-de-la-cumbia-llegan-al-chancho-con-chaleco-541542-rec.jpg,NO,NO,0,https://www.passline.com/eventos/los-hijos-de-la-cumbia-llegan-al-chancho-con-chaleco
542194,PEARL JAM - SINGLES / TRIBUTO PIEDRA NEGRA,"LiveMusic, MúsicaEnVivo, ShowEnVivo, Concierto, EventosChile, TributoEnVivo, MúsicaTributo, CulturaEnVivo, NochesDeMúsica, DiversiónEnVivo, VibrasEnVivo, TurismoYConciertos, CoverBand, Experiencia",Música,Conciertos,2026-08-14,21:00:00,2026-08-14,22:30:00,CLUB AMANDA,Vitacura,RM,10000.00,$,NO,288007,52690,https://imagenes.passline.com/eventos/-777005-min.jpg,https://imagenes.passline.com/eventos/-777005-rec.jpg,NO,NO,0,https://www.passline.com/eventos/pearl-jam-singles-tributo-piedra-negra
543045,BLACK COMEDY III,,Exposiciones y Conferencias,Arte & Cultura,2026-08-14,21:00:00,2026-08-14,23:00:00,El rincón de María,Santiago,RM,5000.00,$,NO,50,14067620,https://imagenes.passline.com/eventos/-776855-min.jpg,https://imagenes.passline.com/eventos/-776855-rec.jpg,NO,NO,0,https://www.passline.com/eventos/black-comedy-iii
543419,SKALDIK & MANIFIESTO SKAJAZZ IN CONCERT,,Música,Jazz,2026-08-14,21:00:00,2026-08-15,01:00:00,Estudio Oculto,&Ntilde;u&ntilde;oa,RM,5000.00,$,NO,38,863001,https://imagenes.passline.com/eventos/skaldik-manifiesto-skajazz-in-concert-543419-min.jpg,https://imagenes.passline.com/eventos/skaldik-manifiesto-skajazz-in-concert-543419-rec.jpg,NO,NO,0,https://www.passline.com/eventos/skaldik-manifiesto-skajazz-in-concert
540818,Escenario Abierto 2.0,,Música,Alternative Rock Show,2026-08-14,21:30:00,2026-08-15,01:00:00,Las Puertas Cafe,Pe&ntilde;aflor,RM,3000.00,$,NO,80,13960278,https://imagenes.passline.com/eventos/escenario-abierto-20-540818-min.jpg,https://imagenes.passline.com/eventos/escenario-abierto-20-540818-rec.jpg,NO,NO,0,https://www.passline.com/eventos/escenario-abierto-20
535426,Iconik presenta a Franco El Gorila en Club Chocolate,Franco el Gorila,Música,Club & Discoteche,2026-08-14,22:00:00,2026-08-15,04:30:00,Club Chocolate,Vitacura,RM,15000.00,$,NO,5700056,53825,https://imagenes.passline.com/eventos/iconik-presenta-a-franco-el-gorila-en-club-chocolate-535426-min.jpg,https://imagenes.passline.com/eventos/iconik-presenta-a-franco-el-gorila-en-club-chocolate-535426-rec.jpg,NO,NO,0,https://www.passline.com/eventos/iconik-presenta-a-franco-el-gorila-en-club-chocolate
537730,Caña Brava en Montañita Las Vizcachas,,Música,Merengue Night,2026-08-14,22:00:00,2026-08-15,03:00:00,Montañita Las Vizcachas,Puente Alto,RM,7000.00,$,NO,263,12979935,https://imagenes.passline.com/eventos/cana-brava-en-montanita-las-vizcachas-537730-min.jpg,https://imagenes.passline.com/eventos/cana-brava-en-montanita-las-vizcachas-537730-rec.jpg,NO,NO,0,https://www.passline.com/eventos/cana-brava-en-montanita-las-vizcachas
541320,Gabriel Colmenares - Show de Stand Up Comedy,,Comedia,Comedy,2026-08-14,22:00:00,2026-08-14,23:00:00,Gran Refugio Barrio Italia,Santiago,RM,6000.00,$,NO,80,1126424,https://imagenes.passline.com/eventos/gabriel-colmenares-show-de-stand-up-comedy-541320-min.jpg,https://imagenes.passline.com/eventos/gabriel-colmenares-show-de-stand-up-comedy-541320-rec.jpg,NO,NO,0,https://www.passline.com/eventos/gabriel-colmenares-show-de-stand-up-comedy
541566,Amanda Entre Amigos | Intervención de Moral Distraída en Club Amanda,,Música,Disco,2026-08-14,22:00:00,2026-08-14,23:30:00,Club Amanda,Vitacura,RM,10000.00,$,NO,288017,52690,https://imagenes.passline.com/eventos/amanda-entre-amigos-intervencion-de-moral-distraida-en-club-amanda-541566-min.jpg,https://imagenes.passline.com/eventos/amanda-entre-amigos-intervencion-de-moral-distraida-en-club-amanda-541566-rec.jpg,NO,NO,0,https://www.passline.com/eventos/amanda-entre-amigos-intervencion-de-moral-distraida-en-club-amanda
543452,SOCIAL W ★ VIERNES 14 AGOSTO ★ Club Siete - Piso 4 Hotel W,,,Fiesta,2026-08-14,22:00:00,2026-08-15,04:30:00,Club Siete,Las Condes,RM,10000.00,$,NO,200,14279674,https://imagenes.passline.com/eventos/-776303-min.jpg,https://imagenes.passline.com/eventos/-776303-rec.jpg,NO,NO,0,https://www.passline.com/eventos/social-w-viernes-14-agosto-club-siete-piso-4-hotel-w
544331,"Fantasy en Mía Club, Festival de Guaracha este Viernes 14",,Música,Afro,2026-08-14,22:00:00,2026-08-15,04:00:00,MÍA CLUB (EX 2.0 PREMIUM),Puente Alto,RM,0.00,$,NO,9913,9849213,https://imagenes.passline.com/eventos/fantasy-en-mia-club-festival-de-guaracha-este-viernes-14-544331-min.jpg,https://imagenes.passline.com/eventos/fantasy-en-mia-club-festival-de-guaracha-este-viernes-14-544331-rec.jpg,NO,NO,0,https://www.passline.com/eventos/fantasy-en-mia-club-festival-de-guaracha-este-viernes-14
541477,Aniversario 28 años,,Teatro y Musicales,Drag Show,2026-08-14,22:30:00,2026-08-15,05:00:00,Espacio Cero,San Miguel,RM,15000.00,$,NO,495,8876306,https://imagenes.passline.com/eventos/aniversario-28-anos-541477-min.jpg,https://imagenes.passline.com/eventos/aniversario-28-anos-541477-rec.jpg,NO,NO,0,https://www.passline.com/eventos/aniversario-28-anos
542933,PROMETEO -  WONDERLAND,,,Entradas y Eventos,2026-08-14,22:30:00,2026-08-15,04:30:00,Teatro Alicia,Lo Barnechea,RM,8000.00,$,NO,192,4286835,https://imagenes.passline.com/eventos/-776090-min.jpg,https://imagenes.passline.com/eventos/-776090-rec.jpg,NO,NO,1,https://www.passline.com/eventos/prometeo-wonderland
544189,HIT || TERRAZA ARRAYÁN || VIERNES 14 AGOSTO,,Fiestas,Club,2026-08-14,22:30:00,2026-08-15,04:30:00,Terraza Arrayan,Lo Barnechea,RM,0.00,$,NO,2099,9979917,https://imagenes.passline.com/eventos/hit-terraza-arrayan-viernes-14-agosto-544189-min.jpg,https://imagenes.passline.com/eventos/hit-terraza-arrayan-viernes-14-agosto-544189-rec.jpg,NO,NO,0,https://www.passline.com/eventos/hit-terraza-arrayan-viernes-14-agosto
538088,FIESTA VIBES vol.4,,Música,Club & Discoteche,2026-08-14,23:00:00,2026-08-15,04:00:00,Antonia López de Bello 80,Recoleta,RM,10000.00,$,NO,192,13381570,https://imagenes.passline.com/eventos/fiesta-vibes-vol4-538088-min.jpg,https://imagenes.passline.com/eventos/fiesta-vibes-vol4-538088-rec.jpg,NO,NO,0,https://www.passline.com/eventos/fiesta-vibes-vol4
544133,GRUVCITO VIERNES 14 DE AGOSTO - LA FERIA CLUB,,Música,Electrónica,2026-08-14,23:00:00,2026-08-15,05:00:00,La Feria,Providencia,RM,17000.00,$,NO,200100,3581356,https://imagenes.passline.com/eventos/-777374-min.jpg,https://imagenes.passline.com/eventos/-777374-rec.jpg,NO,NO,0,https://www.passline.com/eventos/gruvcito-viernes-14-de-agosto-la-feria-club
544546,Todo Vale en Tom House ! Súper viernes,,Música,Techno,2026-08-14,23:00:00,2026-08-15,05:00:00,Tom House Club,Recoleta,RM,11000.00,$,NO,87,198240,https://imagenes.passline.com/eventos/fiestas.jpg,https://imagenes.passline.com/eventos/fiestas.jpg,NO,NO,0,https://www.passline.com/eventos/todo-vale-en-tom-house-super-viernes
537392,"OTAKU DANCE - MES DEL COSPLAY, Viernes 14 Agosto, Spot Freedom.",,Familia,Anime,2026-08-14,23:30:00,2026-08-15,04:30:00,Spot Freedom,Recoleta,RM,10000.00,$,NO,145,81273,https://imagenes.passline.com/eventos/otaku-dance-mes-del-cosplay-viernes-14-agosto-spot-freedom-537392-min.jpg,https://imagenes.passline.com/eventos/otaku-dance-mes-del-cosplay-viernes-14-agosto-spot-freedom-537392-rec.jpg,NO,NO,0,https://www.passline.com/eventos/otaku-dance-mes-del-cosplay-viernes-14-agosto-spot-freedom
540191,Brat: Charli XCX Birthday Party - 4 Pistas de Baile,,Fiestas,Fiesta de cumpleaños,2026-08-14,23:30:00,2026-08-15,05:00:00,Blondie,Santiago,RM,10000.00,$,NO,781197,30119,https://imagenes.passline.com/eventos/brat-charli-xcx-birthday-party-4-pistas-de-baile-540191-min.jpg,https://imagenes.passline.com/eventos/brat-charli-xcx-birthday-party-4-pistas-de-baile-540191-rec.jpg,NO,NO,0,https://www.passline.com/eventos/brat-charli-xcx-birthday-party-4-pistas-de-baile
544633,“14 VIERNES,,Música,Club & Discoteche,2026-08-14,23:30:00,2026-08-15,05:00:00,FAUSTO,Providencia,RM,7000.00,$,NO,100,2154487,https://imagenes.passline.com/eventos/14-viernes-544633-min.jpg,https://imagenes.passline.com/eventos/14-viernes-544633-rec.jpg,NO,NO,0,https://www.passline.com/eventos/14-viernes-544633
544807,VIERNES SÚPER ILLU 💫 14 Ago,,,,2026-08-14,23:30:00,2026-08-15,04:40:00,Illuminati,Recoleta,RM,12000.00,$,NO,399,9930776,https://imagenes.passline.com/eventos/viernes-super-illu-14-ago-544807-min.jpg,https://imagenes.passline.com/eventos/viernes-super-illu-14-ago-544807-rec.jpg,NO,NO,0,https://www.passline.com/eventos/viernes-super-illu-14-ago
542905,GRUPO LA ROSA en vivo !!!,,Música,Baile,2026-08-15,00:30:00,2026-08-16,05:00:00,COYOTES CLUB,Maip&uacute;,RM,10000.00,$,NO,199,183762,https://imagenes.passline.com/eventos/grupo-la-rosa-en-vivo-542905-min.jpg,https://imagenes.passline.com/eventos/grupo-la-rosa-en-vivo-542905-rec.jpg,NO,NO,0,https://www.passline.com/eventos/grupo-la-rosa-en-vivo
497858,ONLY GEES SALA RBX + ARTISTAS INVITADOS,"XARTIN RELIGION, 21SKEPTA, NOXITA,BBYBLEACH, CHAZ****,MADENZI",,,2026-08-15,06:00:00,2026-08-15,11:30:00,Sala RBX,&Ntilde;u&ntilde;oa,RM,4000.00,$,NO,21,13522236,https://imagenes.passline.com/eventos/-771543-min.jpg,https://imagenes.passline.com/eventos/-771543-rec.jpg,NO,NO,0,https://www.passline.com/eventos/only-gees-sala-rbx-artistas-invitados
542277,FULL 7 TALLERES GENERALES – DARE DANCE CHILE 2026,,Música,Baile,2026-08-15,10:00:00,2026-08-15,18:00:00,Alto San Francisco,Santiago,RM,70000.00,$,NO,298,14251273,https://imagenes.passline.com/eventos/full-7-talleres-generales-dare-dance-chile-2026-542277-min.jpg,https://imagenes.passline.com/eventos/full-7-talleres-generales-dare-dance-chile-2026-542277-rec.jpg,NO,NO,0,https://www.passline.com/eventos/full-7-talleres-generales-dare-dance-chile-2026
542301,TALLER GENERAL JUDY GARZON - SALSA ON1,,Música,Baile,2026-08-15,10:00:00,2026-08-15,11:00:00,Alto San Francisco,Santiago,RM,20000.00,$,NO,100,14251273,https://imagenes.passline.com/eventos/taller-general-judy-garzon-salsa-on1-542301-min.jpg,https://imagenes.passline.com/eventos/taller-general-judy-garzon-salsa-on1-542301-rec.jpg,NO,NO,0,https://www.passline.com/eventos/taller-general-judy-garzon-salsa-on1
542312,TALLER GENERAL DEKLAN GUZMÁN - BACHATA FLOW,,Música,Bachata,2026-08-15,11:00:00,2026-08-15,12:00:00,Alto San Francisco,Santiago,RM,20000.00,$,NO,200,14251273,https://imagenes.passline.com/eventos/taller-general-deklan-guzman-bachata-flow-542312-min.jpg,https://imagenes.passline.com/eventos/taller-general-deklan-guzman-bachata-flow-542312-rec.jpg,NO,NO,0,https://www.passline.com/eventos/taller-general-deklan-guzman-bachata-flow
534546,Gea (Danza),,Familia,Infantil,2026-08-15,12:00:00,2026-08-15,13:00:00,GAM -N2,Santiago,RM,5000.00,$,NO,89,11307267,https://imagenes.passline.com/eventos/fiestas.jpg,https://imagenes.passline.com/eventos/fiestas.jpg,NO,NO,1,https://www.passline.com/eventos/gea-danza-534546
542317,TALLER GENERAL HENRY PINZÓN - SALSA FOOTWORK ON2,,Exposiciones y Conferencias,Cursos / Talleres,2026-08-15,12:00:00,2026-08-15,13:00:00,Alto San Francisco,Santiago,RM,20000.00,$,NO,200,14251273,https://imagenes.passline.com/eventos/taller-general-henry-pinzon-salsa-footwork-on2-542317-min.jpg,https://imagenes.passline.com/eventos/taller-general-henry-pinzon-salsa-footwork-on2-542317-rec.jpg,NO,NO,0,https://www.passline.com/eventos/taller-general-henry-pinzon-salsa-footwork-on2
542321,TALLER GENERAL NATALIA VILLANUEVA - BACHATA FOOTWORK - SÁBADO 15 DE AGOSTO - 13:30HRS.,,Música,Bachata,2026-08-15,13:30:00,2026-08-15,14:30:00,Alto San Francisco,Santiago,RM,20000.00,$,NO,200,14251273,https://imagenes.passline.com/eventos/taller-general-natalia-villanueva-bachata-footwork-sabado-15-de-agosto-1330hrs-542321-min.jpg,https://imagenes.passline.com/eventos/taller-general-natalia-villanueva-bachata-footwork-sabado-15-de-agosto-1330hrs-542321-rec.jpg,NO,NO,0,https://www.passline.com/eventos/taller-general-natalia-villanueva-bachata-footwork-sabado-15-de-agosto-1330hrs
512194,Baile do Rennan Da Penha - Sonora Sunset,Rennan da Penha,Festivales,Festival de Música Electrónica,2026-08-15,14:00:00,2026-08-15,19:00:00,Taringuita Farellones,Lo Barnechea,RM,40000.00,$,NO,1040,10706648,https://imagenes.passline.com/eventos/-732392-min.jpg,https://imagenes.passline.com/eventos/-732392-rec.jpg,NO,NO,0,https://www.passline.com/eventos/baile-do-rennan-da-penha-sonora-sunset
542327,TALLER GENERAL MERCEDES SAYUT - AFRO/TIMBA - SÁBADO 15 DE AGOSTO - 14:40HRS.,,Música,Afro,2026-08-15,14:30:00,2026-08-15,15:30:00,Alto San Francisco,Santiago,RM,20000.00,$,NO,195,14251273,https://imagenes.passline.com/eventos/taller-general-mercedes-sayut-afrotimba-sabado-15-de-agosto-1440hrs-542327-min.jpg,https://imagenes.passline.com/eventos/taller-general-mercedes-sayut-afrotimba-sabado-15-de-agosto-1440hrs-542327-rec.jpg,NO,NO,0,https://www.passline.com/eventos/taller-general-mercedes-sayut-afrotimba-sabado-15-de-agosto-1440hrs
544801,SANTIAGO CITY liguilla ASENSO,,,Evento Familiar,2026-08-15,15:00:00,2026-08-15,19:00:00,ESTADIO LA PINTANA,La Pintana,RM,20000.00,$,NO,3000,5019850,https://imagenes.passline.com/eventos/fiestas.jpg,https://imagenes.passline.com/eventos/fiestas.jpg,NO,NO,0,https://www.passline.com/eventos/santiago-city-liguilla-asenso
532271,Sky Sunset Winter,,Música,Concert Tours,2026-08-15,16:00:00,2026-08-15,22:00:00,MIRADOR SKY COSTANERA,Providencia,RM,,$,SI,,2025623,https://imagenes.passline.com/eventos/sky-sunset-winter-532271-min.jpg,https://imagenes.passline.com/eventos/sky-sunset-winter-532271-rec.jpg,NO,NO,0,https://www.passline.com/eventos/sky-sunset-winter-532271
533971,El Viaje de la Paz,,Familia,Infantil,2026-08-15,16:00:00,2026-08-15,17:00:00,Teatro Mori Vitacura,Vitacura,RM,5000.00,$,NO,461,11307267,https://imagenes.passline.com/eventos/el-viaje-de-la-paz-533971-min.jpg,https://imagenes.passline.com/eventos/el-viaje-de-la-paz-533971-rec.jpg,NO,NO,1,https://www.passline.com/eventos/el-viaje-de-la-paz-533971
534155,Yo soy un  Oso (LSCH),,Familia,Infantil,2026-08-15,16:00:00,2026-08-15,17:00:00,Teatro Mori Bellavista,Santiago,RM,5000.00,$,NO,310,11307267,https://imagenes.passline.com/eventos/yo-soy-un-oso-534155-min.jpg,https://imagenes.passline.com/eventos/yo-soy-un-oso-534155-rec.jpg,NO,NO,1,https://www.passline.com/eventos/yo-soy-un-oso-534155
537607,Cachalote (LSCH),,Familia,Infantil,2026-08-15,16:00:00,2026-08-15,17:00:00,GAM - B1,Santiago,RM,5000.00,$,NO,137,11307267,https://imagenes.passline.com/eventos/cachalote-lsch-min.jpg,https://imagenes.passline.com/eventos/cachalote-lsch-rec.jpg,NO,NO,0,https://www.passline.com/eventos/cachalote-lsch
538644,Mambo Rave Chan,"Mambo Celta, Mambo Celta Chan, Dj Cósmica",Música,Concert,2026-08-15,16:00:00,2026-08-15,23:30:00,La Comarca,Santiago,RM,3000.00,$,NO,95,10213144,https://imagenes.passline.com/eventos/mambo-rave-chan-538644-min.jpg,https://imagenes.passline.com/eventos/mambo-rave-chan-538644-rec.jpg,NO,NO,0,https://www.passline.com/eventos/mambo-rave-chan
539359,"El Principito, Teatro en Factoría Franklin, Especial mes del niño",,,Evento Familiar,2026-08-15,16:00:00,2026-08-15,18:00:00,Factoria Franklin,Santiago,RM,5000.00,$,NO,68,308957,https://imagenes.passline.com/eventos/-774196-min.jpg,https://imagenes.passline.com/eventos/-774196-rec.jpg,NO,NO,0,https://www.passline.com/eventos/el-principito-teatro-en-factoria-franklin-especial-mes-del-nino-539359
515383,Violator en Santiago 2026,Violator,Música,Metal,2026-08-15,16:30:00,2026-08-15,22:30:00,Blondie,Santiago,RM,30000.00,$,NO,809,2077592,https://imagenes.passline.com/eventos/-747540-min.jpg,https://imagenes.passline.com/eventos/-747540-rec.jpg,NO,NO,0,https://www.passline.com/eventos/violator-en-santiago-2026
542331,TALLER GENERAL PIPE Y KATHE - SALSA PARTNERWORK ON2 - SÁBADO 15 DE AGOSTO - 15:50HRS.,,Exposiciones y Conferencias,Cursos / Talleres,2026-08-15,16:30:00,2026-08-15,17:30:00,Alto San Francisco,Santiago,RM,20000.00,$,NO,200,14251273,https://imagenes.passline.com/eventos/taller-general-pipe-y-kathe-salsa-partnerwork-on2-sabado-15-de-agosto-1550hrs-542331-min.jpg,https://imagenes.passline.com/eventos/taller-general-pipe-y-kathe-salsa-partnerwork-on2-sabado-15-de-agosto-1550hrs-542331-rec.jpg,NO,NO,0,https://www.passline.com/eventos/taller-general-pipe-y-kathe-salsa-partnerwork-on2-sabado-15-de-agosto-1550hrs
540552,Good Will Hunting / Centro Arte Alameda,,Cine,Alternative Cinema,2026-08-15,16:45:00,2026-08-15,18:45:00,Centro Arte Alameda,Santiago,RM,2500.00,$,NO,181,1055535,https://imagenes.passline.com/eventos/good-will-hunting-centro-arte-alameda-540552-min.jpg,https://imagenes.passline.com/eventos/good-will-hunting-centro-arte-alameda-540552-rec.jpg,NO,NO,0,https://www.passline.com/eventos/good-will-hunting-centro-arte-alameda
525961,Chargola Fucking Fest 2026,,Música,Concert,2026-08-15,17:00:00,2026-08-15,23:30:00,Teatro Cariola,Santiago,RM,8000.00,$,NO,999,6843945,https://imagenes.passline.com/eventos/chargola-fucking-fest-2026-525961-min.jpg,https://imagenes.passline.com/eventos/chargola-fucking-fest-2026-525961-rec.jpg,NO,NO,0,https://www.passline.com/eventos/chargola-fucking-fest-2026
540755,Velada Boxeo Farid Box,,Deportes,Deportes,2026-08-15,17:00:00,2026-08-15,22:00:00,GIM FARID BOX,Independencia,RM,7000.00,$,NO,48,10709457,https://imagenes.passline.com/eventos/-772527-min.jpg,https://imagenes.passline.com/eventos/-772527-rec.jpg,NO,NO,0,https://www.passline.com/eventos/velada-boxeo-farid-box
542335,TALLER GENERAL GABRIELA EQUIZ - FUNDAMENTOS DE LA BACHATA - SÁBADO 15 DE AGOSTO - 17:00HRS.,,Música,Bachata,2026-08-15,17:00:00,2026-08-15,18:00:00,Alto San Francisco,Santiago,RM,20000.00,$,NO,200,14251273,https://imagenes.passline.com/eventos/taller-general-gabriela-equiz-fundamentos-de-la-bachata-sabado-15-de-agosto-1700hrs-542335-min.jpg,https://imagenes.passline.com/eventos/taller-general-gabriela-equiz-fundamentos-de-la-bachata-sabado-15-de-agosto-1700hrs-542335-rec.jpg,NO,NO,0,https://www.passline.com/eventos/taller-general-gabriela-equiz-fundamentos-de-la-bachata-sabado-15-de-agosto-1700hrs
532889,Tesoro Escena Ciudadana,,,Evento Infantil,2026-08-15,17:30:00,2026-08-15,18:30:00,Recorrido Plazas GAM,Santiago,RM,5000.00,$,NO,117,11307267,https://imagenes.passline.com/eventos/-761819-min.jpg,https://imagenes.passline.com/eventos/-761819-rec.jpg,NO,NO,0,https://www.passline.com/eventos/tesoro-escena-ciudadana-532889
544237,Los Tachuelas En San Joaquín,,Vacaciones de Invierno,Vacaciones Julio,2026-08-15,17:30:00,2026-08-15,20:00:00,Circo Los Tachuelas,San Joaqu&iacute;n,RM,10000.00,$,NO,345,2061368,https://imagenes.passline.com/eventos/-777517-min.jpg,https://imagenes.passline.com/eventos/-777517-rec.jpg,NO,NO,0,https://www.passline.com/eventos/los-tachuelas-en-san-joaquin-544237
540483,Imposición de Bandas Miss Grand Chile,,Exposiciones y Conferencias,Moda,2026-08-15,18:00:00,2026-08-15,21:00:00,Gran Espacio Parque,La Florida,RM,19900.00,$,NO,288,14297023,https://imagenes.passline.com/eventos/imposicion-de-bandas-miss-grand-chile-540483-min.jpg,https://imagenes.passline.com/eventos/imposicion-de-bandas-miss-grand-chile-540483-rec.jpg,NO,NO,0,https://www.passline.com/eventos/imposicion-de-bandas-miss-grand-chile
534148,Xpectacular Festival de Coreografías - Elite Dance Center,,Teatro y Musicales,Dance Performance,2026-08-15,18:30:00,2026-08-15,20:00:00,Teatro Cultural de San Joaquín,San Joaqu&iacute;n,RM,12000.00,$,NO,237,13871649,https://imagenes.passline.com/eventos/-763169-min.jpg,https://imagenes.passline.com/eventos/-763169-rec.jpg,NO,SI,1,https://www.passline.com/eventos/xpectacular-festival-de-coreografias-elite-dance-center
520414,Demian The Rat Probando Quesito Santiago!,,,,2026-08-15,19:00:00,2026-08-15,21:00:00,Palermo Teatro Bar,Providencia,RM,,$,SI,,629394,https://imagenes.passline.com/eventos/demian-the-rat-probando-quesito-santiago-520414-min.jpg,https://imagenes.passline.com/eventos/demian-the-rat-probando-quesito-santiago-520414-rec.jpg,NO,NO,0,https://www.passline.com/eventos/demian-the-rat-probando-quesito-santiago
531637,A terapia con la Magaly San Miguel,,Comedia,Comedia,2026-08-15,19:00:00,2026-08-15,22:00:00,Club de San Miguel.,San Miguel,RM,8000.00,$,NO,66,313533,https://imagenes.passline.com/eventos/a-terapia-con-la-magaly-san-miguel-531637-min.jpg,https://imagenes.passline.com/eventos/a-terapia-con-la-magaly-san-miguel-531637-rec.jpg,NO,NO,0,https://www.passline.com/eventos/a-terapia-con-la-magaly-san-miguel
536283,Noche de Jazz en Teatro Fiebre Bar,,Música,Conciertos,2026-08-15,19:00:00,2026-08-15,21:30:00,Bar Teatro Fiebre,Providencia,RM,6000.00,$,NO,102,283417,https://imagenes.passline.com/eventos/-766594-min.jpg,https://imagenes.passline.com/eventos/-766594-rec.jpg,NO,NO,0,https://www.passline.com/eventos/noche-de-jazz-en-teatro-fiebre-bar
543624,LGBT: Edicion Marciones al Mic - Un show inclusivamente exclusivo,,Comedia,Humor / Stand Up Comedy,2026-08-15,19:00:00,2026-08-15,21:00:00,Jacaranda Bar y Cocina,Santiago,RM,8000.00,$,NO,20,12209816,https://imagenes.passline.com/eventos/lgbt-edicion-marciones-al-mic-un-show-inclusivamente-exclusivo-543624-min.jpg,https://imagenes.passline.com/eventos/lgbt-edicion-marciones-al-mic-un-show-inclusivamente-exclusivo-543624-rec.jpg,NO,NO,0,https://www.passline.com/eventos/lgbt-edicion-marciones-al-mic-un-show-inclusivamente-exclusivo
544255,La naturaleza de las cosas invisibles / Centro Arte Alameda,,Cine,Alternative Cinema,2026-08-15,19:00:00,2026-08-15,21:00:00,Centro Arte Alameda / Sala CEINA,Santiago,RM,2500.00,$,NO,194,1055535,https://imagenes.passline.com/eventos/la-naturaleza-de-las-cosas-invisibles-centro-arte-alameda-544255-min.jpg,https://imagenes.passline.com/eventos/la-naturaleza-de-las-cosas-invisibles-centro-arte-alameda-544255-rec.jpg,NO,NO,0,https://www.passline.com/eventos/la-naturaleza-de-las-cosas-invisibles-centro-arte-alameda-544255
488720,Orestes Gomez - No Me Fui Por Que Quise Showcase en Santiago de Chile,,,,2026-08-15,20:00:00,2026-08-15,22:00:00,Epicentro,Santiago,RM,30000.00,$,NO,18,438077,https://imagenes.passline.com/eventos/orestes-gomez-no-me-fui-por-que-quise-showcase-en-santiago-de-chile-488720-min.jpg,https://imagenes.passline.com/eventos/orestes-gomez-no-me-fui-por-que-quise-showcase-en-santiago-de-chile-488720-rec.jpg,NO,NO,0,https://www.passline.com/eventos/orestes-gomez-no-me-fui-por-que-quise-showcase-en-santiago-de-chile
527180,JOE VASCONCELLOS – CON EL ALMA ENCENDIDA,Joe Vasconcellos,Música,Conciertos,2026-08-15,20:00:00,2026-08-15,23:30:00,Club Chocolate,Recoleta,RM,23000.00,$,NO,108,1446724,https://imagenes.passline.com/eventos/-753699-min.jpg,https://imagenes.passline.com/eventos/-753699-rec.jpg,NO,NO,0,https://www.passline.com/eventos/joe-vasconcellos-con-el-alma-encendida
530108,SEGUNDO ROSERO EN SANTIAGO,,Música,Conciertos,2026-08-15,20:00:00,2026-08-16,04:00:00,La Quinta Muranos,Santiago,RM,,$,SI,,13677824,https://imagenes.passline.com/eventos/segundo-rosero-en-santiago-530108-min.jpg,https://imagenes.passline.com/eventos/segundo-rosero-en-santiago-530108-rec.jpg,NO,NO,0,https://www.passline.com/eventos/segundo-rosero-en-santiago
534715,Show Homenaje a Ricardo Arjona,,Fiestas,Karaoke Night,2026-08-15,20:00:00,2026-08-16,03:00:00,Sazon Park,Tiltil,RM,8000.00,$,NO,80,12521316,https://imagenes.passline.com/eventos/-768622-min.jpg,https://imagenes.passline.com/eventos/-768622-rec.jpg,NO,NO,0,https://www.passline.com/eventos/show-homenaje-a-ricardo-arjona
534813,Gran Fiesta Blusera,,Música,Blues,2026-08-15,20:00:00,2026-08-15,22:30:00,California Cantina,Providencia,RM,0.00,$,NO,24,274193,https://imagenes.passline.com/eventos/gran-fiesta-blusera-534813-min.jpg,https://imagenes.passline.com/eventos/gran-fiesta-blusera-534813-rec.jpg,NO,NO,0,https://www.passline.com/eventos/gran-fiesta-blusera
540125,DoblaJam - 15/08,,Cine,Cine,2026-08-15,20:00:00,2026-08-15,22:00:00,Level 152,Santiago,RM,14000.00,$,NO,14,6956201,https://imagenes.passline.com/eventos/doblajam-1508-540125-min.jpg,https://imagenes.passline.com/eventos/doblajam-1508-540125-rec.jpg,NO,NO,0,https://www.passline.com/eventos/doblajam-1508
540682,CATA RAMOS Y CUECAS CON LA QUERENCIA,,Música,Cueca,2026-08-15,20:00:00,2026-08-16,03:00:00,BAR VICTORIA,Pedro Aguirre Cerda,RM,10000.00,$,NO,188,1146137,https://imagenes.passline.com/eventos/-777534-min.jpg,https://imagenes.passline.com/eventos/-777534-rec.jpg,NO,NO,0,https://www.passline.com/eventos/cata-ramos-y-cuecas-con-la-querencia
544176,Sacando la vuelta,,Comedia,Comedia,2026-08-15,20:00:00,2026-08-15,23:00:00,Vegan Dealer,Santiago,RM,2000.00,$,NO,33,7917934,https://imagenes.passline.com/eventos/-777416-min.jpg,https://imagenes.passline.com/eventos/-777416-rec.jpg,NO,NO,1,https://www.passline.com/eventos/sacando-la-vuelta-544176
544238,Los Tachuelas En San Joaquín,,Vacaciones de Invierno,Vacaciones Julio,2026-08-15,20:00:00,2026-08-15,23:00:00,Circo Los Tachuelas,San Joaqu&iacute;n,RM,10000.00,$,NO,349,2061368,https://imagenes.passline.com/eventos/-777518-min.jpg,https://imagenes.passline.com/eventos/-777518-rec.jpg,NO,NO,0,https://www.passline.com/eventos/los-tachuelas-en-san-joaquin-544238
532208,Aura ★ SABADO 15 AGOSTO ★,,Música,Discoteca,2026-08-15,20:30:00,2026-08-16,05:00:00,Aura club,Vitacura,RM,0.00,$,NO,3560884,188159,https://imagenes.passline.com/eventos/-774781-min.jpg,https://imagenes.passline.com/eventos/-774781-rec.jpg,NO,NO,1,https://www.passline.com/eventos/aura-sabado-15-agosto
533587,La Previa Rata Blanca en Chile,"Mujer Amante, Blacksnake, Sangre Hirviendo",Festivales,Festival de Metal,2026-08-15,20:30:00,2026-08-16,03:00:00,Bar Oxido,Recoleta,RM,8000.00,$,NO,21,4993215,https://imagenes.passline.com/eventos/la-previa-rata-blanca-en-chile-533587-min.jpg,https://imagenes.passline.com/eventos/la-previa-rata-blanca-en-chile-533587-rec.jpg,NO,NO,0,https://www.passline.com/eventos/la-previa-rata-blanca-en-chile
533469,BLACK FEST 90s 00s - REVIVE SODA,,Música,Baile,2026-08-15,21:00:00,2026-08-16,05:00:00,PARQUE LA ARAUCANA,La Florida,RM,12000.00,$,NO,1120,13463202,https://imagenes.passline.com/eventos/-773569-min.jpg,https://imagenes.passline.com/eventos/-773569-rec.jpg,NO,NO,0,https://www.passline.com/eventos/black-fest-90s-00s-revive-soda
535151,David Bowie Starman Tribute,,,Fiesta,2026-08-15,21:00:00,2026-08-16,03:00:00,Peluquería Francesa,Santiago,RM,13000.00,$,NO,52,39593,https://imagenes.passline.com/eventos/david-bowie-starman-tribute-535151-min.jpg,https://imagenes.passline.com/eventos/david-bowie-starman-tribute-535151-rec.jpg,NO,NO,0,https://www.passline.com/eventos/david-bowie-starman-tribute-535151
539100,"Mamacita La Jungla 🌴 en Basel, Sáb. 15 Agosto",,Música,Electrónica,2026-08-15,21:00:00,2026-08-16,05:00:00,"BASEL, MALL INDEPENDENCIA",Independencia,RM,0.00,$,NO,14227,9849213,https://imagenes.passline.com/eventos/-773179-min.jpg,https://imagenes.passline.com/eventos/-773179-rec.jpg,NO,NO,0,https://www.passline.com/eventos/mamacita-la-jungla-en-basel-sab-15-agosto-539100
541900,FIESTA FOREVER 80’ 90’ en CASA MAYOR DE CHENA,,Música,Música de los 80,2026-08-15,21:00:00,2026-08-16,03:00:00,CASA MAYOR DE CHENA,San Bernardo,RM,10000.00,$,NO,515,5457328,https://imagenes.passline.com/eventos/-774095-min.jpg,https://imagenes.passline.com/eventos/-774095-rec.jpg,NO,NO,0,https://www.passline.com/eventos/fiesta-forever-80-90-en-casa-mayor-de-chena-541900
542047,Noches de Comedia en Agosto,,Comedia,Humor / Stand Up Comedy,2026-08-15,21:00:00,2026-08-15,23:00:00,Peluquería Francesa,Santiago,RM,8000.00,$,NO,50,39593,https://imagenes.passline.com/eventos/noches-de-comedia-en-agosto-542047-min.jpg,https://imagenes.passline.com/eventos/noches-de-comedia-en-agosto-542047-rec.jpg,NO,NO,0,https://www.passline.com/eventos/noches-de-comedia-en-agosto
531742,TOCATA ALTOS & BAJOS EN BARRICA 94,"Sergio Gormaz, Fernando Rodríguez, Felipe elton, Martín Rodriguez y Alejandro Guzmán",Música,80S Music,2026-08-15,22:00:00,2026-08-15,23:30:00,Barrica 94,Lo Barnechea,RM,14000.00,$,NO,2,510184,https://imagenes.passline.com/eventos/-760545-min.jpg,https://imagenes.passline.com/eventos/-760545-rec.jpg,NO,NO,0,https://www.passline.com/eventos/tocata-altos-bajos-en-barrica-94
535931,Franki absurdo presenta “adulto disfuncional”,,Exposiciones y Conferencias,Arte & Cultura,2026-08-15,22:00:00,2026-08-15,23:30:00,Teatro fiebre,Providencia,RM,8000.00,$,NO,54,8135533,https://imagenes.passline.com/eventos/-768722-min.jpg,https://imagenes.passline.com/eventos/-768722-rec.jpg,NO,NO,0,https://www.passline.com/eventos/franki-absurdo-presenta-adulto-disfuncional
536292,"Fiesta Infinito ""Is Back""",,Música,Electro Dance Night,2026-08-15,22:00:00,2026-08-16,05:00:00,Ex restaurant Granja Educativa,Isla de Maipo,RM,5000.00,$,NO,1084,12612621,https://imagenes.passline.com/eventos/-766804-min.jpg,https://imagenes.passline.com/eventos/-766804-rec.jpg,NO,NO,0,https://www.passline.com/eventos/fiesta-infinito-is-back
536966,RED BULL DIRECTIONS,"Pablito Pesadilla, Fire Boy",,Fiesta,2026-08-15,22:00:00,2026-08-16,04:00:00,Centro parque,Las Condes,RM,10000.00,$,NO,959,14243247,https://imagenes.passline.com/eventos/-777207-min.jpg,https://imagenes.passline.com/eventos/-777207-rec.jpg,NO,NO,0,https://www.passline.com/eventos/red-bull-directions
537565,La Fiesta Latina Más Grande de Chile,,Música,Bachata Fiesta,2026-08-15,22:00:00,2026-08-16,05:00:00,Alto San Francisco,Santiago,RM,20000.00,$,NO,1368,14251273,https://imagenes.passline.com/eventos/la-fiesta-latina-mas-grande-de-chile-537565-min_1.jpg,https://imagenes.passline.com/eventos/la-fiesta-latina-mas-grande-de-chile-537565-rec_1.jpg,NO,NO,0,https://www.passline.com/eventos/la-fiesta-latina-mas-grande-de-chile
537783,THE KIDNEY STONES EN KLUB KROSS,,Música,80S Music,2026-08-15,22:00:00,2026-08-15,23:55:00,Kross Bar,Las Condes,RM,10000.00,$,NO,158,3897380,https://imagenes.passline.com/eventos/the-kidney-stones-en-klub-kross-537783-min.jpg,https://imagenes.passline.com/eventos/the-kidney-stones-en-klub-kross-537783-rec.jpg,NO,NO,0,https://www.passline.com/eventos/the-kidney-stones-en-klub-kross-537783
539131,★ KISS & SHOOT presenta: #SoldOUTSeries | Teatro Alicia ★ Sábado 15 Agosto ★,,,Fiesta,2026-08-15,22:00:00,2026-08-16,05:00:00,Teatro Alicia,Lo Barnechea,RM,10000.00,$,NO,4018218,8484192,https://imagenes.passline.com/eventos/-770619-min.jpg,https://imagenes.passline.com/eventos/-770619-rec.jpg,NO,NO,0,https://www.passline.com/eventos/kiss-shoot-presenta-soldoutseries-teatro-alicia-sabado-15-agosto
541278,JassonMix el Máster of the Swing presenta “EL REENCUENTRO,,Música,Bachata Fiesta,2026-08-15,22:00:00,2026-08-16,05:00:00,CLUB OLIMPO EL PARRON,La Cisterna,RM,10000.00,$,NO,971,11679580,https://imagenes.passline.com/eventos/jassonmix-el-master-of-the-swing-presenta-el-reencuentro-541278-min.jpg,https://imagenes.passline.com/eventos/jassonmix-el-master-of-the-swing-presenta-el-reencuentro-541278-rec.jpg,NO,NO,1,https://www.passline.com/eventos/jassonmix-el-master-of-the-swing-presenta-el-reencuentro
542506,DJ Netto desde Brasil por primera vez en Chile en Club Amanda,,Música,Disco,2026-08-15,22:00:00,2026-08-16,04:30:00,Club Amanda,Vitacura,RM,12000.00,$,NO,260095,52690,https://imagenes.passline.com/eventos/dj-netto-desde-brasil-por-primera-vez-en-chile-en-club-amanda-542506-min.jpg,https://imagenes.passline.com/eventos/dj-netto-desde-brasil-por-primera-vez-en-chile-en-club-amanda-542506-rec.jpg,NO,NO,0,https://www.passline.com/eventos/dj-netto-desde-brasil-por-primera-vez-en-chile-en-club-amanda
543832,Dios Mío presenta Dj More,,Música,Baile,2026-08-15,22:00:00,2026-08-16,02:00:00,Casa Sanz,Vitacura,RM,10000.00,$,NO,19,11583542,https://imagenes.passline.com/eventos/dios-mio-presenta-dj-more-543832-min.jpg,https://imagenes.passline.com/eventos/dios-mio-presenta-dj-more-543832-rec.jpg,NO,NO,0,https://www.passline.com/eventos/dios-mio-presenta-dj-more
544052,200 - REGGAETÓN CLASSICS - HOTEL W - SÁBADO 15,,,Fiesta,2026-08-15,22:00:00,2026-08-16,05:00:00,Club Siete,Las Condes,RM,10000.00,$,NO,4018100,8484192,https://imagenes.passline.com/eventos/-777209-min.jpg,https://imagenes.passline.com/eventos/-777209-rec.jpg,NO,NO,0,https://www.passline.com/eventos/200-reggaeton-classics-hotel-w-sabado-15
544337,KISS & SHOOT - TEATRO ALICIA,,,Fiesta,2026-08-15,22:00:00,2026-08-16,04:30:00,Teatro Alicia,Lo Barnechea,RM,10000.00,$,NO,256,4286835,https://imagenes.passline.com/eventos/-777644-min.jpg,https://imagenes.passline.com/eventos/-777644-rec.jpg,NO,NO,1,https://www.passline.com/eventos/kiss-shoot-teatro-alicia-544337
537135,BARCELONA ~ SÁB.15.08 ~ MADONNA 68TH BIRTHDAY CELEBRATION,,,Fiesta,2026-08-15,22:30:00,2026-08-16,05:00:00,CIRCULO ESPAÑOL,Santiago,RM,10000.00,$,NO,205,357252,https://imagenes.passline.com/eventos/-770266-min.jpg,https://imagenes.passline.com/eventos/-770266-rec.jpg,NO,NO,0,https://www.passline.com/eventos/barcelona-sab1508-madonna-68-birthday-celebration
542100,Club más 30,,Fiestas,Club,2026-08-15,22:30:00,2026-08-16,04:30:00,Club más 30,Pe&ntilde;aflor,RM,7000.00,$,NO,100,11393398,https://imagenes.passline.com/eventos/-774609-min.jpg,https://imagenes.passline.com/eventos/-774609-rec.jpg,NO,NO,0,https://www.passline.com/eventos/club-mas-30-542100
544485,LETS DANCE A LA MEXICANA || TERRAZA ARRAYÁN || SÁBADO 15 AGOSTO,,Fiestas,Club,2026-08-15,22:30:00,2026-08-16,04:30:00,Terraza Arrayan,Lo Barnechea,RM,0.00,$,NO,2347,9979917,https://imagenes.passline.com/eventos/lets-dance-a-la-mexicana-terraza-arrayan-sabado-15-agosto-544485-min.jpg,https://imagenes.passline.com/eventos/lets-dance-a-la-mexicana-terraza-arrayan-sabado-15-agosto-544485-rec.jpg,NO,NO,0,https://www.passline.com/eventos/lets-dance-a-la-mexicana-terraza-arrayan-sabado-15-agosto
509980,Ritualz edicion aniversario,LOVATARAXX,Festivales,Conciertos y Festivales,2026-08-15,23:00:00,2026-08-16,04:30:00,Sala RBX,&Ntilde;u&ntilde;oa,RM,20000.00,$,NO,114,10358233,https://imagenes.passline.com/eventos/ritualz-edicion-aniversario-509980-min.jpg,https://imagenes.passline.com/eventos/ritualz-edicion-aniversario-509980-rec.jpg,NO,NO,0,https://www.passline.com/eventos/ritualz-edicion-aniversario
536439,COEUS - LA FERIA CLUB 26,,Música,Electrónica,2026-08-15,23:00:00,2026-08-16,05:00:00,La Feria,Providencia,RM,25000.00,$,NO,200096,3581356,https://imagenes.passline.com/eventos/-777368-min.jpg,https://imagenes.passline.com/eventos/-777368-rec.jpg,NO,NO,0,https://www.passline.com/eventos/coeus-la-feria-club-26
540325,Tributo a Journey por Infinity,,,Live Music,2026-08-15,23:00:00,2026-08-16,00:30:00,La Kinta Sala,Talagante,RM,7000.00,$,NO,40,12627146,https://imagenes.passline.com/eventos/tributo-a-journey-por-infinity-540325-min.jpg,https://imagenes.passline.com/eventos/tributo-a-journey-por-infinity-540325-rec.jpg,NO,NO,0,https://www.passline.com/eventos/tributo-a-journey-por-infinity
540993,WOOF SEMÁFORO,,Fiestas,Fiesta Privada,2026-08-15,23:00:00,2026-08-16,04:30:00,Tom House Bar,Recoleta,RM,8000.00,$,NO,49,12865267,https://imagenes.passline.com/eventos/woof-semaforo-540993-min.jpg,https://imagenes.passline.com/eventos/woof-semaforo-540993-rec.jpg,NO,NO,0,https://www.passline.com/eventos/woof-semaforo
544243,Inaguracion Fiesta Perreito By Eleven en Club Safari,,Música,POP,2026-08-15,23:00:00,2026-08-24,05:00:00,Club Safari,Santiago,RM,0.00,$,NO,1009,198240,https://imagenes.passline.com/eventos/-777950-min.jpg,https://imagenes.passline.com/eventos/-777950-rec.jpg,NO,NO,0,https://www.passline.com/eventos/inaguracion-fiesta-perreito-by-eleven-en-club-safari
544788,Experiencia Hangar sab15,,,Fiesta,2026-08-15,23:00:00,2026-08-16,05:00:00,Hangar bellavista,Recoleta,RM,0.00,$,NO,9996,211210,https://imagenes.passline.com/eventos/experiencia-hangar-sab15-544788-min.jpg,https://imagenes.passline.com/eventos/experiencia-hangar-sab15-544788-rec.jpg,NO,NO,0,https://www.passline.com/eventos/experiencia-hangar-sab15
537078,Madonna: Inmaculada - Birthday Party,,Fiestas,Fiesta Religiosa,2026-08-15,23:30:00,2026-08-16,05:00:00,Blondie,Santiago,RM,10000.00,$,NO,781160,30119,https://imagenes.passline.com/eventos/-777247-min.jpg,https://imagenes.passline.com/eventos/-777247-rec.jpg,NO,NO,0,https://www.passline.com/eventos/madonna-inmaculada-birthday-party
537394,"MALAVENTURADOS - Sábado 15 Agosto, Sala Pandora.",,Música,Nu Metal,2026-08-15,23:30:00,2026-08-16,04:30:00,SALA PANDORA,Recoleta,RM,8000.00,$,NO,216,81273,https://imagenes.passline.com/eventos/malaventurados-sabado-15-agosto-sala-pandora-537394-min.jpg,https://imagenes.passline.com/eventos/malaventurados-sabado-15-agosto-sala-pandora-537394-rec.jpg,NO,NO,0,https://www.passline.com/eventos/malaventurados-sabado-15-agosto-sala-pandora
539115,La Gran Fiesta 80s 90s,,Fiestas,80s Party,2026-08-15,23:30:00,2026-08-16,03:00:00,Porto Alegre Restaurant,Padre Hurtado,RM,12000.00,$,NO,200,10662374,https://imagenes.passline.com/eventos/la-gran-fiesta-80s-90s-539115-min.jpg,https://imagenes.passline.com/eventos/la-gran-fiesta-80s-90s-539115-rec.jpg,NO,NO,0,https://www.passline.com/eventos/la-gran-fiesta-80s-90s
544634,“15 SÁBADO,,Música,Club & Discoteche,2026-08-15,23:30:00,2026-08-16,05:00:00,FAUSTO,Providencia,RM,7000.00,$,NO,148,2154487,https://imagenes.passline.com/eventos/15-sabado-544634-min.jpg,https://imagenes.passline.com/eventos/15-sabado-544634-rec.jpg,NO,NO,0,https://www.passline.com/eventos/15-sabado-544634
544814,SÁBADO ILLU PRIME 💎 15 Ago,,,,2026-08-15,23:30:00,2026-08-16,04:30:00,Illuminati,Recoleta,RM,12000.00,$,NO,400,9930776,https://imagenes.passline.com/eventos/sabado-illu-prime-15-ago-544814-min.jpg,https://imagenes.passline.com/eventos/sabado-illu-prime-15-ago-544814-rec.jpg,NO,NO,0,https://www.passline.com/eventos/sabado-illu-prime-15-ago
543021,ECUFEST INDEPENDENCIA DE ECUADOR,,Festivales,Family Festival,2026-08-16,10:00:00,2026-08-16,21:00:00,Av General Bustamante 180,Providencia,RM,3000.00,$,NO,983,12364164,https://imagenes.passline.com/eventos/ecufest-independencia-de-ecuador-543021-min.jpg,https://imagenes.passline.com/eventos/ecufest-independencia-de-ecuador-543021-rec.jpg,NO,NO,0,https://www.passline.com/eventos/ecufest-independencia-de-ecuador
529780,Universo Fantasia,,,Evento Infantil,2026-08-16,14:00:00,2026-08-16,16:30:00,Teatro Causiño,Santiago,RM,22000.00,$,NO,340,14116107,https://imagenes.passline.com/eventos/universo-fantasia-529780-min.jpg,https://imagenes.passline.com/eventos/universo-fantasia-529780-rec.jpg,NO,NO,0,https://www.passline.com/eventos/universo-fantasia
535865,TRIBUTOS EN VIVO RBX GHOST-DANZIG-KISS,"Emeritus, Black Summer, Monsster",Música,Alternative Metal,2026-08-16,15:00:00,2026-08-16,21:00:00,Sala RBX,&Ntilde;u&ntilde;oa,RM,5000.00,$,NO,77,12349059,https://imagenes.passline.com/eventos/tributos-en-vivo-rbx-ghostdanzigkiss-535865-min.jpg,https://imagenes.passline.com/eventos/tributos-en-vivo-rbx-ghostdanzigkiss-535865-rec.jpg,NO,NO,0,https://www.passline.com/eventos/tributos-en-vivo-rbx-ghostdanzigkiss
544263,El Gran Viaje / Centro Arte Alameda,,Cine,Alternative Cinema,2026-08-16,15:00:00,2026-08-16,17:00:00,Centro Arte Alameda,Santiago,RM,2500.00,$,NO,195,1055535,https://imagenes.passline.com/eventos/el-gran-viaje-centro-arte-alameda-544263-min.jpg,https://imagenes.passline.com/eventos/el-gran-viaje-centro-arte-alameda-544263-rec.jpg,NO,NO,0,https://www.passline.com/eventos/el-gran-viaje-centro-arte-alameda-544263
544239,Los Tachuelas En San Joaquín,,Vacaciones de Invierno,Vacaciones Julio,2026-08-16,15:30:00,2026-08-16,18:00:00,Circo Los Tachuelas,San Joaqu&iacute;n,RM,10000.00,$,NO,350,2061368,https://imagenes.passline.com/eventos/-777520-min.jpg,https://imagenes.passline.com/eventos/-777520-rec.jpg,NO,NO,0,https://www.passline.com/eventos/los-tachuelas-en-san-joaquin-544239
534167,El Monstruo Triste tras la Puerta Secreta,,,Evento Familiar,2026-08-16,16:00:00,2026-08-16,17:00:00,Teatro Mori Parque Arauco,Las Condes,RM,5000.00,$,NO,453,11307267,https://imagenes.passline.com/eventos/el-monstruo-triste-tras-la-puerta-secreta-534167-min.jpg,https://imagenes.passline.com/eventos/el-monstruo-triste-tras-la-puerta-secreta-534167-rec.jpg,NO,NO,0,https://www.passline.com/eventos/el-monstruo-triste-tras-la-puerta-secreta
538780,FASHION PARTY - FIESTA DE CIERRE DARE DANCE CHILE 2026,,Música,Bachata Fiesta,2026-08-16,16:00:00,2026-08-16,23:30:00,Club de Baile,Santiago,RM,7000.00,$,NO,196,14251273,https://imagenes.passline.com/eventos/fashion-party-fiesta-de-cierre-dare-dance-chile-2026-538780-min.jpg,https://imagenes.passline.com/eventos/fashion-party-fiesta-de-cierre-dare-dance-chile-2026-538780-rec.jpg,NO,NO,0,https://www.passline.com/eventos/fashion-party-fiesta-de-cierre-dare-dance-chile-2026
537357,Lisístrata - Agosto 2026,,Teatro y Musicales,Teatro,2026-08-16,18:00:00,2026-08-16,19:30:00,Aldea Encuentro,La Reina,RM,5000.00,$,NO,95,8773153,https://imagenes.passline.com/eventos/lisistrata-agosto-2026-537357-min.jpg,https://imagenes.passline.com/eventos/lisistrata-agosto-2026-537357-rec.jpg,NO,NO,0,https://www.passline.com/eventos/lisistrata-agosto-2026
544240,Los Tachuelas En San Joaquín,,Vacaciones de Invierno,Vacaciones Julio,2026-08-16,18:00:00,2026-08-16,20:30:00,Circo Los Tachuelas,San Joaqu&iacute;n,RM,10000.00,$,NO,350,2061368,https://imagenes.passline.com/eventos/-777521-min.jpg,https://imagenes.passline.com/eventos/-777521-rec.jpg,NO,NO,0,https://www.passline.com/eventos/los-tachuelas-en-san-joaquin-544240
544241,Los Tachuelas En San Joaquín,,Vacaciones de Invierno,Vacaciones Julio,2026-08-16,20:30:00,2026-08-16,23:00:00,Circo Los Tachuelas,San Joaqu&iacute;n,RM,10000.00,$,NO,350,2061368,https://imagenes.passline.com/eventos/-777525-min.jpg,https://imagenes.passline.com/eventos/-777525-rec.jpg,NO,NO,0,https://www.passline.com/eventos/los-tachuelas-en-san-joaquin-544241
544266,Backrooms Extended / Centro Arte Alameda,,,,2026-08-16,20:30:00,2026-08-16,22:30:00,Centro Arte Alameda,Santiago,RM,2500.00,$,NO,195,1055535,https://imagenes.passline.com/eventos/backrooms-extended-centro-arte-alameda-544266-min.jpg,https://imagenes.passline.com/eventos/backrooms-extended-centro-arte-alameda-544266-rec.jpg,NO,NO,0,https://www.passline.com/eventos/backrooms-extended-centro-arte-alameda-544266
544636,“16 DOMINGO,,Música,Club & Discoteche,2026-08-16,23:30:00,2026-08-17,04:00:00,FAUSTO,Providencia,RM,6000.00,$,NO,100,2154487,https://imagenes.passline.com/eventos/16-domingo-544636-min.jpg,https://imagenes.passline.com/eventos/16-domingo-544636-rec.jpg,NO,NO,0,https://www.passline.com/eventos/16-domingo-544636
544269,La Odisea / Centro Arte Alameda,,Cine,Alternative Cinema,2026-08-17,14:30:00,2026-08-17,16:30:00,Centro Arte Alameda / Sala CEINA,Santiago,RM,2500.00,$,NO,195,1055535,https://imagenes.passline.com/eventos/la-odisea-centro-arte-alameda-544269-min.jpg,https://imagenes.passline.com/eventos/la-odisea-centro-arte-alameda-544269-rec.jpg,NO,NO,0,https://www.passline.com/eventos/la-odisea-centro-arte-alameda-544269
544271,Matapanki / Centro Arte Alameda,,,,2026-08-17,17:45:00,2026-08-17,19:45:00,Centro Arte Alameda,Santiago,RM,2000.00,$,NO,112,1055535,https://imagenes.passline.com/eventos/matapanki-centro-arte-alameda-544271-min.jpg,https://imagenes.passline.com/eventos/matapanki-centro-arte-alameda-544271-rec.jpg,NO,NO,0,https://www.passline.com/eventos/matapanki-centro-arte-alameda-544271
540556,Drugstore Cowboy / Centro Arte Alameda,,,,2026-08-18,18:45:00,2026-08-18,20:45:00,Centro Arte Alameda,Santiago,RM,2500.00,$,NO,193,1055535,https://imagenes.passline.com/eventos/drugstore-cowboy-centro-arte-alameda-540556-min.jpg,https://imagenes.passline.com/eventos/drugstore-cowboy-centro-arte-alameda-540556-rec.jpg,NO,NO,0,https://www.passline.com/eventos/drugstore-cowboy-centro-arte-alameda-540556
516600,PENTAGRAM EN CHILE,Pentagram,Música,Conciertos,2026-08-18,19:00:00,2026-08-18,23:00:00,Blondie,Santiago,RM,30000.00,$,NO,618,356157,https://imagenes.passline.com/eventos/-748438-min.jpg,https://imagenes.passline.com/eventos/-748438-rec.jpg,NO,NO,0,https://www.passline.com/eventos/pentagram-en-chile
539381,Tere Paneque presenta su libro: El Universo Según Carlota,,Bienestar,Literature,2026-08-19,19:00:00,2026-08-19,20:00:00,Centro Cultural Ceina,Santiago,RM,0.00,$,NO,163,11831355,https://imagenes.passline.com/eventos/tere-paneque-presenta-su-libro-el-universo-segun-carlota-539381-min.jpg,https://imagenes.passline.com/eventos/tere-paneque-presenta-su-libro-el-universo-segun-carlota-539381-rec.jpg,NO,NO,0,https://www.passline.com/eventos/tere-paneque-presenta-su-libro-el-universo-segun-carlota
534541,Sistemas Inestables en Centro Arte Alameda,,Música,Conciertos,2026-08-19,19:30:00,2026-08-19,22:00:00,CENTRO ARTE ALAMEDA,Santiago,RM,10000.00,$,NO,118,1055535,https://imagenes.passline.com/eventos/sistemas-inestables-en-centro-arte-alameda-534541-min.jpg,https://imagenes.passline.com/eventos/sistemas-inestables-en-centro-arte-alameda-534541-rec.jpg,NO,NO,0,https://www.passline.com/eventos/sistemas-inestables-en-centro-arte-alameda
541274,Julie,,Teatro y Musicales,Teatro,2026-08-19,19:30:00,2026-08-28,20:30:00,Sala 211 - Laboratorio escénico,Santiago,RM,1500.00,$,NO,24,14330829,https://imagenes.passline.com/eventos/julie-541274-min.jpg,https://imagenes.passline.com/eventos/julie-541274-rec.jpg,NO,NO,0,https://www.passline.com/eventos/julie
541751,MARATÓN HOT,,Fiestas,Bar,2026-08-19,20:00:00,2026-08-20,03:00:00,Cabaret Piraña Resto Bar,Recoleta,RM,8000.00,$,NO,15,11829077,https://imagenes.passline.com/eventos/maraton-hot-541751-min.jpg,https://imagenes.passline.com/eventos/maraton-hot-541751-rec.jpg,NO,NO,0,https://www.passline.com/eventos/maraton-hot
524851,Concierto Claudio narea en rustiko,,Música,Conciertos,2026-08-19,21:00:00,2026-08-20,03:00:00,Rustiko Huehuraba,Huechuraba,RM,20000.00,$,NO,68,11725058,https://imagenes.passline.com/eventos/-750001-min.jpg,https://imagenes.passline.com/eventos/-750001-rec.jpg,NO,NO,0,https://www.passline.com/eventos/concierto-claudio-narea-en-rustiko
479107,Sunset Andes Winter | Ago - 3 Edición,,,,2026-08-20,15:30:00,2026-08-20,18:30:00,El Colorado Centro de Ski,Lo Barnechea,RM,,$,SI,,4416629,https://imagenes.passline.com/eventos/-711715-min.jpg,https://imagenes.passline.com/eventos/-711715-rec.jpg,NO,NO,0,https://www.passline.com/eventos/sunset-andes-winter-ago-3-edicion
543259,Hicimos un Pacto - T2 C17,,Comedia,Humor / Stand Up Comedy,2026-08-20,19:30:00,2026-08-20,22:30:00,Casa irarrazaval,&Ntilde;u&ntilde;oa,RM,5000.00,$,NO,30,626193,https://imagenes.passline.com/eventos/hicimos-un-pacto-t2-c17-543259-min.jpg,https://imagenes.passline.com/eventos/hicimos-un-pacto-t2-c17-543259-rec.jpg,NO,NO,0,https://www.passline.com/eventos/hicimos-un-pacto-t2-c17
537746,DURAN DURAN EXPERIENCE - TRIBUTO BARBARELLA,"LiveMusic, MúsicaEnVivo, ShowEnVivo, Concierto, ConciertosChile, EventosChile, AgendaCultural, PanoramaSantiago, QuéHacerEnSantiago, QuéHacerHoy, VidaNocturna, ExperienciaEnVivo, CulturaEnVivo, Bel",Música,Conciertos,2026-08-20,20:00:00,2026-08-20,21:00:00,CLUB CHOCOLATE,Recoleta,RM,8000.00,$,NO,589961,53825,https://imagenes.passline.com/eventos/-768564-min.jpg,https://imagenes.passline.com/eventos/-768564-rec.jpg,NO,NO,0,https://www.passline.com/eventos/duran-duran-experience-tributo-barbarella
544837,Rock Not Dead,,,,2026-08-20,20:30:00,2026-08-21,02:00:00,Bar Oxido,Recoleta,RM,4500.00,$,NO,20,4993215,https://imagenes.passline.com/eventos/rock-not-dead-544837-min.jpg,https://imagenes.passline.com/eventos/rock-not-dead-544837-rec.jpg,NO,NO,0,https://www.passline.com/eventos/rock-not-dead
544592,SEXUAL DEMOCRACIA en RAMBLAS,Sexual Democracia,,,2026-08-20,21:00:00,2026-08-20,22:30:00,RAMBLAS,Providencia,RM,10000.00,$,NO,130,4192604,https://imagenes.passline.com/eventos/sexual-democracia-en-ramblas-544592-min_1.jpg,https://imagenes.passline.com/eventos/sexual-democracia-en-ramblas-544592-rec_1.jpg,NO,NO,0,https://www.passline.com/eventos/sexual-democracia-en-ramblas
537677,COMBO SALAO EN KLUB KROSS,,Música,Cumbia,2026-08-20,21:30:00,2026-08-20,23:30:00,Kross Bar,Las Condes,RM,10000.00,$,NO,194,3897380,https://imagenes.passline.com/eventos/combo-salao-en-klub-kross-537677-min.jpg,https://imagenes.passline.com/eventos/combo-salao-en-klub-kross-537677-rec.jpg,NO,NO,0,https://www.passline.com/eventos/combo-salao-en-klub-kross
540359,Don Carter en Mystic,,Comedia,Comedia,2026-08-20,22:00:00,2026-08-21,01:30:00,Mystic Valley,Lampa,RM,12000.00,$,NO,222,1312167,https://imagenes.passline.com/eventos/don-carter-en-mystic-540359-min.jpg,https://imagenes.passline.com/eventos/don-carter-en-mystic-540359-rec.jpg,NO,NO,0,https://www.passline.com/eventos/don-carter-en-mystic
544697,Fuera de Línea + Vixor | Jueves de Amanda | Club Amanda,,Música,Club & Discoteche,2026-08-20,22:00:00,2026-08-20,23:30:00,Club Amanda,Vitacura,RM,10000.00,$,NO,260174,52690,https://imagenes.passline.com/eventos/fuera-de-linea-vixor-jueves-de-amanda-club-amanda-544697-min.jpg,https://imagenes.passline.com/eventos/fuera-de-linea-vixor-jueves-de-amanda-club-amanda-544697-rec.jpg,NO,NO,0,https://www.passline.com/eventos/fuera-de-linea-vixor-jueves-de-amanda-club-amanda
538264,PARTY MONSTER • 20 AÑOS • PARTE 1,,Música,Electro pop,2026-08-20,23:30:00,2026-08-21,04:00:00,Blondie,Santiago,RM,3000.00,$,NO,87,325940,https://imagenes.passline.com/eventos/party-monster-20-anos-parte-1-538264-min.jpg,https://imagenes.passline.com/eventos/party-monster-20-anos-parte-1-538264-rec.jpg,NO,NO,0,https://www.passline.com/eventos/party-monster-20-anos-parte-1
542350,RI$H CLUB VOL.1,,Música,Concert,2026-08-21,16:00:00,2026-08-21,21:30:00,Sala RBX,&Ntilde;u&ntilde;oa,RM,6000.00,$,NO,492,14347812,https://imagenes.passline.com/eventos/-775216-min.jpg,https://imagenes.passline.com/eventos/-775216-rec.jpg,NO,NO,0,https://www.passline.com/eventos/rih-club-vol1
534578,De  Papel,,Familia,Infantil,2026-08-21,17:00:00,2026-08-21,18:00:00,Gam Sala N1,Santiago,RM,5000.00,$,NO,184,11307267,https://imagenes.passline.com/eventos/de-papel-534578-min.jpg,https://imagenes.passline.com/eventos/de-papel-534578-rec.jpg,NO,NO,0,https://www.passline.com/eventos/de-papel-534578
541842,Streetwise / Centro Arte Alameda,,Cine,Author Cinema,2026-08-21,17:00:00,2026-08-21,19:00:00,Centro Arte Alameda,Santiago,RM,2000.00,$,NO,118,1055535,https://imagenes.passline.com/eventos/streetwise-centro-arte-alameda-541842-min.jpg,https://imagenes.passline.com/eventos/streetwise-centro-arte-alameda-541842-rec.jpg,NO,NO,0,https://www.passline.com/eventos/streetwise-centro-arte-alameda
533888,Onheama (Brasil),,Familia,Infantil,2026-08-21,18:00:00,2026-08-21,19:00:00,Municipal de Santiago,Santiago,RM,7000.00,$,NO,486,11307267,https://imagenes.passline.com/eventos/onheama-brasil-533888-min.jpg,https://imagenes.passline.com/eventos/onheama-brasil-533888-rec.jpg,NO,NO,0,https://www.passline.com/eventos/onheama-brasil
533981,Desconecta2,,Familia,Infantil,2026-08-21,18:00:00,2026-08-21,19:00:00,Teatro Camilo Henriquez,Santiago,RM,5000.00,$,NO,394,11307267,https://imagenes.passline.com/eventos/desconecta2-533981-min.jpg,https://imagenes.passline.com/eventos/desconecta2-533981-rec.jpg,NO,NO,0,https://www.passline.com/eventos/desconecta2-533981
534231,Pionero,,,Evento Familiar,2026-08-21,18:00:00,2026-08-21,18:45:00,GAM -N2,Santiago,RM,5000.00,$,NO,111,11307267,https://imagenes.passline.com/eventos/pionero-534231-min.jpg,https://imagenes.passline.com/eventos/pionero-534231-rec.jpg,NO,NO,0,https://www.passline.com/eventos/pionero
542673,COMEDIA FRESCA - CAP. 3,,Comedia,Comedia,2026-08-21,19:30:00,2026-08-21,22:00:00,Casa Irarrázaval,&Ntilde;u&ntilde;oa,RM,4000.00,$,NO,30,10381320,https://imagenes.passline.com/eventos/comedia-fresca-cap-3-542673-min.jpg,https://imagenes.passline.com/eventos/comedia-fresca-cap-3-542673-rec.jpg,NO,NO,0,https://www.passline.com/eventos/comedia-fresca-cap-3
526794,STEFAN KRAMER • SHOW DE EMERGENCIA,"LiveMusic, MúsicaEnVivo, ShowEnVivo, Concierto, EventosChile, TributoEnVivo, MúsicaTributo, CulturaEnVivo, NochesDeMúsica, DiversiónEnVivo, VibrasEnVivo, TurismoYConciertos, CoverBand, Experiencia",Comedia,Comedia,2026-08-21,20:00:00,2026-08-21,22:30:00,CLUB CHOCOLATE,Recoleta,RM,22000.00,$,NO,5700195,53825,https://imagenes.passline.com/eventos/stefan-kramer-show-de-emergencia-526794-min.jpg,https://imagenes.passline.com/eventos/stefan-kramer-show-de-emergencia-526794-rec.jpg,NO,NO,0,https://www.passline.com/eventos/stefan-kramer-show-de-emergencia-526794
538856,Fiesta 80 & 90 Club Amanda,,,Fiesta,2026-08-21,20:00:00,2026-08-21,23:00:00,Amanda,Vitacura,RM,20000.00,$,NO,457,14256262,https://imagenes.passline.com/eventos/fiesta-80-90-club-amanda-538856-min.jpg,https://imagenes.passline.com/eventos/fiesta-80-90-club-amanda-538856-rec.jpg,NO,NO,0,https://www.passline.com/eventos/fiesta-80-90-club-amanda
540685,NOCHE RANCHERA CON REINA ISABEL,,Música,Baile,2026-08-21,20:00:00,2026-08-22,03:00:00,BAR VICTORIA,Pedro Aguirre Cerda,RM,10000.00,$,NO,190,1146137,https://imagenes.passline.com/eventos/noche-ranchera-con-reina-isabel-540685-min.jpg,https://imagenes.passline.com/eventos/noche-ranchera-con-reina-isabel-540685-rec.jpg,NO,NO,0,https://www.passline.com/eventos/noche-ranchera-con-reina-isabel
542366,"OBRA: Si los cerdos no miran al cielo, ¿que hacemos con ellos?",,Teatro y Musicales,Teatros/Musicales/Circos,2026-08-21,20:00:00,2026-08-30,22:00:00,"SALA CLUB DE TEATRO, CHUCRE MANZUR #10",Providencia,RM,5000.00,$,NO,48,11454624,https://imagenes.passline.com/eventos/-775236-min.jpg,https://imagenes.passline.com/eventos/-775236-rec.jpg,NO,NO,0,https://www.passline.com/eventos/obra-si-los-cernos-no-miran-al-cielo-que-hacemos-con-ellos
544778,SOL MORENO EN VIVO,,Música,Folk,2026-08-21,20:00:00,2026-08-22,01:00:00,La chimenea,Santiago,RM,7000.00,$,NO,69,2906443,https://imagenes.passline.com/eventos/sol-moreno-en-vivo-544778-min.jpg,https://imagenes.passline.com/eventos/sol-moreno-en-vivo-544778-rec.jpg,NO,NO,0,https://www.passline.com/eventos/sol-moreno-en-vivo
532200,Aura ★ VIERNES 21 AGOSTO ★,,Música,Discoteca,2026-08-21,20:30:00,2026-08-22,05:00:00,Aura club,Vitacura,RM,0.00,$,NO,2860891,188159,https://imagenes.passline.com/eventos/-774784-min.jpg,https://imagenes.passline.com/eventos/-774784-rec.jpg,NO,NO,1,https://www.passline.com/eventos/aura-viernes-21-agosto
541007,Patricia Maldonado presenta: Terapia Musical,,,Show,2026-08-21,20:30:00,2026-08-21,23:00:00,ESPACIO CASA,La Florida,RM,20000.00,$,NO,290,39593,https://imagenes.passline.com/eventos/patricia-maldonado-presenta-terapia-musical-541007-min.jpg,https://imagenes.passline.com/eventos/patricia-maldonado-presenta-terapia-musical-541007-rec.jpg,NO,NO,0,https://www.passline.com/eventos/patricia-maldonado-presenta-terapia-musical
537494,Yajaira & De Piedra - Bar de Rene´,,Música,Doom Metal,2026-08-21,21:00:00,2026-08-22,00:00:00,Bar de Rene,Santiago,RM,13000.00,$,NO,105,714016,https://imagenes.passline.com/eventos/yajaira-de-piedra-bar-de-rene-537494-min.jpg,https://imagenes.passline.com/eventos/yajaira-de-piedra-bar-de-rene-537494-rec.jpg,NO,NO,0,https://www.passline.com/eventos/yajaira-de-piedra-bar-de-rene
538083,GLAM LEGACY,"LiveMusic, MúsicaEnVivo, ShowEnVivo, Concierto, EventosChile, TributoEnVivo, MúsicaTributo, CulturaEnVivo, NochesDeMúsica, DiversiónEnVivo, VibrasEnVivo, TurismoYConciertos, CoverBand, Experiencia",Música,Conciertos,2026-08-21,21:00:00,2026-08-21,22:30:00,CLUB AMANDA,Vitacura,RM,12000.00,$,NO,288080,52690,https://imagenes.passline.com/eventos/glam-legacy-538083-min.jpg,https://imagenes.passline.com/eventos/glam-legacy-538083-rec.jpg,NO,NO,0,https://www.passline.com/eventos/glam-legacy
538289,Llega Marillion & Genesis en vivo en Peñalolén!,,Música,Musica Progresiva,2026-08-21,21:00:00,2026-08-21,23:30:00,Refugio del Sol,Pe&ntilde;alol&eacute;n,RM,3000.00,$,NO,85,3934779,https://imagenes.passline.com/eventos/-773848-min.jpg,https://imagenes.passline.com/eventos/-773848-rec.jpg,NO,NO,0,https://www.passline.com/eventos/llega-marillion-genesis-en-vivo-en-penalolen
543950,Tommi Birthday,,Festivales,Festival de Metal,2026-08-21,21:00:00,2026-08-22,03:00:00,Bar Oxido,Recoleta,RM,5000.00,$,NO,30,4993215,https://imagenes.passline.com/eventos/tommi-birthday-543950-min.jpg,https://imagenes.passline.com/eventos/tommi-birthday-543950-rec.jpg,NO,NO,0,https://www.passline.com/eventos/tommi-birthday
536825,TECHNOBUS - 21 AGOSTO,Corccione,Música,Hardtechno,2026-08-21,21:30:00,2026-08-22,00:00:00,TECHNOBUS,Santiago,RM,14000.00,$,NO,42,6436756,https://imagenes.passline.com/eventos/-767309-min.jpg,https://imagenes.passline.com/eventos/-767309-rec.jpg,NO,NO,0,https://www.passline.com/eventos/technobus-21-agosto
542406,COORVE  & LINE UP VOL 1,,,Fiesta,2026-08-21,21:30:00,2026-08-22,03:00:00,Eventos San Jorge,La Florida,RM,6000.00,$,NO,85,13290507,https://imagenes.passline.com/eventos/coorve-line-up-vol-1-542406-min.jpg,https://imagenes.passline.com/eventos/coorve-line-up-vol-1-542406-rec.jpg,NO,NO,0,https://www.passline.com/eventos/coorve-line-up-vol-1
525066,METAL IMMORTALS,,Festivales,Festival de Metal,2026-08-21,22:00:00,2026-08-22,01:00:00,Sala RBX,&Ntilde;u&ntilde;oa,RM,5000.00,$,NO,140429,1380637,https://imagenes.passline.com/eventos/metal-immortals-525066-min.jpg,https://imagenes.passline.com/eventos/metal-immortals-525066-rec.jpg,NO,NO,0,https://www.passline.com/eventos/metal-immortals
538945,La gran Magia Tropical vs Forest,,Música,Cumbia,2026-08-21,22:00:00,2026-08-22,03:00:00,Montañita Las Vizcachas,Puente Alto,RM,7000.00,$,NO,300,12979935,https://imagenes.passline.com/eventos/la-gran-magia-tropical-vs-forest-538945-min.jpg,https://imagenes.passline.com/eventos/la-gran-magia-tropical-vs-forest-538945-rec.jpg,NO,NO,0,https://www.passline.com/eventos/la-gran-magia-tropical-vs-forest
540281,Rebels Presenta: Rebekah [ALL NIGHT LONG],,Música,Electrónica,2026-08-21,22:00:00,2026-08-22,04:30:00,Basel,Santiago,RM,12000.00,$,NO,5901030,32863,https://imagenes.passline.com/eventos/rebels-presenta-rebekah-all-night-long-540281-min.jpg,https://imagenes.passline.com/eventos/rebels-presenta-rebekah-all-night-long-540281-rec.jpg,NO,NO,1,https://www.passline.com/eventos/rebels-presenta-rebekah-all-night-long
540849,COORVE VOL.1,,Música,Disco,2026-08-21,22:30:00,2026-08-22,03:30:00,Parque Recreacional San Jorge,La Florida,RM,,$,SI,,14317944,https://imagenes.passline.com/eventos/-772639-min.jpg,https://imagenes.passline.com/eventos/-772639-rec.jpg,NO,NO,0,https://www.passline.com/eventos/coorve-vol1
538456,MARIANO MELLINO - LA FERIA CLUB,,Música,Electrónica,2026-08-21,23:00:00,2026-08-22,05:00:00,La Feria,Providencia,RM,25000.00,$,NO,200049,3581356,https://imagenes.passline.com/eventos/-776342-min.jpg,https://imagenes.passline.com/eventos/-776342-rec.jpg,NO,NO,0,https://www.passline.com/eventos/mariano-mellino-la-feria-club
539116,ANDREA ZAPATA BY FRVR,,Música,Dub techno,2026-08-21,23:00:00,2026-08-22,04:30:00,SALA METRONOMO,Recoleta,RM,12000.00,$,NO,495,14037430,https://imagenes.passline.com/eventos/-774291-min.jpg,https://imagenes.passline.com/eventos/-774291-rec.jpg,NO,NO,0,https://www.passline.com/eventos/andrea-zapata-by-frvr
539391,"PUNSH: NIOTECH - Viernes 21 Agosto, Spot Freedom",,Música,Electrónica,2026-08-21,23:00:00,2026-08-22,04:30:00,Spot Freedom,Recoleta,RM,10000.00,$,NO,91,81273,https://imagenes.passline.com/eventos/punsh-niotech-viernes-21-agosto-spot-freedom-539391-min.jpg,https://imagenes.passline.com/eventos/punsh-niotech-viernes-21-agosto-spot-freedom-539391-rec.jpg,NO,NO,0,https://www.passline.com/eventos/punsh-niotech-viernes-21-agosto-spot-freedom
541757,🌴COCO BONGO🌴 TEATRO ALICIA 💥 - VIER 21 AGOSTO - KINKI X NYX,,,Fiesta,2026-08-21,23:00:00,2026-08-22,04:30:00,Teatro Alicia,Lo Barnechea,RM,10000.00,$,NO,2000478,113329,https://imagenes.passline.com/eventos/-773877-min.jpg,https://imagenes.passline.com/eventos/-773877-rec.jpg,NO,NO,1,https://www.passline.com/eventos/coco-bongo-teatro-alicia-vier-21-agosto-kinki-x-nyx
544346,COCO BONGO - TEATRO ALICIA,,,Fiesta,2026-08-21,23:00:00,2026-08-22,04:30:00,Teatro Alicia,Lo Barnechea,RM,10000.00,$,NO,199,4286835,https://imagenes.passline.com/eventos/-777654-min.jpg,https://imagenes.passline.com/eventos/-777654-rec.jpg,NO,NO,1,https://www.passline.com/eventos/coco-bongo-teatro-alicia
491242,Dark Machine: Suicide Commando Live,,,,2026-08-21,23:30:00,2026-08-22,05:00:00,Blondie,Santiago,RM,14000.00,$,NO,881335,30119,https://imagenes.passline.com/eventos/dark-machine-suicide-commando-live-491242-min.jpg,https://imagenes.passline.com/eventos/dark-machine-suicide-commando-live-491242-rec.jpg,NO,NO,0,https://www.passline.com/eventos/dark-machine-suicide-commando-live
524686,SANTIAGO IPA FEST,,Exposiciones y Conferencias,Cultural Events,2026-08-22,12:00:00,2026-08-23,21:00:00,Factoria Franklin,Santiago,RM,6000.00,$,NO,223,6310979,https://imagenes.passline.com/eventos/-752829-min.jpg,https://imagenes.passline.com/eventos/-752829-rec.jpg,NO,NO,0,https://www.passline.com/eventos/santiago-ipa-fest
533825,Tormenta (Valdivia),,Familia,Infantil,2026-08-22,12:00:00,2026-08-22,13:00:00,GAM - B1,Santiago,RM,5000.00,$,NO,138,11307267,https://imagenes.passline.com/eventos/tormenta-valdivia-533825-min.jpg,https://imagenes.passline.com/eventos/tormenta-valdivia-533825-rec.jpg,NO,NO,0,https://www.passline.com/eventos/tormenta-valdivia
533914,Ada (LSCH),,Familia,Infantil,2026-08-22,12:00:00,2026-08-22,13:00:00,Centro Cultural Ceina,Santiago,RM,5000.00,$,NO,379,11307267,https://imagenes.passline.com/eventos/ada-533914-min.jpg,https://imagenes.passline.com/eventos/ada-533914-rec.jpg,SI,NO,0,https://www.passline.com/eventos/ada
534215,La Caracol,,,Evento Familiar,2026-08-22,12:00:00,2026-08-22,12:35:00,Teatro Mori Vitacura,Vitacura,RM,5000.00,$,NO,470,11307267,https://imagenes.passline.com/eventos/la-caracol-534215-min.jpg,https://imagenes.passline.com/eventos/la-caracol-534215-rec.jpg,NO,NO,0,https://www.passline.com/eventos/la-caracol
544834,BOLIVARIANO DE BOXEO AMATEUR 🥊,,Deportes,Deporte,2026-08-22,13:00:00,2026-08-22,19:00:00,Gimnasio DB BOXING 🥊,La Cisterna,RM,15000.00,$,NO,50,360885,https://imagenes.passline.com/eventos/bolivariano-de-boxeo-amateur-544834-min.jpg,https://imagenes.passline.com/eventos/bolivariano-de-boxeo-amateur-544834-rec.jpg,NO,NO,0,https://www.passline.com/eventos/bolivariano-de-boxeo-amateur
530951,Gala Academia BYDA Infantil,,Teatro y Musicales,Danza,2026-08-22,14:00:00,2026-08-22,14:30:00,Havana Salsa,Recoleta,RM,3000.00,$,NO,241,14140408,https://imagenes.passline.com/eventos/-760746-min.jpg,https://imagenes.passline.com/eventos/-760746-rec.jpg,NO,NO,0,https://www.passline.com/eventos/gala-academia-byda-infantil
532272,Sky Sunset Winter,,Música,Concert Tours,2026-08-22,16:00:00,2026-08-22,22:00:00,MIRADOR SKY COSTANERA,Providencia,RM,35000.00,$,NO,81,2025623,https://imagenes.passline.com/eventos/sky-sunset-winter-532272-min.jpg,https://imagenes.passline.com/eventos/sky-sunset-winter-532272-rec.jpg,NO,NO,0,https://www.passline.com/eventos/sky-sunset-winter-532272
533936,"Tappabuchi, el origen del Payaso",,,Evento Familiar,2026-08-22,16:00:00,2026-08-22,17:00:00,Teatro Mori Bellavista,Santiago,RM,5000.00,$,NO,306,11307267,https://imagenes.passline.com/eventos/tappabuchi-el-origen-del-payaso-533936-min.jpg,https://imagenes.passline.com/eventos/tappabuchi-el-origen-del-payaso-533936-rec.jpg,NO,NO,0,https://www.passline.com/eventos/tappabuchi-el-origen-del-payaso
534152,"Golden: La Guerrera K-pop, el tributo (LSCH)",,,Evento Familiar,2026-08-22,16:00:00,2026-08-22,17:00:00,Teatro Mori Recoleta,Recoleta,RM,5000.00,$,NO,372,11307267,https://imagenes.passline.com/eventos/golden-la-guerrera-kpop-el-tributo-lsch-534152-min.jpg,https://imagenes.passline.com/eventos/golden-la-guerrera-kpop-el-tributo-lsch-534152-rec.jpg,SI,NO,0,https://www.passline.com/eventos/golden-la-guerrera-kpop-el-tributo-lsch
508134,Grupo Disparo 7º Aniversario,Grupo Disparo,Música,Cumbia / Guachaca,2026-08-22,19:00:00,2026-08-22,21:30:00,Centro Cultural de Buin,Buin,RM,8000.00,$,NO,363,13745461,https://imagenes.passline.com/eventos/-735553-min.jpg,https://imagenes.passline.com/eventos/-735553-rec.jpg,NO,SI,1,https://www.passline.com/eventos/grupo-disparo-7-aniversario
540541,CLASIFICATORIO MUNDIAL 2027 ▪︎ CHILE vs BAHAMAS,,Deportes,Basketball,2026-08-22,19:00:00,2026-08-22,22:00:00,"EDIFICIO DE LOS DEPORTES COLECTIVOS, PARQUE ESTADIO NACIONAL.",&Ntilde;u&ntilde;oa,RM,,$,SI,,7375989,https://imagenes.passline.com/eventos/clasificatorio-mundial-2027-chile-vs-bahamas-540541-min.jpg,https://imagenes.passline.com/eventos/clasificatorio-mundial-2027-chile-vs-bahamas-540541-rec.jpg,NO,NO,1,https://www.passline.com/eventos/clasificatorio-mundial-2027-chile-vs-bahamas
521893,FÉLIX MARTIN en Santiago de Chile,FELIX MARTIN,Música,Alternative Metal,2026-08-22,20:00:00,2026-08-22,22:00:00,SALA METRONOMO,Recoleta,RM,31000.00,$,NO,316,650266,https://imagenes.passline.com/eventos/felix-martin-en-santiago-de-chile-521893-min.jpg,https://imagenes.passline.com/eventos/felix-martin-en-santiago-de-chile-521893-rec.jpg,NO,NO,0,https://www.passline.com/eventos/felix-martin-en-santiago-de-chile
524135,Elito Revé y Charangón en Club Chocolate,,Música,Conciertos,2026-08-22,20:00:00,2026-08-22,23:00:00,Club Chocolate,Recoleta,RM,45000.00,$,NO,175,11953627,https://imagenes.passline.com/eventos/-749352-min.jpg,https://imagenes.passline.com/eventos/-749352-rec.jpg,NO,NO,0,https://www.passline.com/eventos/elito-reve-y-charangon-en-club-chocolate
525155,AMERIKA JUNIOR Y LOS MAL PASO,La Gran America Jr,Música,Cueca,2026-08-22,20:00:00,2026-08-23,03:00:00,BAR VICTORIA,Pedro Aguirre Cerda,RM,10000.00,$,NO,156,1146137,https://imagenes.passline.com/eventos/-760868-min.jpg,https://imagenes.passline.com/eventos/-760868-rec.jpg,NO,NO,0,https://www.passline.com/eventos/amerikan-junior-y-los-mal-paso
534382,OSCAR MANUEL EN SANTIAGO DE CHILE,,,Fiesta,2026-08-22,20:00:00,2026-08-23,04:30:00,Discoteca La Fama,Recoleta,RM,12000.00,$,NO,536,8542480,https://imagenes.passline.com/eventos/oscar-manuel-en-santiago-de-chile-534382-min.jpg,https://imagenes.passline.com/eventos/oscar-manuel-en-santiago-de-chile-534382-rec.jpg,NO,NO,0,https://www.passline.com/eventos/oscar-manuel-en-santiago-de-chile
539089,PARRANDA AFROCARIBE,"DJ LA CHAMA,  PATICA E MUEBLE,  DESKRGA VALLENATA, AFROCARIBE",Fiestas,Festas e shows,2026-08-22,20:00:00,2026-08-23,00:00:00,Sport Bar,Santiago,RM,8000.00,$,NO,94,13792921,https://imagenes.passline.com/eventos/parranda-afrocaribe-539089-min.jpg,https://imagenes.passline.com/eventos/parranda-afrocaribe-539089-rec.jpg,NO,NO,0,https://www.passline.com/eventos/parranda-afrocaribe
539222,NAVAJA - PRIMER CORTE EN VIVO,,Música,Conciertos,2026-08-22,20:00:00,2026-08-22,23:00:00,Epicentro,Santiago,RM,12000.00,$,NO,214,8154760,https://imagenes.passline.com/eventos/navaja-primer-corte-en-vivo-539222-min.jpg,https://imagenes.passline.com/eventos/navaja-primer-corte-en-vivo-539222-rec.jpg,NO,NO,0,https://www.passline.com/eventos/navaja-primer-corte-en-vivo
532209,Aura ★ SABADO 22 AGOSTO ★,,Música,Discoteca,2026-08-22,20:30:00,2026-08-23,05:00:00,Aura club,Vitacura,RM,0.00,$,NO,2860866,188159,https://imagenes.passline.com/eventos/-774783-min.jpg,https://imagenes.passline.com/eventos/-774783-rec.jpg,NO,NO,1,https://www.passline.com/eventos/aura-sabado-22-agosto
534305,Abominable Punk Fest,"Beware, Ramonekes,Peligro,Los Tea",Festivales,Festival de Punk,2026-08-22,20:30:00,2026-08-23,03:00:00,Bar Oxido,Recoleta,RM,6000.00,$,NO,70,4993215,https://imagenes.passline.com/eventos/abominable-punk-fest-534305-min.jpg,https://imagenes.passline.com/eventos/abominable-punk-fest-534305-rec.jpg,NO,NO,0,https://www.passline.com/eventos/abominable-punk-fest
540506,Ocultos vol 1,,Fiestas,Bar,2026-08-22,20:30:00,2026-08-23,00:00:00,Bar Estudio Oculto,&Ntilde;u&ntilde;oa,RM,5000.00,$,NO,79,7734342,https://imagenes.passline.com/eventos/-775231-min.jpg,https://imagenes.passline.com/eventos/-775231-rec.jpg,NO,NO,0,https://www.passline.com/eventos/ocultos-vol-1
535775,Ribo En Santiago,Ribo,Música,Alternative Rock,2026-08-22,21:00:00,2026-08-23,02:00:00,Sala RBX,&Ntilde;u&ntilde;oa,RM,10000.00,$,NO,293,9836693,https://imagenes.passline.com/eventos/-765683-min.jpg,https://imagenes.passline.com/eventos/-765683-rec.jpg,NO,NO,0,https://www.passline.com/eventos/ribo-en-santiago
539080,LOS REYES DEL ZALO,,,Fiesta,2026-08-22,21:00:00,2026-08-23,03:00:00,Peluquería Francesa,Santiago,RM,13000.00,$,NO,76,39593,https://imagenes.passline.com/eventos/los-reyes-del-zalo-539080-min.jpg,https://imagenes.passline.com/eventos/los-reyes-del-zalo-539080-rec.jpg,NO,NO,0,https://www.passline.com/eventos/los-reyes-del-zalo
544455,LED ZEPPELIN - EARLY DAYS / TRIBUTO BLACK DOG,,Música,Conciertos,2026-08-22,21:00:00,2026-08-22,22:30:00,CLUB CHOCOLATE,Vitacura,RM,10000.00,$,NO,288022,52690,https://imagenes.passline.com/eventos/led-zeppelin-early-days-tributo-black-dog-544455-min.jpg,https://imagenes.passline.com/eventos/led-zeppelin-early-days-tributo-black-dog-544455-rec.jpg,NO,NO,0,https://www.passline.com/eventos/led-zeppelin-early-days-tributo-black-dog
537113,TECHNOBUS - 22 AGOSTO,,Música,Hardstyle,2026-08-22,21:30:00,2026-08-23,00:00:00,TECHNOBUS,Santiago,RM,14000.00,$,NO,38,6436756,https://imagenes.passline.com/eventos/-768161-min.jpg,https://imagenes.passline.com/eventos/-768161-rec.jpg,NO,NO,0,https://www.passline.com/eventos/technobus-22-agosto
536485,PRIMER PERREO by SAGRADO,,Exposiciones y Conferencias,Feste & Social Events,2026-08-22,22:00:00,2026-08-23,04:30:00,Club Berlín,Santiago,RM,6500.00,$,NO,1439,5223942,https://imagenes.passline.com/eventos/primer-perreo-by-sagrado-536485-min.jpg,https://imagenes.passline.com/eventos/primer-perreo-by-sagrado-536485-rec.jpg,NO,NO,0,https://www.passline.com/eventos/primer-perreo-by-sagrado
538457,AURA CHILE | Sábado 22 de Agosto | Centro Parque,,,Fiesta,2026-08-22,22:00:00,2026-08-23,04:30:00,Centro parque,Las Condes,RM,20000.00,$,NO,343,5781447,https://imagenes.passline.com/eventos/aura-chile-sabado-22-de-agosto-centro-parque-538457-min.jpg,https://imagenes.passline.com/eventos/aura-chile-sabado-22-de-agosto-centro-parque-538457-rec.jpg,NO,NO,0,https://www.passline.com/eventos/aura-chile-sabado-22-de-agosto-centro-parque
541892,EL NUEVO SHOW DE LAS FIERAS,,,Comedia Latina,2026-08-22,22:00:00,2026-08-22,23:30:00,Bar Teatro Fiebre,Providencia,RM,10000.00,$,NO,87,3047785,https://imagenes.passline.com/eventos/el-nuevo-show-de-las-fieras-541892-min.jpg,https://imagenes.passline.com/eventos/el-nuevo-show-de-las-fieras-541892-rec.jpg,NO,NO,0,https://www.passline.com/eventos/el-nuevo-show-de-las-fieras
536438,FRANCISCO ALLENDES - LA FERIA CLUB 26,,Música,Electrónica,2026-08-22,23:00:00,2026-08-23,05:00:00,La Feria,Providencia,RM,25000.00,$,NO,200180,3581356,https://imagenes.passline.com/eventos/-777268-min.jpg,https://imagenes.passline.com/eventos/-777268-rec.jpg,NO,NO,0,https://www.passline.com/eventos/francisco-allendes-la-feria-club-26
544802,ÁNIMA SABADO 22 AGOSTO,,,,2026-08-22,23:00:00,2026-08-23,05:00:00,Hangar bellavista,Santiago,RM,8000.00,$,NO,100,13851302,https://imagenes.passline.com/eventos/anima-sabado-22-agosto-544802-min.jpg,https://imagenes.passline.com/eventos/anima-sabado-22-agosto-544802-rec.jpg,NO,NO,0,https://www.passline.com/eventos/anima-sabado-22-agosto
541756,Cabaret: Dua Lipa - 4 Pistas de Baile_,,Fiestas,Fiesta Religiosa,2026-08-22,23:30:00,2026-08-23,05:00:00,Blondie,Santiago,RM,10000.00,$,NO,781313,30119,https://imagenes.passline.com/eventos/cabaret-dua-lipa-4-pistas-de-baile_-541756-min.jpg,https://imagenes.passline.com/eventos/cabaret-dua-lipa-4-pistas-de-baile_-541756-rec.jpg,NO,NO,0,https://www.passline.com/eventos/cabaret-dua-lipa-4-pistas-de-baile_
530521,"DEL DIABLO FEST VOL. 1 - TRIBUTO IRON MAIDEN SEVENTH SON, TRIBUTO MAGO DE OZ HELL CELTIAN Y BRJO NAT",,,Evento Familiar,2026-08-23,14:00:00,2026-08-23,20:00:00,Sala RBX,&Ntilde;u&ntilde;oa,RM,5000.00,$,NO,250,12267916,https://imagenes.passline.com/eventos/del-diablo-fest-vol-1-tributo-iron-maiden-seventh-son-tributo-mago-de-oz-hell-celtian-y-brjo-nativo-530521-min.jpg,https://imagenes.passline.com/eventos/del-diablo-fest-vol-1-tributo-iron-maiden-seventh-son-tributo-mago-de-oz-hell-celtian-y-brjo-nativo-530521-rec.jpg,NO,NO,0,https://www.passline.com/eventos/del-diablo-fest-vol-1-tributo-iron-maiden-seventh-son-tributo-mago-de-oz-hell-celtian-y-brjo-nativo-en-vivo-sala-rbxamsterdam
535050,Metaru Festo,,Música,Alternative Metal,2026-08-23,14:00:00,2026-08-23,20:30:00,SALA METRONOMO,Recoleta,RM,10000.00,$,NO,107,2261013,https://imagenes.passline.com/eventos/fiestas.jpg,https://imagenes.passline.com/eventos/fiestas.jpg,NO,NO,0,https://www.passline.com/eventos/metaru-festo
537538,"Cecilia: Una reina, un mito.",,Cine,Musical,2026-08-23,18:00:00,2026-08-23,19:30:00,Centro Cultural Espacio Matta,La Granja,RM,6500.00,$,NO,328,3374119,https://imagenes.passline.com/eventos/cecilia-una-reina-un-mito-537538-min.jpg,https://imagenes.passline.com/eventos/cecilia-una-reina-un-mito-537538-rec.jpg,NO,NO,0,https://www.passline.com/eventos/cecilia-una-reina-un-mito
539343,TECHNOBUS x THEM.,,Música,Hardtechno,2026-08-23,21:30:00,2026-08-24,00:00:00,TECHNOBUS,Santiago,RM,15000.00,$,NO,65,6436756,https://imagenes.passline.com/eventos/-771988-min.jpg,https://imagenes.passline.com/eventos/-771988-rec.jpg,NO,NO,0,https://www.passline.com/eventos/technobus-x-them
540557,Elephant / Centro Arte Alameda,"Alex Frost, Eric Duelen, John Robinson, Elias McConnell",,,2026-08-25,18:45:00,2026-08-25,20:45:00,Centro Arte Alameda/ Sala Ceina,Santiago,RM,2500.00,$,NO,205,1055535,https://imagenes.passline.com/eventos/-772254-min.jpg,https://imagenes.passline.com/eventos/-772254-rec.jpg,NO,NO,0,https://www.passline.com/eventos/elephant-centro-arte-alameda
544910,Volver al futuro / Cine Blondie en Centro Arte Alameda,,,,2026-08-25,20:15:00,2026-08-25,22:15:00,Centro Arte Alameda,Santiago,RM,2500.00,$,NO,125,1055535,https://imagenes.passline.com/eventos/volver-al-futuro-cine-blondie-en-centro-arte-alameda-544910-min.jpg,https://imagenes.passline.com/eventos/volver-al-futuro-cine-blondie-en-centro-arte-alameda-544910-rec.jpg,NO,NO,0,https://www.passline.com/eventos/volver-al-futuro-cine-blondie-en-centro-arte-alameda
541020,Cine Blondie: Volver al Futuro,,Cine,Cine de Culto,2026-08-25,20:30:00,2026-08-25,22:30:00,CENTRO ARTE ALAMEDA,Santiago,RM,12000.00,$,NO,781086,30119,https://imagenes.passline.com/eventos/cine-blondie-volver-al-futuro-541020-min.jpg,https://imagenes.passline.com/eventos/cine-blondie-volver-al-futuro-541020-rec.jpg,NO,NO,0,https://www.passline.com/eventos/cine-blondie-volver-al-futuro
530670,Los Tetas Fiesta pregira,Los Tetas,Música,90S Music,2026-08-26,18:00:00,2026-08-27,03:30:00,Vrava Club,Las Condes,RM,25000.00,$,NO,19,13974681,https://imagenes.passline.com/eventos/-766043-min.jpg,https://imagenes.passline.com/eventos/-766043-rec.jpg,NO,NO,0,https://www.passline.com/eventos/los-tetas-la-despedida
520425,Demian The Rat Probando Quesito En Santiago !!,,,,2026-08-26,19:00:00,2026-08-26,21:00:00,Palermo Teatro Bar,Providencia,RM,13000.00,$,NO,127,629394,https://imagenes.passline.com/eventos/demian-the-rat-probando-quesito-en-santiago-520425-min.jpg,https://imagenes.passline.com/eventos/demian-the-rat-probando-quesito-en-santiago-520425-rec.jpg,NO,NO,0,https://www.passline.com/eventos/demian-the-rat-probando-quesito-en-santiago
533180,PANTHALASSA - Prismas de Navegación,,Exposiciones y Conferencias,Arte & Cultura,2026-08-26,20:00:00,2026-08-27,20:00:00,Centro Cultural Ceina,Santiago,RM,0.00,$,NO,1206,11831355,https://imagenes.passline.com/eventos/-763718-min.jpg,https://imagenes.passline.com/eventos/-763718-rec.jpg,NO,SI,1,https://www.passline.com/eventos/panthalassa-prismas-de-navegacion
526006,Rodrigo Villegas en  Rustiko Huechuraba,,Comedia,Humor / Stand Up Comedy,2026-08-26,21:00:00,2026-08-27,03:30:00,Rustiko Huehuraba,Huechuraba,RM,20000.00,$,NO,88,11725058,https://imagenes.passline.com/eventos/-756678-min.jpg,https://imagenes.passline.com/eventos/-756678-rec.jpg,NO,NO,0,https://www.passline.com/eventos/rodrigo-villegas-en-rustiko-huechuraba
479108,Sunset Andes Winter | Ago - 4 Edición,,,,2026-08-27,15:30:00,2026-08-27,18:30:00,El Colorado Centro de Ski,Lo Barnechea,RM,,$,SI,,4416629,https://imagenes.passline.com/eventos/-711716-min.jpg,https://imagenes.passline.com/eventos/-711716-rec.jpg,NO,NO,0,https://www.passline.com/eventos/sunset-andes-winter-ago-4-edicion
524217,Volare - Experiencia gastronómica,,Experiencias Gastronómicas,Cocktail Bar,2026-08-27,19:00:00,2026-08-27,22:15:00,Centro parque,Las Condes,RM,79990.00,$,NO,68,12588895,https://imagenes.passline.com/eventos/volare-experiencia-gastronomica-524217-min.jpg,https://imagenes.passline.com/eventos/volare-experiencia-gastronomica-524217-rec.jpg,NO,NO,1,https://www.passline.com/eventos/volare-experiencia-gastronomica-524217
540553,CLASIFICATORIO MUNDIAL 2027 ▪︎ CHILE vs USA BASKET,,Deportes,Basketball,2026-08-27,19:10:00,2026-08-27,21:00:00,"EDIFICIO DE LOS DEPORTES COLECTIVOS, PARQUE ESTADIO NACIONAL.",&Ntilde;u&ntilde;oa,RM,,$,SI,,7375989,https://imagenes.passline.com/eventos/clasificatorio-mundial-2027-chile-vs-usa-basket-540553-min.jpg,https://imagenes.passline.com/eventos/clasificatorio-mundial-2027-chile-vs-usa-basket-540553-rec.jpg,NO,NO,1,https://www.passline.com/eventos/clasificatorio-mundial-2027-chile-vs-usa-basket
543164,Pasivo - Agresivo / Stand Up Comedy,,Comedia,Comedia,2026-08-27,19:30:00,2026-08-27,21:30:00,Distrito 04,San Miguel,RM,15000.00,$,NO,120,71781,https://imagenes.passline.com/eventos/-775889-min.jpg,https://imagenes.passline.com/eventos/-775889-rec.jpg,NO,NO,0,https://www.passline.com/eventos/pasivo-agresivo-stand-up-comedy
524209,UN SHOW DE COMEDIA CON PEDRO RUMINOT - PAINE,,Comedia,Humor / Stand Up Comedy,2026-08-27,20:00:00,2026-08-27,21:00:00,Teatro Municipal de Paine,Paine,RM,,$,SI,,11027200,https://imagenes.passline.com/eventos/-750404-min.jpg,https://imagenes.passline.com/eventos/-750404-rec.jpg,NO,SI,1,https://www.passline.com/eventos/un-show-de-comedia-con-pedro-ruminot-paine
530588,ARRUINARSE,,Teatro y Musicales,Teatro,2026-08-27,20:00:00,2026-08-27,23:30:00,Teatro Fiebre,Providencia,RM,10000.00,$,NO,130,12275001,https://imagenes.passline.com/eventos/-758891-min.jpg,https://imagenes.passline.com/eventos/-758891-rec.jpg,SI,NO,0,https://www.passline.com/eventos/arruinarse
533100,VOLVER A LA LEY - SESIONES 88 / 90,"LA LEY, LiveMusic, MúsicaEnVivo, ShowEnVivo, Concierto, ConciertosChile, EventosChile, AgendaCultural, PanoramaSantiago, QuéHacerEnSantiago, QuéHacerHoy, VidaNocturna, ExperienciaEnVivo, CulturaEnV",Música,Conciertos,2026-08-27,20:00:00,2026-08-27,22:30:00,CLUB CHOCOLATE,Recoleta,RM,25000.00,$,NO,5700058,53825,https://imagenes.passline.com/eventos/volver-a-la-ley-sesiones-88-90-533100-min.jpg,https://imagenes.passline.com/eventos/volver-a-la-ley-sesiones-88-90-533100-rec.jpg,NO,NO,0,https://www.passline.com/eventos/volver-a-la-ley-sesiones-88-90
533181,PANTHALASSA - Prismas de Navegación,,Exposiciones y Conferencias,Arte & Cultura,2026-08-27,20:00:00,2026-08-27,21:00:00,Centro Cultural Ceina,Santiago,RM,0.00,$,NO,1389,11831355,https://imagenes.passline.com/eventos/-763718-min.jpg,https://imagenes.passline.com/eventos/-763718-rec.jpg,NO,SI,1,https://www.passline.com/eventos/panthalassa-prismas-de-navegacion-533181
542446,Bombo Fica: 40 años de humor y no me di cuenta,,Fiestas,Entretención,2026-08-27,20:00:00,2026-08-27,21:00:00,Auditorio Caja Compensación Los Andres,Santiago,RM,25000.00,$,NO,146,9087934,https://imagenes.passline.com/eventos/bombo-fica-40-anos-de-humor-y-no-me-di-cuenta-542446-min.jpg,https://imagenes.passline.com/eventos/bombo-fica-40-anos-de-humor-y-no-me-di-cuenta-542446-rec.jpg,NO,NO,0,https://www.passline.com/eventos/bombo-fica-40-anos-de-humor-y-no-me-di-cuenta
540367,Yamila Reyna en Mystic Valley,,Comedia,Comedia,2026-08-27,22:00:00,2026-08-28,01:30:00,Mystic Valley,Lampa,RM,10000.00,$,NO,270,1312167,https://imagenes.passline.com/eventos/yamila-reyna-en-mystic-valley-540367-min.jpg,https://imagenes.passline.com/eventos/yamila-reyna-en-mystic-valley-540367-rec.jpg,NO,NO,0,https://www.passline.com/eventos/yamila-reyna-en-mystic-valley
540918,EUPHORIA • THE BIRTHDAY QUEENS,,Música,Electro pop,2026-08-27,23:30:00,2026-08-28,04:00:00,Blondie,Santiago,RM,3000.00,$,NO,100,325940,https://imagenes.passline.com/eventos/euphoria-the-birthday-queens-540918-min.jpg,https://imagenes.passline.com/eventos/euphoria-the-birthday-queens-540918-rec.jpg,NO,NO,0,https://www.passline.com/eventos/euphoria-the-birthday-queens
544830,La gran fiesta chilena,,Música,Cueca,2026-08-28,09:00:00,2026-08-29,02:00:00,CUCA BUIN,San Bernardo,RM,10000.00,$,NO,204,14095678,https://imagenes.passline.com/eventos/la-gran-fiesta-chilena-544830-min.jpg,https://imagenes.passline.com/eventos/la-gran-fiesta-chilena-544830-rec.jpg,NO,NO,0,https://www.passline.com/eventos/la-gran-fiesta-chilena
541847,Grey Gardens / Centro Arte Alameda,,Cine,Alternative Cinema,2026-08-28,17:00:00,2026-08-28,19:00:00,Centro Arte Alameda,Santiago,RM,2000.00,$,NO,160,1055535,https://imagenes.passline.com/eventos/grey-gardens-centro-arte-alameda-541847-min.jpg,https://imagenes.passline.com/eventos/grey-gardens-centro-arte-alameda-541847-rec.jpg,NO,NO,0,https://www.passline.com/eventos/grey-gardens-centro-arte-alameda
539112,FADE OUT*,,Música,R&B,2026-08-28,19:00:00,2026-08-29,00:00:00,Trilab,Santiago,RM,5000.00,$,NO,74,4473347,https://imagenes.passline.com/eventos/fade-out-539112-min.jpg,https://imagenes.passline.com/eventos/fade-out-539112-rec.jpg,NO,NO,0,https://www.passline.com/eventos/fade-out-539112
540559,Paranoid Park / Centro Arte Alameda,,Cine,Author Cinema,2026-08-28,19:00:00,2026-08-28,21:00:00,Centro Arte Alameda,Santiago,RM,2500.00,$,NO,195,1055535,https://imagenes.passline.com/eventos/paranoid-park-centro-arte-alameda-540559-min.jpg,https://imagenes.passline.com/eventos/paranoid-park-centro-arte-alameda-540559-rec.jpg,NO,NO,0,https://www.passline.com/eventos/paranoid-park-centro-arte-alameda
544118,Pullman Xchange - El poder de la Resilencia,,Exposiciones y Conferencias,Conference,2026-08-28,19:00:00,2026-08-28,21:30:00,Pullman Santiago Vitacura,Vitacura,RM,39900.00,$,NO,50,11735090,https://imagenes.passline.com/eventos/-777322-min.jpg,https://imagenes.passline.com/eventos/-777322-rec.jpg,NO,NO,0,https://www.passline.com/eventos/pullman-xchange-el-poder-de-la-resilencia
540466,Concierto Orquesta Toki Rapa Nui,,Teatro y Musicales,Danza,2026-08-28,19:30:00,2026-08-28,20:30:00,"Teatro Giuseppe Verdi, Scuola Italiana",Las Condes,RM,10000.00,$,NO,120,14305372,https://imagenes.passline.com/eventos/-772655-min.jpg,https://imagenes.passline.com/eventos/-772655-rec.jpg,NO,NO,0,https://www.passline.com/eventos/concierto-orquesta-toki-rapa-nui
533183,PANTHALASSA - Prismas de Navegación,,Exposiciones y Conferencias,Arte & Cultura,2026-08-28,20:00:00,2026-08-28,21:00:00,Centro Cultural Ceina,Santiago,RM,0.00,$,NO,1370,11831355,https://imagenes.passline.com/eventos/-763718-min.jpg,https://imagenes.passline.com/eventos/-763718-rec.jpg,NO,SI,1,https://www.passline.com/eventos/panthalassa-prismas-de-navegacion-533183
533221,DESPECHADOS,,Música,Conciertos,2026-08-28,20:00:00,2026-08-29,04:30:00,muranos resto bar,Santiago,RM,5000.00,$,NO,250,1501146,https://imagenes.passline.com/eventos/despechados-533221-min.jpg,https://imagenes.passline.com/eventos/despechados-533221-rec.jpg,NO,NO,0,https://www.passline.com/eventos/despechados
540688,CAMISETA 22 Y CUECAS CON ANTOLOGÍA CHILENA,,Música,Cueca,2026-08-28,20:00:00,2026-08-29,03:00:00,BAR VICTORIA,Pedro Aguirre Cerda,RM,10000.00,$,NO,165,1146137,https://imagenes.passline.com/eventos/camiseta-22-y-cuecas-con-antologia-chilena-540688-min.jpg,https://imagenes.passline.com/eventos/camiseta-22-y-cuecas-con-antologia-chilena-540688-rec.jpg,NO,NO,0,https://www.passline.com/eventos/camiseta-22-y-cuecas-con-antologia-chilena
542157,CLAUDIO VALENZUELA – GIRA ALFIN,"CLAUDIO VALENZUELA, LiveMusic, MúsicaEnVivo, ShowEnVivo, Concierto, EventosChile, TributoEnVivo, MúsicaTributo, CulturaEnVivo, NochesDeMúsica, DiversiónEnVivo, VibrasEnVivo, TurismoYConciertos, Co",Música,Conciertos,2026-08-28,20:00:00,2026-08-28,22:30:00,CLUB AMANDA,Vitacura,RM,18000.00,$,NO,288050,52690,https://imagenes.passline.com/eventos/-775814-min.jpg,https://imagenes.passline.com/eventos/-775814-rec.jpg,NO,NO,0,https://www.passline.com/eventos/claudio-valenzuela-gira-alfin
542907,Chile Food&Wine,"Sergio Hormazábal, Enólogo Premiado con experiencia internacional",Exposiciones y Conferencias,Courses / Workshops,2026-08-28,20:00:00,2026-08-28,22:30:00,Hotel Boutique Ladera,Providencia,RM,50000.00,$,NO,20,7213467,https://imagenes.passline.com/eventos/chile-foodwine-542907-min.jpg,https://imagenes.passline.com/eventos/chile-foodwine-542907-rec.jpg,NO,NO,0,https://www.passline.com/eventos/chile-foodwine-542907
543190,LA BAND ON THE EN CONCIERTO,,Música,Conciertos,2026-08-28,20:00:00,2026-08-28,23:00:00,Teatro Fiebre,Providencia,RM,12000.00,$,NO,137,2902631,https://imagenes.passline.com/eventos/la-band-on-the-en-concierto-543190-min.jpg,https://imagenes.passline.com/eventos/la-band-on-the-en-concierto-543190-rec.jpg,NO,NO,0,https://www.passline.com/eventos/la-band-on-the-en-concierto
543735,Aguanten las cabras Vol.1,,Deportes,Deporte,2026-08-28,20:00:00,2026-08-28,21:30:00,Estadio Recoleta,Recoleta,RM,6000.00,$,NO,60,14346576,https://imagenes.passline.com/eventos/aguanten-las-cabras-vol1-543735-min.jpg,https://imagenes.passline.com/eventos/aguanten-las-cabras-vol1-543735-rec.jpg,NO,NO,0,https://www.passline.com/eventos/aguanten-las-cabras-vol1
532201,Aura ★ VIERNES 28 AGOSTO ★,,Música,Discoteca,2026-08-28,20:30:00,2026-08-29,05:00:00,Aura club,Vitacura,RM,0.00,$,NO,2860892,188159,https://imagenes.passline.com/eventos/-777450-min.jpg,https://imagenes.passline.com/eventos/-777450-rec.jpg,NO,NO,1,https://www.passline.com/eventos/aura-viernes-28-agosto
541281,Metal Allegiance VL 2,,Música,Death Metal,2026-08-28,20:30:00,2026-08-29,02:30:00,Bar Oxido,Recoleta,RM,5000.00,$,NO,10,4993215,https://imagenes.passline.com/eventos/metal-allegiance-vl-2-541281-min.jpg,https://imagenes.passline.com/eventos/metal-allegiance-vl-2-541281-rec.jpg,NO,NO,0,https://www.passline.com/eventos/metal-allegiance-vl-2
522690,PRÓFUGOS: Peter Blue x Noise Mafia,"Peter Blue, Noise Mafia",Música,Electrónica,2026-08-28,21:00:00,2026-08-29,05:00:00,Complejo Industrial / Estacion Central,Estacion Central,RM,25000.00,$,NO,79,12641050,https://imagenes.passline.com/eventos/-747527-min.jpg,https://imagenes.passline.com/eventos/-747527-rec.jpg,NO,NO,0,https://www.passline.com/eventos/profugos-peter-blue-x-noise-mafia
544824,"🔥🎶 ¡ CRIS IBARRA, EL RONQUITO DE LA CUMBIA! 🎶🔥",,,,2026-08-28,21:00:00,2026-08-29,02:30:00,EL CHANCHO CON CHALECO,Maip&uacute;,RM,5000.00,$,NO,120,4921233,https://imagenes.passline.com/eventos/cris-ibarra-el-ronquito-de-la-cumbia-544824-min.jpg,https://imagenes.passline.com/eventos/cris-ibarra-el-ronquito-de-la-cumbia-544824-rec.jpg,NO,NO,0,https://www.passline.com/eventos/cris-ibarra-el-ronquito-de-la-cumbia
537072,TECHNOBUS - 28 AGOSTO,,Música,Electrónica,2026-08-28,21:30:00,2026-08-29,00:00:00,TECHNOBUS,Santiago,RM,14000.00,$,NO,50,6436756,https://imagenes.passline.com/eventos/-768239-min.jpg,https://imagenes.passline.com/eventos/-768239-rec.jpg,NO,NO,0,https://www.passline.com/eventos/technobus-28-agosto
532855,🍃 INAUGURACIÓN  FIESTA LA MONGA 🦍  - “Desata el gorila que llevas dentro” / VIER 28 agost,,,Fiesta,2026-08-28,22:00:00,2026-08-29,04:30:00,Fiesta LA MONGA,&Ntilde;u&ntilde;oa,RM,5000.00,$,NO,992,14158672,https://imagenes.passline.com/eventos/-767040-min.jpg,https://imagenes.passline.com/eventos/-767040-rec.jpg,NO,NO,0,https://www.passline.com/eventos/inauguracion-fiesta-la-monga-desata-el-gorila-que-llevas-dentro-vier-14-agosto-nunoa-santiago
539283,Joris Voorn presenta TRIP TO GALAXY,,Música,Conciertos,2026-08-28,22:00:00,2026-08-29,05:00:00,Parque Titanium,Las Condes,RM,35000.00,$,NO,22703736,2417555,https://imagenes.passline.com/eventos/joris-voorn-presenta-trip-to-galaxy-539283-min.jpg,https://imagenes.passline.com/eventos/joris-voorn-presenta-trip-to-galaxy-539283-rec.jpg,NO,NO,0,https://www.passline.com/eventos/joris-voorn-presenta-trip-to-galaxy
543200,Amerikan Sound en vivo en Montañita Las Vizcachas,,Música,Cumbia,2026-08-28,22:00:00,2026-08-29,03:00:00,Montañita Las Vizcachas,Puente Alto,RM,10000.00,$,NO,249,12979935,https://imagenes.passline.com/eventos/amerikan-sound-en-vivo-en-montanita-las-vizcachas-543200-min.jpg,https://imagenes.passline.com/eventos/amerikan-sound-en-vivo-en-montanita-las-vizcachas-543200-rec.jpg,NO,NO,0,https://www.passline.com/eventos/amerikan-sound-en-vivo-en-montanita-las-vizcachas
543607,Confesiones con La Abu,,Comedia,Comedia,2026-08-28,22:00:00,2026-08-28,23:30:00,Donde La Chipi,Santiago,RM,5000.00,$,NO,30,6914425,https://imagenes.passline.com/eventos/confesiones-con-la-abu-543607-min.jpg,https://imagenes.passline.com/eventos/confesiones-con-la-abu-543607-rec.jpg,NO,NO,0,https://www.passline.com/eventos/confesiones-con-la-abu
543796,Confesiones y Copas,,Exposiciones y Conferencias,Ferias/Exposiciones/Conferencias,2026-08-28,22:00:00,2026-08-28,23:30:00,Bar Teatro Fiebre,Providencia,RM,5000.00,$,NO,60,13797694,https://imagenes.passline.com/eventos/-777180-min.jpg,https://imagenes.passline.com/eventos/-777180-rec.jpg,NO,NO,0,https://www.passline.com/eventos/confesiones-y-copas
533466,R.E.D,,Música,Dub techno,2026-08-28,23:00:00,2026-08-29,04:30:00,CLUB CLIMAX,Recoleta,RM,5000.00,$,NO,272,11165726,https://imagenes.passline.com/eventos/red-533466-min.jpg,https://imagenes.passline.com/eventos/red-533466-rec.jpg,NO,NO,0,https://www.passline.com/eventos/red
541760,Skins Party - 4 Pistas de Baile*,,Música,Bachata Fiesta,2026-08-28,23:30:00,2026-08-29,05:00:00,Blondie,Alhu&eacute;,RM,8000.00,$,NO,781803,30119,https://imagenes.passline.com/eventos/skins-party-4-pistas-de-baile-541760-min.jpg,https://imagenes.passline.com/eventos/skins-party-4-pistas-de-baile-541760-rec.jpg,NO,NO,0,https://www.passline.com/eventos/skins-party-4-pistas-de-baile
544668,Lanzamiento Festival Vista Baker,,Festivales,Festivales Sociales,2026-08-29,09:00:00,2026-08-29,15:00:00,Kifit - Vitacura,Vitacura,RM,0.00,$,NO,989,14256167,https://imagenes.passline.com/eventos/-778446-min.jpg,https://imagenes.passline.com/eventos/-778446-rec.jpg,NO,NO,0,https://www.passline.com/eventos/lanzamiento-festival-vista-baker
512928,3D Printer Party 2026 Dia 1,,Exposiciones y Conferencias,EDUCATION,2026-08-29,10:00:00,2026-08-29,18:30:00,Omnium,Las Condes,RM,7000.00,$,NO,56,11578486,https://imagenes.passline.com/eventos/-758115-min.jpg,https://imagenes.passline.com/eventos/-758115-rec.jpg,NO,NO,0,https://www.passline.com/eventos/3d-printer-party-2026-dia-1
520027,Latin American TAAT World Championship Chile 2026,,,,2026-08-29,10:00:00,2026-08-30,21:00:00,Aldea Encuentro,La Reina,RM,10000.00,$,NO,563,8700874,https://imagenes.passline.com/eventos/-742997-min.jpg,https://imagenes.passline.com/eventos/-742997-rec.jpg,NO,NO,0,https://www.passline.com/eventos/latin-american-taat-world-championship-chile-2026
532225,Meet and Drink La Previa,El Buen Beber,Experiencias Gastronómicas,Enoturismo y eventos en torno al Vino,2026-08-29,14:00:00,2026-08-29,21:00:00,Hotel Cumbres Lastarria,Santiago,RM,15000.00,$,NO,463,1817465,https://imagenes.passline.com/eventos/-769694-min.jpg,https://imagenes.passline.com/eventos/-769694-rec.jpg,NO,NO,1,https://www.passline.com/eventos/meet-and-drink-la-previa
506978,Párense  De Pies 2,,Deportes,Deporte,2026-08-29,15:00:00,2026-08-29,21:30:00,cultura boxing,&Ntilde;u&ntilde;oa,RM,2000.00,$,NO,463,13717757,https://imagenes.passline.com/eventos/-728490-min.jpg,https://imagenes.passline.com/eventos/-728490-rec.jpg,NO,NO,0,https://www.passline.com/eventos/parense-de-pies-2
539477,Peña Agrupación Folklórica Paqariy 2026,Paqariy,,,2026-08-29,15:30:00,2026-08-29,22:00:00,Colegio Manquecura Ciudad Del Este,Puente Alto,RM,3000.00,$,NO,200,8646363,https://imagenes.passline.com/eventos/-770884-min.jpg,https://imagenes.passline.com/eventos/-770884-rec.jpg,NO,NO,1,https://www.passline.com/eventos/pena-agrupacion-folklorica-paqariy-2026
532274,Sky Sunset Winter,,Música,Concert Tours,2026-08-29,16:00:00,2026-08-29,22:00:00,MIRADOR SKY COSTANERA,Providencia,RM,35000.00,$,NO,104,2025623,https://imagenes.passline.com/eventos/sky-sunset-winter-532274-min.jpg,https://imagenes.passline.com/eventos/sky-sunset-winter-532274-rec.jpg,NO,NO,0,https://www.passline.com/eventos/sky-sunset-winter-532274
526645,Michael is back,Band in the Mirror,Música,Baile,2026-08-29,17:00:00,2026-08-29,19:00:00,teatro Palermo Puente Alto,Puente Alto,RM,10000.00,$,NO,260,422998,https://imagenes.passline.com/eventos/-753283-min.jpg,https://imagenes.passline.com/eventos/-753283-rec.jpg,NO,SI,1,https://www.passline.com/eventos/michael-is-back
542528,"TRIBUTO A SIMPLY RED, SIR RED EN ESPACIO ROCK AND ROLL",,Música,Música de los 90,2026-08-29,17:00:00,2026-08-29,23:00:00,ESPACIO ROCK AND ROLL,La Florida,RM,8000.00,$,NO,244,14331558,https://imagenes.passline.com/eventos/-775251-min.jpg,https://imagenes.passline.com/eventos/-775251-rec.jpg,NO,NO,0,https://www.passline.com/eventos/tributo-a-simply-red-sir-red-en-espacio-rock-and-roll
526683,Ecos De La Casa - Alex Caniulef,Alex Caniulef,Música,Conciertos,2026-08-29,18:00:00,2026-08-29,20:00:00,Auditorio Sofofa,Las Condes,RM,10000.00,$,NO,130,14080067,https://imagenes.passline.com/eventos/ecos-de-la-casa-alex-caniulef-526683-min.jpg,https://imagenes.passline.com/eventos/ecos-de-la-casa-alex-caniulef-526683-rec.jpg,NO,NO,0,https://www.passline.com/eventos/ecos-de-la-casa-alex-caniulef
534875,Moonchilds tributo a Iron Maiden en Club Hell Bar 🤘🔥,,Música,Conciertos,2026-08-29,18:00:00,2026-08-29,20:30:00,Club Hell Bar,La Florida,RM,3000.00,$,NO,42,14205739,https://imagenes.passline.com/eventos/moonchilds-tributo-a-iron-maiden-en-club-hell-bar-534875-min.jpg,https://imagenes.passline.com/eventos/moonchilds-tributo-a-iron-maiden-en-club-hell-bar-534875-rec.jpg,NO,NO,0,https://www.passline.com/eventos/moonchilds-tributo-a-iron-maiden-en-club-hell-bar
541894,SANTA FERIA EN MYSTIC,Santa Feria,Música,Baile,2026-08-29,18:00:00,2026-08-30,04:30:00,Mystic Valley,Lampa,RM,20000.00,$,NO,352,1312167,https://imagenes.passline.com/eventos/santa-feria-en-mystic-541894-min.jpg,https://imagenes.passline.com/eventos/santa-feria-en-mystic-541894-rec.jpg,NO,NO,0,https://www.passline.com/eventos/santa-feria-en-mystic
538274,COFRADIAX,,Exposiciones y Conferencias,Comunidade,2026-08-29,19:00:00,2026-08-30,03:00:00,Nasty Bar,Vitacura,RM,10000.00,$,NO,72,2228096,https://imagenes.passline.com/eventos/cofradiax-538274-min.jpg,https://imagenes.passline.com/eventos/cofradiax-538274-rec.jpg,NO,NO,0,https://www.passline.com/eventos/cofradiax
540135,CHANCES + ELNUEVEONCE + HAMADRYAS,,Música,Alternative Metal,2026-08-29,19:00:00,2026-08-29,23:30:00,Epicentro,Santiago,RM,8000.00,$,NO,231,10761681,https://imagenes.passline.com/eventos/chances-elnueveonce-hamadryas-540135-min.jpg,https://imagenes.passline.com/eventos/chances-elnueveonce-hamadryas-540135-rec.jpg,NO,NO,0,https://www.passline.com/eventos/chances-elnueveonce-hamadryas
541849,Dont look back / Centro Arte Alameda,,Cine,Cine,2026-08-29,19:00:00,2026-08-29,21:00:00,Centro Arte Alameda,Santiago,RM,2000.00,$,NO,120,1055535,https://imagenes.passline.com/eventos/dont-look-back-centro-arte-alameda-541849-min.jpg,https://imagenes.passline.com/eventos/dont-look-back-centro-arte-alameda-541849-rec.jpg,NO,NO,0,https://www.passline.com/eventos/dont-look-back-centro-arte-alameda
543794,Lemontur,,Festivales,Conciertos y Festivales,2026-08-29,19:30:00,2026-08-30,02:00:00,Rock Star,Recoleta,RM,5000.00,$,NO,260,1610549,https://imagenes.passline.com/eventos/lemontur-543794-min.jpg,https://imagenes.passline.com/eventos/lemontur-543794-rec.jpg,NO,NO,0,https://www.passline.com/eventos/lemontur
533185,PANTHALASSA - Prismas de Navegación,,Exposiciones y Conferencias,Arte & Cultura,2026-08-29,20:00:00,2026-08-29,21:00:00,Centro Cultural Ceina,Santiago,RM,0.00,$,NO,1383,11831355,https://imagenes.passline.com/eventos/-763718-min.jpg,https://imagenes.passline.com/eventos/-763718-rec.jpg,NO,SI,1,https://www.passline.com/eventos/panthalassa-prismas-de-navegacion-533185
534392,GENESIS EN SANTIAGO DE CHILE,,,Entradas y Eventos,2026-08-29,20:00:00,2026-08-31,04:00:00,Discoteca La Fama,Recoleta,RM,10000.00,$,NO,770,8542480,https://imagenes.passline.com/eventos/genesis-en-santiago-de-chile-534392-min.jpg,https://imagenes.passline.com/eventos/genesis-en-santiago-de-chile-534392-rec.jpg,NO,NO,0,https://www.passline.com/eventos/genesis-en-santiago-de-chile
534531,DREAM THEATER EXPERIENCE - NIGHTMARE CINEMA,"DREAM THEATER, LiveMusic, MúsicaEnVivo, ShowEnVivo, Concierto, EventosChile, TributoEnVivo, MúsicaTributo, CulturaEnVivo, NochesDeMúsica, DiversiónEnVivo, VibrasEnVivo, TurismoYConciertos, CoverBa",Música,Conciertos,2026-08-29,20:00:00,2026-08-29,22:30:00,CLUB AMANDA,Vitacura,RM,14000.00,$,NO,288054,52690,https://imagenes.passline.com/eventos/dream-theater-experience-nightmare-cinema-534531-min.jpg,https://imagenes.passline.com/eventos/dream-theater-experience-nightmare-cinema-534531-rec.jpg,NO,NO,0,https://www.passline.com/eventos/dream-theater-experience-nightmare-cinema
540691,GRUPO KARICIA Y CUECAS CON LOS META Y PONGA,,Música,Cueca,2026-08-29,20:00:00,2026-08-30,03:00:00,BAR VICTORIA,Pedro Aguirre Cerda,RM,10000.00,$,NO,174,1146137,https://imagenes.passline.com/eventos/grupo-karicia-y-cuecas-con-los-meta-y-ponga-540691-min.jpg,https://imagenes.passline.com/eventos/grupo-karicia-y-cuecas-con-los-meta-y-ponga-540691-rec.jpg,NO,NO,0,https://www.passline.com/eventos/grupo-karicia-y-cuecas-con-los-meta-y-ponga
543024,Obra El Chileno Agūeboniao,,Comedia,Comedia,2026-08-29,20:00:00,2026-08-29,20:30:00,Teatro fiebre,Providencia,RM,12990.00,$,NO,100,14358296,https://imagenes.passline.com/eventos/-775690-min.jpg,https://imagenes.passline.com/eventos/-775690-rec.jpg,NO,NO,0,https://www.passline.com/eventos/obra-el-chileno-ageboniao
532210,Aura ★ SABADO 29  AGOSTO ★,,Música,Discoteca,2026-08-29,20:30:00,2026-08-30,05:00:00,Aura club,Vitacura,RM,0.00,$,NO,2860894,188159,https://imagenes.passline.com/eventos/-777398-min.jpg,https://imagenes.passline.com/eventos/-777398-rec.jpg,NO,NO,1,https://www.passline.com/eventos/aura-sabado-29-agosto-532210
537690,Evil Empire V,"Deadtones,Wake Up, Dirty, Molly",Festivales,Festival de Metal,2026-08-29,20:30:00,2026-08-30,03:00:00,Bar Oxido,Recoleta,RM,8000.00,$,NO,56,4993215,https://imagenes.passline.com/eventos/evil-empire-v-537690-min.jpg,https://imagenes.passline.com/eventos/evil-empire-v-537690-rec.jpg,NO,NO,0,https://www.passline.com/eventos/evil-empire-v
540881,SURVENTO SONIDO LATINOAMERICANO,,Música,Folk Music,2026-08-29,20:30:00,2026-08-30,01:00:00,La chimenea,Santiago,RM,9500.00,$,NO,64,2906443,https://imagenes.passline.com/eventos/survento-sonido-latinoamericano-540881-min.jpg,https://imagenes.passline.com/eventos/survento-sonido-latinoamericano-540881-rec.jpg,NO,NO,0,https://www.passline.com/eventos/survento-sonido-latinoamericano
541660,Ponte en mis zapatos - Noche de Teatro DIVINO MAIPO,"Rolando Valenzuela, Mónica Aguirre",Comedia,Comedia,2026-08-29,20:30:00,2026-08-29,22:30:00,DIVINO MAIPO,Isla de Maipo,RM,15000.00,$,NO,34,9973478,https://imagenes.passline.com/eventos/ponte-en-mis-zapatos-noche-de-teatro-divino-maipo-541660-min.jpg,https://imagenes.passline.com/eventos/ponte-en-mis-zapatos-noche-de-teatro-divino-maipo-541660-rec.jpg,NO,NO,0,https://www.passline.com/eventos/ponte-en-mis-zapatos-noche-de-teatro-divino-maipo
504666,PABLO RUIZ EN CONCIERTO - TOUR SIEMPRE JUNTOS,PABLO RUIZ,Música,Conciertos,2026-08-29,21:00:00,2026-08-30,00:00:00,Teatro Cariola,Santiago,RM,20000.00,$,NO,560,2237823,https://imagenes.passline.com/eventos/-720674-min.jpg,https://imagenes.passline.com/eventos/-720674-rec.jpg,NO,NO,0,https://www.passline.com/eventos/pablo-ruiz-en-concierto-tour-siempre-juntos
515211,OSCAR ANDRADE - COME BACK,"LiveMusic, MúsicaEnVivo, ShowEnVivo, Concierto, EventosChile, TributoEnVivo, MúsicaTributo, CulturaEnVivo, NochesDeMúsica, DiversiónEnVivo, VibrasEnVivo, TurismoYConciertos, CoverBand, Experiencia",,,2026-08-29,21:00:00,2026-08-29,22:30:00,CLUB CHOCOLATE,Recoleta,RM,10000.00,$,NO,5700023,53825,https://imagenes.passline.com/eventos/oscar-andrade-come-back-515211-min.jpg,https://imagenes.passline.com/eventos/oscar-andrade-come-back-515211-rec.jpg,NO,NO,0,https://www.passline.com/eventos/oscar-andrade-come-back
537976,glam metal fest,"tributos a kiss , skid row, motey crue y la banda alttima",Festivales,Festival de Rock,2026-08-29,21:00:00,2026-08-30,00:30:00,Sala RBX,&Ntilde;u&ntilde;oa,RM,5000.00,$,NO,144,7784140,https://imagenes.passline.com/eventos/-769021-min.jpg,https://imagenes.passline.com/eventos/-769021-rec.jpg,NO,NO,0,https://www.passline.com/eventos/glam-metal-fest
539109,Noche de Rock - Matías Oviedo y su banda,Matías Oviedo,Música,Conciertos,2026-08-29,21:00:00,2026-08-30,04:00:00,Bar Club Palestino,Las Condes,RM,15000.00,$,NO,286,13781776,https://imagenes.passline.com/eventos/-771524-min.jpg,https://imagenes.passline.com/eventos/-771524-rec.jpg,NO,NO,0,https://www.passline.com/eventos/noche-de-rock-matias-oviedo-y-su-banda
541005,Evilive Tributo Misfits en Bar Clavero 46 Puente Alto,,Música,Live Band,2026-08-29,21:00:00,2026-08-30,03:00:00,Bar Clavero 46,Puente Alto,RM,5000.00,$,NO,60,7418463,https://imagenes.passline.com/eventos/evilive-tributo-misfits-en-bar-clavero-46-puente-alto-541005-min.jpg,https://imagenes.passline.com/eventos/evilive-tributo-misfits-en-bar-clavero-46-puente-alto-541005-rec.jpg,NO,NO,0,https://www.passline.com/eventos/evilive-tributo-misfits-en-bar-clavero-46-puente-alto
541414,Willy Sabor  en  Rustiko Huechuraba,,Comedia,Humor / Stand Up Comedy,2026-08-29,21:00:00,2026-08-30,00:00:00,Rustiko Huehuraba,Huechuraba,RM,15000.00,$,NO,119,11725058,https://imagenes.passline.com/eventos/-773399-min.jpg,https://imagenes.passline.com/eventos/-773399-rec.jpg,NO,NO,0,https://www.passline.com/eventos/willy-sabor-en-rustiko-huechuraba
541434,Recreo de Reinas,,Fiestas,Fiestas,2026-08-29,21:00:00,2026-08-30,02:30:00,"Av. Bernardo O’Higgins 2900, Talagante",Talagante,RM,10000.00,$,NO,191,2400736,https://imagenes.passline.com/eventos/recreo-de-reinas-541434-min.jpg,https://imagenes.passline.com/eventos/recreo-de-reinas-541434-rec.jpg,NO,NO,0,https://www.passline.com/eventos/recreo-de-reinas
541886,La Noche del Roto Chileno Agosto,,,Fiesta,2026-08-29,21:00:00,2026-08-30,03:00:00,Peluquería Francesa,Santiago,RM,13000.00,$,NO,80,39593,https://imagenes.passline.com/eventos/la-noche-del-roto-chileno-agosto-541886-min.jpg,https://imagenes.passline.com/eventos/la-noche-del-roto-chileno-agosto-541886-rec.jpg,NO,NO,0,https://www.passline.com/eventos/la-noche-del-roto-chileno-agosto
542049,🎙️💥¡NOCHES DE COMEDIA EN LA PELUQUERÍA!💈,,,Stand-up Comedy,2026-08-29,21:00:00,2026-08-29,23:00:00,Peluquería Francesa,Santiago,RM,8000.00,$,NO,50,39593,https://imagenes.passline.com/eventos/noches-de-comedia-en-la-peluqueria-542049-min.jpg,https://imagenes.passline.com/eventos/noches-de-comedia-en-la-peluqueria-542049-rec.jpg,NO,NO,0,https://www.passline.com/eventos/noches-de-comedia-en-la-peluqueria-542049
537679,JIRAFAS EN KLUB KROSS,,Música,Alternative Rock,2026-08-29,21:30:00,2026-08-29,23:55:00,Kross Bar,Las Condes,RM,7000.00,$,NO,198,3897380,https://imagenes.passline.com/eventos/-768341-min.jpg,https://imagenes.passline.com/eventos/-768341-rec.jpg,NO,NO,0,https://www.passline.com/eventos/jirafas-en-klub-kross-537679
539352,TECHNOBUS - 29 AGOSTO,,Música,Electrónica,2026-08-29,21:30:00,2026-08-30,00:00:00,TECHNOBUS,Santiago,RM,14000.00,$,NO,57,6436756,https://imagenes.passline.com/eventos/-771987-min.jpg,https://imagenes.passline.com/eventos/-771987-rec.jpg,NO,NO,0,https://www.passline.com/eventos/technobus-29-agosto
533141,AURA EN METRONOMO,PABLITO PESADILLA - FAEDIOR - NAYKO,,Fiesta,2026-08-29,22:00:00,2026-08-30,04:00:00,SALA METRONOMO,Recoleta,RM,18000.00,$,NO,706,5716855,https://imagenes.passline.com/eventos/aura-en-metronomo-533141-min.jpg,https://imagenes.passline.com/eventos/aura-en-metronomo-533141-rec.jpg,NO,NO,0,https://www.passline.com/eventos/aura-en-metronomo
534299,EL SHOW DE LUIS HACHEM EN SANTIAGO,,Comedia,Comedia,2026-08-29,22:00:00,2026-08-29,23:30:00,DISTRITO 04,San Miguel,RM,12000.00,$,NO,108,7912060,https://imagenes.passline.com/eventos/el-show-de-luis-hachem-en-santiago-534299-min.jpg,https://imagenes.passline.com/eventos/el-show-de-luis-hachem-en-santiago-534299-rec.jpg,NO,NO,0,https://www.passline.com/eventos/el-show-de-luis-hachem-en-santiago
537152,Velvet Rouge Cabaret By Carlita Gonzales M,Carlita Gonzales M,Teatro y Musicales,Broadway Musical,2026-08-29,22:00:00,2026-08-29,23:55:00,Bendito Black,Providencia,RM,12000.00,$,NO,60,13834917,https://imagenes.passline.com/eventos/velvet-rouge-cabaret-by-carlita-gonzales-m-537152-min.jpg,https://imagenes.passline.com/eventos/velvet-rouge-cabaret-by-carlita-gonzales-m-537152-rec.jpg,NO,NO,0,https://www.passline.com/eventos/velvet-rouge-cabaret-by-carlita-gonzales-m-537152
537765,The Project X Volumen 4 | Centro Parque | Sábado 29 Agosto,,Música,Reggaeton,2026-08-29,22:00:00,2026-08-30,05:00:00,Centro parque,Las Condes,RM,12000.00,$,NO,443,10879792,https://imagenes.passline.com/eventos/-774948-min.jpg,https://imagenes.passline.com/eventos/-774948-rec.jpg,NO,NO,0,https://www.passline.com/eventos/the-project-x-volumen-4-centro-parque-sabado-29-agosto
541514,killahz b-day,,Música,Dancehall Party,2026-08-29,22:00:00,2026-08-30,05:00:00,Jammin' Club,Providencia,RM,3000.00,$,NO,250,13259365,https://imagenes.passline.com/eventos/killahz-bday-541514-min.jpg,https://imagenes.passline.com/eventos/killahz-bday-541514-rec.jpg,NO,NO,0,https://www.passline.com/eventos/killahz-bday
544323,MIlano The Jungle,,,,2026-08-29,22:30:00,2026-08-30,05:00:00,,Isla de Maipo,RM,5000.00,$,NO,578,6995961,https://imagenes.passline.com/eventos/-777641-min.jpg,https://imagenes.passline.com/eventos/-777641-rec.jpg,NO,NO,0,https://www.passline.com/eventos/milano-the-jungle
521360,PAAX - LA FERIA CLUB,,,,2026-08-29,23:00:00,2026-08-30,05:00:00,La Feria,Providencia,RM,25000.00,$,NO,200094,3581356,https://imagenes.passline.com/eventos/-748395-min.jpg,https://imagenes.passline.com/eventos/-748395-rec.jpg,NO,NO,0,https://www.passline.com/eventos/paax-la-feria-club
542695,The Legend / El Concierto,,Música,80S Music,2026-08-29,20:00:00,2026-08-29,21:30:00,Carpa Extraordinario Circo,Huechuraba,RM,15000.00,$,NO,932,3327041,https://imagenes.passline.com/eventos/-777842-min.jpg,https://imagenes.passline.com/eventos/-777842-rec.jpg,NO,SI,1,https://www.passline.com/eventos/the-legend-el-concierto-542695
527520,Shoxx vol2,"myzero, arachnida, notredame, like en ciel",Música,Live Band,2026-08-30,03:00:00,2026-08-30,22:00:00,Sala RBX,&Ntilde;u&ntilde;oa,RM,5000.00,$,NO,311,11359005,https://imagenes.passline.com/eventos/-755042-min.jpg,https://imagenes.passline.com/eventos/-755042-rec.jpg,NO,NO,0,https://www.passline.com/eventos/shoxx-vol2
514301,3D Printer Party 2026 - Puesto Maker,,Exposiciones y Conferencias,EDUCATION,2026-08-30,09:30:00,2026-08-30,18:30:00,Omnium,Las Condes,RM,40000.00,$,NO,13,11578486,https://imagenes.passline.com/eventos/-734830-min.jpg,https://imagenes.passline.com/eventos/-734830-rec.jpg,NO,NO,0,https://www.passline.com/eventos/3d-printer-party-2026-puesto-maker-514301
512408,3D Printer Party Chile 2026 | Abono 2 Días,,Exposiciones y Conferencias,EDUCATION,2026-08-30,10:00:00,2026-08-30,18:30:00,Omnium,Las Condes,RM,11500.00,$,NO,197,11578486,https://imagenes.passline.com/eventos/-758114-min.jpg,https://imagenes.passline.com/eventos/-758114-rec.jpg,NO,NO,0,https://www.passline.com/eventos/3d-printer-party-chile-2026-abono-2-dias-512408
513712,3D Printer Party 2026 Dia 2,,Exposiciones y Conferencias,EDUCATION,2026-08-30,10:00:00,2026-08-30,18:00:00,Omnium,Las Condes,RM,7000.00,$,NO,153,11578486,https://imagenes.passline.com/eventos/-758112-min.jpg,https://imagenes.passline.com/eventos/-758112-rec.jpg,NO,NO,0,https://www.passline.com/eventos/3d-printer-party-2026-dia-2
543422,Elencos CEINA en Concierto,,Música,Conciertos,2026-08-30,12:00:00,2026-08-30,13:00:00,Centro Cultural Ceina,Santiago,RM,0.00,$,NO,663,11831355,https://imagenes.passline.com/eventos/elencos-ceina-en-concierto-543422-min.jpg,https://imagenes.passline.com/eventos/elencos-ceina-en-concierto-543422-rec.jpg,NO,NO,0,https://www.passline.com/eventos/elencos-ceina-en-concierto
543252,TOM HOUSE • CLUB FIST • 3ª EDICIÓN,,Fiestas,Bar,2026-08-30,17:00:00,2026-08-30,22:00:00,.,Recoleta,RM,15000.00,$,NO,38,11165726,https://imagenes.passline.com/eventos/tom-house-club-fist-3-edicion-543252-min.jpg,https://imagenes.passline.com/eventos/tom-house-club-fist-3-edicion-543252-rec.jpg,NO,NO,0,https://www.passline.com/eventos/tom-house-club-fist-3-edicion
523291,FINAL “AMIGAS & RIVALES “ 20 AÑOS,,Teatro y Musicales,Drag Show,2026-08-30,20:00:00,2026-08-30,23:30:00,TEATRO CARIOLA,Santiago,RM,30000.00,$,NO,52,2154487,https://imagenes.passline.com/eventos/-747784-min.jpg,https://imagenes.passline.com/eventos/-747784-rec.jpg,NO,NO,0,https://www.passline.com/eventos/final-amigas-rivales-20-anos
541805,LA TRANSA PRESENTA: LANZAMIENTO NUEVO SINGLE - CAMINO AL NUEVO DISCO,,Música,Cumbia,2026-09-02,19:30:00,2026-09-02,22:30:00,Teatro fiebre,Providencia,RM,5000.00,$,NO,122,714433,https://imagenes.passline.com/eventos/la-transa-presenta-lanzamiento-nuevo-single-camino-al-nuevo-disco-541805-min.jpg,https://imagenes.passline.com/eventos/la-transa-presenta-lanzamiento-nuevo-single-camino-al-nuevo-disco-541805-rec.jpg,NO,NO,0,https://www.passline.com/eventos/la-transa-presenta-lanzamiento-nuevo-single-camino-al-nuevo-disco
537278,Un Son Para Chile - Música que trasciende,,Música,Conciertos,2026-09-02,20:00:00,2026-09-02,21:00:00,Centro Cultural Ceina,Santiago,RM,7000.00,$,NO,1525,11831355,https://imagenes.passline.com/eventos/un-son-para-chile-dos-paises-una-cancion-537278-min.jpg,https://imagenes.passline.com/eventos/un-son-para-chile-dos-paises-una-cancion-537278-rec.jpg,NO,SI,1,https://www.passline.com/eventos/un-son-para-chile
543426,Castillo Ilabaca en Centro Arte Alameda,,Música,Conciertos,2026-09-02,20:00:00,2026-09-02,21:30:00,CENTRO ARTE ALAMEDA,Santiago,RM,15000.00,$,NO,187,1055535,https://imagenes.passline.com/eventos/castillo-ilabaca-en-centro-arte-alameda-543426-min.jpg,https://imagenes.passline.com/eventos/castillo-ilabaca-en-centro-arte-alameda-543426-rec.jpg,NO,NO,0,https://www.passline.com/eventos/castillo-ilabaca-en-centro-arte-alameda
506958,El Show de Soy Kleiii,,,,2026-09-03,19:00:00,2026-09-03,20:30:00,Centro Cultural Ceina,Santiago,RM,,$,SI,,9087934,https://imagenes.passline.com/eventos/-724375-min.jpg,https://imagenes.passline.com/eventos/-724375-rec.jpg,NO,SI,1,https://www.passline.com/eventos/el-show-de-soy-kleiii
520569,Lanzamiento The Orbitals,,Música,Conciertos,2026-09-03,20:00:00,2026-09-03,23:30:00,Kross Bar Laguna Mall Sport,Las Condes,RM,9000.00,$,NO,198,13969856,https://imagenes.passline.com/eventos/-743785-min.jpg,https://imagenes.passline.com/eventos/-743785-rec.jpg,NO,NO,0,https://www.passline.com/eventos/lanzamiento-the-orbitals
533086,CASAPARLANTE: FiestaParlante!,,,Fiesta,2026-09-03,20:00:00,2026-09-04,04:00:00,Alto San Francisco,Santiago,RM,35000.00,$,NO,494,11502184,https://imagenes.passline.com/eventos/-764234-min.jpg,https://imagenes.passline.com/eventos/-764234-rec.jpg,NO,NO,0,https://www.passline.com/eventos/casaparlante-fiestaparlante
540694,BIENVENIDO SEPTIEMBRE JUNTO A LOS TRICOLORES,,Música,Baile,2026-09-03,20:00:00,2026-09-04,03:00:00,BAR VICTORIA,Pedro Aguirre Cerda,RM,10000.00,$,NO,178,1146137,https://imagenes.passline.com/eventos/-778085-min.jpg,https://imagenes.passline.com/eventos/-778085-rec.jpg,NO,NO,0,https://www.passline.com/eventos/bienvenido-septiembre-junto-a-los-tricolores
544377,ENTRE COMEDIA - Un Show Extravagante,,Comedia,Comedia,2026-09-03,20:00:00,2026-09-03,22:30:00,Casa Irarrazaval,&Ntilde;u&ntilde;oa,RM,3000.00,$,NO,30,13509784,https://imagenes.passline.com/eventos/entre-comedia-un-show-extravagante-544377-min.jpg,https://imagenes.passline.com/eventos/entre-comedia-un-show-extravagante-544377-rec.jpg,NO,NO,0,https://www.passline.com/eventos/entre-comedia-un-show-extravagante
543524,HieloNegro & Sinasilo en Mibar El lado oscuro del Rock,,Música,Conciertos,2026-09-03,21:00:00,2026-09-04,01:00:00,Mibar,Providencia,RM,7000.00,$,NO,131,2815252,https://imagenes.passline.com/eventos/hielonegro-sinasilo-en-mibar-el-lado-oscuro-delnrick-543524-min.jpg,https://imagenes.passline.com/eventos/hielonegro-sinasilo-en-mibar-el-lado-oscuro-delnrick-543524-rec.jpg,NO,NO,0,https://www.passline.com/eventos/hielonegro-sinasilo-en-mibar-el-lado-oscuro-delnrick
532512,Neociclo Redroom XXI,,Música,Chilean Folk Music,2026-09-03,21:30:00,2026-09-03,23:30:00,House of rock and blues,&Ntilde;u&ntilde;oa,RM,5000.00,$,NO,54,2968060,https://imagenes.passline.com/eventos/neociclo-redroom-xx-532512-min.jpg,https://imagenes.passline.com/eventos/neociclo-redroom-xx-532512-rec.jpg,NO,NO,0,https://www.passline.com/eventos/neociclo-redroom-xx
538616,Volver a La Ley - Sesiones 88/90 en Ruta 78,"Rodrigo Coti Aboitiz, Luciano Rojas, Shía Arbulú",,Evento Familiar,2026-09-03,22:00:00,2026-09-03,23:55:00,BAR RUTA 78,Puente Alto,RM,20000.00,$,NO,31,2942916,https://imagenes.passline.com/eventos/-769606-min.jpg,https://imagenes.passline.com/eventos/-769606-rec.jpg,NO,NO,0,https://www.passline.com/eventos/volver-a-la-ley-sesiones-8890-en-ruta-78
478915,"Mal Gusto, Stand Up Comedy",Patricia Peña,,Comedia Latina,2026-09-04,19:00:00,2026-09-04,21:00:00,Palermo Teatro Bar,Providencia,RM,22000.00,$,NO,60,650266,https://imagenes.passline.com/eventos/mal-gusto-stand-up-comedy-478915-min.jpg,https://imagenes.passline.com/eventos/mal-gusto-stand-up-comedy-478915-rec.jpg,NO,NO,0,https://www.passline.com/eventos/mal-gusto-stand-up-comedy
538656,POLY DÍAZ | Stand Up Comedy - 1ra Función 04/08,POLY DÍAZ,,Comedia Latina,2026-09-04,19:30:00,2026-09-04,21:00:00,CLUB SAN MIGUEL,San Miguel,RM,23000.00,$,NO,58,650266,https://imagenes.passline.com/eventos/-769654-min.jpg,https://imagenes.passline.com/eventos/-769654-rec.jpg,NO,NO,0,https://www.passline.com/eventos/poly-diaz-stand-up-comedy-1ra-funcion-0408-538656
511374,ES HORA DE HABLAR,Sofia Calvo,Exposiciones y Conferencias,Conference,2026-09-04,20:00:00,2026-09-04,21:30:00,Teatro fiebre,Providencia,RM,,$,SI,,650266,https://imagenes.passline.com/eventos/es-hora-de-hablar-511374-min.jpg,https://imagenes.passline.com/eventos/es-hora-de-hablar-511374-rec.jpg,NO,NO,0,https://www.passline.com/eventos/es-hora-de-hablar
541856,Las Tinajas Live Fest aniversario 2026,,Música,80S Music,2026-09-04,20:00:00,2026-09-05,01:00:00,Restaurant Las Tinajas,La Pintana,RM,10000.00,$,NO,80,14337765,https://imagenes.passline.com/eventos/las-tinajas-live-fest-aniversario-2026-541856-min.jpg,https://imagenes.passline.com/eventos/las-tinajas-live-fest-aniversario-2026-541856-rec.jpg,NO,NO,0,https://www.passline.com/eventos/las-tinajas-live-fest-aniversario-2026
544732,TRIBUTO OASIS EN RBX,,Música,Tribute Band,2026-09-04,20:00:00,2026-09-04,23:30:00,Sala RBX,&Ntilde;u&ntilde;oa,RM,7000.00,$,NO,500,11740960,https://imagenes.passline.com/eventos/-778243-min.jpg,https://imagenes.passline.com/eventos/-778243-rec.jpg,NO,NO,0,https://www.passline.com/eventos/tributo-oasis-en-rbx
538362,Rockout Aniversario,"Steinzeit, Drugstore, Kaosfera",Festivales,Festival de Metal,2026-09-04,20:30:00,2026-09-05,03:00:00,Bar Oxido,Recoleta,RM,7000.00,$,NO,52,4993215,https://imagenes.passline.com/eventos/rockout-aniversario-538362-min.jpg,https://imagenes.passline.com/eventos/rockout-aniversario-538362-rec.jpg,NO,NO,0,https://www.passline.com/eventos/rockout-aniversario
521511,PAUL GILBERT WROC,,,,2026-09-04,21:00:00,2026-09-04,23:30:00,Teatro Cariola,Santiago,RM,56000.00,$,NO,39,6843945,https://imagenes.passline.com/eventos/paul-gilbert-wroc-521511-min.jpg,https://imagenes.passline.com/eventos/paul-gilbert-wroc-521511-rec.jpg,NO,NO,0,https://www.passline.com/eventos/paul-gilbert-wroc
521645,Brain Damage - Tributo a PinkFloyd en La Florida,Brain Damage,Música,Psychedelic Rock,2026-09-04,21:00:00,2026-09-04,23:30:00,Parque La Araucana,La Florida,RM,12000.00,$,NO,809,8174252,https://imagenes.passline.com/eventos/-774378-min.jpg,https://imagenes.passline.com/eventos/-774378-rec.jpg,NO,SI,1,https://www.passline.com/eventos/brain-damage-tributo-a-pinkfloyd-en-la-florida
524801,A.N.I.M.A.L. EN METRÓNOMO,,Música,Conciertos,2026-09-04,21:00:00,2026-09-04,23:30:00,SALA METRONOMO,Recoleta,RM,25000.00,$,NO,659,7695688,https://imagenes.passline.com/eventos/-749893-min.jpg,https://imagenes.passline.com/eventos/-749893-rec.jpg,NO,NO,0,https://www.passline.com/eventos/animal-en-metronomo
537037,Las locuras de Cesita presenta CATALINA en La Quinta Muranos,,Comedia,Comedia,2026-09-04,21:00:00,2026-09-05,04:00:00,La Quinta Muranos,Santiago,RM,15000.00,$,NO,610,13798279,https://imagenes.passline.com/eventos/las-locuras-de-cesita-presenta-catalina-en-la-quinta-muranos-537037-min.jpg,https://imagenes.passline.com/eventos/las-locuras-de-cesita-presenta-catalina-en-la-quinta-muranos-537037-rec.jpg,NO,NO,0,https://www.passline.com/eventos/las-locuras-de-cesita-presenta-catalina-en-la-quinta-muranos
537825,BOWIE THE LEGEND BY STARMAN,"LiveMusic, MúsicaEnVivo, ShowEnVivo, Concierto, EventosChile, TributoEnVivo, MúsicaTributo, CulturaEnVivo, NochesDeMúsica, DiversiónEnVivo, VibrasEnVivo, TurismoYConciertos, CoverBand, Experiencia",Música,Conciertos,2026-09-04,21:00:00,2026-09-04,22:30:00,CLUB AMANDA,Vitacura,RM,10000.00,$,NO,288012,52690,https://imagenes.passline.com/eventos/-770693-min.jpg,https://imagenes.passline.com/eventos/-770693-rec.jpg,NO,NO,0,https://www.passline.com/eventos/bowie-the-legend-by-starman
542835,Release Party ,,Música,Discoteca,2026-09-04,21:00:00,2026-09-04,23:30:00,CLUB GORDOS,Providencia,RM,0.00,$,NO,198,8325050,https://imagenes.passline.com/eventos/release-party-focus-542835-min.jpg,https://imagenes.passline.com/eventos/release-party-focus-542835-rec.jpg,NO,NO,0,https://www.passline.com/eventos/release-party-focus
515918,ES HORA DE HABLAR | 2da. Función,Sofia Calvo,Exposiciones y Conferencias,Conference,2026-09-04,22:00:00,2026-09-04,23:30:00,Teatro fiebre,Providencia,RM,25000.00,$,NO,130,650266,https://imagenes.passline.com/eventos/-737229-min.jpg,https://imagenes.passline.com/eventos/-737229-rec.jpg,NO,NO,0,https://www.passline.com/eventos/es-hora-de-hablar-2da-funcion
538094,"Feucen & la monga presentan: PERGOLAZO 2026 🎉, La FIESTA DE LA CENTRAL 👨‍🎓 - Vier 04 sept",,,Fiesta,2026-09-04,22:00:00,2026-09-05,04:30:00,Fiesta LA MONGA,&Ntilde;u&ntilde;oa,RM,5000.00,$,NO,1191,14158672,https://imagenes.passline.com/eventos/-772829-min.jpg,https://imagenes.passline.com/eventos/-772829-rec.jpg,NO,NO,0,https://www.passline.com/eventos/feucen-la-monga-presentan-pergolazo-2026-la-fiesta-de-la-central-vier-04-septiembre-av-vicuna-mackenna-1895
537154,Under Sound,,Música,Electrónica,2026-09-04,23:00:00,2026-09-05,05:00:00,Sala RBX,&Ntilde;u&ntilde;oa,RM,6000.00,$,NO,277,14234033,https://imagenes.passline.com/eventos/under-sound-537154-min.jpg,https://imagenes.passline.com/eventos/under-sound-537154-rec.jpg,NO,NO,0,https://www.passline.com/eventos/under-sound
544793,SOUNDLIGHT - EL REENCUENTRO,,Música,Baile,2026-09-05,22:00:00,2026-09-06,04:00:00,DISCOTHEQUE MULTIESPACIO BRASAS VALDENEGRO,Melipilla,RM,10000.00,$,NO,495,14332736,https://imagenes.passline.com/eventos/-778344-min.jpg,https://imagenes.passline.com/eventos/-778344-rec.jpg,NO,NO,0,https://www.passline.com/eventos/soundlight-el-reencuentro
540696,SONORA PALACIOS Y LA ZALAGARDA CUECA CHILENA,,Música,Cueca,2026-09-05,20:00:00,2026-09-06,03:00:00,BAR VICTORIA,Pedro Aguirre Cerda,RM,10000.00,$,NO,188,1146137,https://imagenes.passline.com/eventos/-778524-min.jpg,https://imagenes.passline.com/eventos/-778524-rec.jpg,NO,NO,0,https://www.passline.com/eventos/sonora-palacios-0509
537703,LOWERED CLASS by StrictlyLowered 🌐,,Exposiciones y Conferencias,Auto Show,2026-09-05,10:00:00,2026-09-05,19:00:00,Cancha club deportivo noviciado,Pudahuel,RM,3000.00,$,NO,298,2237187,https://imagenes.passline.com/eventos/lowered-class-by-strictlylowered-537703-min.jpg,https://imagenes.passline.com/eventos/lowered-class-by-strictlylowered-537703-rec.jpg,NO,NO,0,https://www.passline.com/eventos/lowered-class-by-strictlylowered
523444,Certificación en felicidad de Tal Ben Shahar,,Exposiciones y Conferencias,Conference,2026-09-05,11:00:00,2026-09-05,18:00:00,Hotel Le Meridien,Santiago,RM,540000.00,$,NO,99,3926595,https://imagenes.passline.com/eventos/-774804-min.jpg,https://imagenes.passline.com/eventos/-774804-rec.jpg,NO,NO,0,https://www.passline.com/eventos/certificacion-en-felicidad-de-tal-ben-shahar
534150,Estacionamiento Fiebre de Cumbia la Fonda,,Festivales,Cumbian Festival,2026-09-05,11:00:00,2026-09-05,23:30:00,Club Hipico,Santiago,RM,15000.00,$,NO,1240,13556271,https://imagenes.passline.com/eventos/estacionamiento-fiebre-de-cumbia-la-fonda-534150-min.jpg,https://imagenes.passline.com/eventos/estacionamiento-fiebre-de-cumbia-la-fonda-534150-rec.jpg,NO,NO,0,https://www.passline.com/eventos/estacionamiento-fiebre-de-cumbia-la-fonda
543340,MEDIEVAL PARTY & VELADAA - PALACIO ASTORECA,,Festivales,Festival de la Cerveza,2026-09-05,12:00:00,2026-09-05,20:00:00,PALACIO ASTORECA,Santiago,RM,5000.00,$,NO,200,250251,https://imagenes.passline.com/eventos/medieval-party-veladaa-palacio-astoreca-543340-min.jpg,https://imagenes.passline.com/eventos/medieval-party-veladaa-palacio-astoreca-543340-rec.jpg,NO,NO,0,https://www.passline.com/eventos/medieval-party-veladaa-palacio-astoreca
532553,Fiebre de Cumbia la Fonda.,,Festivales,Conciertos y Festivales,2026-09-05,13:00:00,2026-09-05,23:30:00,Club Hipico,Santiago,RM,30000.00,$,NO,1031,13556271,https://imagenes.passline.com/eventos/fiebre-de-cumbia-la-fonda-532553-min.jpg,https://imagenes.passline.com/eventos/fiebre-de-cumbia-la-fonda-532553-rec.jpg,NO,NO,0,https://www.passline.com/eventos/fiebre-de-cumbia-la-fonda-532553
544831,1 COMPETENCIA INTERNA DE LEVANTE DIVISION BOX,,Deportes,Deporte,2026-09-05,13:30:00,2026-09-05,19:00:00,🏋️ Gimnasio Division Box,San Miguel,RM,5000.00,$,NO,100,360885,https://imagenes.passline.com/eventos/1-competencia-interna-de-levante-division-box-544831-min.jpg,https://imagenes.passline.com/eventos/1-competencia-interna-de-levante-division-box-544831-rec.jpg,NO,NO,0,https://www.passline.com/eventos/1-competencia-interna-de-levante-division-box
474110,Fiebre de Cumbia la Fonda,,,,2026-09-05,14:00:00,2026-09-05,23:30:00,Club Hipico,Santiago,RM,30000.00,$,NO,2985,13556271,https://imagenes.passline.com/eventos/-775384-min.jpg,https://imagenes.passline.com/eventos/-775384-rec.jpg,NO,NO,1,https://www.passline.com/eventos/fiebre-de-cumbia-la-fonda
512688,Sonora Sunset IV,,,,2026-09-05,14:00:00,2026-09-05,19:00:00,Taringuita Farellones,Lo Barnechea,RM,40000.00,$,NO,202,10706648,https://imagenes.passline.com/eventos/sonora-sunset-iv-512688-min.jpg,https://imagenes.passline.com/eventos/sonora-sunset-iv-512688-rec.jpg,NO,NO,0,https://www.passline.com/eventos/sonora-sunset-iv
543591,Little Big Under 2,"YOPO, KURAIMOKHA, MATIXAN, YUVNGNIK, LEMONGHASK, TRINSET, BBYCNTE, VLITZAR69, ZENN, HYPEKKED",Música,Indie,2026-09-05,15:30:00,2026-09-05,22:00:00,LA CASA BELLAVISTA,Recoleta,RM,3000.00,$,NO,333,1537156,https://imagenes.passline.com/eventos/-776842-min.jpg,https://imagenes.passline.com/eventos/-776842-rec.jpg,NO,NO,0,https://www.passline.com/eventos/little-big-under-2
529503,NOES FEST VOL. 3,,Música,Alternative Metal,2026-09-05,16:00:00,2026-09-05,23:30:00,SALA METRONOMO,Recoleta,RM,8000.00,$,NO,683,7695688,https://imagenes.passline.com/eventos/-756691-min.jpg,https://imagenes.passline.com/eventos/-756691-rec.jpg,NO,NO,0,https://www.passline.com/eventos/noes-fest-vol-3
535222,Claro Oscuro Fest,,Música,Alternative Metal,2026-09-05,17:00:00,2026-09-05,23:00:00,Estudio Mirador,La Florida,RM,5000.00,$,NO,30,9691549,https://imagenes.passline.com/eventos/claro-oscuro-fest-535222-min.jpg,https://imagenes.passline.com/eventos/claro-oscuro-fest-535222-rec.jpg,NO,NO,0,https://www.passline.com/eventos/claro-oscuro-fest
531785,POLY DÍAZ | Stand Up Comedy,Poly Díaz,,Comedia Latina,2026-09-05,19:30:00,2026-09-05,21:00:00,CLUB SAN MIGUEL,San Miguel,RM,,$,SI,,650266,https://imagenes.passline.com/eventos/poly-diaz-stand-up-comedy-531785-min.jpg,https://imagenes.passline.com/eventos/poly-diaz-stand-up-comedy-531785-rec.jpg,NO,NO,0,https://www.passline.com/eventos/poly-diaz-stand-up-comedy
541433,LUCHITO JESUS,,,Comedia Latina,2026-09-05,19:30:00,2026-09-05,20:30:00,HAPPY PEOPLE,Providencia,RM,5000.00,$,NO,121,13704831,https://imagenes.passline.com/eventos/luchito-jesus-541433-min.jpg,https://imagenes.passline.com/eventos/luchito-jesus-541433-rec.jpg,NO,NO,0,https://www.passline.com/eventos/luchito-jesus
505682,LOS CARIBEÑOS DE GUADALUPE EN SANTIAGO DE CHILE,,,Entradas y Eventos,2026-09-05,20:00:00,2026-09-06,04:30:00,Discoteca La Fama,Recoleta,RM,20000.00,$,NO,539,8542480,https://imagenes.passline.com/eventos/los-caribenos-de-guadalupe-en-santiago-de-chile-505682-min.jpg,https://imagenes.passline.com/eventos/los-caribenos-de-guadalupe-en-santiago-de-chile-505682-rec.jpg,NO,NO,0,https://www.passline.com/eventos/los-caribenos-de-guadalupe-en-santiago-de-chile
523188,MAR DE COPAS - SANTIAGO DE CHILE,"LiveMusic, MúsicaEnVivo, ShowEnVivo, Concierto, EventosChile, TributoEnVivo, MúsicaTributo, CulturaEnVivo, NochesDeMúsica, DiversiónEnVivo, VibrasEnVivo, TurismoYConciertos, CoverBand, Experiencia",Música,Conciertos,2026-09-05,20:00:00,2026-09-05,22:30:00,CLUB CHOCOLATE,Recoleta,RM,30000.00,$,NO,5700418,53825,https://imagenes.passline.com/eventos/-756670-min.jpg,https://imagenes.passline.com/eventos/-756670-rec.jpg,NO,NO,0,https://www.passline.com/eventos/mar-de-copas-santiago-de-chile
542934,LUIS HACHEM EN TALAGANTE,,Comedia,Humor / Stand Up Comedy,2026-09-05,20:00:00,2026-09-05,23:30:00,AREPAZZO RESTO-BAR,Talagante,RM,15000.00,$,NO,39,7912060,https://imagenes.passline.com/eventos/luis-hachem-en-talagante-542934-min.jpg,https://imagenes.passline.com/eventos/luis-hachem-en-talagante-542934-rec.jpg,NO,NO,0,https://www.passline.com/eventos/luis-hachem-en-talagante
543671,Cabarésque,,Teatro y Musicales,Cabaret,2026-09-05,20:00:00,2026-09-05,23:30:00,Bar Amelia,&Ntilde;u&ntilde;oa,RM,8000.00,$,NO,105,12151942,https://imagenes.passline.com/eventos/-776896-min.jpg,https://imagenes.passline.com/eventos/-776896-rec.jpg,NO,NO,0,https://www.passline.com/eventos/cabaresque-543671
542475,primer año de comedia,mako,Comedia,Comedia,2026-09-05,20:30:00,2026-09-05,23:30:00,wayas restobar,Providencia,RM,3000.00,$,NO,50,14349858,https://imagenes.passline.com/eventos/primer-ano-de-comedia-542475-min.jpg,https://imagenes.passline.com/eventos/primer-ano-de-comedia-542475-rec.jpg,NO,NO,0,https://www.passline.com/eventos/primer-ano-de-comedia-542475
543846,NIÑO MILAGRO: Grabación de Especial,,Comedia,Comedy,2026-09-05,20:30:00,2026-09-05,23:30:00,Donde La Chipi,Santiago,RM,7000.00,$,NO,30,6914425,https://imagenes.passline.com/eventos/nino-milagro-grabacion-de-especial-543846-min.jpg,https://imagenes.passline.com/eventos/nino-milagro-grabacion-de-especial-543846-rec.jpg,NO,NO,0,https://www.passline.com/eventos/nino-milagro-grabacion-de-especial
528978,C.A.B.A. ROCK vol XXI: 50 años de El Jardín de los presentes con Leo Sujatovich y El Diluvio y los,,Música,Música Argentina,2026-09-05,21:00:00,2026-09-05,23:30:00,Epicentro,Santiago,RM,16000.00,$,NO,225,10761681,https://imagenes.passline.com/eventos/-755880-min.jpg,https://imagenes.passline.com/eventos/-755880-rec.jpg,NO,NO,0,https://www.passline.com/eventos/caba-rock-vol-xxi
539267,Los Atletas De La Risa 35 Años de Humor,,Comedia,Comedia,2026-09-05,21:00:00,2026-09-05,22:00:00,Centro de Eventos La Araucana,La Florida,RM,10000.00,$,NO,904,13463202,https://imagenes.passline.com/eventos/-773512-min.jpg,https://imagenes.passline.com/eventos/-773512-rec.jpg,NO,NO,0,https://www.passline.com/eventos/los-atletas-de-la-risa-35-anos-de-humor
540126,THE TIME MACHINE : MTV EXPERIENCE + RAMONES + MISFITS,,Música,Salas Live Show,2026-09-05,21:00:00,2026-09-06,03:00:00,Sala RBX,&Ntilde;u&ntilde;oa,RM,3000.00,$,NO,197,103118,https://imagenes.passline.com/eventos/time-machine-mtv-experiencie-ramones-misfits-540126-min.jpg,https://imagenes.passline.com/eventos/time-machine-mtv-experiencie-ramones-misfits-540126-rec.jpg,NO,NO,0,https://www.passline.com/eventos/time-machine-mtv-experiencie-ramones-misfits
540592,SODA STEREO DE CULTO - HOMENAJE MAMUT,"LiveMusic, MúsicaEnVivo, ShowEnVivo, Concierto, EventosChile, TributoEnVivo, MúsicaTributo, CulturaEnVivo, NochesDeMúsica, DiversiónEnVivo, VibrasEnVivo, TurismoYConciertos, CoverBand, Experiencia",Música,Conciertos,2026-09-05,21:00:00,2026-09-05,22:30:00,CLUB AMANDA,Vitacura,RM,12000.00,$,NO,288093,52690,https://imagenes.passline.com/eventos/soda-stereo-de-culto-homenaje-mamut-540592-min.jpg,https://imagenes.passline.com/eventos/soda-stereo-de-culto-homenaje-mamut-540592-rec.jpg,NO,NO,0,https://www.passline.com/eventos/soda-stereo-de-culto-homenaje-mamut
544129,The Ganjas & The Polvos / Bar de René,,Música,Rock and Roll,2026-09-05,21:00:00,2026-09-06,00:00:00,Bar de Rene,Santiago,RM,10000.00,$,NO,136,714016,https://imagenes.passline.com/eventos/the-ganjas-the-polvos-bar-de-rene-544129-min.jpg,https://imagenes.passline.com/eventos/the-ganjas-the-polvos-bar-de-rene-544129-rec.jpg,NO,NO,0,https://www.passline.com/eventos/the-ganjas-the-polvos-bar-de-rene
537162,TINDEROOM HEROES Y VILLANOS,,,Fiesta,2026-09-05,22:00:00,2026-09-06,05:00:00,Av. Calera de tango,Calera de Tango,RM,15000.00,$,NO,2198,13432246,https://imagenes.passline.com/eventos/tinderoom-heroes-y-villanos-537162-min.jpg,https://imagenes.passline.com/eventos/tinderoom-heroes-y-villanos-537162-rec.jpg,NO,NO,0,https://www.passline.com/eventos/tinderoom-heroes-y-villanos
537579,Denisse Malebrán en Ruta 78,Denisse Malebrán,,Evento Familiar,2026-09-05,22:30:00,2026-09-05,23:55:00,BAR RUTA 78,Puente Alto,RM,18000.00,$,NO,277,2942916,https://imagenes.passline.com/eventos/-768196-min.jpg,https://imagenes.passline.com/eventos/-768196-rec.jpg,NO,NO,0,https://www.passline.com/eventos/denisse-malebran-en-ruta-78
542023,FIESTAS BOSSA | CHAPTER I | CENTRO PARQUE,,Fiestas,Exclusive Party,2026-09-05,22:30:00,2026-09-06,04:30:00,Centro parque,Las Condes,RM,8000.00,$,NO,220,9239112,https://imagenes.passline.com/eventos/fiestasbossa-scl-cap-1-542023-min.jpg,https://imagenes.passline.com/eventos/fiestasbossa-scl-cap-1-542023-rec.jpg,NO,NO,0,https://www.passline.com/eventos/fiestasbossa-scl-cap-1
544621,Papi • Sábado 5 de Septiembre,,,Fiesta,2026-09-05,23:00:00,2026-09-06,04:30:00,Climax,Recoleta,RM,8000.00,$,NO,60,9782037,https://imagenes.passline.com/eventos/papi-sabado-5-de-septiembre-544621-min.jpg,https://imagenes.passline.com/eventos/papi-sabado-5-de-septiembre-544621-rec.jpg,NO,NO,0,https://www.passline.com/eventos/papi-sabado-5-de-septiembre
544766,Stranger Blondie: Back To The Future -  4 pistas,,Fiestas,Fitness Fiesta,2026-09-05,23:30:00,2026-09-06,05:00:00,Blondie,Santiago,RM,8000.00,$,NO,781842,30119,https://imagenes.passline.com/eventos/stranger-blondie-back-to-the-future-4-pistas-544766-min.jpg,https://imagenes.passline.com/eventos/stranger-blondie-back-to-the-future-4-pistas-544766-rec.jpg,NO,NO,0,https://www.passline.com/eventos/stranger-blondie-back-to-the-future-4-pistas
522423,Circdomingo Día del Circo,,Familia,Circo Infantil,2026-09-06,11:00:00,2026-09-06,13:00:00,Aldea Encuentro,La Reina,RM,0.00,$,NO,658,8700874,https://imagenes.passline.com/eventos/-777168-min.jpg,https://imagenes.passline.com/eventos/-777168-rec.jpg,NO,NO,0,https://www.passline.com/eventos/circdomingo-dia-del-circo
543610,Lucha Libre Xplosion presenta: Aniversario 16,,,Evento Familiar,2026-09-06,17:00:00,2026-09-06,20:00:00,Teatro Municipal de San Miguel,San Miguel,RM,2500.00,$,NO,255,5421366,https://imagenes.passline.com/eventos/lucha-libre-xplosion-presenta-aniversario-16-543610-min.jpg,https://imagenes.passline.com/eventos/lucha-libre-xplosion-presenta-aniversario-16-543610-rec.jpg,NO,NO,0,https://www.passline.com/eventos/lucha-libre-xplosion-presenta-aniversario-16
541988,Tributo BTS Teatro Cousiño,,Música,Dance,2026-09-06,18:00:00,2026-09-06,20:00:00,Teatro Parque Cousiño,Santiago,RM,11000.00,$,NO,340,14339849,https://imagenes.passline.com/eventos/-774277-min.jpg,https://imagenes.passline.com/eventos/-774277-rec.jpg,NO,NO,0,https://www.passline.com/eventos/tributo-bts-teatro-cousino
506890,Clara Ulrich presenta Yo Quiero Ser Mi Marido en Chile,,,,2026-09-06,19:00:00,2026-09-06,21:00:00,Centro Cultural Ceina,Santiago,RM,27000.00,$,NO,75,438077,https://imagenes.passline.com/eventos/clara-ulrich-presenta-yo-quiero-ser-mi-marido-en-chile-506890-min.jpg,https://imagenes.passline.com/eventos/clara-ulrich-presenta-yo-quiero-ser-mi-marido-en-chile-506890-rec.jpg,NO,SI,1,https://www.passline.com/eventos/clara-ulrich-presenta-yo-quiero-ser-mi-marido-en-chile
499142,The Haunted,,,,2026-09-10,20:00:00,2026-09-10,23:30:00,Teatro Cariola,Santiago,RM,42000.00,$,NO,301,6843945,https://imagenes.passline.com/eventos/the-haunted-499142-min.jpg,https://imagenes.passline.com/eventos/the-haunted-499142-rec.jpg,NO,NO,0,https://www.passline.com/eventos/the-haunted
500352,Linea Aspera en Chile,Linea Aspera,Música,Conciertos,2026-09-10,21:00:00,2026-09-10,23:30:00,Sala RBX,&Ntilde;u&ntilde;oa,RM,28000.00,$,NO,380,493808,https://imagenes.passline.com/eventos/-714461-min.jpg,https://imagenes.passline.com/eventos/-714461-rec.jpg,NO,NO,0,https://www.passline.com/eventos/linea-aspera-en-chile
542055,Tributo Grunge Hits,,Música,Grunge,2026-09-10,21:00:00,2026-09-10,23:00:00,Klub Krossbar,Las Condes,RM,6000.00,$,NO,60,13615500,https://imagenes.passline.com/eventos/-774489-min.jpg,https://imagenes.passline.com/eventos/-774489-rec.jpg,NO,NO,0,https://www.passline.com/eventos/tributo-grunge-hits
520450,Demian The Rat Probando Quesito Santiago!!!,,,,2026-09-10,22:00:00,2026-09-10,23:30:00,Palermo Teatro Bar,Providencia,RM,13000.00,$,NO,136,629394,https://imagenes.passline.com/eventos/demian-the-rat-probando-quesito-santiago-520450-min.jpg,https://imagenes.passline.com/eventos/demian-the-rat-probando-quesito-santiago-520450-rec.jpg,NO,NO,0,https://www.passline.com/eventos/demian-the-rat-probando-quesito-santiago-520450
538329,ANGELO SOUL EN MYTIC,,Comedia,Comedia,2026-09-10,22:00:00,2026-09-11,01:30:00,Mystic Valley,Lampa,RM,10000.00,$,NO,280,1312167,https://imagenes.passline.com/eventos/angelo-soul-en-mytic-538329-min.jpg,https://imagenes.passline.com/eventos/angelo-soul-en-mytic-538329-rec.jpg,NO,NO,0,https://www.passline.com/eventos/angelo-soul-en-mytic
536642,Veneno Espectaculo de Circo,"Elenco : Melanie Rossel , Valeria Morales, Monste Claveria , Rebeca Portillo , Camila Cepeda, Ema Fuentealba , Diego , Lucas Ortega, Dante Ruiz Direccion General : Pablo Garrido - Direccion Escénica ",Familia,Circo,2026-09-11,20:00:00,2026-09-12,00:30:00,Aldea Encuentro,La Reina,RM,20000.00,$,NO,476,8700874,https://imagenes.passline.com/eventos/veneno-espectaculo-de-circo-536642-min.jpg,https://imagenes.passline.com/eventos/veneno-espectaculo-de-circo-536642-rec.jpg,NO,SI,1,https://www.passline.com/eventos/veneno-espectaculo-de-circo
512691,Sonora Sunset V,,,,2026-09-12,14:00:00,2026-09-12,19:00:00,Taringuita Farellones,Lo Barnechea,RM,40000.00,$,NO,196,10706648,https://imagenes.passline.com/eventos/sonora-sunset-v-512691-min.jpg,https://imagenes.passline.com/eventos/sonora-sunset-v-512691-rec.jpg,NO,NO,0,https://www.passline.com/eventos/sonora-sunset-v
544145,Fonda Bosque Luz by Mind | 12 de Septiembre | #SaveTheDate 🇨🇱,,Música,Baile,2026-09-12,16:00:00,2026-09-13,04:30:00,Bosque Luz,Huechuraba,RM,15000.00,$,NO,764,5781447,https://imagenes.passline.com/eventos/-777498-min.jpg,https://imagenes.passline.com/eventos/-777498-rec.jpg,NO,NO,0,https://www.passline.com/eventos/fonda-bosque-luz-by-mind-12-de-septiembre-savethedate
544457,British Rock Night - RADIOHEAD - OASIS,,Música,Alternative Rock,2026-09-12,17:00:00,2026-09-12,23:30:00,Espacio Rock and Roll,La Florida,RM,10000.00,$,NO,60,5818961,https://imagenes.passline.com/eventos/fiestas.jpg,https://imagenes.passline.com/eventos/fiestas.jpg,NO,NO,0,https://www.passline.com/eventos/british-rock-night-radiohead-oasis
535950,Kaya World Tour 2026 the world Chile,Kaya,Música,Conciertos,2026-09-12,18:30:00,2026-09-12,21:30:00,Teatro Cousiño,Santiago,RM,35000.00,$,NO,242,9248642,https://imagenes.passline.com/eventos/kaya-world-tour-2026-the-world-chile-535950-min.jpg,https://imagenes.passline.com/eventos/kaya-world-tour-2026-the-world-chile-535950-rec.jpg,NO,NO,0,https://www.passline.com/eventos/kaya-world-tour-2026-the-world-chile
479909,LEFT TO DIE,LEFT TO DIE,Música,Death Metal,2026-09-12,20:00:00,2026-09-12,23:30:00,Teatro Cariola,Santiago,RM,32000.00,$,NO,521,6843945,https://imagenes.passline.com/eventos/lef-to-die-479909-min.jpg,https://imagenes.passline.com/eventos/lef-to-die-479909-rec.jpg,NO,NO,0,https://www.passline.com/eventos/lef-to-die
508493,DJ PELIGRO EN SANTIAGO DE CHILE,,,,2026-09-12,20:00:00,2026-09-13,04:30:00,Discoteca La Fama,Recoleta,RM,15000.00,$,NO,472,8542480,https://imagenes.passline.com/eventos/dj-peligro-en-santiago-de-chile-508493-min.jpg,https://imagenes.passline.com/eventos/dj-peligro-en-santiago-de-chile-508493-rec.jpg,NO,NO,0,https://www.passline.com/eventos/dj-peligro-en-santiago-de-chile
517452,HOMER EL MERO MERO - Resurreccion tour 2026 en Santiago,,,,2026-09-12,20:00:00,2026-09-12,23:00:00,Sala RBX,&Ntilde;u&ntilde;oa,RM,25000.00,$,NO,96,13411987,https://imagenes.passline.com/eventos/homer-el-mero-mero-resurreccion-tour-2026-en-santiago-517452-min.jpg,https://imagenes.passline.com/eventos/homer-el-mero-mero-resurreccion-tour-2026-en-santiago-517452-rec.jpg,NO,NO,0,https://www.passline.com/eventos/homer-el-mero-mero-resurreccion-tour-2026-en-santiago
529735,Disco Sour Machine & FOMO presentan Jigit,,Música,Electrónica,2026-09-12,20:00:00,2026-09-13,05:00:00,Anfiteatro Pablo Neruda,Santiago,RM,30000.00,$,NO,100121,7921339,https://imagenes.passline.com/eventos/-772154-min.jpg,https://imagenes.passline.com/eventos/-772154-rec.jpg,NO,NO,0,https://www.passline.com/eventos/disco-sour-machine-fomo-presentan-jigit
544149,CRIATURA 11 x Andrés Salas,,Teatro y Musicales,Danza,2026-09-12,20:00:00,2026-09-12,22:30:00,Centro Coreográfico de Santiago,Santiago,RM,8000.00,$,NO,120,14391537,https://imagenes.passline.com/eventos/-777917-min.jpg,https://imagenes.passline.com/eventos/-777917-rec.jpg,NO,NO,0,https://www.passline.com/eventos/criatura-11-x-andres-salas
496284,"Upa en vivo: Todos los éxitos y Ciudad Anterior, su nuevo Disco",,,,2026-09-12,21:00:00,2026-09-12,22:30:00,Blondie,Santiago,RM,14000.00,$,NO,881646,30119,https://imagenes.passline.com/eventos/-760081-min.jpg,https://imagenes.passline.com/eventos/-760081-rec.jpg,NO,NO,0,https://www.passline.com/eventos/upa-en-vivo-todos-los-exitos-y-ciudad-anterior-su-nuevo-disco
543978,CHULERIA PARTY: 4ta EDICIÓN,,,Entradas y Eventos,2026-09-12,21:00:00,2026-09-13,05:00:00,ESPACIO PRIVADO,Santiago,RM,5000.00,$,NO,250,13776447,https://imagenes.passline.com/eventos/fiestas.jpg,https://imagenes.passline.com/eventos/fiestas.jpg,NO,NO,0,https://www.passline.com/eventos/chuleria-party-4ta-edicion
534701,FUTURE NOISE,,Música,Electro,2026-09-12,22:00:00,2026-09-13,05:00:00,El RITO,Recoleta,RM,8000.00,$,NO,326,13288469,https://imagenes.passline.com/eventos/future-noise-534701-min.jpg,https://imagenes.passline.com/eventos/future-noise-534701-rec.jpg,NO,NO,0,https://www.passline.com/eventos/future-noise
543309,Criminal Mambo: Pegotes + Pulso Gaiano + Miguelitos,"Pegotes, Pulso Gaiano, Miguelitos",,Musica & Concerti,2026-09-12,22:00:00,2026-09-13,01:30:00,Sala RBX,&Ntilde;u&ntilde;oa,RM,7000.00,$,NO,398,14360659,https://imagenes.passline.com/eventos/criminal-mambo-pegotes-pulso-gaiano-miguelitos-543309-min.jpg,https://imagenes.passline.com/eventos/criminal-mambo-pegotes-pulso-gaiano-miguelitos-543309-rec.jpg,NO,NO,0,https://www.passline.com/eventos/criminal-mambo-pegotes-pulso-gaiano-miguelitos
539314,ERICK BRIAN EN CHILE,,Música,Conciertos,2026-09-13,18:00:00,2026-09-13,22:00:00,Epicentro,Santiago,RM,30000.00,$,NO,166,10761681,https://imagenes.passline.com/eventos/erick-brian-en-chile-539314-min.jpg,https://imagenes.passline.com/eventos/erick-brian-en-chile-539314-rec.jpg,NO,NO,0,https://www.passline.com/eventos/erick-brian-en-chile
542924,MISERERE ~KaputMundiTour~ YUCATÁN-MANO DE OBRA-HOLLOW HUMANITY,"Miserere, Yucatán, Mano de obra, Hollow humanity",Música,Alternative Rock,2026-09-13,19:00:00,2026-09-13,22:00:00,Sala RBX,&Ntilde;u&ntilde;oa,RM,10000.00,$,NO,194,11595709,https://imagenes.passline.com/eventos/miserere-kaputmunditour-yucatanmano-de-obrahollow-humanity-542924-min.jpg,https://imagenes.passline.com/eventos/miserere-kaputmunditour-yucatanmano-de-obrahollow-humanity-542924-rec.jpg,NO,NO,0,https://www.passline.com/eventos/miserere-kaputmunditour-yucatanmano-de-obrahollow-humanity
544433,"Blanco White - Santiago, Chile",,Música,Folk Music,2026-09-13,19:30:00,2026-09-13,23:00:00,Bar La Puerta Amarilla,La Reina,RM,9000.00,$,NO,70,14390987,https://imagenes.passline.com/eventos/blanco-white-santiago-chile-544433-min.jpg,https://imagenes.passline.com/eventos/blanco-white-santiago-chile-544433-rec.jpg,NO,NO,0,https://www.passline.com/eventos/blanco-white-santiago-chile
538561,SAINT CATTIVERIA - LA J MIXTAPE,,Música,Rap,2026-09-13,20:00:00,2026-09-13,22:30:00,SALA METRONOMO,Recoleta,RM,12000.00,$,NO,698,7695688,https://imagenes.passline.com/eventos/-769902-min.jpg,https://imagenes.passline.com/eventos/-769902-rec.jpg,NO,NO,0,https://www.passline.com/eventos/saint-cattiveria-la-j-mixtape
525090,OK-JHONY + ACIDA en MiBar.,"OK-JHONY @ok_jhony8 , ACIDA  @acida_cl",Música,Conciertos,2026-09-15,20:30:00,2026-09-16,00:00:00,Mi Bar,Providencia,RM,5000.00,$,NO,120,14048383,https://imagenes.passline.com/eventos/-750844-min.jpg,https://imagenes.passline.com/eventos/-750844-rec.jpg,NO,NO,0,https://www.passline.com/eventos/okjhony-acida-en-mibar
544542,Fondas Oficiales de Linderos : Los Parientes - MIERCOLES 16,,,Evento Familiar,2026-09-16,12:00:00,2026-09-16,23:30:00,Club Deportivo Linderos,Buin,RM,2500.00,$,NO,7000,290035,https://imagenes.passline.com/eventos/fondas-oficiales-de-linderos-los-parientes-544542-min.jpg,https://imagenes.passline.com/eventos/fondas-oficiales-de-linderos-los-parientes-544542-rec.jpg,NO,NO,0,https://www.passline.com/eventos/fondas-oficiales-de-linderos-los-parientes-miercoles-16
535521,FLOR DE RAP Y SUS GRANDES EXITOS,Flor De Rap,,Show,2026-09-16,18:00:00,2026-09-16,22:00:00,DISTRITO 84,San Miguel,RM,,$,SI,,8539153,https://imagenes.passline.com/eventos/flor-de-rap-y-sus-grandes-exitos-535521-min.jpg,https://imagenes.passline.com/eventos/flor-de-rap-y-sus-grandes-exitos-535521-rec.jpg,NO,NO,0,https://www.passline.com/eventos/flor-de-rap-y-sus-grandes-exitos
536690,Niña Carolo en Centro Arte Alameda,,Música,Conciertos,2026-09-16,19:00:00,2026-09-16,21:30:00,CENTRO ARTE ALAMEDA,Santiago,RM,7000.00,$,NO,108,1055535,https://imagenes.passline.com/eventos/nina-carolo-en-centro-arte-alameda-536690-min.jpg,https://imagenes.passline.com/eventos/nina-carolo-en-centro-arte-alameda-536690-rec.jpg,NO,NO,0,https://www.passline.com/eventos/nina-carolo-en-centro-arte-alameda
538443,ONE PACT - 2026 World Tour,,Música,K-Pop,2026-09-16,20:00:00,2026-09-16,22:00:00,SALA METRONOMO,Recoleta,RM,34783.00,$,NO,669,3154515,https://imagenes.passline.com/eventos/one-pact-2026-world-tour-538443-min.jpg,https://imagenes.passline.com/eventos/one-pact-2026-world-tour-538443-rec.jpg,NO,NO,0,https://www.passline.com/eventos/one-pact-2026-world-tour
544571,Fondas Oficiales de Linderos : Los Parientes - JUEVES 17,,,Evento Familiar,2026-09-17,12:00:00,2026-09-18,03:00:00,Club Deportivo Linderos,Buin,RM,2500.00,$,NO,7000,290035,https://imagenes.passline.com/eventos/fondas-oficiales-de-linderos-los-parientes-544571-min.jpg,https://imagenes.passline.com/eventos/fondas-oficiales-de-linderos-los-parientes-544571-rec.jpg,NO,NO,0,https://www.passline.com/eventos/fondas-oficiales-de-linderos-los-parientes-jueves-17
538104,17 DE SEPTIEMBRE - Fiesta de la  Chilenidad Melipilla,,Fiestas,Fiestas,2026-09-17,12:30:00,2026-09-18,03:00:00,COSTADO CLUB AÉREO MELIPILLA,Melipilla,RM,5000.00,$,NO,3727,8712326,https://imagenes.passline.com/eventos/-769298-min.jpg,https://imagenes.passline.com/eventos/-769298-rec.jpg,NO,NO,1,https://www.passline.com/eventos/17-de-septiembre-fiesta-de-la-chilenidad-melipilla
538111,PROMO 4 DIAS **GENERAL**,,Fiestas Patrias,Fiestas Patrias,2026-09-17,12:30:00,2026-09-20,22:00:00,COSTADO CLUB AÉREO MELEPÍLLA,Melipilla,RM,39000.00,$,NO,499,8712326,https://imagenes.passline.com/eventos/-769492-min.jpg,https://imagenes.passline.com/eventos/-769492-rec.jpg,NO,NO,1,https://www.passline.com/eventos/promo-4-dias-general-538111
537237,CHAMAL - Cantos y danzas de Chile,,Música,Conciertos,2026-09-17,19:00:00,2026-09-17,21:00:00,Centro Cultural Ceina,Santiago,RM,4000.00,$,NO,1516,11831355,https://imagenes.passline.com/eventos/-776226-min.jpg,https://imagenes.passline.com/eventos/-776226-rec.jpg,NO,SI,1,https://www.passline.com/eventos/chamal-cantos-y-danzas-de-chile
518302,LOS OLIMPICOS DE HUANCAYO EN SANTIAGO DE CHILE,,,Entradas y Eventos,2026-09-17,20:00:00,2026-09-18,04:30:00,Discoteca La Fama,Recoleta,RM,15000.00,$,NO,667,8542480,https://imagenes.passline.com/eventos/los-olimpicos-de-huancayo-en-santiago-de-chile-518302-min.jpg,https://imagenes.passline.com/eventos/los-olimpicos-de-huancayo-en-santiago-de-chile-518302-rec.jpg,NO,NO,0,https://www.passline.com/eventos/los-olimpicos-de-huancayo-en-santiago-de-chile
544326,Forever Underground Fucking Fest,,Música,Death Metal,2026-09-17,20:00:00,2026-09-18,03:00:00,Bar Oxido,Recoleta,RM,5000.00,$,NO,30,4993215,https://imagenes.passline.com/eventos/forever-underground-fucking-fest-544326-min.jpg,https://imagenes.passline.com/eventos/forever-underground-fucking-fest-544326-rec.jpg,NO,NO,0,https://www.passline.com/eventos/forever-underground-fucking-fest
538098,"🇨🇱 Fonda la MONGA 🇨🇱 🦍, FULL BAILABLE 💃🕺🪩 / Jueves 17 de septiembre / Av vic",,Fiestas,Fiestas,2026-09-17,22:00:00,2026-09-18,04:30:00,Fiesta LA MONGA,&Ntilde;u&ntilde;oa,RM,6000.00,$,NO,800,14158672,https://imagenes.passline.com/eventos/fiestas.jpg,https://imagenes.passline.com/eventos/fiestas.jpg,NO,NO,0,https://www.passline.com/eventos/fonda-la-monga-full-bailable-jueves-17-de-septiembre-av-vicuna-mackenna-1895
543234,🇨🇱 CentroFonda | Jueves 17 Septiembre | La Primera Patita 🇨🇱,,Fiestas,Fiestas,2026-09-17,22:00:00,2026-09-18,04:30:00,Centro parque,Las Condes,RM,8000.00,$,NO,192,10879792,https://imagenes.passline.com/eventos/-776666-min.jpg,https://imagenes.passline.com/eventos/-776666-rec.jpg,NO,NO,1,https://www.passline.com/eventos/centrofonda-jueves-17-septiembre-centro-parque
543244,🇨🇱 CentroFonda |  Pase 2 Días (17 y 18 Septiembre)  | Centro Parque 🇨🇱,,Fiestas,Fiestas,2026-09-17,22:00:00,2026-09-19,06:00:00,Centro parque,Las Condes,RM,15000.00,$,NO,81,10879792,https://imagenes.passline.com/eventos/-776464-min.jpg,https://imagenes.passline.com/eventos/-776464-rec.jpg,NO,NO,1,https://www.passline.com/eventos/centrofonda-pase-2-dias-17-y-18-septiembre-centro-parque
511129,JOHN DIGWEED - LA FERIA CLUB,,,,2026-09-17,23:00:00,2026-09-18,05:00:00,La Feria,Providencia,RM,45000.00,$,NO,200135,3581356,https://imagenes.passline.com/eventos/-731517-min.jpg,https://imagenes.passline.com/eventos/-731517-rec.jpg,NO,NO,0,https://www.passline.com/eventos/john-digweed-la-feria-club
537414,🇨🇱 FONDA TÍO VORTEX 2026 🇨🇱 17 Septiembre,,Fiestas Patrias,Fonda,2026-09-17,23:55:00,2026-09-18,06:00:00,Munich Malloco,Pe&ntilde;aflor,RM,10000.00,$,NO,1901594,10708599,https://imagenes.passline.com/eventos/-767900-min.jpg,https://imagenes.passline.com/eventos/-767900-rec.jpg,NO,NO,0,https://www.passline.com/eventos/fonda-tio-vortex-2026-17-septiembre
510135,Florida Bier Fest  - 18 Septiembre,,,,2026-09-18,12:00:00,2026-09-18,23:30:00,Estadio Estrella Manuel Rodriguez,La Florida,RM,10000.00,$,NO,2793,7806,https://imagenes.passline.com/eventos/-728711-min.jpg,https://imagenes.passline.com/eventos/-728711-rec.jpg,NO,NO,0,https://www.passline.com/eventos/florida-bier-fest-18-septiembre
518937,La Fonda de Fiebre !  Viernes 18 de Septiembre,,,,2026-09-18,12:00:00,2026-09-18,23:30:00,Parque la Araucana,La Florida,RM,7000.00,$,NO,30625,85132,https://imagenes.passline.com/eventos/la-fonda-de-fiebre-viernes-18-de-septiembre-518937-min_1.jpg,https://imagenes.passline.com/eventos/la-fonda-de-fiebre-viernes-18-de-septiembre-518937-rec_1.jpg,NO,NO,0,https://www.passline.com/eventos/la-fonda-de-fiebre-viernes-18-de-septiembre
518952,Abonos 3 días Fonda de Fiebre,,,,2026-09-18,12:00:00,2026-09-20,21:00:00,Parque la Araucana,La Florida,RM,48000.00,$,NO,2990,85132,https://imagenes.passline.com/eventos/abonos-3-dias-fonda-de-fiebre-518952-min.jpg,https://imagenes.passline.com/eventos/abonos-3-dias-fonda-de-fiebre-518952-rec.jpg,NO,NO,0,https://www.passline.com/eventos/abonos-3-dias-fonda-de-fiebre
542937,MEDIEVAL PARTY FIESTAS PATRIAS 2026 - FACTORIA FRANKLIN,,Festivales,Festival de la Cerveza,2026-09-18,12:00:00,2026-09-20,20:00:00,Factoria Franklin,Santiago,RM,5000.00,$,NO,300,250251,https://imagenes.passline.com/eventos/medieval-party-fiestas-patrias-2026-factoria-franklin-542937-min.jpg,https://imagenes.passline.com/eventos/medieval-party-fiestas-patrias-2026-factoria-franklin-542937-rec.jpg,NO,NO,0,https://www.passline.com/eventos/medieval-party-fiestas-patrias-2026-factoria-franklin
538106,18 SEPTIEMBRE - Fiesta de la Chilenidad Melipilla,,Fiestas Patrias,Fiestas Patrias,2026-09-18,12:30:00,2026-09-19,03:00:00,COSTADO CLUB AÉREO MELEPÍLLA,Melipilla,RM,5000.00,$,NO,3869,8712326,https://imagenes.passline.com/eventos/-769294-min.jpg,https://imagenes.passline.com/eventos/-769294-rec.jpg,NO,NO,1,https://www.passline.com/eventos/18-septiembre-fiesta-de-la-chilenidad-melipilla-538106
538963,Gran Fonda Las Vizcachas 2026,,Experiencias Gastronómicas,Experiencias Gastronómicas,2026-09-18,13:00:00,2026-09-19,23:30:00,Las Vizcachas,Puente Alto,RM,8000.00,$,NO,2955,712667,https://imagenes.passline.com/eventos/gran-fonda-las-vizcachas-2026-538963-min.jpg,https://imagenes.passline.com/eventos/gran-fonda-las-vizcachas-2026-538963-rec.jpg,NO,NO,0,https://www.passline.com/eventos/gran-fonda-las-vizcachas-2026
495148,​🏳️‍🌈​ Gay Fonda 🇨🇱 Bosque Luz📍18.09,,,,2026-09-18,16:00:00,2026-09-19,05:00:00,Bosque Luz,Huechuraba,RM,13000.00,$,NO,2712377,230002,https://imagenes.passline.com/eventos/-741802-min.jpg,https://imagenes.passline.com/eventos/-741802-rec.jpg,NO,NO,0,https://www.passline.com/eventos/lagayfonda
511659,HIVE x REBELS,,,,2026-09-18,17:00:00,2026-09-19,05:00:00,Complejo Industrial / Estacion Central,Estacion Central,RM,55000.00,$,NO,522,12641050,https://imagenes.passline.com/eventos/hive-x-rebels-511659-min.jpg,https://imagenes.passline.com/eventos/hive-x-rebels-511659-rec.jpg,NO,NO,0,https://www.passline.com/eventos/hive-x-rebels
517776,Reinkaos,,,,2026-09-18,18:00:00,2026-09-18,23:30:00,Teatro ex mundo magico,Lo Prado,RM,20000.00,$,NO,392,11969381,https://imagenes.passline.com/eventos/reinkaos-517776-min_1.jpg,https://imagenes.passline.com/eventos/reinkaos-517776-rec_1.jpg,NO,NO,0,https://www.passline.com/eventos/reinkaos
484677,Vadhir Fantasy Tour Santiago,Vadhir,Música,Conciertos,2026-09-18,19:00:00,2026-09-18,23:30:00,,Santiago,RM,30000.00,$,NO,195,12462299,https://imagenes.passline.com/eventos/-715558-min.jpg,https://imagenes.passline.com/eventos/-715558-rec.jpg,NO,NO,0,https://www.passline.com/eventos/vadhir-fantasy-tour-santiago
517445,ARMONIA 10 EN SANTIAGO DE CHILEE,,,Entradas y Eventos,2026-09-18,20:00:00,2026-09-19,04:30:00,Discoteca La Fama,Recoleta,RM,20000.00,$,NO,730,8542480,https://imagenes.passline.com/eventos/armonia-10-en-santiago-de-chilee-517445-min.jpg,https://imagenes.passline.com/eventos/armonia-10-en-santiago-de-chilee-517445-rec.jpg,NO,NO,0,https://www.passline.com/eventos/armonia-10-en-santiago-de-chilee
538099,"🇨🇱 Fonda la MONGA 🇨🇱 🦍, FULL BAILABLE 💃🕺🪩 / Viernes 18 de septiembre / Av vi",,,Fiesta,2026-09-18,22:00:00,2026-09-19,05:00:00,Fiesta LA MONGA,&Ntilde;u&ntilde;oa,RM,6000.00,$,NO,800,14158672,https://imagenes.passline.com/eventos/fiestas.jpg,https://imagenes.passline.com/eventos/fiestas.jpg,NO,NO,0,https://www.passline.com/eventos/fonda-la-monga-full-bailable-viernes-18-de-septiembre-av-vicuna-mackenna-1895
543235,🇨🇱 #NomeTikiti | Centro Fonda | Viernes 18 Septiembre | Centro Parque 🇨🇱,,,Fiesta,2026-09-18,22:00:00,2026-09-19,06:00:00,Centro parque,Las Condes,RM,8000.00,$,NO,195,10879792,https://imagenes.passline.com/eventos/-776934-min.jpg,https://imagenes.passline.com/eventos/-776934-rec.jpg,NO,NO,0,https://www.passline.com/eventos/nometikiti-pre-fonda-universitaria-centro-parque-viernes-18septiembre
537383,🇨🇱 FONDA TÍO VORTEX 2026 🇨🇱 18 Septiembre,,Fiestas Patrias,Fonda,2026-09-18,23:30:00,2026-09-19,06:00:00,Munich Malloco,Pe&ntilde;aflor,RM,10000.00,$,NO,1901597,10708599,https://imagenes.passline.com/eventos/fonda-tio-vortex-2026-18-septiembre-537383-min.jpg,https://imagenes.passline.com/eventos/fonda-tio-vortex-2026-18-septiembre-537383-rec.jpg,NO,NO,0,https://www.passline.com/eventos/fonda-tio-vortex-2026-18-septiembre
538571,KOFFE EL KAFETERO EN VIVO | FIESTAS PATRIAS 2026 |,Koffee el Kaffetero,Música,Conciertos,2026-09-19,08:00:00,2026-09-20,05:00:00,Discoteca WAO 2.0,Recoleta,RM,15000.00,$,NO,330,13492551,https://imagenes.passline.com/eventos/koffe-el-kafetero-en-vivo-fiestas-patrias-2026-538571-min.jpg,https://imagenes.passline.com/eventos/koffe-el-kafetero-en-vivo-fiestas-patrias-2026-538571-rec.jpg,NO,NO,0,https://www.passline.com/eventos/koffe-el-kafetero-en-vivo-fiestas-patrias-2026
510387,Florida Bier Fest  - 19 Septiembre,,,,2026-09-19,12:00:00,2026-09-20,00:00:00,Estadio Estrella Manuel Rodriguez,La Florida,RM,10000.00,$,NO,2951,7806,https://imagenes.passline.com/eventos/florida-bier-fest-19-septiembre-min.jpg,https://imagenes.passline.com/eventos/florida-bier-fest-19-septiembre-rec.jpg,NO,NO,0,https://www.passline.com/eventos/florida-bier-fest-19-septiembre
518942,La Fonda de Fiebre !  Sabado 19 de Septiembre,,,,2026-09-19,12:00:00,2026-09-19,23:55:00,Parque la Araucana,La Florida,RM,7000.00,$,NO,29951,85132,https://imagenes.passline.com/eventos/la-fonda-de-fiebre-sabado-19-de-septiembre-518942-min.jpg,https://imagenes.passline.com/eventos/la-fonda-de-fiebre-sabado-19-de-septiembre-518942-rec.jpg,NO,NO,0,https://www.passline.com/eventos/la-fonda-de-fiebre-sabado-19-de-septiembre
538108,19 SEPTIEMBRE - Fiesta de la Chilenidad Melipilla,,Fiestas Patrias,Fiestas Patrias,2026-09-19,12:30:00,2026-09-20,03:00:00,COSTADO CLUB AÉREO MELEPÍLLA,Melipilla,RM,5000.00,$,NO,3900,8712326,https://imagenes.passline.com/eventos/-769292-min.jpg,https://imagenes.passline.com/eventos/-769292-rec.jpg,NO,NO,1,https://www.passline.com/eventos/19-septiembre-fiesta-de-la-chilenidad-melipilla-538108
492263,ASSPERA EN CHILE,,,,2026-09-19,20:00:00,2026-09-19,23:00:00,Sala RBX,&Ntilde;u&ntilde;oa,RM,22000.00,$,NO,82,13411987,https://imagenes.passline.com/eventos/asspera-en-chile-492263-min.jpg,https://imagenes.passline.com/eventos/asspera-en-chile-492263-rec.jpg,NO,NO,0,https://www.passline.com/eventos/asspera-en-chile
534397,CENTELLA Y SAICO EN SANTIAGO DE CHILE,,,Entradas y Eventos,2026-09-19,20:00:00,2026-09-21,04:00:00,Discoteca La Fama,Recoleta,RM,15000.00,$,NO,772,8542480,https://imagenes.passline.com/eventos/centella-y-saico-en-santiago-de-chile-534397-min.jpg,https://imagenes.passline.com/eventos/centella-y-saico-en-santiago-de-chile-534397-rec.jpg,NO,NO,0,https://www.passline.com/eventos/centella-y-saico-en-santiago-de-chile
518943,La Fonda de Fiebre !  Domingo 20 de Septiembre,,,,2026-09-20,12:00:00,2026-09-20,23:55:00,Parque la Araucana,La Florida,RM,7000.00,$,NO,30895,85132,https://imagenes.passline.com/eventos/la-fonda-de-fiebre-domingo-20-de-septiembre-518943-min.jpg,https://imagenes.passline.com/eventos/la-fonda-de-fiebre-domingo-20-de-septiembre-518943-rec.jpg,NO,NO,0,https://www.passline.com/eventos/la-fonda-de-fiebre-domingo-20-de-septiembre
538109,20 SEPTIEMBRE - Fiesta de la Chilenidad Melipilla,,Fiestas Patrias,Fiestas Patrias,2026-09-20,12:30:00,2026-09-20,21:00:00,COSTADO CLUB AÉREO MELEPÍLLA,Melipilla,RM,12000.00,$,NO,2986,8712326,https://imagenes.passline.com/eventos/-769291-min.jpg,https://imagenes.passline.com/eventos/-769291-rec.jpg,NO,NO,1,https://www.passline.com/eventos/20-septiembre-fiesta-de-la-chilenidad-melipilla-538109
480427,Old Mans Child,,,,2026-09-22,20:00:00,2026-09-22,23:30:00,Teatro Cariola,Santiago,RM,45000.00,$,NO,1036,6843945,https://imagenes.passline.com/eventos/old-mans-child-480427-min.jpg,https://imagenes.passline.com/eventos/old-mans-child-480427-rec.jpg,NO,NO,0,https://www.passline.com/eventos/old-mans-child
523689,Puras Cosas Maravillosas en Chile - Septiembre 2026,,,Entradas y Eventos,2026-09-24,20:00:00,2026-09-24,21:30:00,Teatro Mori Parque Arauco,Las Condes,RM,35000.00,$,NO,243,11015513,https://imagenes.passline.com/eventos/-749358-min.jpg,https://imagenes.passline.com/eventos/-749358-rec.jpg,NO,SI,1,https://www.passline.com/eventos/puras-cosas-maravillosas-en-chile-septiembre-2026
533184,IRON SCALPEL EN SALA RBX,,Música,Heavy Metal,2026-09-24,21:00:00,2026-09-24,22:30:00,Sala RBX,&Ntilde;u&ntilde;oa,RM,2000.00,$,NO,500,8504615,https://imagenes.passline.com/eventos/-769684-min.jpg,https://imagenes.passline.com/eventos/-769684-rec.jpg,NO,NO,0,https://www.passline.com/eventos/iron-scalpel-en-sala-rbx
530319,SOFÍA ALVEZ presenta VENTILARÉ AÑOS,,Música,Bossa Nova,2026-09-25,20:00:00,2026-09-25,22:30:00,Epicentro,Santiago,RM,25000.00,$,NO,294,10761681,https://imagenes.passline.com/eventos/-758189-min.jpg,https://imagenes.passline.com/eventos/-758189-rec.jpg,NO,NO,0,https://www.passline.com/eventos/sofia-alvez-presenta-ventilare-anos
534664,GRUNGE NIGHT | TRIBUTO NIRVANA (LITHIUM) TRIBUTO ALICE IN CHAINS (THE FREAK),,Música,Conciertos,2026-09-25,20:00:00,2026-09-26,00:00:00,Sala RBX,&Ntilde;u&ntilde;oa,RM,8000.00,$,NO,150,4254921,https://imagenes.passline.com/eventos/grunge-night-tributo-nirvana-lithium-tributo-alice-in-chains-the-freak-534664-min.jpg,https://imagenes.passline.com/eventos/grunge-night-tributo-nirvana-lithium-tributo-alice-in-chains-the-freak-534664-rec.jpg,NO,NO,0,https://www.passline.com/eventos/grunge-night-tributo-nirvana-lithium-tributo-alice-in-chains-the-freak
544584,VIVE Y DEJA REÍR,"Luis Boicot, Carlos M. Feo, Suaguer Banguera, Cristhian Ydrepente, Karelys Peña.",Comedia,Humor / Stand Up Comedy,2026-09-25,20:00:00,2026-09-25,21:30:00,Happy People Teatro Restaurant,Providencia,RM,5000.00,$,NO,78,1828153,https://imagenes.passline.com/eventos/-778332-min.jpg,https://imagenes.passline.com/eventos/-778332-rec.jpg,NO,NO,0,https://www.passline.com/eventos/vive-y-deja-vivir
521585,EL PLAN DE LA MARIPOSA EN VIVO,,,,2026-09-25,21:00:00,2026-09-25,23:30:00,SALA METRONOMO,Recoleta,RM,25000.00,$,NO,470,7695688,https://imagenes.passline.com/eventos/-745229-min.jpg,https://imagenes.passline.com/eventos/-745229-rec.jpg,NO,NO,0,https://www.passline.com/eventos/el-plan-de-la-mariposa-en-vivo
541413,Previa Run For Your Lives World Tour 2026,,Música,Música Chilena,2026-09-25,21:00:00,2026-09-26,23:00:00,Bar La Puerta Amarilla,La Reina,RM,3000.00,$,NO,150,10818110,https://imagenes.passline.com/eventos/previa-run-for-your-lives-world-tour-2026-541413-min.jpg,https://imagenes.passline.com/eventos/previa-run-for-your-lives-world-tour-2026-541413-rec.jpg,NO,NO,0,https://www.passline.com/eventos/previa-run-for-your-lives-world-tour-2026
543647,BARDOT & LA TM °°° Viernes 25 Septiembre,,,,2026-09-25,22:00:00,2026-09-26,04:30:00,BARDOT,Las Condes,RM,25000.00,$,NO,392,12581361,https://imagenes.passline.com/eventos/-776637-min.jpg,https://imagenes.passline.com/eventos/-776637-rec.jpg,NO,NO,0,https://www.passline.com/eventos/bardot-la-tm-viernes-25-septiembre
544676,Evento solidario de la CVTO,"Beno Espinosa, Gabriel Alcayaga y el Pulso Rebelde",Comedia,Humor / Stand Up Comedy,2026-09-25,22:00:00,2026-09-26,03:30:00,Bar Raíces,Santiago,RM,6000.00,$,NO,118,1661601,https://imagenes.passline.com/eventos/evento-solidario-de-la-cvto-544676-min.jpg,https://imagenes.passline.com/eventos/evento-solidario-de-la-cvto-544676-rec.jpg,NO,NO,0,https://www.passline.com/eventos/evento-solidario-de-la-cvto
544312,Cafe con Fe CSV 2026,,Exposiciones y Conferencias,Comunidade,2026-09-26,17:00:00,2026-09-26,21:00:00,Gimnasio del Colegio San Viator de Macul,Macul,RM,1000.00,$,NO,8000,1539780,https://imagenes.passline.com/eventos/cafe-con-fe-csv-2026-544312-min.jpg,https://imagenes.passline.com/eventos/cafe-con-fe-csv-2026-544312-rec.jpg,NO,NO,0,https://www.passline.com/eventos/cafe-con-fe-csv-2026
534776,Samurai Fight House 31: Vergara vs. Salvador,,Deportes,MMA,2026-09-26,18:30:00,2026-09-26,22:00:00,Gimnasio Liceo José Toribio Medina,&Ntilde;u&ntilde;oa,RM,25000.00,$,NO,852,14204039,https://imagenes.passline.com/eventos/-764211-min.jpg,https://imagenes.passline.com/eventos/-764211-rec.jpg,NO,NO,0,https://www.passline.com/eventos/samurai-fight-house-chile
538783,Onda Vaga en Chile,,Música,Conciertos,2026-09-26,20:00:00,2026-09-26,23:30:00,Epicentro,Santiago,RM,25500.00,$,NO,141,10761681,https://imagenes.passline.com/eventos/onda-vaga-en-chile-538783-min.jpg,https://imagenes.passline.com/eventos/onda-vaga-en-chile-538783-rec.jpg,NO,NO,0,https://www.passline.com/eventos/onda-vaga-en-chile
543952,Panteon del Rock,,Música,Alternative Rock Show,2026-09-26,20:30:00,2026-09-27,03:00:00,Bar Oxido,Recoleta,RM,5000.00,$,NO,30,4993215,https://imagenes.passline.com/eventos/panteon-del-rock-543952-min.jpg,https://imagenes.passline.com/eventos/panteon-del-rock-543952-rec.jpg,NO,NO,0,https://www.passline.com/eventos/panteon-del-rock
544186,GONZÁLO SCHAFER CANOBRA - LA SEÑAL,"LiveMusic, MúsicaEnVivo, ShowEnVivo, Concierto, EventosChile, TributoEnVivo, MúsicaTributo, CulturaEnVivo, NochesDeMúsica, DiversiónEnVivo, VibrasEnVivo, TurismoYConciertos, CoverBand, Experiencia",Música,Conciertos,2026-09-26,21:00:00,2026-09-26,22:30:00,CLUB AMANDA,Vitacura,RM,10000.00,$,NO,288022,52690,https://imagenes.passline.com/eventos/gonzalo-schafer-canobra-la-senal-544186-min.jpg,https://imagenes.passline.com/eventos/gonzalo-schafer-canobra-la-senal-544186-rec.jpg,NO,NO,0,https://www.passline.com/eventos/gonzalo-schafer-canobra-la-senal
518411,Cómo emprender y no morir en el intento septiembre,,,,2026-09-27,04:00:00,2026-09-27,08:30:00,Calabria Restobar,Providencia,RM,6990.00,$,NO,109,329716,https://imagenes.passline.com/eventos/como-emprender-y-no-morir-en-el-intento-septiembre-518411-min.jpg,https://imagenes.passline.com/eventos/como-emprender-y-no-morir-en-el-intento-septiembre-518411-rec.jpg,NO,NO,0,https://www.passline.com/eventos/como-emprender-y-no-morir-en-el-intento-septiembre
530505,WITCH PERFECT,,Teatro y Musicales,Broadway Musical,2026-09-27,19:00:00,2026-09-27,20:00:00,Centro Cultural Ceina,Santiago,RM,20000.00,$,NO,794,11831355,https://imagenes.passline.com/eventos/witch-perfect-530505-min.jpg,https://imagenes.passline.com/eventos/witch-perfect-530505-rec.jpg,NO,SI,1,https://www.passline.com/eventos/witch-perfect
541465,La Elvira con Hogar de Cristo,,Comedia,Comedia,2026-09-30,19:30:00,2026-09-30,22:00:00,Teatro Mori Parque Arauco,Las Condes,RM,24000.00,$,NO,247,209946,https://imagenes.passline.com/eventos/-778513-min.jpg,https://imagenes.passline.com/eventos/-778513-rec.jpg,NO,SI,1,https://www.passline.com/eventos/la-elvira-con-hogar-de-cristo
533258,TESTEЯ - Tu sonido no es una canción,,Teatro y Musicales,Broadway Musical,2026-09-30,19:00:00,2026-09-30,20:00:00,Centro Cultural Ceina,Santiago,RM,12000.00,$,NO,48,11831355,https://imagenes.passline.com/eventos/-766640-min.jpg,https://imagenes.passline.com/eventos/-766640-rec.jpg,NO,NO,0,https://www.passline.com/eventos/tester-tusonidonoesunacancion
537081,Pickua en Centro Arte Alameda,,Música,Conciertos,2026-09-30,20:00:00,2026-09-30,21:30:00,CENTRO ARTE ALAMEDA,Santiago,RM,5000.00,$,NO,180,1055535,https://imagenes.passline.com/eventos/pickua-en-centro-arte-alameda-537081-min.jpg,https://imagenes.passline.com/eventos/pickua-en-centro-arte-alameda-537081-rec.jpg,NO,NO,0,https://www.passline.com/eventos/pickua-en-centro-arte-alameda
524332,XIV Congreso de Imagenología Veterinaria SOCHIRAV,"Raquel Salgüero, Marta Moreira, Guadalupe Ranea, Thiago Muller",Exposiciones y Conferencias,EDUCATION,2026-10-01,08:30:00,2026-10-02,19:00:00,Hotel Fundador,Santiago,RM,96000.00,$,NO,600,14044798,https://imagenes.passline.com/eventos/xiv-congreso-de-imagenologia-veterinaria-sochirav-524332-min.jpg,https://imagenes.passline.com/eventos/xiv-congreso-de-imagenologia-veterinaria-sochirav-524332-rec.jpg,NO,NO,0,https://www.passline.com/eventos/xiv-congreso-de-imagenologia-veterinaria-sochirav
540533,Encuentro con el Buda / Centro Arte Alameda,,Cine,Cine,2026-10-01,18:30:00,2026-10-01,20:30:00,CENTRO ARTE ALAMEDA,Santiago,RM,2500.00,$,NO,200,1055535,https://imagenes.passline.com/eventos/encuentro-con-el-buda-centro-arte-alameda-540533-min.jpg,https://imagenes.passline.com/eventos/encuentro-con-el-buda-centro-arte-alameda-540533-rec.jpg,NO,NO,0,https://www.passline.com/eventos/encuentro-con-el-buda-centro-arte-alameda
484129,Tirando Flechas con Luis Chataing | Santiago de Chile,LUIS CHATAING,Comedia,Comedia,2026-10-01,19:00:00,2026-10-01,21:00:00,Palermo Teatro Bar,Providencia,RM,22000.00,$,NO,90,650266,https://imagenes.passline.com/eventos/-691105-min.jpg,https://imagenes.passline.com/eventos/-691105-rec.jpg,NO,NO,0,https://www.passline.com/eventos/tirando-flechas
524380,High Vis en Chile,,Música,Conciertos,2026-10-01,19:00:00,2026-10-01,23:00:00,SALA METRONOMO,Recoleta,RM,38000.00,$,NO,385,147313,https://imagenes.passline.com/eventos/-761840-min.jpg,https://imagenes.passline.com/eventos/-761840-rec.jpg,NO,NO,0,https://www.passline.com/eventos/high-vis-en-chile
533263,TESTEЯ - Tu sonido no es una canción - 19H,,Teatro y Musicales,Broadway Musical,2026-10-01,19:00:00,2026-10-01,20:00:00,Centro Cultural Ceina,Santiago,RM,12000.00,$,NO,46,11831355,https://imagenes.passline.com/eventos/-766640-min.jpg,https://imagenes.passline.com/eventos/-766640-rec.jpg,NO,NO,0,https://www.passline.com/eventos/tester-carlos-casella-533263
533264,TESTEЯ - Tu sonido no es una canción - 21H,,Teatro y Musicales,Broadway Musical,2026-10-01,21:00:00,2026-10-01,22:00:00,Centro Cultural Ceina,Santiago,RM,12000.00,$,NO,50,11831355,https://imagenes.passline.com/eventos/-766640-min.jpg,https://imagenes.passline.com/eventos/-766640-rec.jpg,NO,NO,0,https://www.passline.com/eventos/tester-carlos-casella-533264
537114,YKATO: HORROR FREEK | SANTIAGO DE CHILE,,Música,Hip Hop,2026-10-02,19:00:00,2026-10-02,21:00:00,Sala CreaRock,Santiago,RM,14000.00,$,NO,72,5282337,https://imagenes.passline.com/eventos/-767456-min.jpg,https://imagenes.passline.com/eventos/-767456-rec.jpg,NO,NO,0,https://www.passline.com/eventos/ykato-horror-freek-santiago-de-chile
541839,ANIVERSARIO N°1 DEL PRIMER EP DE NUESTRO SILENCIO,,Música,Alternative Metal,2026-10-02,19:00:00,2026-10-02,23:00:00,Sala RBX,&Ntilde;u&ntilde;oa,RM,8000.00,$,NO,300,13824245,https://imagenes.passline.com/eventos/aniversario-n1-del-primer-ep-de-nuestro-silencio-541839-min.jpg,https://imagenes.passline.com/eventos/aniversario-n1-del-primer-ep-de-nuestro-silencio-541839-rec.jpg,NO,NO,0,https://www.passline.com/eventos/aniversario-n1-del-primer-ep-de-nuestro-silencio
520200,FIESTA REWIND,"SONIDO STEREO, GABRIEL MARIAN DE RATA BLANCA, DJ PAPE SALAZAR",Música,Conciertos,2026-10-02,20:00:00,2026-10-03,04:00:00,Bosque Luz,Huechuraba,RM,10000.00,$,NO,1993,13102584,https://imagenes.passline.com/eventos/-767760-min.jpg,https://imagenes.passline.com/eventos/-767760-rec.jpg,NO,NO,0,https://www.passline.com/eventos/fiesta-rewind
520482,Carlos Ballarta Presenta Naco Ladino en Chile,,,,2026-10-02,20:00:00,2026-10-02,22:00:00,Centro Cultural Ceina,Santiago,RM,27000.00,$,NO,90,438077,https://imagenes.passline.com/eventos/carlos-ballarta-presenta-naco-ladino-en-chile-520482-min.jpg,https://imagenes.passline.com/eventos/carlos-ballarta-presenta-naco-ladino-en-chile-520482-rec.jpg,NO,SI,1,https://www.passline.com/eventos/carlos-ballarta-presenta-naco-ladino-en-chile
531596,METALLICA • TRIBUTO DRINK INC.,,Música,Conciertos,2026-10-02,20:00:00,2026-10-02,22:30:00,CLUB AMANDA,Vitacura,RM,10000.00,$,NO,288016,52690,https://imagenes.passline.com/eventos/metallica-tributo-drink-inc-531596-min.jpg,https://imagenes.passline.com/eventos/metallica-tributo-drink-inc-531596-rec.jpg,NO,NO,0,https://www.passline.com/eventos/metallica-tributo-drink-inc-531596
533260,Puto y Orquesta,,Teatro y Musicales,Broadway Musical,2026-10-02,20:00:00,2026-10-02,21:00:00,Centro Cultural Ceina,Santiago,RM,12000.00,$,NO,44,11831355,https://imagenes.passline.com/eventos/puto-y-orquesta-carlos-casella-533260-min.jpg,https://imagenes.passline.com/eventos/puto-y-orquesta-carlos-casella-533260-rec.jpg,NO,NO,0,https://www.passline.com/eventos/puto-y-orquesta
512343,Bandalos Chinos: Vandalos,Bandalos Chinos,Música,POP,2026-10-02,21:00:00,2026-10-02,23:55:00,Blondie,Santiago,RM,,$,SI,,13281094,https://imagenes.passline.com/eventos/-733702-min.jpg,https://imagenes.passline.com/eventos/-733702-rec.jpg,NO,NO,0,https://www.passline.com/eventos/bandalos-chinos-vandalos
517960,"Mercedes Cañas en concierto, Santiago de Chile, Ganas de volar Tour 2026",,,,2026-10-02,21:00:00,2026-10-02,23:30:00,Club Chocolate,Recoleta,RM,28000.00,$,NO,546,13926668,https://imagenes.passline.com/eventos/-742207-min.jpg,https://imagenes.passline.com/eventos/-742207-rec.jpg,NO,NO,0,https://www.passline.com/eventos/mercedes-canas-en-concierto-santiago-de-chile-ganas-de-volar-tour-2026
530315,ALBERT PLA AND THE SURPRISE BAND,,Música,Conciertos,2026-10-02,21:00:00,2026-10-02,23:30:00,SALA METRONOMO,Recoleta,RM,30000.00,$,NO,786,7695688,https://imagenes.passline.com/eventos/-758171-min.jpg,https://imagenes.passline.com/eventos/-758171-rec.jpg,NO,NO,0,https://www.passline.com/eventos/albert-pla-and-the-surprise-band
533942,BLACK FEST OCTUBRE,,Música,Baile,2026-10-02,22:00:00,2026-10-03,05:00:00,PARQUE LA ARAUCANA,La Florida,RM,10000.00,$,NO,800,13463202,https://imagenes.passline.com/eventos/black-fest-octubre-533942-min.jpg,https://imagenes.passline.com/eventos/black-fest-octubre-533942-rec.jpg,NO,NO,0,https://www.passline.com/eventos/black-fest-octubre
542929,HARDER INTERNACIONAL,,Música,Electro,2026-10-02,22:00:00,2026-10-03,05:00:00,SALA METRONOMO,Recoleta,RM,12000.00,$,NO,712,7695688,https://imagenes.passline.com/eventos/-775647-min.jpg,https://imagenes.passline.com/eventos/-775647-rec.jpg,NO,NO,0,https://www.passline.com/eventos/harder-internacional
537824,Expo tuning Buin,,Exposiciones y Conferencias,Auto Show,2026-10-03,00:00:00,2026-10-03,22:00:00,Cancha de Cerrillos san jorge Buin linderos esta al lado de la carretera de acceso sur ruta 79,Buin,RM,3000.00,$,NO,3891,14061826,https://imagenes.passline.com/eventos/-771670-min.jpg,https://imagenes.passline.com/eventos/-771670-rec.jpg,NO,NO,0,https://www.passline.com/eventos/expo-tuning-buin
461324,CARRERA MOUNTAIN BIKE UC BY CMPC,,,,2026-10-03,09:00:00,2026-10-03,15:30:00,Club Deportivo Universidad Católica,Las Condes,RM,10000.00,$,NO,2436,10749162,https://imagenes.passline.com/eventos/-761541-min.jpg,https://imagenes.passline.com/eventos/-761541-rec.jpg,NO,NO,1,https://www.passline.com/eventos/carrera-mountain-bike-uc-by-cmpc-461324
541403,Festival El Jardín de la Diosa,,Festivales,Conciertos y Festivales,2026-10-03,10:00:00,2026-10-03,19:00:00,El Manzano,San Jos&eacute; de Maipo,RM,29000.00,$,NO,48,14318801,https://imagenes.passline.com/eventos/-773390-min.jpg,https://imagenes.passline.com/eventos/-773390-rec.jpg,NO,NO,0,https://www.passline.com/eventos/festival-el-jardin-de-la-diosa
510070,FIESTA FAMILIAR DE LA HISPANIDAD,,Festivales,Conciertos y Festivales,2026-10-03,13:30:00,2026-10-03,22:30:00,Bosque Luz,Huechuraba,RM,6000.00,$,NO,817,13102584,https://imagenes.passline.com/eventos/-728917-min.jpg,https://imagenes.passline.com/eventos/-728917-rec.jpg,NO,NO,0,https://www.passline.com/eventos/fiesta-familiar-de-la-hispanidad
504811,Santiago Gothic Treffen 2026 - DIA 1 - HOCICO,"hocico, ghostbells",Música,Conciertos,2026-10-03,20:00:00,2026-10-03,23:30:00,Teatro Roma,Santiago,RM,25000.00,$,NO,681,5718888,https://imagenes.passline.com/eventos/-750590-min.jpg,https://imagenes.passline.com/eventos/-750590-rec.jpg,NO,NO,0,https://www.passline.com/eventos/santiago-gothic-treffen-2026-dia-1-hocico
523293,teodioteodio,,Música,Alternative Rock,2026-10-03,20:00:00,2026-10-03,23:30:00,SALA METRONOMO,Recoleta,RM,,$,SI,,10761681,https://imagenes.passline.com/eventos/-749327-min.jpg,https://imagenes.passline.com/eventos/-749327-rec.jpg,NO,NO,0,https://www.passline.com/eventos/teodioteodio
512344,Bandalos Chinos: Vandalos,Bandalos Chinos,Música,POP,2026-10-03,21:00:00,2026-10-03,23:55:00,Blondie,Santiago,RM,,$,SI,,13281094,https://imagenes.passline.com/eventos/-733701-min.jpg,https://imagenes.passline.com/eventos/-733701-rec.jpg,NO,NO,0,https://www.passline.com/eventos/bandalos-chinos-vandalos-512344
525597,CAMINO AL NACIONAL PREVIA OFICIAL IRON MAIDEN CHILE 2026,,,Evento Familiar,2026-10-04,14:00:00,2026-10-04,21:00:00,SALA METRONOMO,Recoleta,RM,10000.00,$,NO,874,10818110,https://imagenes.passline.com/eventos/camino-al-nacional-previa-oficial-iron-maiden-chile-2026-525597-min.jpg,https://imagenes.passline.com/eventos/camino-al-nacional-previa-oficial-iron-maiden-chile-2026-525597-rec.jpg,NO,NO,0,https://www.passline.com/eventos/camino-al-nacional-previa-oficial-iron-maiden-chile-2026
513689,Bandalos Chinos: Vandalos,Bandalos Chinos,Música,POP,2026-10-04,21:00:00,2026-10-04,23:55:00,Blondie,Santiago,RM,38000.00,$,NO,305,13281094,https://imagenes.passline.com/eventos/-746631-min.jpg,https://imagenes.passline.com/eventos/-746631-rec.jpg,NO,NO,0,https://www.passline.com/eventos/bandalos-chinos-vandalos-513689
482632,No Fun At All + Authority Zero en Chile,,,,2026-10-06,19:00:00,2026-10-06,22:30:00,SALA METRONOMO,Recoleta,RM,32000.00,$,NO,39,147313,https://imagenes.passline.com/eventos/-691788-min.jpg,https://imagenes.passline.com/eventos/-691788-rec.jpg,NO,NO,0,https://www.passline.com/eventos/no-fun-at-all-authority-zero-en-chile
537007,Grave en Chile,,Música,Death Metal,2026-10-06,20:00:00,2026-10-06,23:30:00,Teatro Cariola,Santiago,RM,35000.00,$,NO,1470,6843945,https://imagenes.passline.com/eventos/grave-en-chile-537007-min.jpg,https://imagenes.passline.com/eventos/grave-en-chile-537007-rec.jpg,NO,NO,0,https://www.passline.com/eventos/grave-en-chile
512020,TIGERS JAW EN CHILE,,,,2026-10-07,19:00:00,2026-10-07,22:30:00,SALA METRONOMO,Recoleta,RM,38000.00,$,NO,279,147313,https://imagenes.passline.com/eventos/-732276-min.jpg,https://imagenes.passline.com/eventos/-732276-rec.jpg,NO,NO,0,https://www.passline.com/eventos/tigers-jaw-en-chile-512020
531544,H-SUR A TRIBUTE TO RUSH: LIMELIGHT,"LiveMusic, MúsicaEnVivo, ShowEnVivo, Concierto, EventosChile, TributoEnVivo, MúsicaTributo, CulturaEnVivo, NochesDeMúsica, DiversiónEnVivo, VibrasEnVivo, TurismoYConciertos, CoverBand, Experiencia",Música,Conciertos,2026-10-08,20:00:00,2026-10-08,22:30:00,CLUB AMANDA,Vitacura,RM,22000.00,$,NO,288097,52690,https://imagenes.passline.com/eventos/hsur-a-tribute-to-rush-limelight-531544-min.jpg,https://imagenes.passline.com/eventos/hsur-a-tribute-to-rush-limelight-531544-rec.jpg,NO,NO,0,https://www.passline.com/eventos/hsur-a-tribute-to-rush-limelight
517072,DREGEN EN CHILE / RBX,,,,2026-10-08,20:30:00,2026-10-09,01:00:00,Sala RBX,&Ntilde;u&ntilde;oa,RM,20000.00,$,NO,280439,1380637,https://imagenes.passline.com/eventos/dregen-en-chile-rbx-517072-min.jpg,https://imagenes.passline.com/eventos/dregen-en-chile-rbx-517072-rec.jpg,NO,NO,0,https://www.passline.com/eventos/dregen-en-chile-rbx
501439,Chapterhouse por primera vez en Chile,Chapterhouse,,,2026-10-09,20:00:00,2026-10-09,23:30:00,Sala RBX,&Ntilde;u&ntilde;oa,RM,35000.00,$,NO,298,493808,https://imagenes.passline.com/eventos/-716692-min.jpg,https://imagenes.passline.com/eventos/-716692-rec.jpg,NO,NO,0,https://www.passline.com/eventos/chapterhouse-por-primera-vez-en-chile
513655,CODA - One night stand,,,,2026-10-10,20:00:00,2026-10-10,23:30:00,Teatro Cariola,Santiago,RM,49000.00,$,NO,167,6843945,https://imagenes.passline.com/eventos/-733947-min.jpg,https://imagenes.passline.com/eventos/-733947-rec.jpg,NO,NO,0,https://www.passline.com/eventos/coda-one-night-stand
530174,A Flock of Seagulls en vivo.,,Música,80S Music,2026-10-10,21:00:00,2026-10-10,23:00:00,Blondie,Santiago,RM,32000.00,$,NO,781075,30119,https://imagenes.passline.com/eventos/a-flock-of-seagulls-en-vivo-530174-min.jpg,https://imagenes.passline.com/eventos/a-flock-of-seagulls-en-vivo-530174-rec.jpg,NO,NO,0,https://www.passline.com/eventos/a-flock-of-seagulls-en-vivo-530174
536783,Rodrigo Villegas ‘’Esto Es Para Ustedes’’,Rodrigo Villegas,Comedia,Comedia,2026-10-10,21:00:00,2026-10-11,03:00:00,Centro Parque La Araucana,La Florida,RM,15000.00,$,NO,1189,14241429,https://imagenes.passline.com/eventos/rodrigo-villegas-esto-es-para-ustedes-536783-min.jpg,https://imagenes.passline.com/eventos/rodrigo-villegas-esto-es-para-ustedes-536783-rec.jpg,NO,NO,0,https://www.passline.com/eventos/rodrigo-villegas-esto-es-para-ustedes-536783
537550,Concierto intimo POLLO FUENTE en  Rustiko Huechuraba,,Música,80S Music,2026-10-10,21:30:00,2026-10-11,03:30:00,Rustiko Huehuraba,Huechuraba,RM,18000.00,$,NO,150,11725058,https://imagenes.passline.com/eventos/-770607-min.jpg,https://imagenes.passline.com/eventos/-770607-rec.jpg,NO,NO,0,https://www.passline.com/eventos/concierto-intimo-pollo-fuente-en-rustiko-huechuraba
526490,The Live Jam,,,Multicultural,2026-10-11,14:30:00,2026-10-11,21:00:00,Teatro Parque Cousiño,Santiago,RM,8000.00,$,NO,190,14073959,https://imagenes.passline.com/eventos/the-live-jam-526490-min.jpg,https://imagenes.passline.com/eventos/the-live-jam-526490-rec.jpg,NO,NO,0,https://www.passline.com/eventos/the-live-jam
529373,Delirancia de Vino y Tarot,,Música,Dance,2026-10-11,19:00:00,2026-10-11,21:30:00,Teatro Mori Bellavista,Santiago,RM,24000.00,$,NO,120,851740,https://imagenes.passline.com/eventos/delirancia-de-vino-y-tarot-529373-min.jpg,https://imagenes.passline.com/eventos/delirancia-de-vino-y-tarot-529373-rec.jpg,NO,NO,0,https://www.passline.com/eventos/delirancia-de-vino-y-tarot
533079,AMY WINEHOUSE & GEORGE MICHAEL — DOBLE SHOW TRIBUTO,"amy winehouse, george michael, LiveMusic, MúsicaEnVivo, ShowEnVivo, Concierto, ConciertosChile, EventosChile, AgendaCultural, PanoramaSantiago, QuéHacerEnSantiago, QuéHacerHoy, VidaNocturna, Experi",Música,Conciertos,2026-10-11,21:00:00,2026-10-11,22:30:00,CLUB CHOCOLATE,Recoleta,RM,10000.00,$,NO,5700046,53825,https://imagenes.passline.com/eventos/amy-winehouse-george-michael-doble-show-tributo-533079-min.jpg,https://imagenes.passline.com/eventos/amy-winehouse-george-michael-doble-show-tributo-533079-rec.jpg,NO,NO,0,https://www.passline.com/eventos/amy-winehouse-george-michael-doble-show-tributo
499528,Between the Buried and Me,,,,2026-10-13,20:00:00,2026-10-13,23:30:00,Teatro Cariola,Santiago,RM,46000.00,$,NO,1043,6843945,https://imagenes.passline.com/eventos/between-the-buried-and-me-499528-min.jpg,https://imagenes.passline.com/eventos/between-the-buried-and-me-499528-rec.jpg,NO,NO,0,https://www.passline.com/eventos/between-the-buried-and-me
532257,Yorka en Centro Arte Alameda,,Música,Conciertos,2026-10-14,20:00:00,2026-10-14,22:00:00,CENTRO ARTE ALAMEDA,Santiago,RM,17000.00,$,NO,145,1055535,https://imagenes.passline.com/eventos/-761054-min.jpg,https://imagenes.passline.com/eventos/-761054-rec.jpg,NO,NO,0,https://www.passline.com/eventos/yorka-en-centro-arte-alameda
480420,3 DUEÑOS | INTERNACIONALES TOUR,"Budú, Dj13 y Zibilino",Música,Concert Tours,2026-10-15,20:00:00,2026-10-15,22:30:00,Club Chocolate,Recoleta,RM,29000.00,$,NO,50,650266,https://imagenes.passline.com/eventos/-774660-min.jpg,https://imagenes.passline.com/eventos/-774660-rec.jpg,NO,NO,0,https://www.passline.com/eventos/3-duenos-internacionales-tour
486833,ROY KHAN EN CHILE,,,,2026-10-15,21:00:00,2026-10-15,23:00:00,Blondie,Santiago,RM,48000.00,$,NO,575,5073199,https://imagenes.passline.com/eventos/roy-khan-en-chile-486833-min.jpg,https://imagenes.passline.com/eventos/roy-khan-en-chile-486833-rec.jpg,NO,NO,0,https://www.passline.com/eventos/roy-khan-en-chile
543288,"VA TARDE, Stand up Comedy",Carlos Jelambi,,Comedia Latina,2026-10-15,22:00:00,2026-10-15,23:30:00,Palermo Teatro Bar,Providencia,RM,20000.00,$,NO,145,650266,https://imagenes.passline.com/eventos/va-tarde-carlos-jelambi-543288-min.jpg,https://imagenes.passline.com/eventos/va-tarde-carlos-jelambi-543288-rec.jpg,NO,NO,0,https://www.passline.com/eventos/va-tarde-carlos-jelambi
525924,DÍA DEL PROFESOR Y PROFESORA EN TEATRO CARIOLA,,Música,Cueca,2026-10-16,16:00:00,2026-10-17,00:00:00,BAR VICTORIA,Pedro Aguirre Cerda,RM,10000.00,$,NO,48,1146137,https://imagenes.passline.com/eventos/dia-del-profesor-y-profesora-en-teatro-cariola-525924-min.jpg,https://imagenes.passline.com/eventos/dia-del-profesor-y-profesora-en-teatro-cariola-525924-rec.jpg,NO,NO,0,https://www.passline.com/eventos/dia-del-profesor-y-profesora-en-teatro-cariola
536671,SISTEMA DE ENTRETENIMIENTO (España) en Chile 2026,sistema de entretenimiento,Música,Alternative Rock,2026-10-16,22:00:00,2026-10-16,23:30:00,Sala RBX,&Ntilde;u&ntilde;oa,RM,25000.00,$,NO,364,493808,https://imagenes.passline.com/eventos/sistema-de-entretenimiento-espana-en-chile-2026-536671-min.jpg,https://imagenes.passline.com/eventos/sistema-de-entretenimiento-espana-en-chile-2026-536671-rec.jpg,NO,NO,0,https://www.passline.com/eventos/sistema-de-entretenimiento-espana-en-chile-2026
539384,El Honesto Mike: Mike Fest,"Los Tetas, Gufi, Estoy Bien, Scott y los Pelmazos, Mala Postura",Festivales,Festival de Gastronomía,2026-10-17,14:00:00,2026-10-18,05:00:00,Alto San Francisco,Santiago,RM,25000.00,$,NO,1998,5587061,https://imagenes.passline.com/eventos/-778526-min.jpg,https://imagenes.passline.com/eventos/-778526-rec.jpg,NO,NO,0,https://www.passline.com/eventos/el-honesto-mike-mike-fest
539057,ExpoYoga 2026 / Stands,,Exposiciones y Conferencias,Beauty Expo,2026-10-17,08:00:00,2026-10-18,21:00:00,Estación Mapocho,Santiago,RM,250000.00,$,NO,120,14289582,https://imagenes.passline.com/eventos/expo-yoga-2026-stands-539057-min.jpg,https://imagenes.passline.com/eventos/expo-yoga-2026-stands-539057-rec.jpg,NO,SI,1,https://www.passline.com/eventos/expo-yoga-2026-stands
536030,ExpoYoga 2026 Dia 1,,Exposiciones y Conferencias,Ferias/Exposiciones/Conferencias,2026-10-17,09:00:00,2026-10-17,20:00:00,Estación Mapocho,Santiago,RM,8000.00,$,NO,771,14289582,https://imagenes.passline.com/eventos/-770210-min.jpg,https://imagenes.passline.com/eventos/-770210-rec.jpg,NO,NO,0,https://www.passline.com/eventos/expoyoga-2026-536030
502990,Batalla del Tattoo - Chimkowe en Tinta,,,,2026-10-17,12:00:00,2026-10-18,23:55:00,Chimkowe,Pe&ntilde;alol&eacute;n,RM,11000.00,$,NO,255,8605034,https://imagenes.passline.com/eventos/batalla-del-tatto-502990-min.jpg,https://imagenes.passline.com/eventos/batalla-del-tatto-502990-rec.jpg,NO,NO,0,https://www.passline.com/eventos/batalla-del-tattoo-chimkowe-en-tinta-502990
541889,MEDIEVAL PARTY HALLOWEEN FEST 2026,,Festivales,Festival de la Cerveza,2026-10-17,12:00:00,2026-10-18,20:30:00,Aldea Encuentro,La Reina,RM,4000.00,$,NO,7384,250251,https://imagenes.passline.com/eventos/-775193-min.jpg,https://imagenes.passline.com/eventos/-775193-rec.jpg,NO,NO,0,https://www.passline.com/eventos/medieval-party-halloween-fest-2026
543714,Feria pumpkin weekend x Junta fans: Spooky Month!,,Exposiciones y Conferencias,Arte & Cultura,2026-10-17,12:00:00,2026-10-17,20:00:00,Club de la union,Santiago,RM,3000.00,$,NO,1100,14379092,https://imagenes.passline.com/eventos/feria-pumpkin-weekend-x-junta-fans-spooky-month-543714-min.jpg,https://imagenes.passline.com/eventos/feria-pumpkin-weekend-x-junta-fans-spooky-month-543714-rec.jpg,NO,NO,0,https://www.passline.com/eventos/feria-pumpkin-weekend-x-junta-fans-spooky-month
541483,ANIVERSARIO ATARDECERES - 17 OCT PARQUE PADRE HURTADO,,Música,Electrónica,2026-10-17,14:00:00,2026-10-17,22:30:00,Parque padre Hurtado,La Reina,RM,25000.00,$,NO,5900300,32863,https://imagenes.passline.com/eventos/fiestas.jpg,https://imagenes.passline.com/eventos/fiestas.jpg,NO,NO,1,https://www.passline.com/eventos/aniversario-atardeceres-17-oct-parque-padre-hurtado
509542,Matias Rodriguez La despedida,,Deportes,Eventos Deportivos,2026-10-17,15:00:00,2026-10-17,23:00:00,Bicentenario de la Florida,La Florida,RM,10000.00,$,NO,10814,13783782,https://imagenes.passline.com/eventos/matias-rodriguez-la-despedida-509542-min.jpg,https://imagenes.passline.com/eventos/matias-rodriguez-la-despedida-509542-rec.jpg,NO,SI,1,https://www.passline.com/eventos/matias-rodriguez-la-despedida
490918,Lola Awards 4. Rey Oso Desayunos,"Osa Lola, Oso LoLo, Osa Poly",Música,Comedy Musical,2026-10-17,18:30:00,2026-10-17,22:00:00,Teatro Municipal de Paine,Paine,RM,0.00,$,NO,102,6266220,https://imagenes.passline.com/eventos/-763019-min.jpg,https://imagenes.passline.com/eventos/-763019-rec.jpg,NO,SI,1,https://www.passline.com/eventos/lola-awards-4-rey-oso-desayunos
531766,Candy66 Vuelve a Santiago de Chile tour 2026,,Música,Concert,2026-10-17,20:00:00,2026-10-17,23:00:00,Club Chocolate,Recoleta,RM,26000.00,$,NO,94,438077,https://imagenes.passline.com/eventos/-760378-min.jpg,https://imagenes.passline.com/eventos/-760378-rec.jpg,NO,NO,0,https://www.passline.com/eventos/candy66-vuelve-a-santiago-de-chile-tour-2026
534881,"ASTRONOMY, TRIBUTO A PINK FLOYD EN RBX",,Música,Alternative Rock,2026-10-17,22:00:00,2026-10-18,01:30:00,Sala RBX,&Ntilde;u&ntilde;oa,RM,5000.00,$,NO,200,561156,https://imagenes.passline.com/eventos/astronomy-tributo-a-pink-floyd-en-rbx-534881-min.jpg,https://imagenes.passline.com/eventos/astronomy-tributo-a-pink-floyd-en-rbx-534881-rec.jpg,NO,NO,0,https://www.passline.com/eventos/astronomy-tributo-a-pink-floyd-en-rbx
539872,ExpoYoga 2026 Promo Dos Dias 17 & 18 de Oct,,Exposiciones y Conferencias,Ferias/Exposiciones/Conferencias,2026-10-18,09:00:00,2026-10-18,20:00:00,Estación Mapocho,Santiago,RM,25000.00,$,NO,585,14289582,https://imagenes.passline.com/eventos/expoyoga-2026-promo-dos-dias-539872-min.jpg,https://imagenes.passline.com/eventos/expoyoga-2026-promo-dos-dias-539872-rec.jpg,NO,NO,0,https://www.passline.com/eventos/expoyoga-2026-promo-dos-dias-539872
539652,ExpoYoga 2026 Dia 2,,Exposiciones y Conferencias,Ferias/Exposiciones/Conferencias,2026-10-18,10:00:00,2026-10-18,20:00:00,Estación Mapocho,Santiago,RM,8000.00,$,NO,793,14289582,https://imagenes.passline.com/eventos/expoyoga-2026-539652-min.jpg,https://imagenes.passline.com/eventos/expoyoga-2026-539652-rec.jpg,NO,NO,0,https://www.passline.com/eventos/expoyoga-2026-539652
541965,Mortiis en Sala RBX,,Música,Metal,2026-10-18,20:00:00,2026-10-18,23:30:00,Sala RBX,&Ntilde;u&ntilde;oa,RM,28000.00,$,NO,69,6843945,https://imagenes.passline.com/eventos/mortiis-en-sala-rbx-541965-min.jpg,https://imagenes.passline.com/eventos/mortiis-en-sala-rbx-541965-rec.jpg,NO,NO,0,https://www.passline.com/eventos/mortiis-en-sala-rbx
512610,Evento Boletería POS  prueba,,,,2026-10-19,00:00:00,2026-10-21,23:30:00,Venue Passline,Vitacura,RM,1000.00,$,NO,1100,1384034,https://imagenes.passline.com/eventos/evento-boleteria-pos-prueba-512610-min.jpg,https://imagenes.passline.com/eventos/evento-boleteria-pos-prueba-512610-rec.jpg,NO,NO,0,https://www.passline.com/eventos/evento-boleteria-pos-prueba
539062,Horna en Chile,,Música,Metal,2026-10-20,20:00:00,2026-10-20,23:30:00,Sala RBX,&Ntilde;u&ntilde;oa,RM,28000.00,$,NO,367,6843945,https://imagenes.passline.com/eventos/horna-en-chile-539062-min.jpg,https://imagenes.passline.com/eventos/horna-en-chile-539062-rec.jpg,NO,NO,0,https://www.passline.com/eventos/horna-en-chile
499344,Fit For A King en Chile,,,,2026-10-20,21:00:00,2026-10-20,23:30:00,SALA METRONOMO,Recoleta,RM,35000.00,$,NO,718,7695688,https://imagenes.passline.com/eventos/-713725-min.jpg,https://imagenes.passline.com/eventos/-713725-rec.jpg,NO,NO,0,https://www.passline.com/eventos/fit-for-a-king-en-chile
534163,Comiqueræs 2026,,Cine,Alternative Cinema,2026-10-22,10:00:00,2026-10-22,17:00:00,Facultad de humanidades USACH,Estacion Central,RM,0.00,$,NO,493,14196204,https://imagenes.passline.com/eventos/comiquers-2026-534163-min.jpg,https://imagenes.passline.com/eventos/comiquers-2026-534163-rec.jpg,NO,NO,0,https://www.passline.com/eventos/comiquers-2026
519478,Malevolent Creation + Mystic Circle,,,,2026-10-22,20:00:00,2026-10-22,23:30:00,Teatro Cariola,Santiago,RM,30000.00,$,NO,131,6843945,https://imagenes.passline.com/eventos/malevolent-creation-mystic-circle-519478-min.jpg,https://imagenes.passline.com/eventos/malevolent-creation-mystic-circle-519478-rec.jpg,NO,NO,0,https://www.passline.com/eventos/malevolent-creation-mystic-circle
539053,Obus en Chile 2026,,Música,Conciertos,2026-10-23,19:00:00,2026-10-23,22:30:00,Sala RBX,&Ntilde;u&ntilde;oa,RM,25000.00,$,NO,93,6620371,https://imagenes.passline.com/eventos/obus-en-chile-2026-539053-min.jpg,https://imagenes.passline.com/eventos/obus-en-chile-2026-539053-rec.jpg,NO,NO,0,https://www.passline.com/eventos/obus-en-chile-2026
541488,Los PetitFellas en Chile,,Música,Alternative Rock Show,2026-10-23,19:00:00,2026-10-23,23:30:00,Club Chocolate,Recoleta,RM,25000.00,$,NO,870,6203296,https://imagenes.passline.com/eventos/los-petitfellas-en-chile-541488-min.jpg,https://imagenes.passline.com/eventos/los-petitfellas-en-chile-541488-rec.jpg,NO,NO,0,https://www.passline.com/eventos/los-petitfellas-en-chile
543001,TRIO LOS PANCHO NOSTALGIA TOUR,,Música,Conciertos,2026-10-23,19:00:00,2026-10-23,23:30:00,Teatro Cariola,Santiago,RM,10000.00,$,NO,1,14358262,https://imagenes.passline.com/eventos/fiestas.jpg,https://imagenes.passline.com/eventos/fiestas.jpg,NO,NO,0,https://www.passline.com/eventos/trio-los-pancho-nostalgia-tour
514890,Apocalyptica en Teatro Cariola,,,,2026-10-23,20:00:00,2026-10-23,23:30:00,Teatro Cariola,Santiago,RM,42000.00,$,NO,614,6843945,https://imagenes.passline.com/eventos/apocalyptica-en-teatro-cariola-514890-min.jpg,https://imagenes.passline.com/eventos/apocalyptica-en-teatro-cariola-514890-rec.jpg,NO,NO,0,https://www.passline.com/eventos/apocalyptica-en-teatro-cariola
543756,Luis Angel Diaz,,Música,Música Bailable,2026-10-23,20:00:00,2026-10-24,04:00:00,La Quinta Muranos,Santiago,RM,,$,SI,,14381403,https://imagenes.passline.com/eventos/luis-angel-diaz-543756-min.jpg,https://imagenes.passline.com/eventos/luis-angel-diaz-543756-rec.jpg,NO,NO,0,https://www.passline.com/eventos/luis-angel-diaz
543432,Pensar en Grande- Primavera 2026,,Exposiciones y Conferencias,Seminario,2026-10-24,15:00:00,2026-10-24,20:30:00,PROXIMAMENTE,Las Condes,RM,35000.00,$,NO,300,14239636,https://imagenes.passline.com/eventos/pensar-en-grande-primavera-2026-543432-min.jpg,https://imagenes.passline.com/eventos/pensar-en-grande-primavera-2026-543432-rec.jpg,NO,NO,0,https://www.passline.com/eventos/pensar-en-grande-primavera-2026
518917,AC/DC Fans Fest Chile,,Festivales,Festival de Rock,2026-10-24,16:00:00,2026-10-25,02:00:00,Sala RBX,&Ntilde;u&ntilde;oa,RM,12000.00,$,NO,37,4893631,https://imagenes.passline.com/eventos/acdc-fans-fest-chile-518917-min.jpg,https://imagenes.passline.com/eventos/acdc-fans-fest-chile-518917-rec.jpg,NO,NO,0,https://www.passline.com/eventos/acdc-fans-fest-chile
532977,MARIO GALLO Y LOS INCONDICIONALES,"MARIO GALLO, LiveMusic, MúsicaEnVivo, ShowEnVivo, Concierto, EventosChile, TributoEnVivo, MúsicaTributo, CulturaEnVivo, NochesDeMúsica, DiversiónEnVivo, VibrasEnVivo, TurismoYConciertos, CoverBand",Música,Conciertos,2026-10-24,21:00:00,2026-10-24,22:30:00,CLUB AMANDA,Vitacura,RM,15000.00,$,NO,288234,52690,https://imagenes.passline.com/eventos/-761640-min.jpg,https://imagenes.passline.com/eventos/-761640-rec.jpg,NO,NO,0,https://www.passline.com/eventos/mario-gallo-y-los-incondicionales
543218,SHING02 & SPIN MASTER A-1: LUV(SIC) HEXALOGY LATAM TOUR 2026,,Música,Hip Hop,2026-10-24,21:00:00,2026-10-24,23:55:00,SALA METRONOMO,Recoleta,RM,,$,SI,,7695688,https://imagenes.passline.com/eventos/-775960-min.jpg,https://imagenes.passline.com/eventos/-775960-rec.jpg,NO,NO,0,https://www.passline.com/eventos/shing02-spin-master-a1-luvsic-hexalogy-latam-tour-2026-543218
522427,Circdomingo HALLOWEN,,Familia,Circo Infantil,2026-10-25,11:00:00,2026-10-25,13:00:00,Aldea Encuentro,La Reina,RM,0.00,$,NO,786,8700874,https://imagenes.passline.com/eventos/fiestas.jpg,https://imagenes.passline.com/eventos/fiestas.jpg,NO,NO,0,https://www.passline.com/eventos/circdomingo-hallowen-522427
506335,Six Feet Under en Chile,Six Feet Under,Música,Death Metal,2026-10-25,17:00:00,2026-10-25,23:00:00,Teatro Cariola,Santiago,RM,40000.00,$,NO,567,2077592,https://imagenes.passline.com/eventos/six-feet-under-en-chile-506335-min.jpg,https://imagenes.passline.com/eventos/six-feet-under-en-chile-506335-rec.jpg,NO,NO,0,https://www.passline.com/eventos/six-feet-under-en-chile
534133,Un Mentes Expertas de Nathaly Marcus,,Bienestar,Motivation,2026-10-26,19:00:00,2026-10-26,21:00:00,Hotel Intercontinental,Las Condes,RM,50000.00,$,NO,1200,3926595,https://imagenes.passline.com/eventos/fiestas.jpg,https://imagenes.passline.com/eventos/fiestas.jpg,NO,SI,1,https://www.passline.com/eventos/un-mentes-expertas-de-nathaly-marcus
531883,H2O vuelve a Chile,,Música,Concert Tours,2026-10-28,19:00:00,2026-10-28,23:00:00,SALA METRONOMO,Recoleta,RM,36000.00,$,NO,536,147313,https://imagenes.passline.com/eventos/-760028-min.jpg,https://imagenes.passline.com/eventos/-760028-rec.jpg,NO,NO,0,https://www.passline.com/eventos/h2o-vuelve-a-chile
534518,Inventada Podcast en Centro Arte Alameda,,Comedia,Humor / Stand Up Comedy,2026-10-28,19:30:00,2026-10-28,22:00:00,CENTRO ARTE ALAMEDA,Santiago,RM,15000.00,$,NO,136,1055535,https://imagenes.passline.com/eventos/inventada-podcast-en-centro-arte-alameda-534518-min.jpg,https://imagenes.passline.com/eventos/inventada-podcast-en-centro-arte-alameda-534518-rec.jpg,NO,NO,0,https://www.passline.com/eventos/inventada-podcast-en-centro-arte-alameda
449691,BENEDICTION,BENEDICTION,Música,Death Metal,2026-10-28,21:00:00,2026-10-28,23:55:00,Teatro Cariola,Santiago,RM,39000.00,$,NO,1143,6843945,https://imagenes.passline.com/eventos/-637234-min.jpg,https://imagenes.passline.com/eventos/-637234-rec.jpg,NO,NO,0,https://www.passline.com/eventos/benediction
537253,CARL COX - ON TOUR →,Carl Cox,Música,Electrónica,2026-10-29,18:00:00,2026-10-30,00:00:00,Parque Ciudad Empresarial,Huechuraba,RM,56000.00,$,NO,1940,159382,https://imagenes.passline.com/eventos/-769218-min.jpg,https://imagenes.passline.com/eventos/-769218-rec.jpg,NO,NO,0,https://www.passline.com/eventos/carl-cox-la-feria-on-tour
511164,The Rasmus - Weirdo Tour 2026,,,,2026-10-29,20:00:00,2026-10-29,23:30:00,Teatro Cariola,Santiago,RM,42000.00,$,NO,299,6843945,https://imagenes.passline.com/eventos/the-rasmus-weirdo-tour-2026-511164-min.jpg,https://imagenes.passline.com/eventos/the-rasmus-weirdo-tour-2026-511164-rec.jpg,NO,NO,0,https://www.passline.com/eventos/the-rasmus-weirdo-tour-2026
534454,"Concierto Optimistas bien informados, Sicoide y Rey Fango","Optimistas bien informados, Rey Fango, Sicoide",Música,Alternative Rock Show,2026-10-29,20:00:00,2026-10-29,23:30:00,Sala RBX,&Ntilde;u&ntilde;oa,RM,5000.00,$,NO,100,14199594,https://imagenes.passline.com/eventos/concierto-optimistas-bien-informados-sicoide-y-rey-fango-534454-min.jpg,https://imagenes.passline.com/eventos/concierto-optimistas-bien-informados-sicoide-y-rey-fango-534454-rec.jpg,NO,NO,0,https://www.passline.com/eventos/concierto-optimistas-bien-informados-sicoide-y-rey-fango
541160,TIPLING ROCK EN SANTIAGO,,Música,Alternative Rock,2026-10-29,20:00:00,2026-10-29,23:30:00,SALA METRONOMO,Recoleta,RM,20000.00,$,NO,652,3946165,https://imagenes.passline.com/eventos/-776057-min.jpg,https://imagenes.passline.com/eventos/-776057-rec.jpg,NO,NO,0,https://www.passline.com/eventos/tipling-rock-en-santiago
540771,CONVERGENCE VOL1,,Música,Alternative Metal,2026-10-30,20:00:00,2026-10-30,23:30:00,Sala RBX,&Ntilde;u&ntilde;oa,RM,8000.00,$,NO,300,11144751,https://imagenes.passline.com/eventos/convergence-vol1-540771-min.jpg,https://imagenes.passline.com/eventos/convergence-vol1-540771-rec.jpg,NO,NO,0,https://www.passline.com/eventos/convergence-vol1
484195,mega concierto noche de gloria,,,,2026-10-31,16:00:00,2026-10-31,20:00:00,Auditorio ICTUE,Cerrillos,RM,10000.00,$,NO,4996,13242773,https://imagenes.passline.com/eventos/-774312-min.jpg,https://imagenes.passline.com/eventos/-774312-rec.jpg,NO,NO,0,https://www.passline.com/eventos/mega-concierto-noche-de-gloria
541969,Gran Concierto ,,Festivales,Conciertos y Festivales,2026-10-31,16:00:00,2026-10-31,20:00:00,Gran Auditorio ICTUE,Cerrillos,RM,10000.00,$,NO,9000,14339659,https://imagenes.passline.com/eventos/gran-concierto-noche-de-gloria-541969-min.jpg,https://imagenes.passline.com/eventos/gran-concierto-noche-de-gloria-541969-rec.jpg,NO,NO,0,https://www.passline.com/eventos/gran-concierto-noche-de-gloria
508700,Open Blondie: Noche de Brujas 2026,,,,2026-10-31,19:00:00,2026-11-01,04:00:00,Club Hipico,Santiago,RM,16000.00,$,NO,6219,30119,https://imagenes.passline.com/eventos/open-blondie-noche-de-brujas-2026-508700-min.jpg,https://imagenes.passline.com/eventos/open-blondie-noche-de-brujas-2026-508700-rec.jpg,NO,NO,0,https://www.passline.com/eventos/open-blondie-noche-de-brujas-2026
534502,EL FUEGO DEL RENACER,"KUERVOS DEL SUR, LARGO TOUR ENSAMBLE,",Exposiciones y Conferencias,Arte & Cultura,2026-10-31,19:00:00,2026-10-31,23:00:00,Teatro Cariola,Santiago,RM,15000.00,$,NO,187,2613055,https://imagenes.passline.com/eventos/-765203-min.jpg,https://imagenes.passline.com/eventos/-765203-rec.jpg,NO,NO,0,https://www.passline.com/eventos/el-fuego-del-renacer
520267,🩸 SINIESTRO HALLOWEEN 2026 ⚠️ 🩸 Versión payasos 🤡 asesin0s 🤡 - mega parcelazo / sab,,,,2026-10-31,22:00:00,2026-11-01,05:00:00,Spot secreto 🤐,Santiago,RM,6000.00,$,NO,401653,7892781,https://imagenes.passline.com/eventos/siniestro-halloween-2026-version-payasos-asesin0s-mega-parcelazo-sab-31-oct-spot-secreto-520267-min.jpg,https://imagenes.passline.com/eventos/siniestro-halloween-2026-version-payasos-asesin0s-mega-parcelazo-sab-31-oct-spot-secreto-520267-rec.jpg,NO,NO,0,https://www.passline.com/eventos/siniestro-halloween-2026-version-payasos-asesin0s-mega-parcelazo-sab-31-oct-spot-secreto
533946,BLACK FEST HALLOWEEN,,,Fiesta,2026-10-31,22:00:00,2026-11-01,05:00:00,PARQUE LA ARAUCANA,La Florida,RM,15000.00,$,NO,1000,13463202,https://imagenes.passline.com/eventos/black-fest-halloween-533946-min.jpg,https://imagenes.passline.com/eventos/black-fest-halloween-533946-rec.jpg,NO,NO,0,https://www.passline.com/eventos/black-fest-halloween
537249,THE VIBE HALLOWEEN - BLOODY OLIMPUS,,Halloween,Halloween,2026-10-31,22:00:00,2026-11-01,04:55:00,Lo barnechea.,Lo Barnechea,RM,5000.00,$,NO,612878,6475006,https://imagenes.passline.com/eventos/-767658-min.jpg,https://imagenes.passline.com/eventos/-767658-rec.jpg,NO,NO,1,https://www.passline.com/eventos/the-vibe-halloween-bloody-olimpus
538103,La noche de la MONGA 🦍: Terror en la JUNGLA 🍃 / mega spot secreto - BAR ABIERTO 🥃 - SAB 31 ,,,Fiesta,2026-10-31,22:00:00,2026-11-01,05:00:00,Spot secreto,Santiago,RM,8000.00,$,NO,800,14158672,https://imagenes.passline.com/eventos/fiestas.jpg,https://imagenes.passline.com/eventos/fiestas.jpg,NO,NO,0,https://www.passline.com/eventos/la-noche-de-la-monga-terror-en-la-jungla-mega-spot-secreto-bar-abierto-sab-31-oct
515007,VERSO FINAL x TEATRO CARIOLA,,,,2026-11-01,16:30:00,2026-11-01,22:30:00,Teatro Cariola,Santiago,RM,13500.00,$,NO,258,11886488,https://imagenes.passline.com/eventos/verso-final-x-teatro-cariola-515007-min.jpg,https://imagenes.passline.com/eventos/verso-final-x-teatro-cariola-515007-rec.jpg,NO,NO,0,https://www.passline.com/eventos/verso-final-x-teatro-cariola
541206,TALENT WOMAN Power Skills,,Exposiciones y Conferencias,Business & Networking,2026-11-04,09:00:00,2026-11-04,14:00:00,Auditorio Cámara de Comercio Santiago,Santiago,RM,30000.00,$,NO,180,12216770,https://imagenes.passline.com/eventos/-775239-min.jpg,https://imagenes.passline.com/eventos/-775239-rec.jpg,NO,NO,0,https://www.passline.com/eventos/talent-woman-power-skills-541206
523741,TR/ST en Blondie,TR/ST,Música,Concert,2026-11-05,21:00:00,2026-11-05,23:00:00,Blondie,Santiago,RM,35000.00,$,NO,439,13281094,https://imagenes.passline.com/eventos/trst-en-blondie-523741-min.jpg,https://imagenes.passline.com/eventos/trst-en-blondie-523741-rec.jpg,NO,NO,1,https://www.passline.com/eventos/trst-en-blondie
543459,REIS BELICO en Santiago de Chile,RERIS BELICO,Música,Conciertos,2026-11-05,21:00:00,2026-11-05,23:00:00,Club Chocolate,Recoleta,RM,26000.00,$,NO,420,650266,https://imagenes.passline.com/eventos/reis-belico-en-santiago-de-chile-543459-min.jpg,https://imagenes.passline.com/eventos/reis-belico-en-santiago-de-chile-543459-rec.jpg,NO,NO,0,https://www.passline.com/eventos/reis-belico-en-santiago-de-chile
517295,AVANT PREMIÈRE AROMASFEST,,,,2026-11-06,18:00:00,2026-11-06,22:00:00,"Hotel Wyndham Pettra, La Dehesa",Lo Barnechea,RM,60000.00,$,NO,1489,10994987,https://imagenes.passline.com/eventos/avant-premiere-aromasfest-min.jpg,https://imagenes.passline.com/eventos/avant-premiere-aromasfest-rec.jpg,NO,NO,0,https://www.passline.com/eventos/avant-premiere-aromasfest
538553,Zell en Santiago de Chile,,Música,Conciertos,2026-11-06,21:00:00,2026-11-06,23:00:00,SALA METRONOMO,Recoleta,RM,18000.00,$,NO,524,10761681,https://imagenes.passline.com/eventos/-770616-min.jpg,https://imagenes.passline.com/eventos/-770616-rec.jpg,NO,NO,0,https://www.passline.com/eventos/zell-en-santiago-de-chile-538553
539275,Audiostoners (Arg) - Homenaje a Chris Cornell en Santiago de Chile,,Música,Conciertos,2026-11-06,21:00:00,2026-11-07,00:00:00,Sala RBX,&Ntilde;u&ntilde;oa,RM,10000.00,$,NO,79,12896813,https://imagenes.passline.com/eventos/audiostoners-arg-homenaje-a-chris-cornell-en-santiago-de-chile-539275-min.jpg,https://imagenes.passline.com/eventos/audiostoners-arg-homenaje-a-chris-cornell-en-santiago-de-chile-539275-rec.jpg,NO,NO,0,https://www.passline.com/eventos/audiostoners-arg-homenaje-a-chris-cornell-en-santiago-de-chile
517015,III Versión AromasFest 2026 - 7 Noviembre,,,,2026-11-07,11:00:00,2026-11-07,21:00:00,"Hotel Wyndham Pettra, La Dehesa",Lo Barnechea,RM,10000.00,$,NO,1474,10994987,https://imagenes.passline.com/eventos/iii-version-aromasfest-2026-517015-min.jpg,https://imagenes.passline.com/eventos/iii-version-aromasfest-2026-517015-rec.jpg,NO,NO,0,https://www.passline.com/eventos/iii-version-aromasfest-2026
518852,TALLER ,,,,2026-11-07,11:00:00,2026-11-07,21:00:00,Hotel Wyndham Pettra,Lo Barnechea,RM,69000.00,$,NO,58,10994987,https://imagenes.passline.com/eventos/taller-crea-tu-propio-perfume-518852-min.jpg,https://imagenes.passline.com/eventos/taller-crea-tu-propio-perfume-518852-rec.jpg,NO,NO,0,https://www.passline.com/eventos/taller-crea-tu-propio-perfume
526091,Taller de Perfumería Botánica,,Exposiciones y Conferencias,Cultural Events,2026-11-07,11:00:00,2026-11-07,21:00:00,Hotel Wyndham Santiago Pettra,Lo Barnechea,RM,69000.00,$,NO,20,10994987,https://imagenes.passline.com/eventos/taller-de-perfumeria-botanica-526091-min.jpg,https://imagenes.passline.com/eventos/taller-de-perfumeria-botanica-526091-rec.jpg,NO,NO,0,https://www.passline.com/eventos/taller-de-perfumeria-botanica
531749,FAB MORVAN DE MILLI VANILLY,"FAB MORVAN, MILLI VANILLI, LiveMusic, MúsicaEnVivo, ShowEnVivo, Concierto, ConciertosChile, EventosChile, AgendaCultural, PanoramaSantiago, QuéHacerEnSantiago, QuéHacerHoy, VidaNocturna, Experienci",Música,Conciertos,2026-11-07,20:00:00,2026-11-07,22:30:00,CLUB CHOCOLATE,Recoleta,RM,30000.00,$,NO,5700926,53825,https://imagenes.passline.com/eventos/fab-morvan-de-milli-vanilly-531749-min.jpg,https://imagenes.passline.com/eventos/fab-morvan-de-milli-vanilly-531749-rec.jpg,NO,NO,0,https://www.passline.com/eventos/fab-morvan-de-milli-vanilly
497217,HEAVY METAL FEST 2,,,,2026-11-08,14:00:00,2026-11-08,21:00:00,Sala Metronomo,Santiago,RM,10000.00,$,NO,766,10818110,https://imagenes.passline.com/eventos/-710032-min.jpg,https://imagenes.passline.com/eventos/-710032-rec.jpg,NO,NO,0,https://www.passline.com/eventos/heavy-metal-fest-2
514625,Stairway to Hell Fest 2,,,,2026-11-08,18:00:00,2026-11-08,23:55:00,Teatro Cariola,Santiago,RM,10000.00,$,NO,78,6843945,https://imagenes.passline.com/eventos/-764822-min.jpg,https://imagenes.passline.com/eventos/-764822-rec.jpg,NO,NO,0,https://www.passline.com/eventos/stairway-to-hell-fest-2
527611,Ty Segall en Blondie,Ty Segall,Música,Concert,2026-11-10,21:00:00,2026-11-10,23:00:00,Blondie,Santiago,RM,35000.00,$,NO,787,13281094,https://imagenes.passline.com/eventos/-754045-min.jpg,https://imagenes.passline.com/eventos/-754045-rec.jpg,NO,NO,1,https://www.passline.com/eventos/ty-segall-en-blondie
499127,OPERA IX,,,,2026-11-12,18:00:00,2026-11-12,23:30:00,Sala metrono,Recoleta,RM,30000.00,$,NO,569,11969381,https://imagenes.passline.com/eventos/opera-ix-499127-min.jpg,https://imagenes.passline.com/eventos/opera-ix-499127-rec.jpg,NO,NO,0,https://www.passline.com/eventos/opera-ix
520516,EL CARIBEFUNK - DESDE EL PATIO TOUR,"LiveMusic, MúsicaEnVivo, ShowEnVivo, Concierto, EventosChile, TributoEnVivo, MúsicaTributo, CulturaEnVivo, NochesDeMúsica, DiversiónEnVivo, VibrasEnVivo, TurismoYConciertos, CoverBand, Experiencia",Música,Conciertos,2026-11-13,20:00:00,2026-11-13,22:30:00,CLUB CHOCOLATE,Recoleta,RM,15000.00,$,NO,5700611,53825,https://imagenes.passline.com/eventos/-743705-min.jpg,https://imagenes.passline.com/eventos/-743705-rec.jpg,NO,NO,0,https://www.passline.com/eventos/el-caribefunk-desde-el-patio-tour
526633,TiamaT Fest,,Música,Alternative Rock Show,2026-11-13,21:00:00,2026-11-14,03:00:00,Sala RBX,&Ntilde;u&ntilde;oa,RM,7000.00,$,NO,400,2763620,https://imagenes.passline.com/eventos/tiamat-fest-526633-min.jpg,https://imagenes.passline.com/eventos/tiamat-fest-526633-rec.jpg,NO,NO,0,https://www.passline.com/eventos/tiamat-fest
538509,EXPO VIZCACHAS RACING by TIO SUPRA,,Exposiciones y Conferencias,Auto Show,2026-11-14,10:00:00,2026-11-14,19:00:00,Autodromo Las Vizcachas,Puente Alto,RM,3000.00,$,NO,2066,14249853,https://imagenes.passline.com/eventos/-777953-min.jpg,https://imagenes.passline.com/eventos/-777953-rec.jpg,NO,NO,0,https://www.passline.com/eventos/expo-vizcachas-racing-by-tio-supra
537443,Vengeance of Hell 1,,Música,Death Metal,2026-11-14,17:00:00,2026-11-15,00:00:00,Sala RBX,&Ntilde;u&ntilde;oa,RM,8000.00,$,NO,200,333543,https://imagenes.passline.com/eventos/vengeanceoh-hell-1-537443-min.jpg,https://imagenes.passline.com/eventos/vengeanceoh-hell-1-537443-rec.jpg,NO,NO,0,https://www.passline.com/eventos/vengeance-of-hell-1
536765,Marty Friedman en Santiago 2026,,Música,Heavy Metal,2026-11-14,20:00:00,2026-11-14,23:30:00,Teatro Cariola,Santiago,RM,39000.00,$,NO,1023,6843945,https://imagenes.passline.com/eventos/marty-friedman-en-santiago-2026-536765-min.jpg,https://imagenes.passline.com/eventos/marty-friedman-en-santiago-2026-536765-rec.jpg,NO,NO,0,https://www.passline.com/eventos/marty-friedman-en-santiago-2026
543502,WE ARE THE GRAND - ANIVERSARIO 10 AÑOS DISCO VOLVER,"LiveMusic, MúsicaEnVivo, ShowEnVivo, Concierto, EventosChile, TributoEnVivo, MúsicaTributo, CulturaEnVivo, NochesDeMúsica, DiversiónEnVivo, VibrasEnVivo, TurismoYConciertos, CoverBand, Experiencia",Música,Conciertos,2026-11-14,20:30:00,2026-11-14,22:30:00,CLUB AMANDA,Vitacura,RM,16000.00,$,NO,288472,52690,https://imagenes.passline.com/eventos/we-are-the-grand-aniversario-10-anos-disco-volver-543502-min.jpg,https://imagenes.passline.com/eventos/we-are-the-grand-aniversario-10-anos-disco-volver-543502-rec.jpg,NO,NO,0,https://www.passline.com/eventos/we-are-the-grand-aniversario-10-anos-disco-volver
524224,Paula Mattheus - Todo lo alto que quiera,,Música,Conciertos,2026-11-14,21:00:00,2026-11-14,23:00:00,SALA METRONOMO,Recoleta,RM,35000.00,$,NO,577,1982927,https://imagenes.passline.com/eventos/-749208-min.jpg,https://imagenes.passline.com/eventos/-749208-rec.jpg,NO,NO,0,https://www.passline.com/eventos/paula-mattheus-todo-lo-alto-que-quiera
541679,"XTFEST Santiago, El festival del mundo tuerca",Pablito Chill-E,Exposiciones y Conferencias,Auto Show,2026-11-15,12:00:00,2026-11-15,20:00:00,Espacio XTFEST Santiago,Lampa,RM,10990.00,$,NO,288,12160581,https://imagenes.passline.com/eventos/xtfest-santiago-el-festival-del-mundo-tuerca-541679-min.jpg,https://imagenes.passline.com/eventos/xtfest-santiago-el-festival-del-mundo-tuerca-541679-rec.jpg,NO,NO,0,https://www.passline.com/eventos/xtfest-santiago-el-festival-del-mundo-tuerca
544654,MCI EXPO 2026,,Exposiciones y Conferencias,AI & Robotics Fair,2026-11-20,09:30:00,2026-11-20,18:00:00,Hotel Le Méridien,Santiago,RM,8000.00,$,NO,250,14345349,https://imagenes.passline.com/eventos/mci-expo-2026-544654-min.jpg,https://imagenes.passline.com/eventos/mci-expo-2026-544654-rec.jpg,NO,NO,0,https://www.passline.com/eventos/mci-expo-2026
522071,ALTO VOLTAJE celebra los 20 años de Historia de mi vida hasta mi muerte,,Música,Metal,2026-11-21,17:30:00,2026-11-21,23:30:00,Teatro Cariola,Santiago,RM,10000.00,$,NO,155,6843945,https://imagenes.passline.com/eventos/alto-voltaje-20-anos-de-historia-de-mi-vida-hasta-mi-muerte-522071-min.jpg,https://imagenes.passline.com/eventos/alto-voltaje-20-anos-de-historia-de-mi-vida-hasta-mi-muerte-522071-rec.jpg,NO,NO,0,https://www.passline.com/eventos/alto-voltaje-20-anos-de-historia-de-mi-vida-hasta-mi-muerte
525984,CYCLO EN SANTIAGO DE CHILE PRESENTA ¨FISHERMAN LATAM TOUR 2026,,Exposiciones y Conferencias,Gamer,2026-11-21,19:00:00,2026-11-21,22:30:00,Club Ambar,Recoleta,RM,32000.00,$,NO,128,9776163,https://imagenes.passline.com/eventos/cyclo-en-santiago-de-chile-presenta-fisherman-latam-tour-2026-525984-min.jpg,https://imagenes.passline.com/eventos/cyclo-en-santiago-de-chile-presenta-fisherman-latam-tour-2026-525984-rec.jpg,NO,NO,0,https://www.passline.com/eventos/cyclo-en-santiago-de-chile-presenta-fisherman-latam-tour-2026
538432,MAURICIO PALMA & VIOLENTO PALMA EN PALERMO,,Comedia,Comedia,2026-11-21,20:00:00,2026-11-22,00:00:00,Palermo Teatro Bar,Providencia,RM,15000.00,$,NO,126,8311372,https://imagenes.passline.com/eventos/mauricio-palma-violento-palma-en-palermo-538432-min.jpg,https://imagenes.passline.com/eventos/mauricio-palma-violento-palma-en-palermo-538432-rec.jpg,NO,NO,0,https://www.passline.com/eventos/mauricio-palma-violento-palma-en-palermo
442232,Saratoga Chile 2026,,,,2026-11-21,20:30:00,2026-11-21,23:30:00,SALA METRONOMO,Recoleta,RM,30000.00,$,NO,54,6620371,https://imagenes.passline.com/eventos/saratoga-chile-2026-442232-min.jpg,https://imagenes.passline.com/eventos/saratoga-chile-2026-442232-rec.jpg,NO,NO,0,https://www.passline.com/eventos/saratoga-chile-2026
535331,My Dying Bride,,Música,Doom Metal,2026-11-23,20:00:00,2026-11-23,23:30:00,Teatro Cariola,Santiago,RM,38000.00,$,NO,73,6843945,https://imagenes.passline.com/eventos/my-dying-bride-535331-min.jpg,https://imagenes.passline.com/eventos/my-dying-bride-535331-rec.jpg,NO,NO,0,https://www.passline.com/eventos/my-dying-bride
542670,THIS IS SANTIAGO SKANKING,,Música,Early Reggae,2026-11-27,19:00:00,2026-11-28,02:00:00,La Casona de Hilda Parra,Recoleta,RM,10000.00,$,NO,50,863001,https://imagenes.passline.com/eventos/this-is-santiago-skanking-542670-min.jpg,https://imagenes.passline.com/eventos/this-is-santiago-skanking-542670-rec.jpg,NO,NO,0,https://www.passline.com/eventos/this-is-santiago-skanking
507230,Capitán Memo en Concierto,,,,2026-11-29,19:00:00,2026-11-29,21:00:00,SALA METRONOMO,Recoleta,RM,20000.00,$,NO,240,6620371,https://imagenes.passline.com/eventos/capitan-memo-en-concierto-507230-min.jpg,https://imagenes.passline.com/eventos/capitan-memo-en-concierto-507230-rec.jpg,NO,NO,0,https://www.passline.com/eventos/capitan-memo-en-concierto
541940,Machine Girl vuelve a Chile,,Música,Conciertos,2026-12-01,19:00:00,2026-12-01,23:00:00,SALA METRONOMO,Recoleta,RM,36000.00,$,NO,538,147313,https://imagenes.passline.com/eventos/-777924-min.jpg,https://imagenes.passline.com/eventos/-777924-rec.jpg,NO,NO,0,https://www.passline.com/eventos/machine-girl-vuelve-a-chile
540110,Marc Almond (SOFT CELL) en Santiago 2026,"Marc Almond, Soft Cell",Festivales,Conciertos y Festivales,2026-12-03,20:00:00,2026-12-03,22:30:00,Blondie,Santiago,RM,35000.00,$,NO,1277,493808,https://imagenes.passline.com/eventos/-778030-min.jpg,https://imagenes.passline.com/eventos/-778030-rec.jpg,NO,NO,0,https://www.passline.com/eventos/marc-almond-soft-cell-en-santiago-2026
533127,Noches Oscuras en RBX,,Música,Conciertos,2026-12-03,21:00:00,2026-12-04,03:00:00,Sala RBX,&Ntilde;u&ntilde;oa,RM,4000.00,$,NO,400,14174006,https://imagenes.passline.com/eventos/noches-oscuras-en-rbx-533127-min.jpg,https://imagenes.passline.com/eventos/noches-oscuras-en-rbx-533127-rec.jpg,NO,NO,0,https://www.passline.com/eventos/noches-oscuras-en-rbx
492933,🔥CHAO PAES🔥OFICIAL ★ JUEVES 03 DIC ★,,,,2026-12-03,22:00:00,2026-12-04,03:30:00,Terraza Arrayan,Lo Barnechea,RM,12000.00,$,NO,95,8771561,https://imagenes.passline.com/eventos/chao-paesoficial-jueves-03-dic-492933-min.jpg,https://imagenes.passline.com/eventos/chao-paesoficial-jueves-03-dic-492933-rec.jpg,NO,NO,0,https://www.passline.com/eventos/chao-paesoficial-jueves-03-dic
516463,ABHIR - ULTRASWAN TOUR,,,,2026-12-04,20:00:00,2026-12-04,23:30:00,Epicentro,Santiago,RM,25000.00,$,NO,72,12837658,https://imagenes.passline.com/eventos/-738410-min.jpg,https://imagenes.passline.com/eventos/-738410-rec.jpg,NO,NO,0,https://www.passline.com/eventos/abhir-ultraswan-tour
537453,FUTURO INCIERTO EN CHILE,,Música,Alternative Rock,2026-12-04,21:00:00,2026-12-04,23:30:00,SALA METRONOMO,Recoleta,RM,20000.00,$,NO,753,7695688,https://imagenes.passline.com/eventos/-767971-min.jpg,https://imagenes.passline.com/eventos/-767971-rec.jpg,NO,NO,0,https://www.passline.com/eventos/futuro-incierto-en-chile
533951,BLACK FEST DICIEMBRE,,Música,Baile,2026-12-05,22:00:00,2026-12-06,05:00:00,PARQUE LA ARAUCANA,La Florida,RM,10000.00,$,NO,900,13463202,https://imagenes.passline.com/eventos/black-fest-diciembre-533951-min.jpg,https://imagenes.passline.com/eventos/black-fest-diciembre-533951-rec.jpg,NO,NO,0,https://www.passline.com/eventos/black-fest-diciembre
504151,YOUTH OF TODAY EN CHILE,YOUTH OF TODAY,Música,Conciertos,2026-12-09,19:00:00,2026-12-09,22:30:00,SALA METRONOMO,Recoleta,RM,36000.00,$,NO,538,147313,https://imagenes.passline.com/eventos/youth-of-today-en-chile-504151-min.jpg,https://imagenes.passline.com/eventos/youth-of-today-en-chile-504151-rec.jpg,NO,NO,0,https://www.passline.com/eventos/youth-of-today-en-chile
540569,Planeta No en Centro Arte Alameda,,Música,Conciertos,2026-12-16,20:00:00,2026-12-16,21:30:00,CENTRO ARTE ALAMEDA,Santiago,RM,10000.00,$,NO,180,1055535,https://imagenes.passline.com/eventos/planeta-no-en-centro-arte-alameda-540569-min.jpg,https://imagenes.passline.com/eventos/planeta-no-en-centro-arte-alameda-540569-rec.jpg,NO,NO,0,https://www.passline.com/eventos/planeta-no-en-centro-arte-alameda
526276,Santaferia 20 Años,Santaferia,Música,Cumbia,2026-12-19,18:30:00,2026-12-19,23:30:00,Santa Laura,Independencia,RM,20000.00,$,NO,12433,13556271,https://imagenes.passline.com/eventos/-771528-min.jpg,https://imagenes.passline.com/eventos/-771528-rec.jpg,NO,SI,1,https://www.passline.com/eventos/santaferia-20-anos
537377,Eva Ayllón + Inti Illimani + Cuarteto Austral,,Música,Chilean Folk Music,2026-12-27,19:00:00,2026-12-27,21:00:00,Teatro Municipal de Santiago,Santiago,RM,18000.00,$,NO,1003,3885810,https://imagenes.passline.com/eventos/-770099-min.jpg,https://imagenes.passline.com/eventos/-770099-rec.jpg,NO,SI,1,https://www.passline.com/eventos/eva-allon-inti-illimani-cuarteto-austral
533954,BLACK FEST AÑO NUEVO 2027,,,Fiesta,2026-12-31,23:30:00,2027-01-01,08:00:00,PARQUE LA ARAUCANA - PEHUEN,La Florida,RM,20000.00,$,NO,1200,13463202,https://imagenes.passline.com/eventos/black-fest-ano-nuevo-533954-min.jpg,https://imagenes.passline.com/eventos/black-fest-ano-nuevo-533954-rec.jpg,NO,NO,0,https://www.passline.com/eventos/black-fest-ano-nuevo-2027
513511,The Vibe - Año Nuevo 2027 - Los Trapenses.,,Año Nuevo,Fiesta Año Nuevo,2027-01-01,00:15:00,2027-01-01,06:55:00,Lo Barnechea,Lo Barnechea,RM,6990.00,$,NO,603149,6475006,https://imagenes.passline.com/eventos/-773601-min.jpg,https://imagenes.passline.com/eventos/-773601-rec.jpg,NO,NO,0,https://www.passline.com/eventos/the-vibe-ano-nuevo-2027-los-trapenses
534831,Geoff Tate - Operation: mindcrime / the final chapter,,Música,Metal,2027-01-16,21:00:00,2027-01-16,22:30:00,Teatro Cariola,Santiago,RM,40000.00,$,NO,1445,3154515,https://imagenes.passline.com/eventos/geoff-tate-operation-mindcrime-the-final-chapter-534831-min.jpg,https://imagenes.passline.com/eventos/geoff-tate-operation-mindcrime-the-final-chapter-534831-rec.jpg,NO,NO,0,https://www.passline.com/eventos/geoff-tate-operation-mindcrime-the-final-chapter
519475,Hellripper,,,,2027-01-20,20:00:00,2027-01-20,23:30:00,Sala RBX,&Ntilde;u&ntilde;oa,RM,28000.00,$,NO,12,6843945,https://imagenes.passline.com/eventos/hellripper-519475-min.jpg,https://imagenes.passline.com/eventos/hellripper-519475-rec.jpg,NO,NO,0,https://www.passline.com/eventos/hellripper
538246,BLAZE BAYLEY EN CHILE,,Música,Conciertos,2027-01-22,21:00:00,2027-01-22,23:30:00,SALA METRONOMO,Recoleta,RM,30000.00,$,NO,270,7695688,https://imagenes.passline.com/eventos/blaze-bayley-en-chile-538246-min.jpg,https://imagenes.passline.com/eventos/blaze-bayley-en-chile-538246-rec.jpg,NO,NO,0,https://www.passline.com/eventos/blaze-bayley-en-chile
537794,Alcest,,Música,Musica Progresiva,2027-02-15,20:00:00,2027-02-15,23:30:00,Teatro Cariola,Santiago,RM,42000.00,$,NO,645,6843945,https://imagenes.passline.com/eventos/alcest-537794-min.jpg,https://imagenes.passline.com/eventos/alcest-537794-rec.jpg,NO,NO,0,https://www.passline.com/eventos/alcest
544067,Eleine en Sala RBX,,Música,Metal,2027-02-25,20:00:00,2027-02-25,23:30:00,Sala RBX,&Ntilde;u&ntilde;oa,RM,25000.00,$,NO,383,6843945,https://imagenes.passline.com/eventos/eleine-en-sala-rbx-544067-min.jpg,https://imagenes.passline.com/eventos/eleine-en-sala-rbx-544067-rec.jpg,NO,NO,0,https://www.passline.com/eventos/eleine-en-sala-rbx
534708,Elisa C. Martin Chile - The Gates of Oblivion 25th Anniversary,,Música,Conciertos,2027-05-08,19:00:00,2027-05-08,22:30:00,Amsterdam Club (Ex-Rbx),&Ntilde;u&ntilde;oa,RM,20000.00,$,NO,91,6620371,https://imagenes.passline.com/eventos/elisa-c-martin-chile-the-gates-of-oblivion-25th-anniversary-534708-min.jpg,https://imagenes.passline.com/eventos/elisa-c-martin-chile-the-gates-of-oblivion-25th-anniversary-534708-rec.jpg,NO,NO,0,https://www.passline.com/eventos/elisa-c-martin-chile-the-gates-of-oblivion-25th-anniversary
491592,CL.prog 2027: Pase Ambos Dias,,,,2027-11-20,15:30:00,2027-11-21,21:00:00,Aldea del Encuentro,La Reina,RM,80000.00,$,NO,34,12606227,https://imagenes.passline.com/eventos/-702510-min.jpg,https://imagenes.passline.com/eventos/-702510-rec.jpg,NO,NO,0,https://www.passline.com/eventos/clprog-2027-pase-doble
502757,cuarto 2028,,,,2028-03-01,00:00:00,2028-03-31,00:00:00,teatro,&Ntilde;u&ntilde;oa,RM,,$,SI,901240,3679,https://imagenes.passline.com/eventos/fiestas.jpg,https://imagenes.passline.com/eventos/fiestas.jpg,NO,NO,0,https://www.passline.com/eventos/cuarto-2028
502758,quinto 2028,,,,2028-03-01,00:00:00,2028-03-31,00:00:00,teatro,&Ntilde;u&ntilde;oa,RM,,$,NO,100,3679,https://imagenes.passline.com/eventos/fiestas.jpg,https://imagenes.passline.com/eventos/fiestas.jpg,NO,NO,0,https://www.passline.com/eventos/quinto-2028
502761,sexto-2028,,,,2028-03-01,00:00:00,2028-03-31,00:00:00,teatro,&Ntilde;u&ntilde;oa,RM,,$,SI,901240,3679,https://imagenes.passline.com/eventos/fiestas.jpg,https://imagenes.passline.com/eventos/fiestas.jpg,NO,NO,0,https://www.passline.com/eventos/sexto2028
501547,tercer 2028 2d,,,,2028-12-01,00:00:00,2028-12-31,00:00:00,M SANTIAGO,Santiago,RM,5.00,$,NO,901440,3679,https://imagenes.passline.com/eventos/fiestas.jpg,https://imagenes.passline.com/eventos/fiestas.jpg,NO,SI,1,https://www.passline.com/eventos/tercer-2028-2d
520584,Prueba de evento abc,,,,2029-06-16,15:00:00,2029-06-16,20:30:00,Un lugar,San Bernardo,RM,,$,SI,901240,3679,https://imagenes.passline.com/eventos/fiestas.jpg,https://imagenes.passline.com/eventos/fiestas.jpg,NO,NO,0,https://www.passline.com/eventos/prueba-de-evento-abc
310613,mesas erika dvm clonado,"erika lugo , martin mujica",,,2030-09-26,01:20:00,2030-09-26,06:55:00,Estadio Nacional,&Ntilde;u&ntilde;oa,RM,5.00,$,NO,2289688,3679,https://imagenes.passline.com/eventos/mesas-erika-dvm-clonado-min.jpg,https://imagenes.passline.com/eventos/mesas-erika-dvm-clonado-rec.jpg,NO,SI,1,https://www.passline.com/eventos/mesas-erika-dvm-clonado