fuente_nombre,nombre,categoria,fecha_inicio,hora_inicio,fecha_termino,lugar,direccion,lat,lon,comuna,precio_min,link_evento
Passline,Internacional Tattoo Masters Fest 2026,,2026-07-02,15:00:00,2026-12-13,Alto San Francisco,San Francisco 75,,,,7000,https://www.passline.com/eventos/internacional-tattoo-masters-fest-2026
Passline,Los Domingos / Centro Arte Alameda,,2026-09-01,18:45:00,,Centro Arte Alameda / Sala CEINA,Arturo Prat 33b,,,,2500,https://www.passline.com/eventos/los-domingos-centro-arte-alameda-548672
Passline,POL PABLO | UP10 UNPLUGGED | V R A V A,,2026-09-01,20:00:00,,Centro parque,Pdte. Riesco 5330,,,Las Condes,5000,https://www.passline.com/eventos/pol-pablo-up10-unplugged-v-r-a-v-a
Passline,La Negociación / Centro Arte Alameda,,2026-09-01,21:00:00,,Centro Arte Alameda / Sala CEINA,Arturo Prat 33b,,,,2500,https://www.passline.com/eventos/la-negociacion-centro-arte-alameda-548647
Passline,NOA ★ MARTES 1 SEPTIEMBRE ★ Club Siete - Piso 4 Hotel W,,2026-09-01,22:00:00,,Club Siete,"Isidora Goyenechea 3000, piso 4",,,Las Condes,10000,https://www.passline.com/eventos/noa-martes-1-septiembre-club-siete-piso-4-hotel-w
Passline,CONVERSATORIO ESCRITORES A MEDIODÍA,,2026-09-02,11:00:00,,Biblioteca de la Corporación Cultural de Las Condes,Nuestra Señora del Rosario 30,,,Las Condes,,https://www.passline.com/eventos/conversatorio-escritores-a-mediodia
Passline,JapoñolKai Santiago,,2026-09-02,19:00:00,,Bar el Bosque,Manuel Montt 186,,,Providencia,,https://www.passline.com/eventos/japonolkai-santiago
Passline,LA TRANSA PRESENTA: LANZAMIENTO NUEVO SINGLE - CAMINO AL NUEVO DISCO,,2026-09-02,19:30:00,,Teatro fiebre,Dardignac 0163,,,Providencia,5000,https://www.passline.com/eventos/la-transa-presenta-lanzamiento-nuevo-single-camino-al-nuevo-disco
Passline,Castillo Ilabaca en Centro Arte Alameda,,2026-09-02,20:00:00,,CENTRO ARTE ALAMEDA,Arturo Prat 33,,,Santiago,15000,https://www.passline.com/eventos/castillo-ilabaca-en-centro-arte-alameda
Passline,Sergio Freire en Happy People,,2026-09-02,20:00:00,,Teatro Happy People,Rancagua 395,,,Providencia,10000,https://www.passline.com/eventos/sergio-freire-en-happy-people-549583
Passline,Un Son Para Chile - Música que trasciende,,2026-09-02,20:00:00,,Centro Cultural Ceina,,,,Santiago,7000,https://www.passline.com/eventos/un-son-para-chile
Passline,HOT CUE ★ MIÉRCOLES 2 SEPTIEMBRE ★ Club Siete - Piso 4 Hotel W,,2026-09-02,22:00:00,,Club Siete,"Isidora Goyenechea 3000, piso 4",,,Las Condes,10000,https://www.passline.com/eventos/hot-cue-miercoles-2-septiembre-club-siete-piso-4-hotel-w
Passline,Super miercoles Fiesta Oliver en Illuminati - Especial Katy Perry Live,,2026-09-02,23:30:00,,Illuminati,Antonia López de Bello 131,,,Recoleta,8000,https://www.passline.com/eventos/fiestaoliverkatyperry
Passline,“MIÉRCOLES 02,,2026-09-02,23:30:00,,FAUSTO,Avenida Santa María 0832,,,,6000,https://www.passline.com/eventos/miercoles-02
Passline,Teenage Sex and Death at Camp Miasma / Centro Arte Alameda,,2026-09-03,14:45:00,,Centro Arte Alameda,Arturo Prat #33,,,Santiago,2500,https://www.passline.com/eventos/teenage-sex-and-death-at-camp-miasma-centro-arte-alameda-551455
Passline,El Deshielo / Centro Arte Alameda,,2026-09-03,16:45:00,,Centro Arte Alameda / Sala CEINA,Arturo Prat 33b,,,,2500,https://www.passline.com/eventos/el-deshielo-centro-arte-alameda
Passline,Para vivir. El implacable tiempo de Pablo Milanés / Centro Arte Alameda,,2026-09-03,18:45:00,,Centro Arte Alameda,Arturo Prat #33,,,,2500,https://www.passline.com/eventos/para-vivir-el-implacable-tiempo-de-pablo-milanes-centro-arte-alameda
Passline,El Show de Soy Kleiii,,2026-09-03,19:00:00,,Centro Cultural Ceina,Arturo Prat 33,,,Santiago,,https://www.passline.com/eventos/el-show-de-soy-kleiii
Passline,LUNA EN LESBOS EDICIÓN ESPECIAL +38 a 50 años.,,2026-09-03,19:00:00,,Cabaret Piraña,Bombero ñuñez 365,,,,10000,https://www.passline.com/eventos/luna-en-lesbos-edicion-especial-38-a-50-anos
Passline,Rock Nacional 2,,2026-09-03,19:00:00,,Sala RBX,Av. Vicuña Mackenna 1220,,,Ñuñoa,7000,https://www.passline.com/eventos/rock-nacional-2
Passline,"Melancolía - Trepidar, Buen dia Abril y Autodefensa en vivo",,2026-09-03,19:30:00,,Bar Estudio Oculto,Avenida Irarrazaval 3176,,,Ñuñoa,,https://www.passline.com/eventos/melancolia-trepidar-buen-dia-abril-y-autodefensa-en-vivo
Passline,BIENVENIDO SEPTIEMBRE JUNTO A LOS TRICOLORES,,2026-09-03,20:00:00,,BAR VICTORIA,Av. Carlos Valdovinos 1951,,,Pedro Aguirre Cerda,5000,https://www.passline.com/eventos/bienvenido-septiembre-junto-a-los-tricolores
Passline,COLDPLAY • TRIBUTO UNIVERSE,,2026-09-03,20:00:00,,CLUB AMANDA,EMBAJADOR DOUSSINAGUE #1767,,,,12000,https://www.passline.com/eventos/coldplay-tributo-universe-545142
Passline,ENTRE COMEDIA - Un Show Extravagante,,2026-09-03,20:00:00,,Casa Irarrazaval,Av. Irarrázaval 3344,,,Ñuñoa,3000,https://www.passline.com/eventos/entre-comedia-un-show-extravagante
Passline,Héctor Pavez en Cafetería Popular 2,,2026-09-03,20:00:00,,Cafetería Popular,Maipu 363,,,,7000,https://www.passline.com/eventos/hector-pavez-en-cafeteria-popular-2
Passline,Lanzamiento The Orbitals,,2026-09-03,20:00:00,,Kross Bar Laguna Mall Sport,Av. Las Condes 13451,,,,9000,https://www.passline.com/eventos/lanzamiento-the-orbitals
Passline,Oxido Party,,2026-09-03,20:30:00,,Bar Oxido,Purisima 282,,,,4500,https://www.passline.com/eventos/oxido-party
Passline,HieloNegro & Sinasilo en Mibar El lado oscuro del Rock,,2026-09-03,21:00:00,,Mibar,Sta Isabel #350,,,,10000,https://www.passline.com/eventos/hielonegro-sinasilo-en-mibar-el-lado-oscuro-delnrick
Passline,Inti Illimani en tu Barrio - Fiebre Bar,,2026-09-03,21:00:00,,Bar Teatro Fiebre,Dardignac 0165,,,Providencia,25000,https://www.passline.com/eventos/inti-illimani-en-tu-barrio-fiebre-bar
Passline,Neociclo Redroom XXI,,2026-09-03,21:30:00,,House of rock and blues,República de Israel 960,,,,8000,https://www.passline.com/eventos/neociclo-redroom-xx
Passline,CHEFAYISSI & KAROLECAROS: en un Sailor Stand Up,,2026-09-03,22:00:00,,Teatro&Bar Happy People,Rancagua 395,,,Providencia,4000,https://www.passline.com/eventos/chefayissi-karolecaros-en-un-sailor-stand-up
Passline,PELAO RODRIGO EN MYSTIC,,2026-09-03,22:00:00,2026-10-02,Mystic Valley,Av. La Montaña 1957,,,,10000,https://www.passline.com/eventos/pelao-rodrigo-en-mystic
Passline,Power House x Club Sie7e 03/09,,2026-09-03,22:00:00,,Club Siete,"Isidora Goyenechea 3000, piso 4",,,Las Condes,10000,https://www.passline.com/eventos/power-house-x-club-sie7e-0309
Passline,Rodrigo Salinas en Happy People,,2026-09-03,22:00:00,,Teatro Happy People,Rancagua 395,,,Providencia,7000,https://www.passline.com/eventos/rodrigo-salinas-en-happy-people-551334
Passline,SECRET presenta: AKA 4:20 en Club Amanda,,2026-09-03,22:00:00,,Club Amanda,"Embajador Doussinague 1767, Loc D 0027",,,Vitacura,10000,https://www.passline.com/eventos/secret-presenta-aka-420-en-club-amanda
Passline,Volver a La Ley - Sesiones 88/90 en Ruta 78,,2026-09-03,22:00:00,,BAR RUTA 78,Independencia 043,,,Puente Alto,,https://www.passline.com/eventos/volver-a-la-ley-sesiones-8890-en-ruta-78
Passline,🇨🇱 PRE FIESTAS PATRIAS 🇨🇱 - JUEVES 3 SEP - TEATRO ALICIA 🌴- KINKI X NYX 💥,,2026-09-03,22:00:00,,Teatro Alicia,Av. Raúl Labbé 14998,,,Lo Barnechea,12000,https://www.passline.com/eventos/pre-fiestas-patrias-jueves-3-sep-teatro-alicia-kinki-x-nyx
Passline,🇨🇱 PRE FIESTAS PATRIAS 🇨🇱 - TEATRO ALICIA / KINKI / NYX,,2026-09-03,22:00:00,,Teatro Alicia,Av. Raúl Labbé 14998,,,Lo Barnechea,12000,https://www.passline.com/eventos/pre-fiestas-patrias-teatro-alicia-kinki-nyx
Passline,"JUEVES LOWKEY EN CLUB LA RUBIA / JUE 3 DE SEPTIEMBRE, 23HRS",,2026-09-03,23:00:00,,CLUB LA RUBIA,AV LAS CONDES #9160,,,Las Condes,10000,https://www.passline.com/eventos/jueves-lowkey-en-club-la-rubia-jue-3-de-septiembre-23hrs
Passline,SMOOTH JUEVES 3 SEPTIEMBRE - LA FERIA CLUB,,2026-09-03,23:00:00,,La Feria,Constitución 275,,,Providencia,15000,https://www.passline.com/eventos/smooth-jueves-3-septiembre-la-feria-club
Passline,SAD RAVE 020 • BRUTALISMUS 3000 EDIT,,2026-09-03,23:30:00,,Blondie,Avda Liber Bernardo O`Higgins 2879,,,Santiago,6000,https://www.passline.com/eventos/sad-rave-020-brutalismus-3000-edit
Passline,“JUEVES 03,,2026-09-03,23:30:00,,FAUSTO,Avenida Santa María 0832,,,,6000,https://www.passline.com/eventos/jueves-03
Passline,IBEROAMERICANO DE POWERLIFTING - IPL 2026,,2026-09-04,08:00:00,,Centro de Eventos P48,"El Alba 2, Parcela 48, Chicureo",,,Colina,14990,https://www.passline.com/view-event/iberoamericano-de-powerlifting-ipl-2026
Passline,Grand Prix PC Factory de Atletismo Escolar UC - Fecha 3 Categorías Intermedia - Superior,,2026-09-04,14:00:00,,Club Deportivo Universidad Católica-RAH,Camino las flores 13.000,,,,1500,https://www.passline.com/eventos/grand-prix-pc-factory-de-atletismo-escolar-uc-fecha-3-categorias-intermedia-superior-551792
Passline,Sunset Zerando I,,2026-09-04,15:00:00,,"Taringuita, Farellones",Av. El Colorado 1284,,,,120000,https://www.passline.com/eventos/sunset-zerando-i
Passline,El Gran Viaje / Centro Arte Alameda,,2026-09-04,15:15:00,,Centro Arte Alameda,Arturo Prat #33,,,,2500,https://www.passline.com/eventos/el-gran-viaje-centro-arte-alameda-551621
Passline,Perreo Maldito Fiesta en la Tarde Harvard Bellavista,,2026-09-04,16:00:00,,Harvard Bellavista,Pio Nono 148,,,,2000,https://www.passline.com/eventos/perreo-maldito-fiesta-en-la-tarde-harvard-bellavista
Passline,La Haine / Centro Arte Alameda,,2026-09-04,16:45:00,,Centro Arte Alameda/ Sala Ceina,Arturo Prat 33 (B),,,,2000,https://www.passline.com/eventos/la-haine-centro-arte-alameda-551609
Passline,"Violeta, Retazos de una Parra - Cía Pajaro Azul",,2026-09-04,17:00:00,,Centro Cultural Ceina,Arturo Prat 33,,,Santiago,5000,https://www.passline.com/eventos/violeta-retazos-de-una-parra-cia-pajaro-azul
Passline,"Mal Gusto, Stand Up Comedy",,2026-09-04,19:00:00,,Palermo Teatro Bar,José Manuel Infante 1414,,,,22000,https://www.passline.com/eventos/mal-gusto-stand-up-comedy
Passline,Alicia en el Circo de las Maravillas,,2026-09-04,19:30:00,,Carpa Extraordinario Circo,,,,Huechuraba,8000,https://www.passline.com/eventos/alicia-en-el-circo-de-las-maravillas-546201
Passline,POLY DÍAZ | Stand Up Comedy - 1ra Función 04/08,,2026-09-04,19:30:00,,CLUB SAN MIGUEL,Llano Subercaseaux,,,San Miguel,,https://www.passline.com/eventos/poly-diaz-stand-up-comedy-1ra-funcion-0408-538656
Passline,AMERIKAN SOUND Y CUECAS CON LAS CAPITALINAS,,2026-09-04,20:00:00,,BAR VICTORIA,Av. Carlos Valdovinos 1951,,,Pedro Aguirre Cerda,15000,https://www.passline.com/eventos/amerikan-sound-y-cuecas-con-las-capitalinas
Passline,Circo Los Maluenda en Maipu,,2026-09-04,20:00:00,,Frente al Lider / Carpa Los Maluenda,3 Poniente,,,,5000,https://www.passline.com/eventos/circo-los-maluenda-en-maipu
Passline,ES HORA DE HABLAR,,2026-09-04,20:00:00,,Teatro fiebre,Dardignac 0163,,,Providencia,,https://www.passline.com/eventos/es-hora-de-hablar
Passline,Las Tinajas Live Fest aniversario 2026,,2026-09-04,20:00:00,,Restaurant Las Tinajas,Gabriela 03125,,,,10000,https://www.passline.com/eventos/las-tinajas-live-fest-aniversario-2026
Passline,TRIBUTO OASIS EN RBX,,2026-09-04,20:00:00,,Sala RBX,Av. Vicuña Mackenna 1220,,,Ñuñoa,8000,https://www.passline.com/eventos/tributo-oasis-en-rbx
Passline,Tocata Jamás - La Octava Dimensión - Wastarantino (Show de stand-up),,2026-09-04,20:00:00,,La Juguera,Rogelio Ugarte 1162,,,,5000,https://www.passline.com/eventos/tocata-jamas-la-octava-dimension-wastarantino-show-de-standup
Passline,Ustedes ¿Son pareja? – viernes 04 de septiembre,,2026-09-04,20:15:00,,Happy People - Teatro Bar,Rancagua 395,,,Providencia,9000,https://www.passline.com/eventos/ustedes-son-pareja-viernes-04-de-septiembre
Passline,Aura ★ VIERNES 04 SEPTIEMBRE ★,,2026-09-04,20:30:00,,Aura club,Av Vitacura 9339,,,Vitacura,8000,https://www.passline.com/eventos/aura-viernes-04-septiembre
Passline,Leyendas - Viernes 4 Septiembre - Surreal,,2026-09-04,20:30:00,,SURREAL,San Enrique 14951,,,Lo Barnechea,15000,https://www.passline.com/eventos/leyendas-viernes-4-septiembre-surreal
Passline,RANCHO NIGHTS VOL. II,,2026-09-04,20:30:00,,RANCHO X,CLUB CONECTA,,,Las Condes,5990,https://www.passline.com/eventos/rancho-nights-vol-ii
Passline,Rockout Aniversario,,2026-09-04,20:30:00,,Bar Oxido,Purisima 282,,,,7000,https://www.passline.com/eventos/rockout-aniversario
Passline,A.N.I.M.A.L. EN METRÓNOMO,,2026-09-04,21:00:00,,SALA METRONOMO,Ernesto Pinto Lagarrigue 179,,,Recoleta,25000,https://www.passline.com/eventos/animal-en-metronomo
Passline,BOWIE THE LEGEND BY STARMAN,,2026-09-04,21:00:00,,CLUB AMANDA,EMBAJADOR DOUSSINAGUE #1767,,,,12000,https://www.passline.com/eventos/bowie-the-legend-by-starman
Passline,Brain Damage - Tributo a PinkFloyd en La Florida,,2026-09-04,21:00:00,,Parque La Araucana,,,,La Florida,15000,https://www.passline.com/eventos/brain-damage-tributo-a-pinkfloyd-en-la-florida
Passline,PAUL GILBERT WROC,,2026-09-04,21:00:00,,Teatro Cariola,San Diego 246,,,Santiago,45000,https://www.passline.com/eventos/paul-gilbert-wroc
Passline,RODA DE SAMBA...ESPERANDO EL 18,,2026-09-04,21:00:00,,La chimenea,Príncipe de Gales 90,,,Santiago,8500,https://www.passline.com/eventos/roda-de-sambaesperando-el-18
Passline,Release Party \,,2026-09-04,21:00:00,,CLUB GORDOS,Orrego Luco 40,,,Providencia,,https://www.passline.com/eventos/release-party-focus
Passline,💃🌙 ¡NOCHE MÁGICA DE SALSA Y CUMBIA! 🕺🔥,,2026-09-04,21:00:00,,EL CHANCHO CON CHALECO,AVENIDA PAJARITOS 99,,,,5000,https://www.passline.com/eventos/noche-magica-de-salsa-y-cumbia
Passline,ES HORA DE HABLAR | 2da. Función,,2026-09-04,22:00:00,,Teatro fiebre,Dardignac 0163,,,Providencia,25000,https://www.passline.com/eventos/es-hora-de-hablar-2da-funcion
Passline,FIESTA FOTOLOG X MAISON DEL BELLAQUEO,,2026-09-04,22:00:00,,Maison del bellaqueo,Spot secreto,,,,10000,https://www.passline.com/eventos/fiesta-fotolog-x-maison-del-bellaqueo
Passline,"Feucen & la monga presentan: PERGOLAZO 2026 🎉, La FIESTA DE LA CENTRAL 👨‍🎓 - Vier 04 septiembre / Av vicuña mackenna #1895 📍",,2026-09-04,22:00:00,,Fiesta LA MONGA,Av vicuña mackenna #1895,,,,3000,https://www.passline.com/eventos/feucen-la-monga-presentan-pergolazo-2026-la-fiesta-de-la-central-vier-04-septiembre-av-vicuna-mackenna-1895
Passline,Fiesta Montañita de los 90s&2000 con DJ Pelo Verde,,2026-09-04,22:00:00,,Montañita Las Vizcachas,Camino San José de Maipo 06680,,,,7000,https://www.passline.com/eventos/fiesta-montanita-de-los-90s2000-con-dj-pelo-verde
Passline,Fonda Wynwood,,2026-09-04,22:00:00,,Teatro Alicia,Av. Raúl Labbé 14998,,,Lo Barnechea,13000,https://www.passline.com/eventos/fonda-wynwood
Passline,Hasta que el RAMO nos separe 📚 / Fiesta de bienvenida UBO - Vier 04 sept - FIESTA LA MONGA 🦍 - Av vicuña mackenna #1895 ÑUÑOA 📍,,2026-09-04,22:00:00,,Fiesta la monga,Av vicuña mackenna #1895,,,,3000,https://www.passline.com/eventos/hasta-que-el-ramo-nos-separe-fiesta-de-bienvenida-ubo-vier-04-sept-fiesta-la-monga-av-vicuna-mackenna-1895-nunoa
Passline,Noche de Jazz en Fiebre Bar,,2026-09-04,22:00:00,,Teatro fiebre,Dardignac 0163,,,Providencia,6000,https://www.passline.com/eventos/noche-de-jazz-en-fiebre-bar
Passline,Pank en Happy People,,2026-09-04,22:00:00,,Teatro Happy People,Rancagua 395,,,Providencia,7000,https://www.passline.com/eventos/pank-en-happy-people-551378
Passline,SOCIAL W ★ VIERNES 4 SEPTIEMBRE ★ Club Siete - Piso 4 Hotel W,,2026-09-04,22:00:00,,Club Siete,"Isidora Goyenechea 3000, piso 4",,,Las Condes,10000,https://www.passline.com/eventos/social-w-viernes-4-septiembre-club-siete-piso-4-hotel-w
Passline,🏳️‍🌈​ FONDA MARICUECA 🇨🇱 - VIERNES 4 DE SEPTIEMBRE - TEATRO ALICIA 🌴,,2026-09-04,22:00:00,,Teatro Alicia,Av. Raúl Labbé 14998,,,Lo Barnechea,10000,https://www.passline.com/eventos/fonda-maricueca-jueves-27-agosto-teatro-alicia-18
Passline,★ Terraza Arrayán presenta: Harry Nach ★ Viernes 5 de Septiembre ★,,2026-09-04,22:30:00,,Terraza Arrayan,Av. Las Condes 14950,,,Lo Barnechea,8000,https://www.passline.com/eventos/terraza-arrayan-presenta-harry-nach-viernes-5-de-septiembre
Passline,80s 90s Espacio Cero,,2026-09-04,23:00:00,,Espacio Cero,euclides 1204,,,,6000,https://www.passline.com/eventos/80s-90s-espacio-cero
Passline,ESPHERA PRESENTA BLEX AR,,2026-09-04,23:00:00,,La Feria,Constitución 275,,,Providencia,15000,https://www.passline.com/eventos/esphera-presenta-blex-ar
Passline,MUSSA BACH 🧸,,2026-09-04,23:00:00,,La suite de Chicureo,Caletera Ote General San Martín #14280,,,Colina,5000,https://www.passline.com/eventos/mussa-bach
Passline,Under Sound,,2026-09-04,23:00:00,,Sala RBX,Av. Vicuña Mackenna 1220,,,Ñuñoa,8000,https://www.passline.com/view-event/under-sound
Passline,WOOF - HOT 2016,,2026-09-04,23:00:00,,Tom House,Antonia Lopez de Bello 49,,,,8000,https://www.passline.com/eventos/woof-hot-2016
Passline,Trainspotting 30 años - 4 Pistas de baile,,2026-09-04,23:30:00,,Blondie,"Alameda 2879, Local 104",,,,10000,https://www.passline.com/eventos/trainspotting-30-anos-4-pistas-de-baile
Passline,“VIERNES 04,,2026-09-04,23:30:00,,FAUSTO,Avenida Santa María 0832,,,,7000,https://www.passline.com/eventos/viernes-04
Passline,SOMOS MARISOL,,2026-09-05,09:00:00,,Restobar Calabria,constitución 61,,,,10000,https://www.passline.com/eventos/somos-marisol
Passline,Dios Mío presenta Paula Burgos,,2026-09-05,10:00:00,,Casa Sanz,Av Vitacura 4873,,,Vitacura,10000,https://www.passline.com/eventos/dios-mio-presenta-paula-burgos
Passline,LOWERED CLASS by StrictlyLowered 🌐,,2026-09-05,10:00:00,,Cancha club deportivo noviciado,,,,,3000,https://www.passline.com/eventos/lowered-class-by-strictlylowered
Passline,Certificación en felicidad de Tal Ben Shahar,,2026-09-05,11:00:00,,Hotel Le Meridien,,,,,540000,https://www.passline.com/eventos/certificacion-en-felicidad-de-tal-ben-shahar
Passline,Estacionamiento Fiebre de Cumbia la Fonda,,2026-09-05,11:00:00,,Club Hipico,,,,Santiago,,https://www.passline.com/eventos/estacionamiento-fiebre-de-cumbia-la-fonda
Passline,⚔️🔥 RAGNAROK FEST – ¡EL TRUENO DEL ROCK LLEGA A LA REINA! 🎸⚡🍺,,2026-09-05,11:00:00,,Aldea Encuentro,Avenida alcalde Fernando Castillo Velasco #9750,,,,3850,https://www.passline.com/eventos/ragnarok-fest-el-trueno-del-rock-llega-a-la-reina
Passline,MEDIEVAL PARTY & VELADAA - PALACIO ASTORECA,,2026-09-05,12:00:00,,PALACIO ASTORECA,Dieciocho #121 Santiago Centro,,,Santiago,5000,https://www.passline.com/eventos/medieval-party-veladaa-palacio-astoreca
Passline,Fiebre de Cumbia la Fonda.,,2026-09-05,13:00:00,,Club Hipico,Av. Almte. Blanco Encalada 2540,,,Santiago,35000,https://www.passline.com/eventos/fiebre-de-cumbia-la-fonda-532553
Passline,RAMONES DAY CHILE N3 2026,,2026-09-05,13:00:00,,HONESTO MIKE VITACURA,AV. VITACURA 4607,,,Vitacura,,https://www.passline.com/eventos/ramones-day-chile-n3-2026
Passline,🍷 Feria Día Nacional del Vino D-COPAS | Patio Bellavista,,2026-09-05,13:00:00,,"Patio Bellavista en Providencia, Santiago",Constitución 30-70,,,Providencia,15000,https://www.passline.com/eventos/feria-dia-nacional-del-vino-dcopas-patio-bellavista
Passline,1 COMPETENCIA INTERNA DE LEVANTE DIVISION BOX,,2026-09-05,13:30:00,,🏋️ Gimnasio Division Box,Carmen Mena 745,,,,5000,https://www.passline.com/eventos/1-competencia-interna-de-levante-division-box
Passline,La Invitación / Centro Arte Alameda,,2026-09-05,14:45:00,,Centro Arte Alameda / Sala CEINA,Arturo Prat 33b,,,,2500,https://www.passline.com/eventos/la-invitacion-centro-arte-alameda-551623
Passline,Sonora Sunset IV,,2026-09-05,15:00:00,,Taringuita Farellones,Av el colorado 1284,,,,40000,https://www.passline.com/eventos/sonora-sunset-iv
Passline,Little Big Under 2,,2026-09-05,15:30:00,,LA CASA BELLAVISTA,Ernesto Pinto Lagarrigue 70,,,,2000,https://www.passline.com/eventos/little-big-under-2
Passline,Alicia en el Circo de las Maravillas,,2026-09-05,16:00:00,,Carpa Extraordinario Circo,,,,Huechuraba,8000,https://www.passline.com/eventos/alicia-en-el-circo-de-las-maravillas-546203
Passline,NOES FEST VOL. 3,,2026-09-05,16:00:00,,SALA METRONOMO,Ernesto Pinto Lagarrigue 179,,,Recoleta,8000,https://www.passline.com/eventos/noes-fest-vol-3
Passline,Circo Los Maluenda en Maipu,,2026-09-05,17:00:00,,Frente al Lider / Carpa Los Maluenda,3 Poniente,,,,5000,https://www.passline.com/eventos/circo-los-maluenda-en-maipu-549271
Passline,Claro Oscuro Fest,,2026-09-05,17:00:00,,Estudio Mirador,Millaray 200,,,,5000,https://www.passline.com/eventos/claro-oscuro-fest
Passline,Bingo dieciochero en beneficio de Aaron Ortega,,2026-09-05,18:00:00,,Colegio República de Grecia Talagante,Balmaceda 1133,,,,2380,https://www.passline.com/eventos/bingo-dieciochero-en-beneficio-de-aaron-ortega
Passline,La Negociación / Centro Arte Alameda,,2026-09-05,18:45:00,,Centro Arte Alameda / Sala CEINA,Arturo Prat 33b,,,,2500,https://www.passline.com/eventos/la-negociacion-centro-arte-alameda-551625
Passline,LUCHITO JESUS,,2026-09-05,19:30:00,,HAPPY PEOPLE,Rancagua 395,,,,5000,https://www.passline.com/eventos/luchito-jesus
Passline,POLY DÍAZ | Stand Up Comedy,,2026-09-05,19:30:00,,CLUB SAN MIGUEL,Llano Subercaseaux,,,San Miguel,,https://www.passline.com/eventos/poly-diaz-stand-up-comedy
Passline,Cabarésque,,2026-09-05,20:00:00,,Bar Amelia,Irarrazabal 1060,,,,8000,https://www.passline.com/eventos/cabaresque-543671
Passline,Circo Los Maluenda en Maipu,,2026-09-05,20:00:00,,Frente al Lider / Carpa Los Maluenda,3 Poniente,,,,5000,https://www.passline.com/eventos/circo-los-maluenda-en-maipu-549243
Passline,LOS CARIBEÑOS DE GUADALUPE EN SANTIAGO DE CHILE,,2026-09-05,20:00:00,,Discoteca La Fama,Av. México 609,,,Recoleta,20000,https://www.passline.com/eventos/los-caribenos-de-guadalupe-en-santiago-de-chile
Passline,LUIS HACHEM EN TALAGANTE,,2026-09-05,20:00:00,,AREPAZZO RESTO-BAR,AV BERNARDO OHIGGINS 1306,,,,15000,https://www.passline.com/eventos/luis-hachem-en-talagante
Passline,MAR DE COPAS - SANTIAGO DE CHILE,,2026-09-05,20:00:00,,CLUB CHOCOLATE,ERNESTO PINTO LAGARRIGUE #192,,,,30000,https://www.passline.com/eventos/mar-de-copas-santiago-de-chile
Passline,SONORA PALACIOS Y LA ZALAGARDA CUECA CHILENA,,2026-09-05,20:00:00,,BAR VICTORIA,Av. Carlos Valdovinos 1951,,,Pedro Aguirre Cerda,15000,https://www.passline.com/eventos/sonora-palacios-0509
Passline,The Legend / El Concierto,,2026-09-05,20:00:00,,Carpa Extraordinario Circo,Americo Vespucio con Pedro Fontova,,,,15000,https://www.passline.com/eventos/the-legend-el-concierto-542697
Passline,NIÑO MILAGRO: Grabación de Especial,,2026-09-05,20:30:00,,Donde La Chipi,Diagonal Paraguay 458,,,,7000,https://www.passline.com/eventos/nino-milagro-grabacion-de-especial
Passline,"Violeta, Retazos de una Parra - Cía Pajaro Azul",,2026-09-05,20:30:00,,Centro Cultural Ceina,Arturo Prat 33,,,Santiago,5000,https://www.passline.com/eventos/violeta-retazos-de-una-parra-cia-pajaro-azul-546545
Passline,primer año de comedia,,2026-09-05,20:30:00,,wayas restobar,avenida santa isabel 911,,,,3000,https://www.passline.com/eventos/primer-ano-de-comedia-542475
Passline,Teenage Sex and Death at Camp Miasma / Centro Arte Alameda,,2026-09-05,20:45:00,,Centro Arte Alameda,Arturo Prat #33,,,Santiago,2500,https://www.passline.com/eventos/teenage-sex-and-death-at-camp-miasma-centro-arte-alameda-551459
Passline,ANIVERSARIO FIESTA FOREVER 80’ 90’ en CASA MAYOR DE CHENA,,2026-09-05,21:00:00,,CASA MAYOR DE CHENA,BARRANCON 3240,,,San Bernardo,10000,https://www.passline.com/eventos/fiesta-forever-80-90-en-casa-mayor-de-chena-546143
Passline,C.A.B.A. ROCK vol XXI: 50 años de El Jardín de los presentes con Leo Sujatovich y El Diluvio y los Pasajeros,,2026-09-05,21:00:00,,Epicentro,Huérfanos 786,,,Santiago,20000,https://www.passline.com/eventos/caba-rock-vol-xxi
Passline,Los Atletas De La Risa 35 Años de Humor,,2026-09-05,21:00:00,,Centro de Eventos La Araucana,Walker Martinez 2295,,,La Florida,10000,https://www.passline.com/eventos/los-atletas-de-la-risa-35-anos-de-humor
Passline,Ricardo Montaner Tributo,,2026-09-05,21:00:00,,MD PIZZAS,Alameda #2145,,,,6000,https://www.passline.com/eventos/ricardo-montaner-tributo
Passline,SODA STEREO DE CULTO - HOMENAJE MAMUT,,2026-09-05,21:00:00,,CLUB AMANDA,EMBAJADOR DOUSSINAGUE #1767,,,,14000,https://www.passline.com/eventos/soda-stereo-de-culto-homenaje-mamut
Passline,Sicalipticas Cabaret Galáctico,,2026-09-05,21:00:00,,Peluquería Francesa,Compañia 2789,,,,13000,https://www.passline.com/eventos/sicalipticas-cabaret-galactico
Passline,THE TIME MACHINE : MTV EXPERIENCE + RAMONES + MISFITS,,2026-09-05,21:00:00,,Sala RBX,Av. Vicuña Mackenna 1220,,,Ñuñoa,3000,https://www.passline.com/eventos/time-machine-mtv-experiencie-ramones-misfits
Passline,The Ganjas & The Polvos / Bar de René,,2026-09-05,21:00:00,,Bar de Rene,Sta isabel 369,,,,15000,https://www.passline.com/eventos/the-ganjas-the-polvos-bar-de-rene
Passline,The Metal Gods,,2026-09-05,21:00:00,,Bar Oxido,Purisima 282,,,,6000,https://www.passline.com/eventos/the-metal-gods
Passline,CORTENTRAMITE TRIBUTO A LOS BUNKERS EN KLUB KROSS,,2026-09-05,21:30:00,,Kross Bar,,,,Las Condes,10000,https://www.passline.com/eventos/cortentramite-tributo-a-los-bunkers-en-klub-kross-546109
Passline,"LOS NOGALINOS, CELEBRANDO SU NUEVO DISCO PATRIMONIO",,2026-09-05,21:30:00,,La chimenea,Príncipe de Gales 90,,,Santiago,7000,https://www.passline.com/eventos/los-nogalinos-celebrando-su-nuevo-disco-patrimonio
Passline,200 - REGGAETÓN CLASSICS - HOTEL W - SÁBADO 5,,2026-09-05,22:00:00,,Club Siete,"Isidora Goyenechea 3000, piso 4",,,Las Condes,10000,https://www.passline.com/eventos/200-reggaeton-classics-hotel-w-sabado-5
Passline,BARCELONA ~ SÁB.05.09 ~ CIRCULO ESPAÑOL,,2026-09-05,22:00:00,,CIRCULO ESPAÑOL,ALAMEDA 1550,,,,10000,https://www.passline.com/eventos/barcelona-sab0509-circulo-espanol
Passline,Gabriel Colmenares - Show de Stand Up Comedy 2.0,,2026-09-05,22:00:00,,Gran Refugio Barrio Italia,Rancagua 395,,,Providencia,6000,https://www.passline.com/eventos/gabriel-colmenares-show-de-stand-up-comedy-20
Passline,KISS & SHOOT - TEATRO ALICIA,,2026-09-05,22:00:00,,Teatro Alicia,Av. Raúl Labbé 14998,,,Lo Barnechea,10000,https://www.passline.com/eventos/kiss-shoot-teatro-alicia-551307
Passline,POLY DÍAZ | Stand Up Comedy - 2da. Función 05/09,,2026-09-05,22:00:00,,CLUB SAN MIGUEL,Llano Subercaseaux,,,,23000,https://www.passline.com/eventos/poly-diaz-stand-up-comedy-2da-funcion
Passline,SOUNDLIGHT - EL REENCUENTRO,,2026-09-05,22:00:00,,DISCOTHEQUE MULTIESPACIO BRASAS VALDENEGRO,VICUÑA MACKENA 1030,,,Melipilla,10000,https://www.passline.com/eventos/soundlight-el-reencuentro
Passline,TINDEROOM HEROES Y VILLANOS,,2026-09-05,22:00:00,,Av. Calera de tango,,,,Calera de Tango,15000,https://www.passline.com/eventos/tinderoom-heroes-y-villanos
Passline,★ KISS & SHOOT presenta: #SoldOUTSeries | Teatro Alicia ★ Sábado 5 Septiembre ★,,2026-09-05,22:00:00,,Teatro Alicia,Av. Raúl Labbé 14998,,,Lo Barnechea,10000,https://www.passline.com/eventos/kiss-shoot-presenta-soldoutseries-teatro-alicia-sabado-5-septiembre
Passline,ANIVERSARIO LETS DANCE || SHOW ITHAN NY + BAR ABIERTO || TERRAZA ARRAYÁN || SÁBADO 05 SEPTIEMBRE,,2026-09-05,22:30:00,,Terraza Arrayan,Av. Las Condes 14950,,,Lo Barnechea,5000,https://www.passline.com/eventos/aniversario-lets-dance-show-ithan-ny-bar-abierto-terraza-arrayan-sabado-05-septiembre
Passline,Club más 30,,2026-09-05,22:30:00,,Club más 30,manuel castillo #1201,,,Peñaflor,7000,https://www.passline.com/view-event/club-mas-30
Passline,Denisse Malebrán en Ruta 78,,2026-09-05,22:30:00,,BAR RUTA 78,Independencia 043,,,Puente Alto,,https://www.passline.com/eventos/denisse-malebran-en-ruta-78
Passline,FIESTAS BOSSA | CHAPTER I | CENTRO PARQUE,,2026-09-05,22:30:00,,Centro parque,Pdte. Riesco 5330,,,Las Condes,10000,https://www.passline.com/eventos/fiestasbossa-scl-cap-1
Passline,JassonMix el Máster of the Swing presenta “EL REENCUENTRO,,2026-09-05,22:30:00,,CLUB OLIMPO EL PARRON,AV EL PARRON 01140,,,,10000,https://www.passline.com/eventos/jassonmix-el-master-of-the-swing-presenta-el-reencuentro-549554
Passline,"OTAKU DANCE MAID - Sábado 05 Sept, Spot Freedom.",,2026-09-05,22:30:00,,Spot Freedom,Av. Recoleta 345,,,Recoleta,10000,https://www.passline.com/eventos/otaku-dance-maid-sabado-05-sept-spot-freedom
Passline,"MALAVENTURADOS - Sábado 05 Sept, Sala Pandora.",,2026-09-05,23:00:00,,SALA PANDORA,Pio nono 286,,,,8000,https://www.passline.com/eventos/malaventurados-sabado-05-sept-sala-pandora
Passline,Papi • Sábado 5 de Septiembre,,2026-09-05,23:00:00,,Climax,Antonia López de Bello 80,,,,8000,https://www.passline.com/eventos/papi-sabado-5-de-septiembre
Passline,SÁBADO 5 SEPTIEMBRE - LA FERIA CLUB,,2026-09-05,23:00:00,,La Feria,Constitución 275,,,Providencia,15000,https://www.passline.com/eventos/sabado-5-septiembre-la-feria-club
Passline,CRUZITO EN MYSTIC VALLEY,,2026-09-05,23:30:00,,Mystic Valley,Av. la montaña 1957,,,,10000,https://www.passline.com/eventos/cruzito-en-mystic-valley
Passline,Stranger Blondie: Back To The Future - 4 pistas,,2026-09-05,23:30:00,,Blondie,"Alameda 2879, local 104",,,,10000,https://www.passline.com/eventos/stranger-blondie-back-to-the-future-4-pistas
Passline,Todo Vale Super Sabado en Tom House !,,2026-09-05,23:30:00,,TOM HOUSE CLUB,antonia lopez de bello 49,,,,10000,https://www.passline.com/eventos/todo-vale-super-sabado-en-tom-house
Passline,“SÁBADO 05,,2026-09-05,23:30:00,,FAUSTO,Avenida Santa María 0832,,,,7000,https://www.passline.com/eventos/sabado-05
Passline,Circdomingo Día del Circo,,2026-09-06,11:00:00,,Aldea Encuentro,Avenida alcalde Fernando Castillo Velasco #9750,,,La Reina,1000,https://www.passline.com/eventos/circdomingo-dia-del-circo
Passline,Previa a SEPULTURA en Chile,,2026-09-06,13:00:00,,Sala RBX,Av. Vicuña Mackenna 1220,,,Ñuñoa,8000,https://www.passline.com/eventos/previa-a-sepultura-en-chile
Passline,Matapanki / Centro Arte Alameda,,2026-09-06,14:30:00,,Centro Arte Alameda,Arturo Prat #33,,,,2000,https://www.passline.com/eventos/matapanki-centro-arte-alameda-551626
Passline,Alicia en el Circo de las Maravillas,,2026-09-06,16:00:00,,Carpa Extraordinario Circo,,,,Huechuraba,8000,https://www.passline.com/eventos/alicia-en-el-circo-de-las-maravillas-546206
Passline,Los Domingos / Centro Arte Alameda,,2026-09-06,16:00:00,,Centro Arte Alameda / Sala CEINA,Arturo Prat 33b,,,,2500,https://www.passline.com/eventos/los-domingos-centro-arte-alameda-551629
Passline,El Show del Videoclub 4 - Santiago,,2026-09-06,16:30:00,,Santiago Fight Club,General Gana 109,,,Ñuñoa,4000,https://www.passline.com/eventos/el-show-del-videoclub-4-santiago
Passline,Circo Los Maluenda en Maipu,,2026-09-06,17:00:00,,Frente al Lider / Carpa Los Maluenda,3 Poniente,,,,5000,https://www.passline.com/eventos/circo-los-maluenda-en-maipu-549272
Passline,Lucha Libre Xplosion presenta: Aniversario 16,,2026-09-06,17:00:00,,Teatro Municipal de San Miguel,Alcalde Pedro Alarcón 1063,,,,3500,https://www.passline.com/eventos/lucha-libre-xplosion-presenta-aniversario-16
Passline,"Violeta, Retazos de una Parra - Cía Pajaro Azul",,2026-09-06,17:00:00,,Centro Cultural Ceina,Arturo Prat 33,,,Santiago,5000,https://www.passline.com/eventos/violeta-retazos-de-una-parra-cia-pajaro-azul-546546
Passline,Clitemnestra o el crimen juicio abierto,,2026-09-06,18:00:00,,La Perrera centro de arte experimental,Parque los reyes entre cueto y Bulnes,,,,7000,https://www.passline.com/eventos/clitemnestra-o-el-crimen-juicio-abierto
Passline,DOMINGOS LECHEROS EN TOM HOUSE - 6 SEPTIEMBRE,,2026-09-06,18:00:00,,.,Antonia López de Bello 49,,,,10000,https://www.passline.com/eventos/domingos-lecheros-en-tom-house-6-septiembre
Passline,Tributo BTS Teatro Cousiño,,2026-09-06,18:00:00,,Teatro Parque Cousiño,San Ignacio de Loyola #1249,,,,11000,https://www.passline.com/eventos/tributo-bts-teatro-cousino
Passline,Clara Ulrich presenta Yo Quiero Ser Mi Marido en Chile,,2026-09-06,19:00:00,,Centro Cultural Ceina,,,,Santiago,27000,https://www.passline.com/eventos/clara-ulrich-presenta-yo-quiero-ser-mi-marido-en-chile
Passline,Alicia en el Circo de las Maravillas,,2026-09-06,19:30:00,,Carpa Extraordinario Circo,,,,Huechuraba,8000,https://www.passline.com/eventos/alicia-en-el-circo-de-las-maravillas-546207
Passline,Circo Los Maluenda en Maipu,,2026-09-06,20:00:00,,Frente al Lider / Carpa Los Maluenda,3 Poniente,,,,5000,https://www.passline.com/eventos/circo-los-maluenda-en-maipu-549244
Passline,La Pérgola de las Flores: Entre Flores y Tacones,,2026-09-06,20:00:00,,Cabaret Piraña Resto Bar,Bombero Núñez 365,,,Recoleta,12000,https://www.passline.com/eventos/la-pergola-de-las-flores-entre-flores-y-tacones
Passline,Terminator 2 / Centro Arte Alameda,,2026-09-06,20:15:00,,Centro Arte Alameda / Sala CEINA,Arturo Prat 33b,,,,2500,https://www.passline.com/eventos/terminator-2-centro-arte-alameda
Passline,INHOUSE ★ DOMINGO 6 SEPTIEMBRE ★ Club Siete - Piso 4 Hotel W,,2026-09-06,22:00:00,,Club Siete,"Isidora Goyenechea 3000, piso 4",,,Las Condes,10000,https://www.passline.com/eventos/inhouse-domingo-6-septiembre-club-siete-piso-4-hotel-w
Passline,“DOMINGO 06,,2026-09-06,23:30:00,,FAUSTO,Avenida Santa María 0832,,,,6000,https://www.passline.com/eventos/domingo-06
Passline,Obsesión / Centro Arte Alameda,,2026-09-07,14:30:00,,Centro Arte Alameda,Arturo Prat #33,,,,2500,https://www.passline.com/eventos/obsesion-centro-arte-alameda-551369
Passline,Teenage Sex and Death at Camp Miasma / Centro Arte Alameda,,2026-09-07,16:45:00,,Centro Arte Alameda,Arturo Prat #33,,,Santiago,2500,https://www.passline.com/eventos/teenage-sex-and-death-at-camp-miasma-centro-arte-alameda-551461
Passline,"Concierto 1 - Luces y Lamentos: Serenatas, Cuerdas y Elegías",,2026-09-07,19:30:00,,Estación Mapocho,"Plaza de la Cultura, Metro Cal y Canto",,,,6000,https://www.passline.com/eventos/concierto-1-luces-y-lamentos-serenatas-cuerdas-y-elegias
Passline,Circo Los Maluenda en Maipu,,2026-09-07,20:00:00,,Frente al Lider / Carpa Los Maluenda,3 Poniente,,,,5000,https://www.passline.com/eventos/circo-los-maluenda-en-maipu-549245
Passline,La Invitación / Centro Arte Alameda,,2026-09-08,14:30:00,,Centro Arte Alameda / Sala CEINA,Arturo Prat 33b,,,,2500,https://www.passline.com/eventos/la-invitacion-centro-arte-alameda-551624
Passline,Los Domingos / Centro Arte Alameda,,2026-09-08,16:45:00,,Centro Arte Alameda / Sala CEINA,Arturo Prat 33b,,,,2500,https://www.passline.com/eventos/los-domingos-centro-arte-alameda-551630
Passline,"Concierto 2 - Luces y Lamentos: Serenatas, Cuerdas y Elegías",,2026-09-08,19:30:00,,Estación Mapocho,"Plaza de la Cultura, Metro Cal y Canto",,,,6000,https://www.passline.com/eventos/concierto-2-luces-y-lamentos-serenatas-cuerdas-y-elegias
Passline,Cuerdas Magistrales. Ciclo de Música de Cámara. Flauta y guitarra.,,2026-09-08,19:30:00,,Teatro Centro Cultural Las Condes,Nuestra Señora del Rosario 30,,,Las Condes,,https://www.passline.com/eventos/cuerdas-magistrales-ciclo-de-musica-de-camara-flauta-y-guitarra
Passline,Circo Los Maluenda en Maipu,,2026-09-08,20:00:00,,Frente al Lider / Carpa Los Maluenda,3 Poniente,,,,5000,https://www.passline.com/eventos/circo-los-maluenda-en-maipu-549246
Passline,Teenage Sex and Death at Camp Miasma / Centro Arte Alameda,,2026-09-08,20:45:00,,Centro Arte Alameda,Arturo Prat #33,,,Santiago,2500,https://www.passline.com/eventos/teenage-sex-and-death-at-camp-miasma-centro-arte-alameda-551460
Passline,Don Carter en Rustiko Huechuraba,,2026-09-08,21:00:00,,Rustiko Huehuraba,Av. Pedro Fontova 7853,,,Huechuraba,20000,https://www.passline.com/eventos/don-carter-en-rustiko-huechuraba
Passline,NOA ★ MARTES 8 SEPTIEMBRE ★ Club Siete - Piso 4 Hotel W,,2026-09-08,22:00:00,,Club Siete,"Isidora Goyenechea 3000, piso 4",,,Las Condes,10000,https://www.passline.com/eventos/noa-martes-8-septiembre-club-siete-piso-4-hotel-w
Passline,Matapanki / Centro Arte Alameda,,2026-09-09,14:45:00,,Centro Arte Alameda,Arturo Prat #33,,,,2000,https://www.passline.com/eventos/matapanki-centro-arte-alameda-551628
Passline,Alicia en el Circo de las Maravillas,,2026-09-09,19:30:00,,Carpa Extraordinario Circo,,,,Huechuraba,8000,https://www.passline.com/eventos/alicia-en-el-circo-de-las-maravillas-546208
Passline,Circo Los Maluenda en Maipu,,2026-09-09,20:00:00,,Frente al Lider / Carpa Los Maluenda,3 Poniente,,,,5000,https://www.passline.com/eventos/circo-los-maluenda-en-maipu-549247
Passline,Pablo Etcheverri y José Manuel Lattus en cafetería popular,,2026-09-09,20:00:00,,Cafetería Popular,Maipu 363,,,,5000,https://www.passline.com/eventos/pablo-etcheverri-y-jose-manuel-lattus-en-cafeteria-popular
Passline,Sergio Freire en Happy People,,2026-09-09,20:00:00,,Teatro Happy People,Rancagua 395,,,Providencia,10000,https://www.passline.com/eventos/sergio-freire-en-happy-people-551465
Passline,"""ABRAMOS LIBROS, CELEBREMOS CHILE.""",,2026-09-10,16:00:00,,Biblioteca de la Corporación Cultural Las Condes,Nuestra Señora del Rosario 30,,,Las Condes,,https://www.passline.com/eventos/abramos-libros-celebremos-chile
Passline,TODOS POR EL TAN,,2026-09-10,19:00:00,,SALA METRONOMO,Ernesto Pinto Lagarrigue 179,,,Recoleta,15000,https://www.passline.com/eventos/todos-por-el-tan
Passline,Alicia en el Circo de las Maravillas,,2026-09-10,19:30:00,,Carpa Extraordinario Circo,,,,Huechuraba,8000,https://www.passline.com/eventos/alicia-en-el-circo-de-las-maravillas-546209
Passline,Canciones UPelientas / Francisco Villa y Camila Chascona,,2026-09-10,20:00:00,,Cafetería Popular,Maipu 363,,,,10000,https://www.passline.com/eventos/canciones-upelientas-francisco-villa-y-camila-chascona
Passline,Circo Los Maluenda en Maipu,,2026-09-10,20:00:00,,Frente al Lider / Carpa Los Maluenda,3 Poniente,,,,5000,https://www.passline.com/eventos/circo-los-maluenda-en-maipu-549248
Passline,La Pérgola de las Flores: Entre Flores y Tacones,,2026-09-10,20:00:00,,Cabaret Piraña Resto Bar,Bombero Núñez 365,,,Recoleta,12000,https://www.passline.com/eventos/la-pergola-de-las-flores-entre-flores-y-tacones-548562
Passline,Oasis - Dont Look Back in Anger - Cine Blondie,,2026-09-10,20:00:00,,CENTRO ARTE ALAMEDA,Arturo Prat 33,,,Santiago,12000,https://www.passline.com/eventos/oasis-dont-look-back-in-anger-cine-blondie
Passline,The Haunted,,2026-09-10,20:00:00,,Teatro Cariola,San Diego 246,,,Santiago,42000,https://www.passline.com/eventos/the-haunted
Passline,Linea Aspera en Chile,,2026-09-10,21:00:00,,Sala RBX,Av. Vicuña Mackenna 1220,,,Ñuñoa,28000,https://www.passline.com/eventos/linea-aspera-en-chile
Passline,STONE NATION LANZAMIENTO OFICIAL ALCHEMY,,2026-09-10,21:00:00,,Amanda,EMBAJADOR DOUSSINAGUE #1767,,,Vitacura,15000,https://www.passline.com/eventos/stone-nation-lanzamiento-oficial-alchemy
Passline,Tributo Grunge Hits,,2026-09-10,21:00:00,,Klub Krossbar,Av Las Condes 13451 Local L108,,,,6000,https://www.passline.com/eventos/tributo-grunge-hits
Passline,Tributo Silvio Rodríguez Noche Emotiva y Reflexión,,2026-09-10,21:00:00,,Montañita Las Vizcachas,Camino San José de maipo 06680,,,,5000,https://www.passline.com/eventos/tributo-silvio-rodriguez-noche-emotiva-y-reflexion
Passline,ANGELO SOUL EN MYTIC,,2026-09-10,22:00:00,,Mystic Valley,Av. la montaña 1957,,,,10000,https://www.passline.com/eventos/angelo-soul-en-mytic
Passline,Rodrigo Salinas en Happy People,,2026-09-10,22:00:00,,Teatro Happy People,Rancagua 395,,,Providencia,7000,https://www.passline.com/eventos/rodrigo-salinas-en-happy-people-551390
Passline,INDIE UNIVERSITY PARTY - THE STROKES NIGHT,,2026-09-10,23:30:00,,Blondie,Avda Liber Bernardo O`Higgins 2879,,,Santiago,3000,https://www.passline.com/eventos/indie-university-party-the-strokes-night
Passline,Circo Los Maluenda en Maipu,,2026-09-11,20:00:00,,Frente al Lider / Carpa Los Maluenda,3 Poniente,,,,5000,https://www.passline.com/eventos/circo-los-maluenda-en-maipu-549249
Passline,SOL Y LLUVIA 11/09,,2026-09-11,20:00:00,,BAR VICTORIA,Av. Carlos Valdovinos 1951,,,Pedro Aguirre Cerda,15000,https://www.passline.com/eventos/sol-y-lluvia-1109
Passline,STEFAN KRAMER – SHOW DE EMERGENCIA,,2026-09-11,20:00:00,,CLUB AMANDA,EMBAJADOR DOUSSINAGUE #1767,,,,18000,https://www.passline.com/eventos/stefan-kramer-show-de-emergencia-551290
Passline,Veneno Espectaculo de Circo,,2026-09-11,20:00:00,,Aldea Encuentro,,,,La Reina,20000,https://www.passline.com/eventos/veneno-espectaculo-de-circo
Passline,Aura ★ VIERNES 11 SEPTIEMBRE ★,,2026-09-11,20:30:00,,Aura club,Av Vitacura 9339,,,Vitacura,8000,https://www.passline.com/eventos/aura-viernes-11-septiembre
Passline,Confesiones y copass,,2026-09-11,20:30:00,,Alma Chilanga,Las condes 9111,,,,5000,https://www.passline.com/eventos/confesiones-y-copass
Passline,Farmeando Fest,,2026-09-11,20:30:00,,Bar Oxido,Purisima 282,,,,4500,https://www.passline.com/eventos/farmeando-fest
Passline,Homenaje a Silvio Rodriguez y Victor Jara en Ruta 78,,2026-09-11,20:30:00,,BAR RUTA 78,Independencia 043,,,Puente Alto,10000,https://www.passline.com/eventos/homenaje-a-silvio-rodriguez-y-victor-jara-en-ruta-78
Passline,Yajaira / Burdo - MIBAR,,2026-09-11,21:00:00,,Mi Bar,Av. Sta. Isabel 0350,,,Providencia,10000,https://www.passline.com/eventos/yajaira-burdo-mibar
Passline,La gran SUBLIME city,,2026-09-11,22:00:00,,paseo san Damián,Av. Las Condes 11271,,,Las Condes,12000,https://www.passline.com/eventos/la-gran-sublime-city
Passline,PROMETEO — FONDA UNIVERSITARIA,,2026-09-11,22:00:00,,Teatro Alicia,Av. Raúl Labbé 14998,,,Lo Barnechea,8000,https://www.passline.com/eventos/prometeo-fonda-universitaria-551790
Passline,SOCIAL W ★ VIERNES 11 SEPTIEMBRE ★ Club Siete - Piso 4 Hotel W,,2026-09-11,22:00:00,,Club Siete,"Isidora Goyenechea 3000, piso 4",,,Las Condes,10000,https://www.passline.com/eventos/social-w-viernes-11-septiembre-club-siete-piso-4-hotel-w
Passline,Dark Machine - Antichrist Superstar - 3 Pistas de baile,,2026-09-11,23:30:00,,Blondie,Alameda 2879,,,,8000,https://www.passline.com/eventos/dark-machine-antichrist-superstar-4-pistas-de-baile
Passline,Fiesta de la Comunidad Stade Français 🇨🇱,,2026-09-12,11:00:00,,Stade Français,Presidente errazuriz 2950,,,Las Condes,5000,https://www.passline.com/eventos/fiesta-de-la-comunidad-stade-francais
Passline,Fiesta Nuestras Raices,,2026-09-12,11:30:00,,Club Médico,Av. La Dehesa 2245,,,Lo Barnechea,15000,https://www.passline.com/eventos/fiesta-nuestras-raices
Passline,FIESTAS PATRIAS DRIFT TUNNING - Tío Supra & Lions Graphic,,2026-09-12,12:00:00,,CUCA BUIN,PANAMERICANA SUR KM 28 SAN BERNARDO SALIDA LOS NARAJOS,,,,2000,https://www.passline.com/eventos/fiestas-patrias-drift-tunning-tio-supra-lions-graphic
Passline,LIGA KING OF THE RING,,2026-09-12,12:00:00,,GIMNNASIO NUEVO BOX,GARCIA HUIDOBRO 712,,,,9000,https://www.passline.com/eventos/liga-king-of-the-ring
Passline,Sonora Sunset V,,2026-09-12,15:00:00,,Taringuita Farellones,Av El Colorado 1284,,,,40000,https://www.passline.com/eventos/sonora-sunset-v
Passline,Alicia en el Circo de las Maravillas,,2026-09-12,16:00:00,,Carpa Extraordinario Circo,,,,Huechuraba,8000,https://www.passline.com/eventos/alicia-en-el-circo-de-las-maravillas-546211
Passline,Fonda Bosque Luz by Mind | 12 de Septiembre | #SaveTheDate 🇨🇱,,2026-09-12,16:00:00,,Bosque Luz,Av. del Parque 420,,,Huechuraba,26000,https://www.passline.com/eventos/fonda-bosque-luz-by-mind-12-de-septiembre-savethedate
Passline,British Rock Night - RADIOHEAD - OASIS,,2026-09-12,17:00:00,,Espacio Rock and Roll,"Avenida Vicula Mackenna Oriente 7320, local 20",,,,8000,https://www.passline.com/eventos/british-rock-night-radiohead-oasis
Passline,Circo Los Maluenda en Maipu,,2026-09-12,17:00:00,,Frente al Lider / Carpa Los Maluenda,3 Poniente,,,,5000,https://www.passline.com/eventos/circo-los-maluenda-en-maipu-549273
Passline,Todavía y otra vez - Septiembre 2026,,2026-09-12,18:00:00,,Aldea Encuentro,Avenida alcalde Fernando Castillo Velasco #9750,,,,5000,https://www.passline.com/eventos/todavia-y-otra-vez-septiembre-2026
Passline,¡A Jugar y Apoyar! Gran Bingo Solidario a Beneficio Evelyn Contreras,,2026-09-12,18:00:00,,Centro Cultural Quinta Normal,Gonzalo Bulnes 2484,,,,2500,https://www.passline.com/eventos/a-jugar-y-apoyar-gran-bingo-solidario-a-beneficio-evelyn-contreras
Passline,Kaya World Tour 2026 the world Chile,,2026-09-12,18:30:00,,Teatro Cousiño,San Ignacio de Loyola 1249,,,Santiago,35000,https://www.passline.com/eventos/kaya-world-tour-2026-the-world-chile
Passline,ABOMINABLE DR. GÜIÑA. En vivo,,2026-09-12,20:00:00,,Restaurant Cocina Clandestina,ANTONIA LOPEZ DE BELLO 0108,,,,6000,https://www.passline.com/eventos/abominable-dr-guina-en-vivo-545474
Passline,CRIATURA 11 x Andrés Salas,,2026-09-12,20:00:00,,Centro Coreográfico de Santiago,Huerfanos 1869,,,,8000,https://www.passline.com/eventos/criatura-11-x-andres-salas
Passline,Circo Los Maluenda en Maipu,,2026-09-12,20:00:00,,Frente al Lider / Carpa Los Maluenda,3 Poniente,,,,5000,https://www.passline.com/eventos/circo-los-maluenda-en-maipu-549251
Passline,DJ PELIGRO EN SANTIAGO DE CHILE,,2026-09-12,20:00:00,,Discoteca La Fama,Av. México 609,,,Recoleta,20000,https://www.passline.com/eventos/dj-peligro-en-santiago-de-chile
Passline,Disco Sour Machine & FOMO presentan Jigit,,2026-09-12,20:00:00,,Anfiteatro Pablo Neruda,,,,Providencia,35000,https://www.passline.com/eventos/disco-sour-machine-fomo-presentan-jigit
Passline,DoblaJam level 152 - 12/09,,2026-09-12,20:00:00,,Level 152,Av. Ricardo Cumming 152,,,,14000,https://www.passline.com/eventos/doblajam-level-152-1209
Passline,HOMER EL MERO MERO - Resurreccion tour 2026 en Santiago,,2026-09-12,20:00:00,,Sala RBX,Av. Vicuña Mackenna 1220,,,Ñuñoa,25000,https://www.passline.com/eventos/homer-el-mero-mero-resurreccion-tour-2026-en-santiago
Passline,LEFT TO DIE,,2026-09-12,20:00:00,,Teatro Cariola,San Diego 246,,,Santiago,32000,https://www.passline.com/eventos/lef-to-die
Passline,The Legend / El Concierto,,2026-09-12,20:00:00,,Carpa Extraordinario Circo,Americo Vespucio con Pedro Fontova,,,,15000,https://www.passline.com/eventos/the-legend-el-concierto-542698
Passline,Veneno Espectaculo de Circo,,2026-09-12,20:00:00,,Aldea Encuentro,Avenida alcalde Fernando Castillo Velasco #9750,,,,20000,https://www.passline.com/eventos/veneno-espectaculo-de-circo-536649
Passline,Sabbath Ritual 12,,2026-09-12,20:30:00,,Bar Oxido,Purisima 282,,,,5000,https://www.passline.com/eventos/sabbath-ritual-12
Passline,Alvaro Scaramelli Éxitos en vivo,,2026-09-12,21:00:00,,Peluquería Francesa,Compañía 2789,,,,15000,https://www.passline.com/eventos/alvaro-scaramelli-exitos-en-vivo
Passline,CHULERIA PARTY: 4ta EDICIÓN,,2026-09-12,21:00:00,,AV MATTA 310,Av Matta 310,,,Santiago,3000,https://www.passline.com/eventos/chuleria-party-4ta-edicion
Passline,PEARL JAM - ESPECIAL TEN & VERSUS / TRIBUTO PIEDRA NEGRA,,2026-09-12,21:00:00,,CLUB CHOCOLATE,ERNESTO PINTO LAGARRIGUE #192,,,,10000,https://www.passline.com/eventos/pearl-jam-especial-ten-versus-tributo-piedra-negra
Passline,"Sematary Night, tributos a Misfits y Ramones",,2026-09-12,21:00:00,,Good Luck Pizza Drinks,Lira 401,,,,3000,https://www.passline.com/eventos/sematary-night-tributos-a-misfits-y-ramones
Passline,SCHWENKE&NILO...SEPTIEMBRE POPULAR Y REFLEXIVO,,2026-09-12,21:30:00,,La chimenea,Príncipe de Gales 90,,,Santiago,12000,https://www.passline.com/eventos/schwenkeniloseptiembre-popular-y-reflexivo
Passline,THE PROFIT EN KLUB KROSS,,2026-09-12,21:30:00,,Kross Bar,,,,Las Condes,8000,https://www.passline.com/eventos/the-profit-en-klub-kross
Passline,AFTER PIKNIC ELECTRONIK SANTIAGO EN CLUB AMANDA,,2026-09-12,22:00:00,,Club Amanda,"Embajador Doussinague 1767, Loc D 0027",,,Vitacura,14000,https://www.passline.com/eventos/after-piknic-electronik-santiago-en-club-amanda
Passline,Criminal Mambo: Pegotes + Pulso Gaiano + Miguelitos,,2026-09-12,22:00:00,,Sala RBX,Av. Vicuña Mackenna 1220,,,Ñuñoa,7000,https://www.passline.com/eventos/criminal-mambo-pegotes-pulso-gaiano-miguelitos
Passline,FUTURE NOISE,,2026-09-12,22:00:00,,El RITO,Antonia López de bello 80,,,,10000,https://www.passline.com/eventos/future-noise
Passline,Fiesta Infinito Deluxe,,2026-09-12,22:00:00,,Ex restaurant Granja Educativa,Camino Las Parcelas #20,,,,5000,https://www.passline.com/eventos/fiesta-infinito-deluxe
Passline,Rootz HiFi Full Soundsystem,,2026-09-12,22:00:00,,SALA METRONOMO,Ernesto Pinto Lagarrigue 179,,,Recoleta,10000,https://www.passline.com/eventos/rootz-hifi-full-soundsystem
Passline,GRUPO RED EN VIVO en Coyotes Club Maipu !!!,,2026-09-12,22:30:00,,COYOTES CLUB,Av. Pajaritos 2680,,,Maipú,10000,https://www.passline.com/eventos/grupo-red-en-vivo-en-coyotes-club-maipu
Passline,SIN PRETENSION,,2026-09-12,23:00:00,2026-09-13,Casa Marika Escalera,,,,,5000,https://www.passline.com/eventos/sin-pretension-546059
Passline,Morning Glory - Brit Pop 30 años - 4 Pistas,,2026-09-12,23:30:00,,Blondie,"Alameda 2879, local 104",,,,8000,https://www.passline.com/eventos/morning-glory-brit-pop-30-anos-4-pistas
Passline,🇨🇱 FONDA CANDELARIA 🇨🇱 || DOMINGO 13 SEPTIEMBRE,,2026-09-13,13:00:00,,Bosque Luz,Av. del Parque 420,,,Huechuraba,15000,https://www.passline.com/eventos/fonda-candelaria-domingo-13-septiembre
Passline,Alicia en el Circo de las Maravillas,,2026-09-13,16:00:00,,Carpa Extraordinario Circo,,,,Huechuraba,8000,https://www.passline.com/eventos/alicia-en-el-circo-de-las-maravillas-546212
Passline,Circo Los Maluenda en Maipu,,2026-09-13,17:00:00,,Frente al Lider / Carpa Los Maluenda,3 Poniente,,,,5000,https://www.passline.com/eventos/circo-los-maluenda-en-maipu-549274
Passline,ERICK BRIAN EN CHILE,,2026-09-13,18:00:00,,Epicentro,Huérfanos 786,,,Santiago,30000,https://www.passline.com/eventos/erick-brian-en-chile
Passline,Todavía y otra vez - Septiembre 2026,,2026-09-13,18:00:00,,Aldea Encuentro,Avenida alcalde Fernando Castillo Velasco #9750,,,,5000,https://www.passline.com/eventos/todavia-y-otra-vez-septiembre-2026-544937
Passline,MISERERE ~KaputMundiTour~ YUCATÁN-MANO DE OBRA-HOLLOW HUMANITY,,2026-09-13,19:00:00,,Sala RBX,Av. Vicuña Mackenna 1220,,,Ñuñoa,10000,https://www.passline.com/eventos/miserere-kaputmunditour-yucatanmano-de-obrahollow-humanity
Passline,Alicia en el Circo de las Maravillas,,2026-09-13,19:30:00,,Carpa Extraordinario Circo,,,,Huechuraba,8000,https://www.passline.com/eventos/alicia-en-el-circo-de-las-maravillas-546213
Passline,"Blanco White - Santiago, Chile",,2026-09-13,19:30:00,,Bar La Puerta Amarilla,Av. Alcalde Fernando Castillo Velasco 7150,,,La Reina,,https://www.passline.com/eventos/blanco-white-santiago-chile
Passline,Circo Los Maluenda en Maipu,,2026-09-13,20:00:00,,Frente al Lider / Carpa Los Maluenda,3 Poniente,,,,5000,https://www.passline.com/eventos/circo-los-maluenda-en-maipu-549252
Passline,La Pérgola de las Flores: Entre Flores y Tacones,,2026-09-13,20:00:00,,Cabaret Piraña Resto Bar,Bombero Núñez 365,,,Recoleta,12000,https://www.passline.com/eventos/la-pergola-de-las-flores-entre-flores-y-tacones-548563
Passline,SAINT CATTIVERIA - LA J MIXTAPE,,2026-09-13,20:00:00,,SALA METRONOMO,Ernesto Pinto Lagarrigue 179,,,Recoleta,15000,https://www.passline.com/eventos/saint-cattiveria-la-j-mixtape
Passline,Blanco White - 14 Septiembre - La Puerta Amarilla (2da noche!),,2026-09-14,19:30:00,,Bar La Puerta Amarilla,Av. Alcalde Fernando Castillo Velasco 7150,,,La Reina,9000,https://www.passline.com/eventos/blanco-white-14-septiembre-la-puerta-amarilla-2da-noche
Passline,Circo Los Maluenda en Maipu,,2026-09-14,20:00:00,,Frente al Lider / Carpa Los Maluenda,3 Poniente,,,,5000,https://www.passline.com/eventos/circo-los-maluenda-en-maipu-549253
Passline,Circo Los Maluenda en Maipu,,2026-09-15,20:00:00,,Frente al Lider / Carpa Los Maluenda,3 Poniente,,,,5000,https://www.passline.com/eventos/circo-los-maluenda-en-maipu-549254
Passline,OK-JHONY + ACIDA en MiBar.,,2026-09-15,20:30:00,,Mi Bar,Av. Sta. Isabel 0350,,,Providencia,5000,https://www.passline.com/eventos/okjhony-acida-en-mibar
Passline,Fondas Oficiales de Linderos : Los Parientes - MIERCOLES 16,,2026-09-16,12:00:00,,Club Deportivo Linderos,Camino La Cervera #00,,,,2500,https://www.passline.com/eventos/fondas-oficiales-de-linderos-los-parientes-miercoles-16
Passline,Extraordinario Circo de Primavera,,2026-09-16,18:00:00,,Carpa Extraordinario Circo,,,,Santiago,6000,https://www.passline.com/eventos/extraordinario-circo-de-primavera
Passline,GRUPO RED Y CUECAS EN VIVO,,2026-09-16,19:00:00,,BAR VICTORIA,Av. Carlos Valdovinos 1951,,,Pedro Aguirre Cerda,10000,https://www.passline.com/eventos/grupo-red-y-cuecas-en-vivo
Passline,Niña Carolo en Centro Arte Alameda,,2026-09-16,19:00:00,,CENTRO ARTE ALAMEDA,Arturo Prat 33,,,Santiago,7000,https://www.passline.com/eventos/nina-carolo-en-centro-arte-alameda
Passline,Circo Los Maluenda en Maipu,,2026-09-16,20:00:00,,Frente al Lider / Carpa Los Maluenda,3 Poniente,,,,5000,https://www.passline.com/eventos/circo-los-maluenda-en-maipu-549255
Passline,ONE PACT - 2026 World Tour,,2026-09-16,20:00:00,,SALA METRONOMO,Ernesto Pinto Lagarrigue 179,,,Recoleta,34783,https://www.passline.com/eventos/one-pact-2026-world-tour
Passline,The Legend / El Concierto,,2026-09-16,20:00:00,,Carpa Extraordinario Circo,Americo Vespucio con Pedro Fontova,,,,15000,https://www.passline.com/eventos/the-legend-el-concierto-542702
Passline,Fondas Oficiales de Linderos : Los Parientes - JUEVES 17,,2026-09-17,12:00:00,,Club Deportivo Linderos,Camino La Cervera #00,,,,2500,https://www.passline.com/eventos/fondas-oficiales-de-linderos-los-parientes-jueves-17
Passline,17 DE SEPTIEMBRE - Fiesta de la Chilenidad Melipilla,,2026-09-17,12:30:00,,COSTADO CLUB AÉREO MELIPILLA,,,,Melipilla,5000,https://www.passline.com/eventos/17-de-septiembre-fiesta-de-la-chilenidad-melipilla
Passline,PROMO 4 DIAS **GENERAL**,,2026-09-17,12:30:00,2026-09-20,COSTADO CLUB AÉREO MELEPÍLLA,,,,,39000,https://www.passline.com/eventos/promo-4-dias-general-538111
Passline,Alicia en el Circo de las Maravillas,,2026-09-17,16:00:00,,Carpa Extraordinario Circo,,,,Huechuraba,8000,https://www.passline.com/eventos/alicia-en-el-circo-de-las-maravillas-546220
Passline,Extraordinario Circo de Primavera,,2026-09-17,16:00:00,,Carpa Extraordinario Circo,,,,Santiago,6000,https://www.passline.com/eventos/extraordinario-circo-de-primavera-547637
Passline,Extraordinario Circo de Primavera,,2026-09-17,16:00:00,,Carpa Extraordinario Circo,,,,Santiago,6000,https://www.passline.com/eventos/extraordinario-circo-de-primavera-547639
Passline,Circo Los Maluenda en Maipu,,2026-09-17,17:00:00,,Frente al Lider / Carpa Los Maluenda,3 Poniente,,,,5000,https://www.passline.com/eventos/circo-los-maluenda-en-maipu-549275
Passline,Extraordinario Circo de Primavera,,2026-09-17,18:00:00,,Carpa Extraordinario Circo,,,,Santiago,6000,https://www.passline.com/eventos/extraordinario-circo-de-primavera-547638
Passline,Extraordinario Circo de Primavera,,2026-09-17,18:00:00,,Carpa Extraordinario Circo,,,,Santiago,6000,https://www.passline.com/eventos/extraordinario-circo-de-primavera-547640
Passline,CHAMAL - Cantos y danzas de Chile,,2026-09-17,19:00:00,,Centro Cultural Ceina,,,,Santiago,4000,https://www.passline.com/eventos/chamal-cantos-y-danzas-de-chile
Passline,Circo Los Maluenda en Maipu,,2026-09-17,20:00:00,,Frente al Lider / Carpa Los Maluenda,3 Poniente,,,,5000,https://www.passline.com/eventos/circo-los-maluenda-en-maipu-549256
Passline,Forever Underground Fucking Fest,,2026-09-17,20:00:00,,Bar Oxido,Purisima 282,,,,5000,https://www.passline.com/eventos/forever-underground-fucking-fest
Passline,LOS OLIMPICOS DE HUANCAYO EN SANTIAGO DE CHILE,,2026-09-17,20:00:00,,Discoteca La Fama,Av. México 609,,,Recoleta,15000,https://www.passline.com/eventos/los-olimpicos-de-huancayo-en-santiago-de-chile
Passline,LOS PIBES CHOROS Y CUECAS CON LOS DEL VICTORIA,,2026-09-17,20:00:00,,BAR VICTORIA,Av. Carlos Valdovinos 1951,,,Pedro Aguirre Cerda,20000,https://www.passline.com/eventos/los-pibes-choros-y-cuecas-con-los-del-victoria
Passline,The Legend / El Concierto,,2026-09-17,20:00:00,,Carpa Extraordinario Circo,Americo Vespucio con Pedro Fontova,,,,15000,https://www.passline.com/eventos/the-legend-el-concierto-542699
Passline,LA MEDIA LUNA DE LESBOS,,2026-09-17,21:00:00,,AKBAR PLAZA ÑUÑOA,Av. Irarrázaval 3481,,,,7000,https://www.passline.com/eventos/la-media-luna-de-lesbos
Passline,LOS CHAMULLENTOS Esencia de Parra.,,2026-09-17,21:00:00,,Peluquería Francesa,COMPAÑIA 2789,,,,13000,https://www.passline.com/eventos/los-chamullentos-esencia-de-parra
Passline,LOS MIRLOS EN VIVO!,,2026-09-17,21:00:00,,SALA METRONOMO,Ernesto Pinto Lagarrigue 179,,,Recoleta,20000,https://www.passline.com/eventos/los-mirlos-en-vivo-545408
Passline,Match Party,,2026-09-17,21:00:00,,Salon de eventos,Antonia lopez de bello,,,,10000,https://www.passline.com/eventos/match-party
Passline,Fonda Ochentera Tributo Los Prisioneros y Soda Stereo en Ruta 78,,2026-09-17,21:30:00,,BAR RUTA 78,Independencia 043,,,Puente Alto,10000,https://www.passline.com/eventos/fonda-ochentera-tributo-los-prisioneros-y-soda-stereo-en-ruta-78
Passline,Rodrigo Salinas en Happy People,,2026-09-17,22:00:00,,Teatro Happy People,Rancagua 395,,,Providencia,7000,https://www.passline.com/eventos/rodrigo-salinas-en-happy-people-551391
Passline,🇨🇱 CentroFonda | Jueves 17 Septiembre | La Primera Patita 🇨🇱,,2026-09-17,22:00:00,2026-09-18,Centro parque,Pdte. Riesco 5330,,,Las Condes,8000,https://www.passline.com/eventos/centrofonda-jueves-17-septiembre-centro-parque
Passline,🇨🇱 CentroFonda | Pase 2 Días (17 y 18 Septiembre) | Centro Parque 🇨🇱,,2026-09-17,22:00:00,2026-09-19,Centro parque,Pdte. Riesco 5330,,,Las Condes,15000,https://www.passline.com/eventos/centrofonda-pase-2-dias-17-y-18-septiembre-centro-parque
Passline,"🇨🇱 Fonda la MONGA 🇨🇱 🦍, FULL BAILABLE 💃🕺🪩 / Jueves 17 de septiembre / Av vicuña mackenna #1895 📍",,2026-09-17,22:00:00,,Fiesta LA MONGA,Av vicuña mackenna #1895,,,,6000,https://www.passline.com/eventos/fonda-la-monga-full-bailable-jueves-17-de-septiembre-av-vicuna-mackenna-1895
Passline,"FIESTAS PATRIAS LETS DANCE || TERRAZA ARRAYÁN || 17, 18 & 19 SEPTIEMBRE",,2026-09-17,22:30:00,2026-09-20,Terraza Arrayan,Av. Las Condes 14950,,,Lo Barnechea,10000,https://www.passline.com/eventos/fiestas-patrias-lets-dance-terraza-arrayan-17-18-19-septiembre
Passline,JOHN DIGWEED - LA FERIA CLUB,,2026-09-17,23:00:00,,La Feria,Constitución 275,,,Providencia,48000,https://www.passline.com/eventos/john-digweed-la-feria-club
Passline,Adrelatina - Organización X - Aniversario Blondie,,2026-09-17,23:30:00,,Blondie,Alameda 2879,,,,12000,https://www.passline.com/eventos/adrelatina-organizacion-x-aniversario-blondie
Passline,"WHIP ME - Jueves 17 Septiembre, Spot Freedom.",,2026-09-17,23:30:00,2026-09-18,Spot Freedom,Av. Recoleta 345,,,Recoleta,10000,https://www.passline.com/eventos/whip-me-jueves-17-septiembre-spot-freedom
Passline,🇨🇱 FONDA TÍO VORTEX 2026 🇨🇱 17 Septiembre,,2026-09-17,23:55:00,2026-09-18,Munich Malloco,Av. Balmaceda 2933,,,Peñaflor,12000,https://www.passline.com/eventos/fonda-tio-vortex-2026-17-septiembre
Passline,Abonos 3 días Fonda de Fiebre,,2026-09-18,12:00:00,2026-09-20,Parque la Araucana,Avenida Walker Matinez 2295,,,,48000,https://www.passline.com/eventos/abonos-3-dias-fonda-de-fiebre
Passline,Extraordinario Circo de Primavera,,2026-09-18,12:00:00,,Carpa Extraordinario Circo,,,,Santiago,6000,https://www.passline.com/eventos/extraordinario-circo-de-primavera-547649
Passline,Florida Bier Fest - 18 Septiembre,,2026-09-18,12:00:00,,Estadio Estrella Manuel Rodriguez,Calle Jose Miguel Carrera #865,,,,10000,https://www.passline.com/eventos/florida-bier-fest-18-septiembre
Passline,La Fonda de Fiebre ! Viernes 18 de Septiembre,,2026-09-18,12:00:00,,Parque la Araucana,Avenida Walker Martinez 2295,,,,7000,https://www.passline.com/eventos/la-fonda-de-fiebre-viernes-18-de-septiembre
Passline,MEDIEVAL PARTY FIESTAS PATRIAS 2026 - FACTORIA FRANKLIN,,2026-09-18,12:00:00,2026-09-20,Factoria Franklin,,,,Santiago,5000,https://www.passline.com/eventos/medieval-party-fiestas-patrias-2026-factoria-franklin
Passline,18 SEPTIEMBRE - Fiesta de la Chilenidad Melipilla,,2026-09-18,12:30:00,,COSTADO CLUB AÉREO MELEPÍLLA,,,,,5000,https://www.passline.com/eventos/18-septiembre-fiesta-de-la-chilenidad-melipilla-538106
Passline,Gran Fonda Las Vizcachas 2026,,2026-09-18,13:00:00,2026-09-19,Las Vizcachas,"Club de Campo Las Vizcachas, Av. San José de Maipo 05669",,,Puente Alto,10000,https://www.passline.com/eventos/gran-fonda-las-vizcachas-2026
Passline,SINTETICO LA FONDA INDUSTRIAL,,2026-09-18,15:00:00,,Sala RBX,Av. Vicuña Mackenna 1220,,,Ñuñoa,5000,https://www.passline.com/eventos/sintetico-la-fonda-industrial
Passline,Alicia en el Circo de las Maravillas,,2026-09-18,16:00:00,,Carpa Extraordinario Circo,,,,Huechuraba,8000,https://www.passline.com/eventos/alicia-en-el-circo-de-las-maravillas-546221
Passline,Extraordinario Circo de Primavera,,2026-09-18,16:00:00,,Carpa Extraordinario Circo,,,,Santiago,6000,https://www.passline.com/eventos/extraordinario-circo-de-primavera-547641
Passline,​🏳️‍🌈​ Gay Fonda 🇨🇱 Bosque Luz📍18.09,,2026-09-18,16:00:00,,Bosque Luz,Av. del Parque 420,,,Huechuraba,13000,https://www.passline.com/eventos/lagayfonda
Passline,Circo Los Maluenda en Maipu,,2026-09-18,17:00:00,,Frente al Lider / Carpa Los Maluenda,3 Poniente,,,,5000,https://www.passline.com/eventos/circo-los-maluenda-en-maipu-549276
Passline,HIVE x REBELS,,2026-09-18,17:00:00,,Complejo Industrial / Estacion Central,Exposición 221,,,Estación Central,55000,https://www.passline.com/eventos/hive-x-rebels
Passline,Extraordinario Circo de Primavera,,2026-09-18,18:00:00,,Carpa Extraordinario Circo,,,,Santiago,6000,https://www.passline.com/eventos/extraordinario-circo-de-primavera-547642
Passline,ARMONIA 10 EN SANTIAGO DE CHILEE,,2026-09-18,20:00:00,,Discoteca La Fama,Av. México 609,,,Recoleta,20000,https://www.passline.com/eventos/armonia-10-en-santiago-de-chilee
Passline,Circo Los Maluenda en Maipu,,2026-09-18,20:00:00,,Frente al Lider / Carpa Los Maluenda,3 Poniente,,,,5000,https://www.passline.com/eventos/circo-los-maluenda-en-maipu-549257
Passline,LOS CHUMBEKES Y LOS TRICOLORES,,2026-09-18,20:00:00,,BAR VICTORIA,Av. Carlos Valdovinos 1951,,,Pedro Aguirre Cerda,15000,https://www.passline.com/eventos/los-chumbekes-y-los-tricolores
Passline,The Legend / El Concierto,,2026-09-18,20:00:00,,Carpa Extraordinario Circo,Americo Vespucio con Pedro Fontova,,,,15000,https://www.passline.com/eventos/the-legend-el-concierto-542700
Passline,Fiesta Acampao 18 de Septiembre,,2026-09-18,20:30:00,,Ex Restaurant Granja Educativa,Camino Las Parcelas #20,,,,5000,https://www.passline.com/eventos/fiesta-acampao-18-de-septiembre
Passline,GRAN FONDA DEL CHANCHO CON CHALECO - DÍA 1 🐷🇨🇱,,2026-09-18,21:00:00,,EL CHANCHO CON CHALECO,AVENIDA PAJARITOS 99,,,,8000,https://www.passline.com/eventos/gran-fonda-del-chancho-con-chaleco
Passline,🇨🇱 #NomeTikiti | Centro Fonda | Viernes 18 Septiembre | Centro Parque 🇨🇱,,2026-09-18,22:00:00,2026-09-19,Centro parque,Pdte. Riesco 5330,,,Las Condes,8000,https://www.passline.com/eventos/nometikiti-pre-fonda-universitaria-centro-parque-viernes-18septiembre
Passline,"🇨🇱 Fonda la MONGA 🇨🇱 🦍, FULL BAILABLE 💃🕺🪩 / Viernes 18 de septiembre / Av vicuña mackenna #1895 📍",,2026-09-18,22:00:00,,Fiesta LA MONGA,Av vicuña mackenna #1895,,,,6000,https://www.passline.com/eventos/fonda-la-monga-full-bailable-viernes-18-de-septiembre-av-vicuna-mackenna-1895
Passline,🇨🇱 FONDA TÍO VORTEX 2026 🇨🇱 18 Septiembre,,2026-09-18,23:30:00,2026-09-19,Munich Malloco,Av. Balmaceda 2933,,,Peñaflor,12000,https://www.passline.com/eventos/fonda-tio-vortex-2026-18-septiembre
Passline,KOFFE EL KAFETERO EN VIVO | FIESTAS PATRIAS 2026 |,,2026-09-19,08:00:00,,Discoteca WAO 2.0,Pío Nono 270,,,,15000,https://www.passline.com/eventos/koffe-el-kafetero-en-vivo-fiestas-patrias-2026
Passline,Extraordinario Circo de Primavera,,2026-09-19,12:00:00,,Carpa Extraordinario Circo,,,,Santiago,6000,https://www.passline.com/eventos/extraordinario-circo-de-primavera-547650
Passline,Florida Bier Fest - 19 Septiembre,,2026-09-19,12:00:00,,Estadio Estrella Manuel Rodriguez,Calle Jose Miguel Carrera #865,,,,10000,https://www.passline.com/eventos/florida-bier-fest-19-septiembre
Passline,La Fonda de Fiebre ! Sabado 19 de Septiembre,,2026-09-19,12:00:00,,Parque la Araucana,Avenida Walker Martinez 2295,,,,7000,https://www.passline.com/eventos/la-fonda-de-fiebre-sabado-19-de-septiembre
Passline,19 SEPTIEMBRE - Fiesta de la Chilenidad Melipilla,,2026-09-19,12:30:00,,COSTADO CLUB AÉREO MELEPÍLLA,,,,,5000,https://www.passline.com/eventos/19-septiembre-fiesta-de-la-chilenidad-melipilla-538108
Passline,Sonora,,2026-09-19,15:00:00,,Taringuita Farellones,Av El Colorado 1284,,,,40000,https://www.passline.com/eventos/sonora-547096
Passline,Alicia en el Circo de las Maravillas,,2026-09-19,16:00:00,,Carpa Extraordinario Circo,,,,Huechuraba,8000,https://www.passline.com/eventos/alicia-en-el-circo-de-las-maravillas-546222
Passline,Extraordinario Circo de Primavera,,2026-09-19,16:00:00,,Carpa Extraordinario Circo,,,,Santiago,6000,https://www.passline.com/eventos/extraordinario-circo-de-primavera-547643
Passline,Circo Los Maluenda en Maipu,,2026-09-19,17:00:00,,Frente al Lider / Carpa Los Maluenda,3 Poniente,,,,5000,https://www.passline.com/eventos/circo-los-maluenda-en-maipu-549277
Passline,Extraordinario Circo de Primavera,,2026-09-19,18:00:00,,Carpa Extraordinario Circo,,,,Santiago,6000,https://www.passline.com/eventos/extraordinario-circo-de-primavera-547644
Passline,ASSPERA EN CHILE,,2026-09-19,20:00:00,,Sala RBX,Av. Vicuña Mackenna 1220,,,Ñuñoa,22000,https://www.passline.com/eventos/asspera-en-chile
Passline,CENTELLA Y SAICO EN SANTIAGO DE CHILE,,2026-09-19,20:00:00,2026-09-21,Discoteca La Fama,Av. México 609,,,Recoleta,15000,https://www.passline.com/eventos/centella-y-saico-en-santiago-de-chile
Passline,Circo Los Maluenda en Maipu,,2026-09-19,20:00:00,,Frente al Lider / Carpa Los Maluenda,3 Poniente,,,,5000,https://www.passline.com/eventos/circo-los-maluenda-en-maipu-549258
Passline,"LA SONORA BARÓN, LA SONORA DEL VITOKO Y CUECAS EN VIVO",,2026-09-19,20:00:00,,BAR VICTORIA,Av. Carlos Valdovinos 1951,,,Pedro Aguirre Cerda,15000,https://www.passline.com/eventos/la-sonora-baron-la-sonora-del-vitoko-y-cuecas-en-vivo
Passline,The Legend / El Concierto,,2026-09-19,20:00:00,,Carpa Extraordinario Circo,Americo Vespucio con Pedro Fontova,,,,15000,https://www.passline.com/eventos/the-legend-el-concierto-542701
Passline,Fiesta Acampao 19 de Septiembre,,2026-09-19,20:30:00,,Ex Restaurant Granja Educativa,Camino Las Parcelas #20,,,,5000,https://www.passline.com/eventos/fiesta-acampao-19-de-septiembre
Passline,GRAN FONDA DEL CHANCHO CON CHALECO- DÍA 2 🐷🇨🇱,,2026-09-19,21:00:00,,EL CHANCHO CON CHALECO,AVENIDA PAJARITOS 99,,,,8000,https://www.passline.com/eventos/gran-fonda-del-chancho-con-chaleco-dia-2
Passline,"Poderosas 2 -Luta Cruz- Betania López, Katy Erices",,2026-09-19,21:00:00,,El jardín de las delicias,Irarrázaval 500,,,,6000,https://www.passline.com/eventos/poderosas-2-luta-cruz-betania-lopez-katy-erices
Passline,Club Aérobica - 19 de Septiembre,,2026-09-19,23:00:00,,La Feria,Constitución 275,,,Providencia,10000,https://www.passline.com/eventos/club-aerobica-19-de-septiembre
Passline,"KPOPTOUCH Tiki Tiki Tii - Sábado 19 Sept, Sala Pandora.",,2026-09-19,23:30:00,,SALA PANDORA,Pio Nono 286,,,,8000,https://www.passline.com/eventos/kpoptouch-tiki-tiki-tii-sabado-19-sept-sala-pandora
Passline,Extraordinario Circo de Primavera,,2026-09-20,12:00:00,,Carpa Extraordinario Circo,,,,Santiago,6000,https://www.passline.com/eventos/extraordinario-circo-de-primavera-547647
Passline,La Fonda de Fiebre ! Domingo 20 de Septiembre,,2026-09-20,12:00:00,,Parque la Araucana,Avenida Walker Martinez 2295,,,,7000,https://www.passline.com/eventos/la-fonda-de-fiebre-domingo-20-de-septiembre
Passline,20 SEPTIEMBRE - Fiesta de la Chilenidad Melipilla,,2026-09-20,12:30:00,,COSTADO CLUB AÉREO MELEPÍLLA,,,,Melipilla,12000,https://www.passline.com/eventos/20-septiembre-fiesta-de-la-chilenidad-melipilla-538109
Passline,Black Market 5ta Edición Antifonda Emo,,2026-09-20,13:00:00,,Sala Tessier,Dardignac 172,,,Recoleta,4000,https://www.passline.com/eventos/black-market-5ta-edicion-antifonda-emo
Passline,Alicia en el Circo de las Maravillas,,2026-09-20,16:00:00,,Carpa Extraordinario Circo,,,,Huechuraba,8000,https://www.passline.com/eventos/alicia-en-el-circo-de-las-maravillas-546214
Passline,Extraordinario Circo de Primavera,,2026-09-20,16:00:00,,Carpa Extraordinario Circo,,,,Santiago,6000,https://www.passline.com/eventos/extraordinario-circo-de-primavera-547645
Passline,Circo Los Maluenda en Maipu,,2026-09-20,17:00:00,,Frente al Lider / Carpa Los Maluenda,3 Poniente,,,,5000,https://www.passline.com/eventos/circo-los-maluenda-en-maipu-549278
Passline,Extraordinario Circo de Primavera,,2026-09-20,18:00:00,,Carpa Extraordinario Circo,,,,Santiago,6000,https://www.passline.com/eventos/extraordinario-circo-de-primavera-547646
Passline,Alicia en el Circo de las Maravillas,,2026-09-20,19:30:00,,Carpa Extraordinario Circo,,,,Huechuraba,8000,https://www.passline.com/eventos/alicia-en-el-circo-de-las-maravillas-546215
Passline,Circo Los Maluenda en Maipu,,2026-09-20,20:00:00,,Frente al Lider / Carpa Los Maluenda,3 Poniente,,,,5000,https://www.passline.com/eventos/circo-los-maluenda-en-maipu-549259
Passline,Circo Los Maluenda en Maipu,,2026-09-21,20:00:00,,Frente al Lider / Carpa Los Maluenda,3 Poniente,,,,5000,https://www.passline.com/eventos/circo-los-maluenda-en-maipu-549260
Passline,Too Hot Show Santiago,,2026-09-22,19:00:00,,Cousino Park Theater,San Ignacio de Loyola 1249,,,Santiago,9000,https://www.passline.com/eventos/too-hot-show-santiago
Passline,Circo Los Maluenda en Maipu,,2026-09-22,20:00:00,,Frente al Lider / Carpa Los Maluenda,3 Poniente,,,,5000,https://www.passline.com/eventos/circo-los-maluenda-en-maipu-549261
Passline,Old Mans Child,,2026-09-22,20:00:00,,Teatro Cariola,San Diego 246,,,Santiago,45000,https://www.passline.com/eventos/old-mans-child
Passline,Alicia en el Circo de las Maravillas,,2026-09-23,19:30:00,,Carpa Extraordinario Circo,,,,Huechuraba,8000,https://www.passline.com/eventos/alicia-en-el-circo-de-las-maravillas-546223
Passline,Circo Los Maluenda en Maipu,,2026-09-23,20:00:00,,Frente al Lider / Carpa Los Maluenda,3 Poniente,,,,5000,https://www.passline.com/eventos/circo-los-maluenda-en-maipu-549262
Passline,Los Viajes de Carloto | Cena Maridaje junto a Viña Invina,,2026-09-23,20:00:00,,Carloto,Av. Italia 1402,,,Providencia,59000,https://www.passline.com/eventos/los-viajes-de-carloto-cena-maridaje-junto-a-vina-invina-547275
Passline,Sergio Freire en Happy People,,2026-09-23,20:00:00,,Teatro Happy People,Rancagua 395,,,Providencia,10000,https://www.passline.com/eventos/sergio-freire-en-happy-people-551466
Passline,Alicia en el Circo de las Maravillas,,2026-09-24,19:30:00,,Carpa Extraordinario Circo,,,,Huechuraba,8000,https://www.passline.com/eventos/alicia-en-el-circo-de-las-maravillas-546224
Passline,Circo Los Maluenda en Maipu,,2026-09-24,20:00:00,,Frente al Lider / Carpa Los Maluenda,3 Poniente,,,,5000,https://www.passline.com/eventos/circo-los-maluenda-en-maipu-549263
Passline,Puras Cosas Maravillosas en Chile - Septiembre 2026,,2026-09-24,20:00:00,,Teatro Mori Parque Arauco,,,,Las Condes,35000,https://www.passline.com/eventos/puras-cosas-maravillosas-en-chile-septiembre-2026
Passline,Sol y lluvia Jueves Cafetería popular,,2026-09-24,20:00:00,,Cafetería popular,Maipu 363,,,,22000,https://www.passline.com/eventos/sol-y-lluvia-jueves-cafeteria-popular
Passline,IRON SCALPEL EN SALA RBX,,2026-09-24,21:00:00,,Sala RBX,Av. Vicuña Mackenna 1220,,,Ñuñoa,2000,https://www.passline.com/eventos/iron-scalpel-en-sala-rbx
Passline,Sonido Precario Ramblas,,2026-09-25,19:00:00,,"Manuel Montt 370, Providencia",Manuel Montt 370,,,,2000,https://www.passline.com/eventos/sonido-precario-ramblas
Passline,Alicia en el Circo de las Maravillas,,2026-09-25,19:30:00,,Carpa Extraordinario Circo,,,,Huechuraba,8000,https://www.passline.com/eventos/alicia-en-el-circo-de-las-maravillas-546225
Passline,CLASES DE COCTELERÍA + FIESTA ★ VIERNES 25 SEPTIEMBRE ★ Club Siete - Piso 4 Hotel W,,2026-09-25,20:00:00,,Club Siete,"Isidora Goyenechea 3000, piso 4",,,Las Condes,35000,https://www.passline.com/eventos/clases-de-cocteleria-fiesta-viernes-25-septiembre-club-siete-piso-4-hotel-w
Passline,Circo Los Maluenda en Maipu,,2026-09-25,20:00:00,,Frente al Lider / Carpa Los Maluenda,3 Poniente,,,,5000,https://www.passline.com/eventos/circo-los-maluenda-en-maipu-549264
Passline,GRUNGE NIGHT | TRIBUTO NIRVANA (LITHIUM) TRIBUTO ALICE IN CHAINS (THE FREAK),,2026-09-25,20:00:00,,Sala RBX,Av. Vicuña Mackenna 1220,,,Ñuñoa,8000,https://www.passline.com/eventos/grunge-night-tributo-nirvana-lithium-tributo-alice-in-chains-the-freak
Passline,Puras Cosas Maravillosas en Chile - Septiembre 2026,,2026-09-25,20:00:00,,Teatro Mori Parque Arauco,,,,Las Condes,35000,https://www.passline.com/eventos/puras-cosas-maravillosas-en-chile-septiembre-2026-524416
Passline,SOFÍA ALVEZ presenta VENTILARÉ AÑOS,,2026-09-25,20:00:00,,Epicentro,Huérfanos 786,,,Santiago,25000,https://www.passline.com/eventos/sofia-alvez-presenta-ventilare-anos
Passline,Seven deadly sins Tributo Iron Maiden,,2026-09-25,20:00:00,,Bar oxido,Purisima 282,,,,6500,https://www.passline.com/eventos/seven-deadly-sins-tributo-iron-maiden
Passline,Sol y lluvia viernes cafetería popular,,2026-09-25,20:00:00,,Cafetería popular,Maipu 363,,,Santiago,,https://www.passline.com/eventos/sol-y-lluvia-viernes-cafeteria-popular
Passline,VIVE Y DEJA REÍR,,2026-09-25,20:00:00,,Happy People Teatro Restaurant,Rancagua 395,,,Providencia,5000,https://www.passline.com/eventos/vive-y-deja-vivir
Passline,EL PLAN DE LA MARIPOSA EN VIVO,,2026-09-25,21:00:00,,SALA METRONOMO,Ernesto Pinto Lagarrigue 179,,,Recoleta,25000,https://www.passline.com/eventos/el-plan-de-la-mariposa-en-vivo
Passline,Previa Run For Your Lives World Tour 2026,,2026-09-25,21:00:00,2026-09-26,Bar La Puerta Amarilla,Av. Alcalde Fernando Castillo Velasco 7150,,,La Reina,3000,https://www.passline.com/eventos/previa-run-for-your-lives-world-tour-2026
Passline,BARDOT & LA TM °°° Viernes 25 Septiembre,,2026-09-25,22:00:00,,BARDOT,Costanera Sur 2730,,,,25000,https://www.passline.com/eventos/bardot-la-tm-viernes-25-septiembre
Passline,Evento solidario de la CVTO,,2026-09-25,22:00:00,,Bar Raíces,Cueto 816,,,,6000,https://www.passline.com/eventos/evento-solidario-de-la-cvto
Passline,SOCIAL W ★ VIERNES 25 SEPTIEMBRE ★ Club Siete - Piso 4 Hotel W,,2026-09-25,22:00:00,,Club Siete,"Isidora Goyenechea 3000, piso 4",,,Las Condes,10000,https://www.passline.com/eventos/social-w-viernes-25-septiembre-club-siete-piso-4-hotel-w
Passline,Kimen: Ciudadanos del mundo 2026,,2026-09-26,10:00:00,,Colegio Kimen Montessori,Ruta G 155 Camino Lo Pinto Parcela,,,Colina,0,https://www.passline.com/view-event/kimen-ciudadanos-del-mundo-2026
Passline,Sonora,,2026-09-26,15:00:00,,Taringuita Farellones,Av El Colorado 1284,,,,40000,https://www.passline.com/eventos/sonora-547099
Passline,Alicia en el Circo de las Maravillas,,2026-09-26,16:00:00,,Carpa Extraordinario Circo,,,,Huechuraba,8000,https://www.passline.com/eventos/alicia-en-el-circo-de-las-maravillas-546216
Passline,Puras Cosas Maravillosas en Chile - Septiembre 2026,,2026-09-26,16:00:00,,Teatro Mori Parque Arauco,,,,Las Condes,35000,https://www.passline.com/eventos/puras-cosas-maravillosas-en-chile-septiembre-2026-524417
Passline,Cafe con Fe CSV 2026,,2026-09-26,17:00:00,,Gimnasio del Colegio San Viator de Macul,Froilán Roa 5755,,,Macul,1000,https://www.passline.com/eventos/cafe-con-fe-csv-2026
Passline,Circo Los Maluenda en Maipu,,2026-09-26,17:00:00,,Frente al Lider / Carpa Los Maluenda,3 Poniente,,,,5000,https://www.passline.com/eventos/circo-los-maluenda-en-maipu-549279
Passline,Samurai Fight House 31: Vergara vs. Salvador,,2026-09-26,18:30:00,,Gimnasio Liceo José Toribio Medina,Avenida Irarrázaval 1897,,,,25000,https://www.passline.com/eventos/samurai-fight-house-chile
Passline,Alicia en el Circo de las Maravillas,,2026-09-26,19:30:00,,Carpa Extraordinario Circo,,,,Huechuraba,8000,https://www.passline.com/eventos/alicia-en-el-circo-de-las-maravillas-546217
Passline,Circo Los Maluenda en Maipu,,2026-09-26,20:00:00,,Frente al Lider / Carpa Los Maluenda,3 Poniente,,,,5000,https://www.passline.com/eventos/circo-los-maluenda-en-maipu-549265
Passline,LOS CAMPESINOS DE BAMBAMARCA EN SANTIAGO DE CHILEE,,2026-09-26,20:00:00,2026-09-28,Discoteca La Fama,Av. México 609,,,Recoleta,10000,https://www.passline.com/eventos/los-campesinos-de-bambamarca-en-santiago-de-chilee
Passline,Onda Vaga en Chile,,2026-09-26,20:00:00,,Epicentro,Huérfanos 786,,,Santiago,25500,https://www.passline.com/eventos/onda-vaga-en-chile
Passline,PEKA con LAYSECA un Show de Stand Up,,2026-09-26,20:00:00,,Teatro fiebre,Dardignac 0163,,,Providencia,9000,https://www.passline.com/eventos/peka-con-layseca-un-show-de-stand-up
Passline,Puras Cosas Maravillosas en Chile - Septiembre 2026,,2026-09-26,20:00:00,,Teatro Mori Parque Arauco,,,,Las Condes,35000,https://www.passline.com/eventos/puras-cosas-maravillosas-en-chile-septiembre-2026-524418
Passline,ROCK AL FALLO,,2026-09-26,20:00:00,,Sala RBX,Av. Vicuña Mackenna 1220,,,Ñuñoa,7000,https://www.passline.com/eventos/rock-al-fallo
Passline,Panteon del Rock,,2026-09-26,20:30:00,,Bar Oxido,Purisima 282,,,,5000,https://www.passline.com/eventos/panteon-del-rock
Passline,GONZÁLO SCHAFER CANOBRA - LA SEÑAL,,2026-09-26,21:00:00,,CLUB AMANDA,EMBAJADOR DOUSSINAGUE #1767,,,,10000,https://www.passline.com/eventos/gonzalo-schafer-canobra-la-senal
Passline,RACSOULRAS & REGGAE ROCKERS - TRIBUTO OFICIAL BOB MARLEY CHILE,,2026-09-26,21:00:00,,CLUB CHOCOLATE,ERNESTO PINTO LAGARRIGUE #192,,,,8000,https://www.passline.com/eventos/racsoulras-reggae-rockers-tributo-oficial-bob-marley-chile
Passline,Pank en Happy People,,2026-09-26,22:00:00,,Teatro Happy People,Rancagua 395,,,Providencia,7000,https://www.passline.com/eventos/pank-en-happy-people-551478
Passline,Cómo emprender y no morir en el intento septiembre,,2026-09-27,04:00:00,,Calabria Restobar,Constitución 61,,,,6990,https://www.passline.com/eventos/como-emprender-y-no-morir-en-el-intento-septiembre
Passline,5-STAR DOME TOUR + BIRTHDAY VIRGO LINE,,2026-09-27,12:00:00,,TEATRO COUSIÑO,San Ignacio de Loyola 1249,,,,5500,https://www.passline.com/eventos/5star-dome-tour-birthday-virgo-line
Passline,Alicia en el Circo de las Maravillas,,2026-09-27,16:00:00,,Carpa Extraordinario Circo,,,,Huechuraba,8000,https://www.passline.com/eventos/alicia-en-el-circo-de-las-maravillas-546218
Passline,Circo Los Maluenda en Maipu,,2026-09-27,17:00:00,,Frente al Lider / Carpa Los Maluenda,3 Poniente,,,,5000,https://www.passline.com/eventos/circo-los-maluenda-en-maipu-549280
Passline,WITCH PERFECT,,2026-09-27,19:00:00,,Centro Cultural Ceina,,,,Santiago,20000,https://www.passline.com/eventos/witch-perfect
Passline,Alicia en el Circo de las Maravillas,,2026-09-27,19:30:00,,Carpa Extraordinario Circo,,,,Huechuraba,8000,https://www.passline.com/eventos/alicia-en-el-circo-de-las-maravillas-546219
Passline,Circo Los Maluenda en Maipu,,2026-09-27,20:00:00,,Frente al Lider / Carpa Los Maluenda,3 Poniente,,,,5000,https://www.passline.com/eventos/circo-los-maluenda-en-maipu-549269
Passline,Circo Los Maluenda en Maipu,,2026-09-28,20:00:00,,Frente al Lider / Carpa Los Maluenda,3 Poniente,,,,5000,https://www.passline.com/eventos/circo-los-maluenda-en-maipu-549266
Passline,Circo Los Maluenda en Maipu,,2026-09-29,20:00:00,,Frente al Lider / Carpa Los Maluenda,3 Poniente,,,,5000,https://www.passline.com/eventos/circo-los-maluenda-en-maipu-549267
Passline,Sumatiz en Krossbar Laguna Mall Sport,,2026-09-29,20:00:00,,Kross Bar,,,,Las Condes,5000,https://www.passline.com/eventos/sumatiz-en-krossbar-laguna-mall-sport
Passline,TESTEЯ - Tu sonido no es una canción,,2026-09-30,19:00:00,,Centro Cultural Ceina,Arturo Prat 33,,,Santiago,15000,https://www.passline.com/eventos/tester-tusonidonoesunacancion
Passline,La Elvira con Hogar de Cristo,,2026-09-30,19:30:00,,Teatro Mori Parque Arauco,,,,Las Condes,12000,https://www.passline.com/eventos/la-elvira-con-hogar-de-cristo
Passline,Circo Los Maluenda en Maipu,,2026-09-30,20:00:00,,Frente al Lider / Carpa Los Maluenda,3 Poniente,,,,5000,https://www.passline.com/eventos/circo-los-maluenda-en-maipu-549268
Passline,Pickua en Centro Arte Alameda,,2026-09-30,20:00:00,,CENTRO ARTE ALAMEDA,Arturo Prat 33,,,Santiago,5000,https://www.passline.com/eventos/pickua-en-centro-arte-alameda
Passline,Sergio Freire en Happy People,,2026-09-30,20:00:00,,Teatro Happy People,Rancagua 395,,,Providencia,10000,https://www.passline.com/eventos/sergio-freire-en-happy-people-551467
Passline,INSPECTOR EN CHILE,,2026-09-30,21:00:00,,Club Chocolate,Ernesto Pinto Lagarrigue 192,,,,35000,https://www.passline.com/eventos/inspector-en-chile
Passline,XIV Congreso de Imagenología Veterinaria SOCHIRAV,,2026-10-01,08:30:00,2026-10-02,Hotel Fundador,Serrano 34,,,,96000,https://www.passline.com/eventos/xiv-congreso-de-imagenologia-veterinaria-sochirav
Passline,Encuentro con el Buda / Centro Arte Alameda,,2026-10-01,18:30:00,,CENTRO ARTE ALAMEDA,Arturo Prat 33,,,Santiago,2500,https://www.passline.com/eventos/encuentro-con-el-buda-centro-arte-alameda
Passline,High Vis en Chile,,2026-10-01,19:00:00,,SALA METRONOMO,Ernesto Pinto Lagarrigue 179,,,Recoleta,38000,https://www.passline.com/eventos/high-vis-en-chile
Passline,TESTEЯ - Tu sonido no es una canción - 19H,,2026-10-01,19:00:00,,Centro Cultural Ceina,Arturo Prat 33,,,Santiago,15000,https://www.passline.com/eventos/tester-carlos-casella-533263
Passline,Tirando Flechas con Luis Chataing | Santiago de Chile,,2026-10-01,19:00:00,,Palermo Teatro Bar,José Manuel Infante 1414,,,,22000,https://www.passline.com/eventos/tirando-flechas
Passline,Circo Los Maluenda en Maipu,,2026-10-01,20:00:00,,Frente al Lider / Carpa Los Maluenda,3 Poniente,,,,5000,https://www.passline.com/eventos/circo-los-maluenda-en-maipu-549284
Passline,ROCK AND POP QUEENS - DIVAS EXPERIENCE,,2026-10-01,21:00:00,,CLUB CHOCOLATE,ERNESTO PINTO LAGARRIGUE #192,,,,8000,https://www.passline.com/eventos/rock-and-pop-queens-divas-experience
Passline,TESTEЯ - Tu sonido no es una canción - 21H,,2026-10-01,21:00:00,,Centro Cultural Ceina,Arturo Prat 33,,,Santiago,15000,https://www.passline.com/eventos/tester-carlos-casella-533264
Passline,ANIVERSARIO N°1 DEL PRIMER EP DE NUESTRO SILENCIO,,2026-10-02,19:00:00,,Sala RBX,Av. Vicuña Mackenna 1220,,,Ñuñoa,6000,https://www.passline.com/eventos/aniversario-n1-del-primer-ep-de-nuestro-silencio
Passline,YKATO: HORROR FREEK | SANTIAGO DE CHILE,,2026-10-02,19:00:00,,Sala CreaRock,Av. Carmen 973,,,Santiago,14000,https://www.passline.com/eventos/ykato-horror-freek-santiago-de-chile
Passline,Carlos Ballarta Presenta Naco Ladino en Chile,,2026-10-02,20:00:00,,Centro Cultural Ceina,Arturo Prat 33,,,Santiago,,https://www.passline.com/eventos/carlos-ballarta-presenta-naco-ladino-en-chile
Passline,Circo Los Maluenda en Maipu,,2026-10-02,20:00:00,,Frente al Lider / Carpa Los Maluenda,3 Poniente,,,,5000,https://www.passline.com/eventos/circo-los-maluenda-en-maipu-549285
Passline,FIESTA REWIND,,2026-10-02,20:00:00,,Bosque Luz,Av. del Parque 420,,,Huechuraba,10000,https://www.passline.com/view-event/sonido-stereo-en-concierto
Passline,LOS REBELDES DE LA CUMBIA EN SANTIAGO DE CHILE,,2026-10-02,20:00:00,2026-10-05,Discoteca La Fama,Av. México 609,,,Recoleta,12000,https://www.passline.com/eventos/los-rebeldes-de-la-cumbia-en-santiago-de-chile
Passline,METALLICA • TRIBUTO DRINK INC.,,2026-10-02,20:00:00,,CLUB AMANDA,EMBAJADOR DOUSSINAGUE #1767,,,,10000,https://www.passline.com/eventos/metallica-tributo-drink-inc-531596
Passline,OBRA: ENCUENTROS BREVES CON HOMBRES REPULSIVOS - EN PAINE,,2026-10-02,20:00:00,,TEATRO MUNICIPAL DE PAINE,,,,Paine,8000,https://www.passline.com/eventos/obra-encuentros-breves-con-hombres-repulsivos-en-panie
Passline,Puto y Orquesta,,2026-10-02,20:00:00,,Centro Cultural Ceina,Arturo Prat 33,,,Santiago,15000,https://www.passline.com/eventos/puto-y-orquesta
Passline,ALBERT PLA AND THE SURPRISE BAND,,2026-10-02,21:00:00,,SALA METRONOMO,Ernesto Pinto Lagarrigue 179,,,Recoleta,30000,https://www.passline.com/eventos/albert-pla-and-the-surprise-band
Passline,Bandalos Chinos: Vandalos,,2026-10-02,21:00:00,,Blondie,Avda Liber Bernardo O`Higgins 2879,,,Santiago,,https://www.passline.com/eventos/bandalos-chinos-vandalos
Passline,"Mercedes Cañas en concierto, Santiago de Chile, Ganas de volar Tour 2026",,2026-10-02,21:00:00,,Club Chocolate,Ernesto Pinto Lagarrigue 192,,,,28000,https://www.passline.com/eventos/mercedes-canas-en-concierto-santiago-de-chile-ganas-de-volar-tour-2026
Passline,Guitar Heroes,,2026-10-02,21:30:00,,Rockstar Karaoke Stage,bombero nuñez 343,,,,7000,https://www.passline.com/eventos/guitar-heroes-550943
Passline,HARDER INTERNACIONAL,,2026-10-02,22:00:00,,SALA METRONOMO,Ernesto Pinto Lagarrigue 179,,,Recoleta,15000,https://www.passline.com/eventos/harder-internacional
Passline,Expo tuning Buin,,2026-10-03,00:00:00,,Cancha de Cerrillos san jorge Buin linderos esta al lado de la carretera de acceso sur ruta 79,Cancha de Cerrillos san jorge Buin linderosG-517 19,,,Buin,3000,https://www.passline.com/view-event/expo-tuning-buin
Passline,CARRERA MOUNTAIN BIKE UC BY CMPC,,2026-10-03,09:00:00,,Club Deportivo Universidad Católica,Camino las flores 13.000,,,,10000,https://www.passline.com/eventos/carrera-mountain-bike-uc-by-cmpc-461324
Passline,Festival El Jardín de la Diosa,,2026-10-03,10:00:00,,El Manzano,,,,,29000,https://www.passline.com/eventos/festival-el-jardin-de-la-diosa
Passline,Seminario Espiral,,2026-10-03,11:00:00,,Aldea Encuentro,Avenida alcalde Fernando Castillo Velasco #9750,,,La Reina,1000,https://www.passline.com/eventos/seminario-espiral
Passline,OCTUBRE - MEDIEVAL PARTY & VELADAA - PALACIO ASTORECA,,2026-10-03,12:00:00,,PALACIO ASTORECA,Dieciocho #121,,,,5000,https://www.passline.com/eventos/octubre-medieval-party-veladaa-palacio-astoreca
Passline,FIESTA FAMILIAR DE LA HISPANIDAD,,2026-10-03,14:00:00,,Bosque Luz,Av. del Parque 420,,,Huechuraba,6000,https://www.passline.com/eventos/fiesta-familiar-de-la-hispanidad
Passline,Sonora,,2026-10-03,15:00:00,,Taringuita Farellones,Av El Colorado 1284,,,,40000,https://www.passline.com/eventos/sonora-547100
Passline,Circo Los Maluenda en Maipu,,2026-10-03,17:00:00,,Frente al Lider / Carpa Los Maluenda,3 Poniente,,,,5000,https://www.passline.com/eventos/circo-los-maluenda-en-maipu-549295
Passline,Circo Los Maluenda en Maipu,,2026-10-03,20:00:00,,Frente al Lider / Carpa Los Maluenda,3 Poniente,,,,5000,https://www.passline.com/eventos/circo-los-maluenda-en-maipu-549286
Passline,RITMOSORDXS 03.10.26,,2026-10-03,20:00:00,,Evento privado,,,,Providencia,10000,https://www.passline.com/eventos/ritmosordxs-031026
Passline,Santiago Gothic Treffen 2026 - DIA 1 - HOCICO,,2026-10-03,20:00:00,,Teatro Roma,San Diego 236,,,Santiago,25000,https://www.passline.com/eventos/santiago-gothic-treffen-2026-dia-1-hocico
Passline,Studio 54 / Primavera,,2026-10-03,20:00:00,,Teatro Alicia,Av. Raúl Labbé 14998,,,Lo Barnechea,13000,https://www.passline.com/eventos/studio-54-primavera
Passline,teodioteodio,,2026-10-03,20:00:00,,SALA METRONOMO,Ernesto Pinto Lagarrigue 179,,,Recoleta,,https://www.passline.com/eventos/teodioteodio
Passline,Bandalos Chinos: Vandalos,,2026-10-03,21:00:00,,Blondie,Avda Liber Bernardo O`Higgins 2879,,,Santiago,,https://www.passline.com/eventos/bandalos-chinos-vandalos-512344
Passline,Sexual Democracia en Rustiko Huechuraba,,2026-10-03,21:00:00,,Rustiko Huehuraba,Av. Pedro Fontova 7853,,,Huechuraba,12000,https://www.passline.com/eventos/sexual-democracia-en-rustiko-huechuraba
Passline,ELPINTOR tributo a INTERPOL en Good Luck Santiago Centro,,2026-10-03,22:00:00,,Good Luck,Lira 401,,,,5000,https://www.passline.com/eventos/elpintor-tributo-a-interpol-en-good-luck-santiago-centro
Passline,💵 MAMACITA | CAPOS & MAMACITAS 💋 | SÁB. 03 OCT | BASEL – MALL INDEPENDENCIA,,2026-10-03,22:00:00,,"Basel, Mall Independencia",Av. Independencia 565,,,Independencia,10000,https://www.passline.com/eventos/mamacita-capos-mamacitas-sab-03-oct-basel-mall-independencia
Passline,CAMINO AL NACIONAL PREVIA OFICIAL IRON MAIDEN CHILE 2026,,2026-10-04,14:00:00,,SALA METRONOMO,Ernesto Pinto Lagarrigue 179,,,Recoleta,10000,https://www.passline.com/eventos/camino-al-nacional-previa-oficial-iron-maiden-chile-2026
Passline,DE LO PRADO PAL MUNDO LIVE SESSION,,2026-10-04,16:00:00,,Teatro Cousiño,San Ignacio de Loyola 1249,,,,3000,https://www.passline.com/eventos/de-lo-prado-pal-mundo-live-session
Passline,Circo Los Maluenda en Maipu,,2026-10-04,17:00:00,,Frente al Lider / Carpa Los Maluenda,3 Poniente,,,,5000,https://www.passline.com/eventos/circo-los-maluenda-en-maipu-549296
Passline,Circo Los Maluenda en Maipu,,2026-10-04,20:00:00,,Frente al Lider / Carpa Los Maluenda,3 Poniente,,,,5000,https://www.passline.com/eventos/circo-los-maluenda-en-maipu-549287
Passline,Bandalos Chinos: Vandalos,,2026-10-04,21:00:00,,Blondie,Avda Liber Bernardo O`Higgins 2879,,,Santiago,38000,https://www.passline.com/eventos/bandalos-chinos-vandalos-513689
Passline,Circo Los Maluenda en Maipu,,2026-10-05,20:00:00,,Frente al Lider / Carpa Los Maluenda,3 Poniente,,,,5000,https://www.passline.com/eventos/circo-los-maluenda-en-maipu-549288
Passline,No Fun At All + Authority Zero en Chile,,2026-10-06,19:00:00,,SALA METRONOMO,Ernesto Pinto Lagarrigue 179,,,Recoleta,32000,https://www.passline.com/eventos/no-fun-at-all-authority-zero-en-chile
Passline,Circo Los Maluenda en Maipu,,2026-10-06,20:00:00,,Frente al Lider / Carpa Los Maluenda,3 Poniente,,,,5000,https://www.passline.com/eventos/circo-los-maluenda-en-maipu-549289
Passline,Grave en Chile,,2026-10-06,20:00:00,,Teatro Cariola,San Diego 246,,,Santiago,35000,https://www.passline.com/eventos/grave-en-chile
Passline,Sepultura en el Instituto Nacional: Labor Omnia Vincit,,2026-10-07,19:00:00,,CENTRO ARTE ALAMEDA,Arturo Prat 33,,,Santiago,3000,https://www.passline.com/eventos/sepultura-en-el-instituto-nacional-labor-omnia-vincit
Passline,TIGERS JAW EN CHILE,,2026-10-07,19:00:00,,SALA METRONOMO,Ernesto Pinto Lagarrigue 179,,,Recoleta,38000,https://www.passline.com/eventos/tigers-jaw-en-chile-512020
Passline,Circo Los Maluenda en Maipu,,2026-10-07,20:00:00,,Frente al Lider / Carpa Los Maluenda,3 Poniente,,,,5000,https://www.passline.com/eventos/circo-los-maluenda-en-maipu-549290
Passline,Classic Rock en Vivo,,2026-10-07,20:00:00,,Kross Bar,,,,Las Condes,7000,https://www.passline.com/eventos/classic-rock-en-vivo-545044
Passline,Volare - Experiencia gastronómica,,2026-10-08,19:00:00,,Centro parque,Pdte. Riesco 5330,,,Las Condes,79990,https://www.passline.com/eventos/volare-experiencia-gastronomica-545116
Passline,Circo Los Maluenda en Maipu,,2026-10-08,20:00:00,,Frente al Lider / Carpa Los Maluenda,3 Poniente,,,,5000,https://www.passline.com/eventos/circo-los-maluenda-en-maipu-549291
Passline,H-SUR A TRIBUTE TO RUSH: LIMELIGHT,,2026-10-08,20:00:00,,CLUB AMANDA,EMBAJADOR DOUSSINAGUE #1767,,,,22000,https://www.passline.com/eventos/hsur-a-tribute-to-rush-limelight
Passline,DREGEN EN CHILE / RBX,,2026-10-08,20:30:00,,Sala RBX,Av. Vicuña Mackenna 1220,,,Ñuñoa,20000,https://www.passline.com/eventos/dregen-en-chile-rbx
Passline,ANETTE OLZON EN CHILE,,2026-10-08,21:00:00,,Onaciu,Loreto 460,,,Recoleta,38000,https://www.passline.com/eventos/anette-olzon-en-chile
Passline,Chapterhouse por primera vez en Chile,,2026-10-09,20:00:00,,Sala RBX,Av. Vicuña Mackenna 1220,,,Ñuñoa,35000,https://www.passline.com/eventos/chapterhouse-por-primera-vez-en-chile
Passline,Circo Los Maluenda en Maipu,,2026-10-09,20:00:00,,Frente al Lider / Carpa Los Maluenda,3 Poniente,,,,5000,https://www.passline.com/eventos/circo-los-maluenda-en-maipu-549292
Passline,Li Milagros en Bar Fiebre: “No Quería Hablar de Amor”,,2026-10-09,20:00:00,,Bar Teatro Fiebre,Dardignac 0165,,,Providencia,4000,https://www.passline.com/eventos/li-milagros-en-bar-fiebre-no-queria-hablar-de-amor
Passline,Cemetery Market II,,2026-10-10,12:30:00,,Casa Palacio,Av Libertador Bernardo O’higgins 2133,,,,2500,https://www.passline.com/eventos/cemetery-market-ii
Passline,Circo Los Maluenda en Maipu,,2026-10-10,17:00:00,,Frente al Lider / Carpa Los Maluenda,3 Poniente,,,,5000,https://www.passline.com/eventos/circo-los-maluenda-en-maipu-549297
Passline,CODA - One night stand,,2026-10-10,20:00:00,,Teatro Cariola,San Diego 246,,,Santiago,49000,https://www.passline.com/eventos/coda-one-night-stand
Passline,Circo Los Maluenda en Maipu,,2026-10-10,20:00:00,,Frente al Lider / Carpa Los Maluenda,3 Poniente,,,,5000,https://www.passline.com/eventos/circo-los-maluenda-en-maipu-549293
Passline,SUPER BRILLANTES DEL ANDE EN SANTIAGO DE CHILE,,2026-10-10,20:00:00,,Discoteca La Fama,Av. México 609,,,Recoleta,15000,https://www.passline.com/eventos/super-brillantes-del-ande-en-santiago-de-chile
Passline,The Alan Freeds,,2026-10-10,20:00:00,,Salas tempo,Duble almeyda 2420,,,,6000,https://www.passline.com/eventos/the-alan-freeds
Passline,A Flock of Seagulls en vivo.,,2026-10-10,21:00:00,,Blondie,Avda Liber Bernardo O`Higgins 2879,,,Santiago,32000,https://www.passline.com/eventos/a-flock-of-seagulls-en-vivo-530174
Passline,Rodrigo Villegas ‘’Esto Es Para Ustedes’’,,2026-10-10,21:00:00,,Centro Parque La Araucana,Walker Martinez 2295,,,La Florida,15000,https://www.passline.com/view-event/rodrigo-villegas-esto-es-para-ustedes
Passline,The Live Jam,,2026-10-11,14:30:00,,Teatro Parque Cousiño,San Ignacio de Loyola 1249,,,,8000,https://www.passline.com/eventos/the-live-jam
Passline,Circo Los Maluenda en Maipu,,2026-10-11,17:00:00,,Frente al Lider / Carpa Los Maluenda,3 Poniente,,,,5000,https://www.passline.com/eventos/circo-los-maluenda-en-maipu-549298
Passline,Delirancia de Vino y Tarot,,2026-10-11,19:00:00,,Teatro Mori Bellavista,Constitución 183,,,Providencia,24000,https://www.passline.com/eventos/delirancia-de-vino-y-tarot
Passline,LOS HERMANOS SANCHEZ EN SANTIAGO DE CHILE,,2026-10-11,19:00:00,,Discoteca La Fama,Av. México 609,,,Recoleta,12000,https://www.passline.com/eventos/los-hermanos-sanchez-en-santiago-de-chile
Passline,Circo Los Maluenda en Maipu,,2026-10-11,20:00:00,,Frente al Lider / Carpa Los Maluenda,3 Poniente,,,,5000,https://www.passline.com/eventos/circo-los-maluenda-en-maipu-549294
Passline,Between the Buried and Me,,2026-10-13,20:00:00,,Teatro Cariola,San Diego 246,,,Santiago,46000,https://www.passline.com/eventos/between-the-buried-and-me
Passline,HELLBUTCHER en Chile,,2026-10-13,20:00:00,,Sala RBX,Av. Vicuña Mackenna 1220,,,Ñuñoa,30000,https://www.passline.com/eventos/hellbutcher-en-chile
Passline,Yorka en Centro Arte Alameda,,2026-10-14,20:00:00,,CENTRO ARTE ALAMEDA,Arturo Prat 33,,,Santiago,17000,https://www.passline.com/eventos/yorka-en-centro-arte-alameda
Passline,3 DUEÑOS | INTERNACIONALES TOUR,,2026-10-15,20:00:00,,Club Chocolate,Ernesto Pinto Lagarrigue 192,,,,29000,https://www.passline.com/eventos/3-duenos-internacionales-tour
Passline,Lets Cowboy Up - Post Mortem (En Vivo),,2026-10-15,20:00:00,,BarZuo,Av. Presidente José Batle y Ordóñez 3714,,,,6000,https://www.passline.com/eventos/lets-cowboy-up-post-mortem-en-vivo
Passline,Circles Acústico - INCUBUS tributo,,2026-10-15,21:00:00,,Bar La Puerta Amarilla,Av. Alcalde Fernando Castillo Velasco 7150,,,La Reina,5000,https://www.passline.com/eventos/circles-acustico-incubus-tributo
Passline,ROY KHAN EN CHILE,,2026-10-15,21:00:00,,Blondie,Avda Liber Bernardo O`Higgins 2879,,,Santiago,48000,https://www.passline.com/view-event/roy-khan-en-chile
Passline,"VA TARDE, Stand up Comedy",,2026-10-15,22:00:00,,Palermo Teatro Bar,José Manuel Infante 1414,,,,20000,https://www.passline.com/eventos/va-tarde-carlos-jelambi
Passline,DÍA DEL PROFESOR Y PROFESORA EN TEATRO CARIOLA,,2026-10-16,16:00:00,,BAR VICTORIA,Av. Carlos Valdovinos 1951,,,Pedro Aguirre Cerda,10000,https://www.passline.com/eventos/dia-del-profesor-y-profesora-en-teatro-cariola
Passline,SEGOVIA ORQUESTA EN SANTIAGO DE CHILE,,2026-10-16,20:00:00,2026-10-19,Discoteca La Fama,Av. México 609,,,Recoleta,10000,https://www.passline.com/eventos/segovia-orquesta-en-santiago-de-chile
Passline,SISTEMA DE ENTRETENIMIENTO (España) en Chile 2026,,2026-10-16,22:00:00,,Sala RBX,Av. Vicuña Mackenna 1220,,,Ñuñoa,25000,https://www.passline.com/eventos/sistema-de-entretenimiento-espana-en-chile-2026
Passline,ExpoYoga 2026 / Stands,,2026-10-17,08:00:00,2026-10-18,Estación Mapocho,,,,Santiago,297500,https://www.passline.com/eventos/expo-yoga-2026-stands
Passline,ExpoYoga 2026 Dia 1,,2026-10-17,09:00:00,,Estación Mapocho,"Plaza de la Cultura, Metro Cal y Canto",,,,8000,https://www.passline.com/eventos/expoyoga-2026-536030
Passline,Ai yazawa fest 4 Akindo,,2026-10-17,12:00:00,,Palacio circulo español,Alameda Libertador Bernardo O\&#39;Higgins 1550,,,,2000,https://www.passline.com/eventos/ai-yazawa-fest-4-akindo
Passline,Batalla del Tattoo - Chimkowe en Tinta,,2026-10-17,12:00:00,2026-10-18,Chimkowe,Av. Grecia 8787,,,Peñalolén,14000,https://www.passline.com/eventos/batalla-del-tattoo-chimkowe-en-tinta-502990
Passline,Feria pumpkin weekend x Junta fans: Spooky Month!,,2026-10-17,12:00:00,,Club de la union,Avenida Libertador Bernardo OHiggins 1091,,,Santiago,,https://www.passline.com/eventos/feria-pumpkin-weekend-x-junta-fans-spooky-month
Passline,MEDIEVAL PARTY HALLOWEEN FEST 2026,,2026-10-17,12:00:00,2026-10-18,Aldea Encuentro,Avenida alcalde Fernando Castillo Velasco #9750,,,,4000,https://www.passline.com/eventos/medieval-party-halloween-fest-2026
Passline,ATARDECERES PRESENTA : DJ TENNIS OPEN AIRE - 17 OCT PARQUE PADRE HURTADO,,2026-10-17,14:00:00,,Parque padre Hurtado,"Parque, Francisco Bilbao 8105",,,,25000,https://www.passline.com/eventos/atardeceres-presenta-dj-tennis-open-aire-17-oct-parque-padre-hurtado
Passline,El Honesto Mike: Mike Fest,,2026-10-17,14:00:00,,Alto San Francisco,"San Francisco 75, piso 9",,,Santiago,25000,https://www.passline.com/eventos/el-honesto-mike-mike-fest
Passline,Matias Rodriguez La despedida,,2026-10-17,15:00:00,,Bicentenario de la Florida,,,,La Florida,10000,https://www.passline.com/eventos/matias-rodriguez-la-despedida
Passline,Incógnita,,2026-10-17,18:00:00,,La Candelaria,Av. Italia 1449,,,,10000,https://www.passline.com/eventos/incognita-546672
Passline,Lola Awards 4. Rey Oso Desayunos,,2026-10-17,18:30:00,,Teatro Municipal de Paine,Av. 18 de Septiembre 39,,,Paine,,https://www.passline.com/eventos/lola-awards-4-rey-oso-desayunos
Passline,Candy66 Vuelve a Santiago de Chile tour 2026,,2026-10-17,20:00:00,,Club Chocolate,Ernesto Pinto Lagarrigue 192,,,,26000,https://www.passline.com/eventos/candy66-vuelve-a-santiago-de-chile-tour-2026
Passline,Cachoeira - Favela Rouge,,2026-10-17,21:00:00,,California Cantina,Las Urbinas 56,,,Providencia,10000,https://www.passline.com/eventos/cachoeira-favela-rouge
Passline,Gruesomes + Los perros del ritmo,,2026-10-17,21:30:00,,Bar de Rene,Sta isabel 369,,,,12000,https://www.passline.com/eventos/the-grusomes-los-perros-del-ritmo
Passline,"ASTRONOMY, TRIBUTO A PINK FLOYD EN RBX",,2026-10-17,22:00:00,,Sala RBX,Av. Vicuña Mackenna 1220,,,Ñuñoa,5000,https://www.passline.com/eventos/astronomy-tributo-a-pink-floyd-en-rbx
Passline,FULLY SEGUNDO ANIVERSARIO,,2026-10-17,22:00:00,,HANGAR,SANTA FILOMENA 10,,,,8000,https://www.passline.com/eventos/fully-segundo-aniversario
Passline,ExpoYoga 2026 Promo Dos Dias 17 & 18 de Oct,,2026-10-18,09:00:00,,Estación Mapocho,"Plaza de la Cultura, Metro Cal y Canto",,,,27000,https://www.passline.com/eventos/expoyoga-2026-promo-dos-dias-539872
Passline,ExpoYoga 2026 Dia 2,,2026-10-18,10:00:00,,Estación Mapocho,"Plaza de la Cultura, Metro Cal y Canto",,,,8000,https://www.passline.com/eventos/expoyoga-2026-539652
Passline,Mortiis en Sala RBX,,2026-10-18,20:00:00,,Sala RBX,Av. Vicuña Mackenna 1220,,,Ñuñoa,28000,https://www.passline.com/eventos/mortiis-en-sala-rbx
Passline,Horna en Chile,,2026-10-20,20:00:00,,Sala RBX,Av. Vicuña Mackenna 1220,,,Ñuñoa,28000,https://www.passline.com/eventos/horna-en-chile
Passline,Fit For A King en Chile,,2026-10-20,21:00:00,,SALA METRONOMO,Ernesto Pinto Lagarrigue 179,,,Recoleta,35000,https://www.passline.com/eventos/fit-for-a-king-en-chile
Passline,Cadáver Exquisito una Comedia Improvisada,,2026-10-21,20:00:00,,CENTRO ARTE ALAMEDA,Arturo Prat 33,,,Santiago,10000,https://www.passline.com/eventos/cadaver-exquisito-una-comedia-improvisada
Passline,Comiqueræs 2026,,2026-10-22,10:00:00,,Facultad de humanidades USACH,"Entrada por las Sophoras con el Belloto, metro Usach",,,Estación Central,,https://www.passline.com/eventos/comiquers-2026
Passline,Malevolent Creation + Mystic Circle,,2026-10-22,20:00:00,,Teatro Cariola,San Diego 246,,,Santiago,30000,https://www.passline.com/eventos/malevolent-creation-mystic-circle
Passline,Los PetitFellas en Chile,,2026-10-23,19:00:00,,Club Chocolate,Ernesto Pinto Lagarrigue 192,,,,25000,https://www.passline.com/eventos/los-petitfellas-en-chile
Passline,Obus en Chile 2026,,2026-10-23,19:00:00,,Sala RBX,Av. Vicuña Mackenna 1220,,,Ñuñoa,25000,https://www.passline.com/eventos/obus-en-chile-2026
Passline,Apocalyptica en Teatro Cariola,,2026-10-23,20:00:00,,Teatro Cariola,San Diego 246,,,Santiago,42000,https://www.passline.com/eventos/apocalyptica-en-teatro-cariola
Passline,BRUNO BORLONE Y LA FUNKY FANTÁSTICA ORQUESTA,,2026-10-23,20:00:00,,CLUB AMANDA,EMBAJADOR DOUSSINAGUE #1767,,,,20000,https://www.passline.com/eventos/bruno-borlone-y-la-funky-fantastica-orquesta
Passline,Fiesta ‘80 y ‘90,,2026-10-23,21:00:00,,CUCA BUIN,PANAMERICANA SUR KM 28 SAN BERNARDO SALIDA LOS NARAJOS,,,,7000,https://www.passline.com/eventos/fiesta-80-y-90
Passline,Luis Angel Diaz Acosta gran homenaje a Diomedes Díaz y al Gran Martín Elías,,2026-10-23,21:00:00,,La Quinta Muranos,Av. Manuel Antonio Matta 533,,,,15000,https://www.passline.com/eventos/luis-angel-diaz-acosta-gran-homenaje-a-diomedez-diaz-y-al-gran-martin-elias
Passline,Gabo Santoro - Estreno en Vivo del Nuevo EP - Regreso Gira Argentina.,,2026-10-23,22:00:00,,Bar Raices,Cueto 816,,,,5000,https://www.passline.com/eventos/gabo-santoro-estreno-en-vivo-del-nuevo-ep-regreso-gira-argentina
Passline,Pensar en Grande- Primavera 2026,,2026-10-24,15:00:00,,PROXIMAMENTE,,,,,35000,https://www.passline.com/eventos/pensar-en-grande-primavera-2026
Passline,AC/DC Fans Fest Chile,,2026-10-24,16:00:00,,Sala RBX,Av. Vicuña Mackenna 1220,,,Ñuñoa,12000,https://www.passline.com/eventos/acdc-fans-fest-chile
Passline,"Roce de Mente - VERTIENTES, CAMINOS, SERPIENTES",,2026-10-24,19:00:00,,Rojas Magallanes,Estados Unidos 8741,,,La Florida,10000,https://www.passline.com/eventos/roce-de-mente-vertientes-caminos-serpientes
Passline,Piero / Gracias Mi Viejo / La Florida,,2026-10-24,20:00:00,,Parque la Araucana,,,,La Florida,25000,https://www.passline.com/eventos/piero-gracias-mi-viejo-la-florida
Passline,Mario Gallo ★,,2026-10-24,21:00:00,,CLUB AMANDA,EMBAJADOR DOUSSINAGUE #1767,,,,15000,https://www.passline.com/eventos/mario-gallo-y-los-incondicionales
Passline,SHING02 & SPIN MASTER A-1: LUV(SIC) HEXALOGY LATAM TOUR 2026,,2026-10-24,21:00:00,,SALA METRONOMO,Ernesto Pinto Lagarrigue 179,,,Recoleta,,https://www.passline.com/eventos/shing02-spin-master-a1-luvsic-hexalogy-latam-tour-2026-543218
Passline,SIX SEX / SANTIAGO DE CHILE / RAVE3000,,2026-10-24,21:00:00,,Basel,Av. Independencia 565,,,Independencia,30000,https://www.passline.com/eventos/six-sex-santiago-de-chile-rave3000
Passline,🔥📚 INTRO AL PERREO 📚🔥 / El carrete de los JING 2026 / organiza centros deportivos de ING - SAB 24 oct - Av vicuña mackenna #1895 - FIESTA LA MONGA 🦍,,2026-10-24,21:30:00,,Fiesta la monga,Av vicuña mackenna #1895,,,,5000,https://www.passline.com/eventos/intro-al-perreo-el-carrete-de-los-jing-2026-organiza-centros-deportivos-de-ing-sab-24-oct-av-vicuna-mackenna-1895-fiesta-la-monga
Passline,Classic Super Nationals Cheer 2026,,2026-10-25,09:00:00,,Centro Cultural Chimkowe,Avenida Grecia #8787,,,,10000,https://www.passline.com/eventos/classic-super-nationals-cheer-2026
Passline,Circdomingo HALLOWEN,,2026-10-25,11:00:00,,Aldea Encuentro,Avenida alcalde Fernando Castillo Velasco #9750,,,La Reina,1000,https://www.passline.com/eventos/circdomingo-hallowen-522427
Passline,Six Feet Under en Chile,,2026-10-25,17:00:00,,Teatro Cariola,San Diego 246,,,Santiago,40000,https://www.passline.com/eventos/six-feet-under-en-chile
Passline,Un Mentes Expertas de Nathaly Marcus,,2026-10-26,19:00:00,,Hotel Intercontinental,,,,Las Condes,50000,https://www.passline.com/eventos/un-mentes-expertas-de-nathaly-marcus
Passline,H2O vuelve a Chile,,2026-10-28,19:00:00,,SALA METRONOMO,Ernesto Pinto Lagarrigue 179,,,Recoleta,36000,https://www.passline.com/eventos/h2o-vuelve-a-chile
Passline,Inventada Podcast en Centro Arte Alameda,,2026-10-28,19:30:00,,CENTRO ARTE ALAMEDA,Arturo Prat 33,,,Santiago,15000,https://www.passline.com/eventos/inventada-podcast-en-centro-arte-alameda
Passline,BENEDICTION,,2026-10-28,21:00:00,,Teatro Cariola,San Diego 246,,,Santiago,39000,https://www.passline.com/eventos/benediction
Passline,DIVAS EN PANTUFLAS- Marlen Olivari y Laura Prieto Rustiko Huechuraba,,2026-10-28,21:00:00,,Rustiko Huehuraba,Av. Pedro Fontova 7853,,,Huechuraba,15000,https://www.passline.com/eventos/divas-en-pantuflas-marlen-olivari-y-laura-prieto-rustiko-huechuraba
Passline,CARL COX - ON TOUR →,,2026-10-29,18:00:00,,Parque Ciudad Empresarial,"Avda el cóndor sur 457, ciudad empresarial",,,Huechuraba,56000,https://www.passline.com/eventos/carl-cox-la-feria-on-tour
Passline,Volare - Experiencia gastronómica,,2026-10-29,19:00:00,,Centro parque,Pdte. Riesco 5330,,,Las Condes,79990,https://www.passline.com/eventos/volare-experiencia-gastronomica-545117
Passline,"Concierto Optimistas bien informados, Sicoide y Rey Fango",,2026-10-29,20:00:00,,Sala RBX,Av. Vicuña Mackenna 1220,,,Ñuñoa,5000,https://www.passline.com/eventos/concierto-optimistas-bien-informados-sicoide-y-rey-fango
Passline,TIPLING ROCK EN SANTIAGO,,2026-10-29,20:00:00,,SALA METRONOMO,Ernesto Pinto Lagarrigue 179,,,Recoleta,20000,https://www.passline.com/eventos/tipling-rock-en-santiago
Passline,TRIBUTO ROXETTE CHILE REFUGIO DEL SOL,,2026-10-29,20:00:00,,Refugio del Sol,"Calle Antupirén 9401, Local A (dentro del Paseo el Sol)",,,,5000,https://www.passline.com/eventos/tributo-roxette-chile-refugio-del-sol-547447
Passline,The Rasmus - Weirdo Tour 2026,,2026-10-29,20:00:00,,Teatro Cariola,San Diego 246,,,Santiago,42000,https://www.passline.com/eventos/the-rasmus-weirdo-tour-2026
Passline,Disfraz & Flow Vol.1,,2026-10-30,17:00:00,,Sede Punta de Horcón,Punta de Horcón 12465,,,La Pintana,4000,https://www.passline.com/view-event/disfraz-flow-vol1
Passline,Cryptic Celebration VII: Mar de Grises y Poema Arcanus,,2026-10-30,19:00:00,,Teatro Cariola,San Diego 246,,,Santiago,12000,https://www.passline.com/eventos/cryptic-celebration-vii-mar-de-grises-y-poema-arcanus
Passline,CONVERGENCE VOL1,,2026-10-30,20:00:00,,Sala RBX,Av. Vicuña Mackenna 1220,,,Ñuñoa,8000,https://www.passline.com/eventos/convergence-vol1
Passline,Akapellah La Cruz Tour 2026 en Santiago de Chile,,2026-10-30,21:00:00,,Club Chocolate,Ernesto Pinto Lagarrigue 192,,,,28000,https://www.passline.com/eventos/akapellah-la-cruz-tour-2026-en-santiago-de-chile
Passline,Gran Concierto,,2026-10-31,16:00:00,,Gran Auditorio ICTUE,Americo Vespusio 2701,,,Cerrillos,10000,https://www.passline.com/eventos/gran-concierto-noche-de-gloria
Passline,mega concierto noche de gloria,,2026-10-31,16:00:00,,Auditorio ICTUE,Americo Vespucio 2701,,,Cerrillos,10000,https://www.passline.com/eventos/mega-concierto-noche-de-gloria
Passline,EL FUEGO DEL RENACER,,2026-10-31,19:00:00,,Teatro Cariola,San Diego 246,,,Santiago,15000,https://www.passline.com/eventos/el-fuego-del-renacer
Passline,Open Blondie: Noche de Brujas 2026,,2026-10-31,19:00:00,,Club Hipico,Av. Almte. Blanco Encalada 2540,,,Santiago,16000,https://www.passline.com/eventos/open-blondie-noche-de-brujas-2026
Passline,Grupo Disparo 7º Aniversario,,2026-10-31,20:00:00,,Centro Cultural de Buin,,,,Buin,8000,https://www.passline.com/eventos/grupo-disparo-7-aniversario
Passline,Mamacita el País de las Pesadillas 🎩 / Sabado 31 de Octubre / Basel,,2026-10-31,21:00:00,,"BASEL, MALL INDEPENDENCIA",Av. Independencia 565,,,Independencia,15000,https://www.passline.com/eventos/mamacita-el-pais-de-las-pesadillas-sabado-31-de-octubre-basel
Passline,Halloween Xperience 🎃 La fiesta,,2026-10-31,22:00:00,,Casona irarrazaval,Av José Manuel irarrazaval 0374,,,,8000,https://www.passline.com/eventos/halloween-xperience-la-fiesta
Passline,LETS DANCE HALLOWEEN || TERRAZA ARRAYÁN || FIESTA DE DISFRACES || SÁBADO 31 OCTUBRE,,2026-10-31,22:00:00,,Terraza Arrayan,Av. Las Condes 14950,,,Lo Barnechea,5000,https://www.passline.com/eventos/lets-dance-halloween-terraza-arrayan-fiesta-de-disfraces-sabado-31-octubre
Passline,La noche de la MONGA 🦍: Terror en la JUNGLA 🍃 / mega spot secreto - BAR ABIERTO 🥃 - SAB 31 OCT 🗓️🩸,,2026-10-31,22:00:00,,Spot secreto,,,,,8000,https://www.passline.com/eventos/la-noche-de-la-monga-terror-en-la-jungla-mega-spot-secreto-bar-abierto-sab-31-oct
Passline,THE VIBE HALLOWEEN - BLOODY OLIMPUS,,2026-10-31,22:00:00,,Lo barnechea.,,,,Lo Barnechea,5000,https://www.passline.com/eventos/the-vibe-halloween-bloody-olimpus
Passline,🎃 The Project | Halloween | Centro Parque 🎃,,2026-10-31,22:00:00,,Centro parque,Pdte. Riesco 5330,,,Las Condes,12000,https://www.passline.com/eventos/the-project-halloween-centro-parque
Passline,🩸 SINIESTRO HALLOWEEN 2026 ⚠️ 🩸 Versión payasos 🤡 asesin0s 🤡 - mega parcelazo / sab 31 oct - spot secreto 🤫,,2026-10-31,22:00:00,,Spot secreto 🤐,,,,,6000,https://www.passline.com/eventos/siniestro-halloween-2026-version-payasos-asesin0s-mega-parcelazo-sab-31-oct-spot-secreto
Passline,Ungravity Experience,,2026-11-01,11:00:00,2026-12-31,Cenco Alto Las Condes,Av. Presidente Kennedy Lateral 9001,,,Las Condes,39990,https://www.passline.com/eventos/ungravity-experience
Passline,VERSO FINAL x TEATRO CARIOLA,,2026-11-01,16:30:00,,Teatro Cariola,San Diego 246,,,Santiago,13500,https://www.passline.com/view-event/verso-final-x-teatro-cariola
Passline,Me La Hiciste Tour en Santiago de Chile,,2026-11-01,20:00:00,,Teatro Mori Parque Arauco,"Av. Pdte. Kennedy 5413, piso 1",,,Las Condes,25000,https://www.passline.com/eventos/me-la-hiciste-tour-en-santiago-de-chile
Passline,TALENT WOMAN Power Skills,,2026-11-04,09:00:00,,Auditorio Cámara de Comercio Santiago,Monjitas 392,,,,30000,https://www.passline.com/eventos/talent-woman-power-skills
Passline,REIS BELICO en Santiago de Chile,,2026-11-05,21:00:00,,Club Chocolate,Ernesto Pinto Lagarrigue 192,,,,26000,https://www.passline.com/eventos/reis-belico-en-santiago-de-chile
Passline,TR/ST en Blondie,,2026-11-05,21:00:00,,Blondie,Avda Liber Bernardo O`Higgins 2879,,,Santiago,35000,https://www.passline.com/eventos/trst-en-blondie
Passline,AVANT PREMIÈRE AROMASFEST,,2026-11-06,18:00:00,,Chat Noir,Malbec 12851,,,,60000,https://www.passline.com/eventos/avant-premiere-aromasfest
Passline,GAMUZA PRESENTA: “¿QUÉ TE CUESTA? – TOUR” + MACERADOZ (PERÚ),,2026-11-06,20:00:00,,CLUB CHOCOLATE,ERNESTO PINTO LAGARRIGUE #192,,,,15000,https://www.passline.com/eventos/gamuza-presenta-que-te-cuesta-tour-maceradoz-peru
Passline,Veneno Espectaculo de Circo,,2026-11-06,20:00:00,,Aldea Encuentro,,,,La Reina,20000,https://www.passline.com/eventos/veneno-espectaculo-de-circo-536650
Passline,JENNY ROSERO DISCOTECA LA FAMA,,2026-11-06,20:30:00,,Teatro la Fama,av mexico 609,,,,20000,https://www.passline.com/eventos/jenny-rosero-discoteca-la-fama
Passline,La Matanza Lanzamiento Mácula,,2026-11-06,20:30:00,,Bar Oxido,Purisima 282,,,,7000,https://www.passline.com/eventos/la-matanza-lanzamiento-macula
Passline,Placebo + Interpol : Noche de Tributos,,2026-11-06,20:30:00,,Cocina Clandestina,Antonia Lopez de Bello 0108,,,,6000,https://www.passline.com/eventos/placebo-interpol-noche-de-tributos
Passline,Audiostoners (Arg) - Homenaje a Chris Cornell en Santiago de Chile,,2026-11-06,21:00:00,,Sala RBX,Av. Vicuña Mackenna 1220,,,Ñuñoa,10000,https://www.passline.com/eventos/audiostoners-arg-homenaje-a-chris-cornell-en-santiago-de-chile
Passline,Zell en Santiago de Chile,,2026-11-06,21:00:00,,SALA METRONOMO,Ernesto Pinto Lagarrigue 179,,,Recoleta,18000,https://www.passline.com/eventos/zell-en-santiago-de-chile-538553
Passline,"“Un día para transformar cuerpo, mente y espíritu, conectando con la naturaleza, saberes ancestrales y experiencias de bienestar, sanación y comunidad.”",,2026-11-07,10:00:00,,Espacio Ceibo,las perdices 6782,,,,45000,https://www.passline.com/eventos/un-dia-para-transformar-cuerpo-mente-y-espiritu-conectando-con-la-naturaleza-saberes-ancestrales-y-experiencias-de-bienestar-sanacion-y-comunidad
Passline,III Versión AromasFest 2026 - 7 Noviembre,,2026-11-07,11:00:00,,"Hotel Wyndham Pettra, La Dehesa",Malbec 12851,,,,10000,https://www.passline.com/eventos/iii-version-aromasfest-2026
Passline,TALLER,,2026-11-07,11:00:00,,Hotel Wyndham Pettra,Av. Comandante Malbec 12851,,,,69000,https://www.passline.com/eventos/taller-crea-tu-propio-perfume
Passline,Taller de Perfumería Botánica,,2026-11-07,11:00:00,,Hotel Wyndham Santiago Pettra,Comandante Malbec 12851,,,,69000,https://www.passline.com/eventos/taller-de-perfumeria-botanica
Passline,CASAPARLANTE: FiestaParlante!,,2026-11-07,20:00:00,,Basel,Av. Independencia 565,,,Independencia,25000,https://www.passline.com/eventos/casaparlante-fiestaparlante
Passline,FAB MORVAN DE MILLI VANILLY,,2026-11-07,20:00:00,,CLUB CHOCOLATE,ERNESTO PINTO LAGARRIGUE #192,,,,30000,https://www.passline.com/eventos/fab-morvan-de-milli-vanilly
Passline,Veneno Espectaculo de Circo,,2026-11-07,20:00:00,,Aldea Encuentro,,,,La Reina,20000,https://www.passline.com/eventos/veneno-espectaculo-de-circo-536651
Passline,Lepoka en chile,,2026-11-07,21:00:00,,Epicentro,Huérfanos 786,,,Santiago,30000,https://www.passline.com/eventos/lepoka-en-chile
Passline,The Color Run Santiago,,2026-11-08,08:00:00,,Ciudad Empresarial,Av. Del Cóndor Sur 457,,,,20000,https://www.passline.com/eventos/the-color-run-santiago-540176
Passline,HEAVY METAL FEST 2,,2026-11-08,14:00:00,,Sala Metronomo,Ernesto pinto lagarrigue 179,,,,10000,https://www.passline.com/eventos/heavy-metal-fest-2
Passline,Stairway to Hell Fest 2,,2026-11-08,18:00:00,,Teatro Cariola,San Diego 246,,,Santiago,10000,https://www.passline.com/eventos/stairway-to-hell-fest-2
Passline,ADANOWSKY PRESENTA AMADOR Y EL ÍDOLO,,2026-11-10,19:00:00,,CLUB CHOCOLATE,ERNESTO PINTO LAGARRIGUE #192,,,,38000,https://www.passline.com/eventos/adanowsky-presenta-amador-y-el-idolo
Passline,Ty Segall en Blondie,,2026-11-10,21:00:00,,Blondie,Avda Liber Bernardo O`Higgins 2879,,,Santiago,35000,https://www.passline.com/eventos/ty-segall-en-blondie
Passline,PERU ARMONIA Y CLASE EN SANTIAGO DE CHILE,,2026-11-13,08:00:00,2026-11-16,Discoteca La Fama,Av. México 609,,,Recoleta,10000,https://www.passline.com/eventos/peru-armonia-y-clase-en-santiago-de-chile
Passline,Kash Farmers Night,,2026-11-13,19:30:00,,Salas Crearock,carmen 973,,,,2000,https://www.passline.com/eventos/kash-farmers-night
Passline,EL CARIBEFUNK - DESDE EL PATIO TOUR,,2026-11-13,20:00:00,,CLUB CHOCOLATE,ERNESTO PINTO LAGARRIGUE #192,,,,15000,https://www.passline.com/eventos/el-caribefunk-desde-el-patio-tour
Passline,La La Love You,,2026-11-13,21:00:00,,SALA METRONOMO,Ernesto Pinto Lagarrigue 179,,,Recoleta,47000,https://www.passline.com/eventos/la-la-love-you
Passline,TiamaT Fest,,2026-11-13,21:00:00,,Sala RBX,Av. Vicuña Mackenna 1220,,,Ñuñoa,7000,https://www.passline.com/eventos/tiamat-fest
Passline,EXPO VIZCACHAS RACING by TIO SUPRA,,2026-11-14,10:00:00,,Autodromo Las Vizcachas,avenida san jose de maipo 05669,,,,3000,https://www.passline.com/eventos/expo-vizcachas-racing-by-tio-supra
Passline,PIRQUEBIER 2026,,2026-11-14,12:00:00,,pueblito de artesanos de pirque,avenida alcalde hernan prieto 7210,,,,10000,https://www.passline.com/eventos/pirquebier-2026
Passline,Vengeance of Hell 1,,2026-11-14,17:00:00,,Sala RBX,Av. Vicuña Mackenna 1220,,,Ñuñoa,8000,https://www.passline.com/eventos/vengeance-of-hell-1
Passline,Marty Friedman en Santiago 2026,,2026-11-14,20:00:00,,Teatro Cariola,San Diego 246,,,Santiago,39000,https://www.passline.com/eventos/marty-friedman-en-santiago-2026
Passline,WE ARE THE GRAND - ANIVERSARIO 10 AÑOS DISCO VOLVER,,2026-11-14,20:30:00,,CLUB AMANDA,EMBAJADOR DOUSSINAGUE #1767,,,,16000,https://www.passline.com/eventos/we-are-the-grand-aniversario-10-anos-disco-volver
Passline,Fiesta 90 2000 Santiago - Centro Parque - 14 de noviembre 2026,,2026-11-14,21:00:00,,Centro parque,Pdte. Riesco 5330,,,Las Condes,10000,https://www.passline.com/eventos/fiesta-90-2000-santiago-centro-parque-14-de-noviembre-2026
Passline,Paula Mattheus - Todo lo alto que quiera,,2026-11-14,21:00:00,,SALA METRONOMO,Ernesto Pinto Lagarrigue 179,,,Recoleta,35000,https://www.passline.com/eventos/paula-mattheus-todo-lo-alto-que-quiera
Passline,"XTFEST Santiago, El festival del mundo tuerca",,2026-11-15,12:00:00,,Espacio XTFEST Santiago,Cacique Colin 6200,,,,10990,https://www.passline.com/eventos/xtfest-santiago-el-festival-del-mundo-tuerca
Passline,MCI EXPO 2026,,2026-11-20,09:30:00,,Hotel Le Méridien,Avenida Libertador Bernardo O’Higgins 136,,,,8000,https://www.passline.com/eventos/mci-expo-2026
Passline,DAVID REES EN SANTIAGO DE CHILE LATAM TOUR 2026,,2026-11-20,19:00:00,,Club Ambar,Ernesto Pinto Lagarrigue 154,,,Recoleta,35000,https://www.passline.com/eventos/david-rees-en-santiago-de-chile-latam-tour-2026
Passline,ALTO VOLTAJE celebra los 20 años de Historia de mi vida hasta mi muerte,,2026-11-21,17:30:00,,Teatro Cariola,San Diego 246,,,Santiago,10000,https://www.passline.com/eventos/alto-voltaje-20-anos-de-historia-de-mi-vida-hasta-mi-muerte
Passline,CYCLO EN SANTIAGO DE CHILE PRESENTA ¨FISHERMAN LATAM TOUR 2026,,2026-11-21,19:00:00,,Club Ambar,Ernesto Pinto Lagarrigue 154,,,Recoleta,32000,https://www.passline.com/eventos/cyclo-en-santiago-de-chile-presenta-fisherman-latam-tour-2026
Passline,MAURICIO PALMA & VIOLENTO PALMA EN PALERMO,,2026-11-21,20:00:00,,Palermo Teatro Bar,José Manuel Infante 1414,,,,15000,https://www.passline.com/eventos/mauricio-palma-violento-palma-en-palermo
Passline,The Space Lady en Centro Arte Alameda,,2026-11-21,20:00:00,,CENTRO ARTE ALAMEDA,Arturo Prat 33,,,Santiago,35000,https://www.passline.com/eventos/the-space-lady-en-centro-arte-alameda
Passline,Saratoga Chile 2026,,2026-11-21,20:30:00,,SALA METRONOMO,Ernesto Pinto Lagarrigue 179,,,Recoleta,35000,https://www.passline.com/eventos/saratoga-chile-2026
Passline,My Dying Bride,,2026-11-23,20:00:00,,Teatro Cariola,San Diego 246,,,Santiago,38000,https://www.passline.com/eventos/my-dying-bride
Passline,THIS IS SANTIAGO SKANKING,,2026-11-27,19:00:00,,La Casona de Hilda Parra,Ernesto Pinto Lagarrigue 90,,,,12000,https://www.passline.com/eventos/this-is-santiago-skanking
Passline,Dancing Mood + Mimi Maura,,2026-11-27,21:00:00,,SALA METRONOMO,Ernesto Pinto Lagarrigue 179,,,Recoleta,15000,https://www.passline.com/eventos/dancing-mood-mimi-maura
Passline,Power Melodic Hits,,2026-11-28,15:00:00,,Sala RBX,Av. Vicuña Mackenna 1220,,,Ñuñoa,7000,https://www.passline.com/eventos/power-melodic-hits
Passline,Baile Escarlata,,2026-11-28,19:00:00,,Palacio Astoreca,Calle dieciocho #121,,,,40000,https://www.passline.com/eventos/baile-escarlata
Passline,MAYOHK WORLD TOUR 2026 CHILE,,2026-11-28,19:00:00,,Teatro Cousiño,San Ignacio de Loyola 1249,,,Santiago,45000,https://www.passline.com/eventos/mayohk-world-tour-2026-chile
Passline,"Pedro Aznar, una noche entre amigos.Teatro Municipal de Santiago",,2026-11-28,20:00:00,,Teatro Municipal de Santiago,,,,Santiago,36000,https://www.passline.com/eventos/pedro-aznar-en-teatro-municipal-de-santiago
Passline,Capitán Memo en Concierto,,2026-11-29,19:00:00,,SALA METRONOMO,Ernesto Pinto Lagarrigue 179,,,Recoleta,20000,https://www.passline.com/eventos/capitan-memo-en-concierto
Passline,Machine Girl vuelve a Chile,,2026-12-01,19:00:00,,SALA METRONOMO,Ernesto Pinto Lagarrigue 179,,,Recoleta,36000,https://www.passline.com/eventos/machine-girl-vuelve-a-chile
Passline,"Descorchados con Early Tasting - Mandarin Oriental, Santiago 3 de diciembre 2026",,2026-12-03,18:00:00,,"Hotel Mandarin Oriental, Santiago",Av. Kennedy 4601,,,Las Condes,156000,https://www.passline.com/eventos/descorchados-con-early-tasting-mandarin-oriental-santiago-3-de-diciembre-2026
Passline,"Descorchados - Mandarin Oriental, Santiago 03 de diciembre 2026",,2026-12-03,19:00:00,,"Hotel Mandarin Oriental, Santiago",Av. Kennedy 4601,,,Las Condes,98000,https://www.passline.com/eventos/descorchados-mandarin-oriental-santiago-03-de-diciembre-2026
Passline,Marc Almond (SOFT CELL) en Santiago 2026,,2026-12-03,20:00:00,,Blondie,Avda Liber Bernardo O`Higgins 2879,,,Santiago,35000,https://www.passline.com/eventos/marc-almond-soft-cell-en-santiago-2026
Passline,Noches Oscuras en RBX,,2026-12-03,21:00:00,,Sala RBX,Av. Vicuña Mackenna 1220,,,Ñuñoa,4000,https://www.passline.com/eventos/noches-oscuras-en-rbx
Passline,🔥CHAO PAES🔥OFICIAL ★ JUEVES 03 DIC ★,,2026-12-03,22:00:00,,Terraza Arrayan,Av. Las Condes 14950,,,Lo Barnechea,12000,https://www.passline.com/eventos/chao-paesoficial-jueves-03-dic
Passline,"Descorchados con Early Tasting - Mandarin Oriental, Santiago 04 de diciembre 2026",,2026-12-04,18:00:00,,"Hotel Mandarin Oriental, Santiago",Av. Kennedy 4601,,,Las Condes,156000,https://www.passline.com/eventos/descorchados-con-early-tasting-mandarin-oriental-santiago-04-de-diciembre-2026
Passline,"Descorchados - Mandarin Oriental, Santiago 04 de diciembre 2026",,2026-12-04,19:00:00,,"Hotel Mandarin Oriental, Santiago",Av. Kennedy 4601,,,Las Condes,98000,https://www.passline.com/eventos/descorchados-mandarin-oriental-santiago-04-de-diciembre-2026
Passline,ABHIR - ULTRASWAN TOUR,,2026-12-04,20:00:00,,Epicentro,Huérfanos 786,,,Santiago,25000,https://www.passline.com/eventos/abhir-ultraswan-tour
Passline,FUTURO INCIERTO EN CHILE,,2026-12-04,21:00:00,,SALA METRONOMO,Ernesto Pinto Lagarrigue 179,,,Recoleta,20000,https://www.passline.com/eventos/futuro-incierto-en-chile
Passline,"Rebellion Night — Tributos a Paramore, Blink-182 & Incubus",,2026-12-04,22:00:00,,Sala RBX,Av. Vicuña Mackenna 1220,,,Ñuñoa,6000,https://www.passline.com/eventos/rebellion-night-tributos-a-paramore-blink182-incubus
Passline,Revolution Rock Festival,,2026-12-05,14:00:00,,Teatro Cariola,San Diego 246,,,Santiago,15000,https://www.passline.com/eventos/revolution-rock-festival
Passline,LATIN BITMAN BANDA E INVITADOS,,2026-12-05,20:00:00,,CLUB CHOCOLATE,ERNESTO PINTO LAGARRIGUE #192,,,,10000,https://www.passline.com/eventos/latin-bitman-banda-e-invitados
Passline,FREEK CHILE,,2026-12-06,15:00:00,,SALA METRONOMO,Ernesto Pinto Lagarrigue 179,,,Recoleta,20000,https://www.passline.com/eventos/freek-chile
Passline,Prissa,,2026-12-08,00:30:00,,Teatro municipal,cristobal colon 6335,,,Las Condes,,https://www.passline.com/view-event/prissa
Passline,YOUTH OF TODAY EN CHILE,,2026-12-09,19:00:00,,SALA METRONOMO,Ernesto Pinto Lagarrigue 179,,,Recoleta,36000,https://www.passline.com/eventos/youth-of-today-en-chile
Passline,pablopablo - pianopiano tour (Santiago de Chile),,2026-12-12,20:00:00,,Centro de Extensión Campus Oriente UC,Jaime Guzmán Errázuriz 3300,,,,35000,https://www.passline.com/eventos/pablopablo-chile
Passline,Planeta No en Centro Arte Alameda,,2026-12-16,20:00:00,,CENTRO ARTE ALAMEDA,Arturo Prat 33,,,Santiago,10000,https://www.passline.com/eventos/planeta-no-en-centro-arte-alameda
Passline,100K Experience HONOR,,2026-12-19,09:00:00,,Edificio TVN - Estudio Madis,"Edificio TVN, Bellavista 0990",,,Providencia,70000,https://www.passline.com/view-event/100k-experience-honor
Passline,Santaferia 20 Años,,2026-12-19,18:30:00,,Santa Laura,Sta. Laura 1241,,,Independencia,20000,https://www.passline.com/eventos/santaferia-20-anos
Passline,Angelo Pierattini: Disco Rojo de Weichafe en vivo,,2026-12-19,20:00:00,,SALA METRONOMO,Ernesto Pinto Lagarrigue 179,,,Recoleta,18000,https://www.passline.com/eventos/angelo-pierattini-disco-rojo-de-weichafe-en-vivo
Passline,NXRCICISTXS - TOUR XX AÑOS DEMENTES,,2026-12-19,20:00:00,,CLUB CHOCOLATE,ERNESTO PINTO LAGARRIGUE #192,,,,16000,https://www.passline.com/eventos/nxrcicistxs-tour-xx-anos-dementes
Passline,Eva Ayllón + Inti Illimani + Cuarteto Austral,,2026-12-27,19:00:00,,Teatro Municipal de Santiago,,,,Santiago,18000,https://www.passline.com/eventos/eva-allon-inti-illimani-cuarteto-austral
Passline,The Vibe - Año Nuevo 2027 - Los Trapenses.,,2027-01-01,00:15:00,,Lo Barnechea,,,,Lo Barnechea,6990,https://www.passline.com/eventos/the-vibe-ano-nuevo-2027-los-trapenses
Passline,Avatar,,2027-01-15,20:00:00,,Teatro Cariola,San Diego 246,,,Santiago,42000,https://www.passline.com/eventos/avatar
Passline,Hvnvbi,,2027-01-16,19:30:00,,Sala RBX,Av. Vicuña Mackenna 1220,,,Ñuñoa,9000,https://www.passline.com/eventos/hvnvbi
Passline,Geoff Tate - Operation: mindcrime / the final chapter,,2027-01-16,21:00:00,,Teatro Cariola,San Diego 246,,,Santiago,40000,https://www.passline.com/eventos/geoff-tate-operation-mindcrime-the-final-chapter
Passline,Hellripper,,2027-01-20,20:00:00,,Sala RBX,Av. Vicuña Mackenna 1220,,,Ñuñoa,28000,https://www.passline.com/eventos/hellripper
Passline,BLAZE BAYLEY EN CHILE,,2027-01-22,21:00:00,,SALA METRONOMO,Ernesto Pinto Lagarrigue 179,,,Recoleta,30000,https://www.passline.com/eventos/blaze-bayley-en-chile
Passline,HERNÁN CATTÁNEO - ON TOUR →,,2027-01-30,16:00:00,,Parque Ciudad Empresarial,"Avda el cóndor sur 457, ciudad empresarial",,,,45000,https://www.passline.com/eventos/hernan-cattaneo-on-tour
Passline,Alcest,,2027-02-15,20:00:00,,Teatro Cariola,San Diego 246,,,Santiago,42000,https://www.passline.com/eventos/alcest
Passline,Eleine en Sala RBX,,2027-02-25,20:00:00,,Sala RBX,Av. Vicuña Mackenna 1220,,,Ñuñoa,25000,https://www.passline.com/eventos/eleine-en-sala-rbx
Passline,Antimatter en Chile,,2027-02-25,21:00:00,,Epicentro,Huérfanos 786,,,Santiago,42000,https://www.passline.com/eventos/antimatter-en-chile
Passline,ULTRA SUNN en Chile 2027,,2027-03-24,21:00:00,,Sala RBX,Av. Vicuña Mackenna 1220,,,Ñuñoa,30000,https://www.passline.com/eventos/ultra-sunn-en-chile-2027
Passline,Edu Falaschi Rebirth of Shadows Santiago,,2027-03-25,21:00:00,,Sala RBX,Av. Vicuña Mackenna 1220,,,Ñuñoa,30000,https://www.passline.com/eventos/edu-falaschi-rebirth-of-shadows-santiago
Passline,Mika Kobayashi,,2027-04-02,20:00:00,,SALA METRONOMO,Ernesto Pinto Lagarrigue 179,,,Recoleta,35000,https://www.passline.com/eventos/mika-kobayashi
Passline,Elisa C. Martin Chile - The Gates of Oblivion 25th Anniversary,,2027-05-08,19:00:00,,Amsterdam Club (Ex-Rbx),Av. Vicuña Mackenna 1220,,,,20000,https://www.passline.com/eventos/elisa-c-martin-chile-the-gates-of-oblivion-25th-anniversary
Passline,CL.prog 2027: Pase Ambos Dias,,2027-11-20,15:30:00,2027-11-21,Aldea del Encuentro,Av. Alcalde Fernando Castillo Velasco 9750,,,,80000,https://www.passline.com/eventos/clprog-2027-pase-doble
Centro de Estudios Públicos (CEP),Magallanes V: concierto audiovisual,musica,2026-09-03,18:00:00,,Auditorio CEP,Monseñor Sótero Sanz 162,,,Providencia,0,https://www.cepchile.cl/eventos/magallanes-v-concierto-audiovisual/
Cultura Providencia,"Ciclo de cine chileno: ""Mi mejor enemigo""",cine,2026-09-03,19:00:00,,Teatro Oriente,Av. Pedro de Valdivia 099,,,Providencia,0,https://culturaprovidencia.cl/2026/08/26/programacion-septiembre/
Cultura Providencia,La Ruta del Circo,,2026-09-05,12:00:00,,Centro Deportivo El Aguilucho,Arzobispo Fuenzalida 2615,,,Providencia,0,https://culturaprovidencia.cl/2026/08/26/programacion-septiembre/
Cultura Providencia,"BAFOCHI ""Desde el fin del mundo""",,2026-09-08,19:30:00,,Teatro Oriente,Av. Pedro de Valdivia 099,,,Providencia,0,https://culturaprovidencia.cl/2026/08/26/programacion-septiembre/
Cultura Providencia,La Ruta del Circo y del Organillero,aire_libre,2026-09-09,19:00:00,,Plaza Río de Janeiro,,,,Providencia,0,https://culturaprovidencia.cl/2026/08/26/programacion-septiembre/
Cultura Providencia,La Ruta del Circo y del Organillero,aire_libre,2026-09-09,19:00:00,,Anfiteatro Parque Bustamante,,,,Providencia,0,https://culturaprovidencia.cl/2026/08/26/programacion-septiembre/
Cultura Providencia,"BAFOCHI ""Desde el fin del mundo""",,2026-09-09,19:30:00,,Teatro Oriente,Av. Pedro de Valdivia 099,,,Providencia,0,https://culturaprovidencia.cl/2026/08/26/programacion-septiembre/
Cultura Providencia,La Ruta del Circo y del Organillero,aire_libre,2026-09-10,19:00:00,,Plaza 18 de Septiembre,,,,Providencia,0,https://culturaprovidencia.cl/2026/08/26/programacion-septiembre/
Cultura Providencia,La Ruta del Circo y del Organillero,aire_libre,2026-09-10,19:00:00,,Parque Augusto Errázuriz,,,,Providencia,0,https://culturaprovidencia.cl/2026/08/26/programacion-septiembre/
Cultura Providencia,Los Huasos de Algarrobal,musica,2026-09-10,19:30:00,,Teatro Oriente,Av. Pedro de Valdivia 099,,,Providencia,,https://culturaprovidencia.cl/2026/08/26/programacion-septiembre/
Cultura Providencia,La Ruta del Circo y del Organillero,aire_libre,2026-09-11,19:00:00,,Plaza Patricio Aylwin,,,,Providencia,0,https://culturaprovidencia.cl/2026/08/26/programacion-septiembre/
Cultura Providencia,La Ruta del Circo y del Organillero,aire_libre,2026-09-11,19:00:00,,Plaza Las Lilas,,,,Providencia,0,https://culturaprovidencia.cl/2026/08/26/programacion-septiembre/
Cultura Providencia,La Ruta del Circo,,2026-09-12,12:00:00,,Gimnasio Santa Isabel,Los Jesuitas 827,,,Providencia,0,https://culturaprovidencia.cl/2026/08/26/programacion-septiembre/
Cultura Providencia,La Ruta del Circo y del Organillero,aire_libre,2026-09-15,19:00:00,,Plaza Ambrosio del Río,,,,Providencia,0,https://culturaprovidencia.cl/2026/08/26/programacion-septiembre/
Cultura Providencia,La Ruta del Circo y del Organillero,aire_libre,2026-09-15,19:00:00,,Plaza Padre Letelier,,,,Providencia,0,https://culturaprovidencia.cl/2026/08/26/programacion-septiembre/
Cultura Providencia,"Esquinazo musical ""Grupo Trinares""",musica,2026-09-16,18:00:00,,Jardín de las Artes,Av. Nueva Providencia 1995,,,Providencia,0,https://culturaprovidencia.cl/2026/08/26/programacion-septiembre/
Cultura Providencia,Concierto Horacio Hernández,musica,2026-09-22,19:00:00,,Teatro Oriente,Av. Pedro de Valdivia 099,,,Providencia,0,https://culturaprovidencia.cl/2026/08/26/programacion-septiembre/
Cultura Providencia,"Ciclo de cine chileno: ""Historias de fútbol""",cine,2026-09-23,19:00:00,,Teatro Oriente,Av. Pedro de Valdivia 099,,,Providencia,0,https://culturaprovidencia.cl/2026/08/26/programacion-septiembre/
Cultura Providencia,"Ciclo de cine chileno: ""Denominación de origen""",cine,2026-09-30,19:00:00,,Teatro Oriente,Av. Pedro de Valdivia 099,,,Providencia,0,https://culturaprovidencia.cl/2026/08/26/programacion-septiembre/
Cultura Providencia,"Exposición de grabados ""Tàpies"", colección del grabador Barbarà",arte,,11:00:00,2026-10-11,"Sala de exposiciones, Parque de las Esculturas",Av. Santa María 2201,,,Providencia,0,https://culturaprovidencia.cl/2026/08/28/exposicion-de-grabados/
Cultura Providencia,"Exposición ""El ciclo de dar y recibir""",arte,2026-08-21,10:00:00,2026-11-01,,Av. Nueva Providencia 1995,,,Providencia,0,https://culturaprovidencia.cl/2026/08/20/exposicion-el-ciclo-de-dar-y-recibir/
Cultura Providencia,"Exposición ""Expansión, Hemisferios, Acumulados"" de Claudia Ríos",arte,2026-07-30,10:00:00,2026-11-01,"Sala Nueva Providencia, Palacio Schacht",,,,Providencia,0,https://culturaprovidencia.cl/2026/07/30/exposicion-expansion-hemisferios-acumulados/
Teatro Oriente,CICLO DE CINE: MI MEJOR ENEMIGO,cine,2026-09-03,19:00:00,,Teatro Oriente,Av. Pedro de Valdivia 099,,,Providencia,0,https://teatrooriente.cl/evento/ciclo-de-cine-mi-mejor-enemigo/
Teatro Oriente,JUAN PABLO LÓPEZ,teatro,2026-09-04,19:00:00,2026-09-05,Teatro Oriente,Av. Pedro de Valdivia 099,,,Providencia,23000,https://teatrooriente.cl/evento/juan-pablo-lopez-4/
Teatro Oriente,BAFOCHI «DESDE EL FIN DEL MUNDO»,,2026-09-08,19:30:00,2026-09-09,Teatro Oriente,Av. Pedro de Valdivia 099,,,Providencia,0,https://teatrooriente.cl/evento/bafochi-desde-el-fin-del-mundo/
Teatro Oriente,LOS HUASOS DE ALGARROBAL – 60 AÑOS DE CANTO,musica,2026-09-10,19:30:00,,Teatro Oriente,Av. Pedro de Valdivia 099,,,Providencia,17250,https://teatrooriente.cl/evento/los-huasos-de-algarrobal-60-anos-de-canto/
Teatro Oriente,TOMÁS VA A MORIR: LEY DE MURPHY,teatro,2026-09-15,20:00:00,2026-09-16,Teatro Oriente,Av. Pedro de Valdivia 099,,,Providencia,13800,https://teatrooriente.cl/evento/tomas-va-a-morir-ley-de-murphy-7/
Teatro Oriente,CICLO DE CINE: HISTORIAS DE FÚTBOL,cine,2026-09-23,19:00:00,,Teatro Oriente,Av. Pedro de Valdivia 099,,,Providencia,0,https://teatrooriente.cl/evento/ciclo-de-cine-historias-de-futbol/
Teatro Oriente,FELIPE AVELLO,teatro,2026-09-25,20:00:00,,Teatro Oriente,Av. Pedro de Valdivia 099,,,Providencia,20700,https://teatrooriente.cl/evento/felipe-avello/
Teatro Oriente,CICLO DE CINE: DENOMINACIÓN DE ORIGEN,cine,2026-09-30,19:00:00,,Teatro Oriente,Av. Pedro de Valdivia 099,,,Providencia,0,https://teatrooriente.cl/evento/ciclo-de-cine-denominacion-de-origen/
Teatro Oriente,NICO RUIZ,musica,2026-10-03,20:30:00,,Teatro Oriente,Av. Pedro de Valdivia 099,,,Providencia,29900,https://teatrooriente.cl/evento/nico-ruiz/
Teatro Oriente,BEATLEMANÍA EN CONCIERTO,musica,2026-10-10,18:00:00,,Teatro Oriente,Av. Pedro de Valdivia 099,,,Providencia,13800,https://teatrooriente.cl/evento/beatlemania-en-concierto-20/
Teatro Oriente,PAMELA LEIVA,teatro,2026-10-16,20:00:00,,Teatro Oriente,Av. Pedro de Valdivia 099,,,Providencia,20700,https://teatrooriente.cl/evento/pamela-leiva-2/
Teatro Oriente,ARIZTÍA UNICO CONCIERTO EN TEATRO ORIENTE,musica,2026-10-17,20:00:00,,Teatro Oriente,Av. Pedro de Valdivia 099,,,Providencia,28750,https://teatrooriente.cl/evento/ariztia-unico-concierto-en-teatro-oriente/
Teatro Oriente,JUAN PABLO LÓPEZ,teatro,2026-10-28,19:00:00,2026-10-29,Teatro Oriente,Av. Pedro de Valdivia 099,,,Providencia,23000,https://teatrooriente.cl/evento/juan-pablo-lopez-5/
Teatro Oriente,UNDERTALE SINFÓNICO,musica,2026-11-28,19:00:00,,Teatro Oriente,Av. Pedro de Valdivia 099,,,Providencia,23000,https://teatrooriente.cl/evento/undertale-sinfonico/
Teatro Oriente,IGNACIO SOCÍAS,teatro,2026-12-11,20:00:00,,Teatro Oriente,Av. Pedro de Valdivia 099,,,Providencia,16100,https://teatrooriente.cl/evento/ignacio-socias-2/
Club Chocolate,ELLAS,fiesta,2026-09-04,,,Club Chocolate,Ernesto Pinto Lagarrigue 192,,,Recoleta,,https://chocolate.reservame.cl/i/?I=rrss&e=UWJI
Club Chocolate,SÁBADO DE CHOCOLATE,fiesta,2026-09-05,,,Club Chocolate,Ernesto Pinto Lagarrigue 192,,,Recoleta,,https://chocolate.reservame.cl/i/?I=rrss&e=YGNO
Club Chocolate,MICHALE GRAVES – GIRA PSYCHO MONSTERS,musica,2026-09-04,,,Club Chocolate,Ernesto Pinto Lagarrigue 192,,,Recoleta,,https://clubchocolate.cl/eventos/michael-graves-gira-psycho-monsters/
Club Chocolate,MAR DE COPAS – SANTIAGO DE CHILE,musica,2026-09-05,,,Club Chocolate,Ernesto Pinto Lagarrigue 192,,,Recoleta,,https://clubchocolate.cl/eventos/mar-de-copas-santiago-de-chile/
Club Chocolate,PEARL JAM – ESPECIAL TEN & VERSUS / TRIBUTO PIEDRA NEGRA,musica,2026-09-12,,,Club Chocolate,Ernesto Pinto Lagarrigue 192,,,Recoleta,,https://clubchocolate.cl/eventos/pearl-jam-especial-ten-versus-tributo-piedra-negra/
Club Chocolate,EL CARIBEFUNK – DESDE EL PATIO TOUR,musica,2026-11-13,,,Club Chocolate,Ernesto Pinto Lagarrigue 192,,,Recoleta,,https://clubchocolate.cl/eventos/el-caribefunk-desde-el-patio-tour/
Club Chocolate,LEO MIDDEA,musica,2026-11-26,,,Club Chocolate,Ernesto Pinto Lagarrigue 192,,,Recoleta,,https://clubchocolate.cl/eventos/leo-middea/
Feria Friki,Feria Friki La Pintana,feria,2026-09-05,11:00:00,,Plaza Cívica de La Pintana,Aníbal Pinto 12952,,,La Pintana,,https://www.feriafriki.cl/eventos/feria-friki-la-pintana/
Feria Friki,Mega Feria Friki Cerrillos,feria,2026-09-06,12:00:00,,Parque Bicentenario de Cerrillos,Av. Pedro Aguirre Cerda 6100,,,Cerrillos,,https://www.feriafriki.cl/eventos/mega-feria-friki-cerrillos/
Feria Friki,Feria Friki PAC,feria,2026-09-13,11:00:00,,Parque André Jarlán,Av. Pdte. Salvador Allende Gossens 2701,,,Pedro Aguirre Cerda,,https://www.feriafriki.cl/eventos/feria-friki-pac/
Teatro UC,Gladys,teatro,2026-09-02,20:00:00,2026-09-12,"Teatro UC, Sala Ana González",Jorge Washington 26,,,Ñuñoa,,https://teatrouc.uc.cl/evento/gladys/
Teatro UC,L@s niñ@s del Winnipeg,teatro,2026-09-03,19:00:00,2026-09-12,"Teatro UC, Sala Eugenio Dittborn",Jorge Washington 26,,,Ñuñoa,,https://teatrouc.uc.cl/evento/los-ninos-del-winnipeg/
Municipalidad de Providencia,¡Vuelta! Aprende a bailar cueca en el Parque Inés de Suárez,,2026-09-07,20:00:00,,Parque Inés de Suárez,,,,Providencia,0,https://providencia.cl/provi/explora/actividades/familia/vuelta-aprende-a-bailar-cueca-en-el-parque-ines-de-suarez-070926
Municipalidad de Providencia,"Taller ""Cueca Chilena: Folklore tradicional""",taller,2026-09-15,15:30:00,,Centro Cultural Montecarmelo,,,,Providencia,,https://providencia.cl/provi/explora/actividades/familia/taller-cueca-chilena-folklore-tradicional-150926
Municipalidad de Providencia,Operativo TRM,,2026-09-02,10:00:00,,CIDES Los Misioneros,,,,Providencia,,https://providencia.cl/provi/explora/actividades/familia/operativo-trm-020926
Municipalidad de Providencia,operativo TRM,,2026-09-30,10:00:00,,Plaza Patricio Aylwin,,,,Providencia,,https://providencia.cl/provi/explora/actividades/familia/operativo-trm-300926
Municipalidad de Providencia,Espectáculo BAFOCHI “Desde el fin del mundo”,,2026-09-09,19:30:00,,Teatro Oriente,Av. Pedro de Valdivia 099,,,Providencia,0,https://providencia.cl/provi/explora/actividades/familia/espectaculo-bafochi-desde-el-fin-del-mundo-090926
Municipalidad de Providencia,"Exposición ""Nidos""",arte,2026-09-22,19:00:00,,Jardín de las Artes,Av. Nueva Providencia 1995,,,Providencia,,https://providencia.cl/provi/explora/actividades/familia/exposicion-nidos-220926
Municipalidad de Providencia,Baile entretenido,,2026-09-01,18:00:00,2026-09-30,Cides Los Misioneros,Los Misioneros 2166,,,Providencia,,https://providencia.cl/provi/explora/actividades/familia/baile-entretenido-010926
Municipalidad de Providencia,Entrenamiento funcional 1,,2026-09-01,16:15:00,2026-09-30,Cides Los Misioneros,Los Misioneros 2166,,,Providencia,,https://providencia.cl/provi/explora/actividades/familia/entrenamiento-funcional-1-010926
Municipalidad de Providencia,Pintura al óleo,,2026-09-01,16:00:00,2026-09-30,Cides Los Misioneros,Los Misioneros 2166,,,Providencia,,https://providencia.cl/provi/explora/actividades/familia/pintura-al-oleo-010926
Municipalidad de Providencia,Presentación del libro Alemania para profesionales,charla,2026-09-02,18:30:00,,Café Literario Parque Bustamante,Av. General Bustamante altura 50,,,Providencia,,https://providencia.cl/provi/explora/actividades/familia/presentacion-del-libro-alemania-para-profesionales-020926
Municipalidad de Providencia,Viernes de cuentos y fantasías,,2026-09-25,16:00:00,,Café Literario Santa Isabel,Av. Santa Isabel 1240,,,Providencia,,https://providencia.cl/provi/explora/actividades/familia/viernes-de-cuentos-y-fantasias-250926
Municipalidad de Providencia,Exposición Las formas del agua,arte,2026-09-05,09:00:00,2026-09-30,Biblioteca Municipal,Manuel Montt 101,,,Providencia,,https://providencia.cl/provi/explora/actividades/familia/exposicion-las-formas-del-agua-010926
Municipalidad de Providencia,Conversatorio LDP Magazine Star Trek 60 Aniversario,charla,2026-09-05,16:00:00,,Biblioteca Municipal,Manuel Montt 101,,,Providencia,,https://providencia.cl/provi/explora/actividades/familia/conversatorio-ldp-magazine-star-trek-60-aniversario-050926
Municipalidad de Providencia,Yoga terapéutico 2,,2026-09-01,12:00:00,2026-09-30,Cides Los Misioneros,Los Misioneros 2166,,,Providencia,,https://providencia.cl/provi/explora/actividades/familia/yoga-terapeutico-2-010926
Municipalidad de Providencia,Jugamos como antes: juegos tradicionales chilenos,,2026-09-12,11:00:00,,Café Literario Parque Balmaceda,Av. Providencia 410,,,Providencia,,https://providencia.cl/provi/explora/actividades/familia/jugamos-como-antes-juegos-tradicionales-chilenos-120926
Municipalidad de Providencia,Grabado,,2026-09-01,10:00:00,2026-09-30,Cides Los Misioneros,Los Misioneros 2166,,,Providencia,,https://providencia.cl/provi/explora/actividades/familia/grabado-010926
Municipalidad de Providencia,"Exposición ""Materia y memoria: resignificar el oficio""",arte,2026-09-05,09:00:00,2026-09-30,Centro Cultural Montecarmelo,,,,Providencia,,https://providencia.cl/provi/explora/actividades/familia/exposicion-materia-y-memoria-resignificar-el-oficio-010926
Municipalidad de Providencia,De la estantería al cine: cine en Balmaceda,cine,2026-09-12,15:30:00,,Café Literario Parque Balmaceda,Av. Providencia 410,,,Providencia,,https://providencia.cl/provi/explora/actividades/familia/de-la-estanteria-al-cine-cine-en-balmaceda-120926
Municipalidad de Providencia,Mi chanchito de greda,,2026-09-16,16:30:00,,Biblioteca Bellavista,Constitución 85,,,Providencia,,https://providencia.cl/provi/explora/actividades/familia/mi-chanchito-de-greda-160926
Municipalidad de Providencia,Kamishibai: ¡Mira un Chilesaurio! Crea un cuello largo chileno,,2026-09-23,16:00:00,,Café Literario Parque Balmaceda,Av. Providencia 410,,,Providencia,,https://providencia.cl/provi/explora/actividades/familia/kamishibai-mira-un-chilesaurio-crea-un-cuello-largo-chileno-230926
Municipalidad de Providencia,Presentación del libro Yo soy grande yo soy pequeña,charla,2026-09-26,12:00:00,,Café Literario Santa Isabel,Av. Santa Isabel 1240,,,Providencia,,https://providencia.cl/provi/explora/actividades/familia/presentacion-del-libro-yo-soy-grande-yo-soy-pequena-260926
Municipalidad de Providencia,Taller Arte con acuarela: flor nacional de Chile,taller,2026-09-26,16:00:00,,Café Literario Parque Bustamante,Av. General Bustamante altura 50,,,Providencia,,https://providencia.cl/provi/explora/actividades/familia/taller-arte-con-acuarela-flor-nacional-de-chile-260926
Municipalidad de Providencia,¡Vuelta! Aprende a bailar cueca en el Parque Inés de Suárez,,2026-09-01,20:00:00,,Parque Inés de Suárez,,,,Providencia,0,https://providencia.cl/provi/explora/actividades/familia/vuelta-aprende-a-bailar-cueca-en-el-parque-ines-de-suarez-010926
Municipalidad de Providencia,¡Vuelta! Aprende a bailar cueca en el Parque Inés de Suárez,,2026-09-02,20:00:00,,Parque Inés de Suárez,,,,Providencia,0,https://providencia.cl/provi/explora/actividades/familia/vuelta-aprende-a-bailar-cueca-en-el-parque-ines-de-suarez-020926
Municipalidad de Providencia,Espacio Comunitario Interactivo,,2026-09-07,10:00:00,,,Miguel Claro 543,,,Providencia,,https://providencia.cl/provi/explora/actividades/familia/espacio-comunitario-interactivo-070926
Municipalidad de Providencia,"Taller ""Intro al Reaper II""",taller,2026-09-12,11:00:00,,Centro Cultural Montecarmelo,,,,Providencia,0,https://providencia.cl/provi/explora/actividades/familia/taller-intro-al-reaper-ii-120926
Municipalidad de Providencia,"Taller ""Pompones de baile nortino""",taller,2026-09-16,15:00:00,,Centro Cultural Montecarmelo,,,,Providencia,,https://providencia.cl/provi/explora/actividades/familia/taller-pompones-de-baile-nortino-160926
Municipalidad de Providencia,"Taller ""Experiencia en cuero: Estuche con botón de cerámica""",taller,2026-09-24,15:00:00,,Centro Cultural Montecarmelo,,,,Providencia,,https://providencia.cl/provi/explora/actividades/familia/taller-experiencia-en-cuero-estuche-con-boton-de-ceramica-240926
Municipalidad de Providencia,Operativo TRM,,2026-09-08,10:00:00,,Plaza Pedro de Valdivia,,,,Providencia,,https://providencia.cl/provi/explora/actividades/familia/operativo-trm-080926
Municipalidad de Providencia,operativo TRM,,2026-09-22,10:00:00,,Plaza Loreto Cousiño,,,,Providencia,,https://providencia.cl/provi/explora/actividades/familia/operativo-trm-220926
Municipalidad de Providencia,Lanzamiento libro “La serpiente entre la hierba”,charla,2026-09-01,19:00:00,,Auditorio,Av. Nueva Providencia 1995,,,Providencia,0,https://providencia.cl/provi/explora/actividades/familia/lanzamiento-libro-la-serpiente-entre-la-hierba-010926
Municipalidad de Providencia,Ciclo Mujeres Creadoras,,2026-09-03,19:00:00,,Auditorio,Av. Nueva Providencia 1995,,,Providencia,0,https://providencia.cl/provi/explora/actividades/familia/ciclo-mujeres-creadoras-030926
Municipalidad de Providencia,Intervención La Ruta del Circo y del Organillero,,2026-09-09,19:00:00,,Plaza Río de Janeiro Anfiteatro Parque Bustamante,,,,Providencia,,https://providencia.cl/provi/explora/actividades/familia/intervencion-la-ruta-del-circo-y-del-organillero-090926
Municipalidad de Providencia,Intervención La Ruta del Circo y del Organillero,,2026-09-11,19:00:00,,Plaza Patricio Aylwin Plaza Las Lilas,,,,Providencia,,https://providencia.cl/provi/explora/actividades/familia/intervencion-la-ruta-del-circo-y-del-organillero-110926
Municipalidad de Providencia,Concierto Horacio Hernández,musica,2026-09-22,19:00:00,,Teatro Oriente,Av. Pedro de Valdivia 099,,,Providencia,0,https://providencia.cl/provi/explora/actividades/familia/concierto-horacio-hernandez-220926
Municipalidad de Providencia,Exposición “Lenguajes del Cobre. Tres narrativas contemporáneas”,arte,2026-09-01,09:00:00,2026-09-30,Centro Cultural Montecarmelo,,,,Providencia,,https://providencia.cl/provi/explora/actividades/familia/exposicion-lenguajes-del-cobre-tres-narrativas-contemporaneas-010926
Municipalidad de Providencia,Exposición fotográfica “Bellavista: Raíces y Recuerdos”,arte,2026-09-01,09:00:00,2026-09-30,Centro Cultural Montecarmelo,,,,Providencia,,https://providencia.cl/provi/explora/actividades/familia/exposicion-fotografica-bellavista-raices-y-recuerdos-010926
Municipalidad de Providencia,Gimnasia activa a.m.,,2026-09-01,10:00:00,2026-09-30,Cides Los Misioneros,Los Misioneros 2166,,,Providencia,,https://providencia.cl/provi/explora/actividades/familia/gimnasia-activa-a-m-010926
Municipalidad de Providencia,Pilates,,2026-09-01,11:00:00,2026-09-30,Cides Los Misioneros,Los Misioneros 2166,,,Providencia,,https://providencia.cl/provi/explora/actividades/familia/pilates-010926
Municipalidad de Providencia,"""Tarde de Bordado""",,2026-09-02,15:30:00,,"Sala Capilla, Centro Cultural Montecarmelo",,,,Providencia,,https://providencia.cl/provi/explora/actividades/familia/tarde-de-bordado-020926
Municipalidad de Providencia,Macramé,,2026-09-01,16:30:00,2026-09-30,Cides Los Misioneros,Los Misioneros 2166,,,Providencia,,https://providencia.cl/provi/explora/actividades/familia/macrame-010926
Municipalidad de Providencia,Fantasía: La Pincoya,,2026-09-02,16:00:00,,Café Literario Parque Balmaceda,Av. Providencia 410,,,Providencia,,https://providencia.cl/provi/explora/actividades/familia/fantasia-la-pincoya-020926
Municipalidad de Providencia,Artesanía: Chanchitos de greda,,2026-09-03,16:00:00,,Café Literario Parque Balmaceda,Av. Providencia 410,,,Providencia,,https://providencia.cl/provi/explora/actividades/familia/artesania-chanchitos-de-greda-030926
Municipalidad de Providencia,Club de Manualidades: Papel maché,,2026-09-04,11:00:00,,Biblioteca Bellavista,Constitución 85,,,Providencia,,https://providencia.cl/provi/explora/actividades/familia/club-de-manualidades-papel-mache-040926
Municipalidad de Providencia,Viernes de cuentos y fantasías,,2026-09-11,16:00:00,,Café Literario Santa Isabel,Av. Santa Isabel 1240,,,Providencia,,https://providencia.cl/provi/explora/actividades/familia/viernes-de-cuentos-y-fantasias-110926
Municipalidad de Providencia,Viernes de cuentos en Balmaceda,,2026-09-04,16:30:00,,Café Literario Parque Balmaceda,Av. Providencia 410,,,Providencia,,https://providencia.cl/provi/explora/actividades/familia/viernes-de-cuentos-en-balmaceda-040926
Municipalidad de Providencia,Vientos de Septiembre: Taller de Volantines,,2026-09-05,11:00:00,,Café Literario Parque Balmaceda,Av. Providencia 410,,,Providencia,,https://providencia.cl/provi/explora/actividades/familia/vientos-de-septiembre-taller-de-volantines-050926
Municipalidad de Providencia,Taller de Ajedrez: aprendiendo y pensando con el ajedrez,taller,2026-09-05,16:00:00,,Biblioteca Municipal,Manuel Montt 101,,,Providencia,,https://providencia.cl/provi/explora/actividades/familia/taller-de-ajedrez-aprendiendo-y-pensando-con-el-ajedrez-050926
Municipalidad de Providencia,Bordar palabras: poesía chilena en tela,,2026-09-01,16:00:00,2026-09-30,Café Literario Parque Balmaceda,Av. Providencia 410,,,Providencia,,https://providencia.cl/provi/explora/actividades/familia/bordar-palabras-poesia-chilena-en-tela-010926
Municipalidad de Providencia,Manejo y uso del celular para adultos mayores,,2026-09-10,15:30:00,,Café Literario Santa Isabel,Av. Santa Isabel 1240,,,Providencia,,https://providencia.cl/provi/explora/actividades/familia/manejo-y-uso-del-celular-para-adultos-mayores-100926
Municipalidad de Providencia,Taller de lectura y escritura,taller,2026-09-10,16:00:00,,Café Literario Parque Bustamante,Av. General Bustamante altura 50,,,Providencia,,https://providencia.cl/provi/explora/actividades/familia/taller-de-lectura-y-escritura-100926
Municipalidad de Providencia,Sesiones de Ajedrez en Balmaceda,,2026-09-12,10:00:00,,Café Literario Parque Balmaceda,Av. Providencia 410,,,Providencia,,https://providencia.cl/provi/explora/actividades/familia/sesiones-de-ajedrez-en-balmaceda-120926
Municipalidad de Providencia,Telefonía avanzada,,2026-09-01,15:00:00,2026-09-30,Cides Los Misioneros,Los Misioneros 2166,,,Providencia,,https://providencia.cl/provi/explora/actividades/familia/telefonia-avanzada-010926
Municipalidad de Providencia,Inglés avanzado,,2026-09-01,11:00:00,2026-09-30,Cides Los Misioneros,Los Misioneros 2166,,,Providencia,,https://providencia.cl/provi/explora/actividades/familia/ingles-avanzado-010926
Municipalidad de Providencia,Folclor,,2026-09-01,11:30:00,2026-09-30,Cides Los Misioneros,Los Misioneros 2166,,,Providencia,,https://providencia.cl/provi/explora/actividades/familia/folclor-010926
Municipalidad de Providencia,Fiestas Patrias Cides Alicia Cañas,,2026-09-15,12:00:00,,,Av. Italia 1182,,,Providencia,,https://providencia.cl/provi/explora/actividades/familia/fiestas-patrias-cides-alicia-canas-150926
Municipalidad de Providencia,"Feria ""Mesa Alfarera""",feria,2026-09-04,12:00:00,,Centro Cultural Montecarmelo,,,,Providencia,,https://providencia.cl/provi/explora/actividades/familia/feria-mesa-alfarera-040926
Municipalidad de Providencia,"Feria ""Mesa Alfarera""",feria,2026-09-06,12:00:00,,Centro Cultural Montecarmelo,,,,Providencia,,https://providencia.cl/provi/explora/actividades/familia/feria-mesa-alfarera-060926
Municipalidad de Providencia,Milonga Callejera,musica,2026-09-12,15:30:00,,Café Literario Parque Bustamante,Av. General Bustamante altura 50,,,Providencia,,https://providencia.cl/provi/explora/actividades/familia/milonga-callejera-120926
Municipalidad de Providencia,Bellavista al Día: Conversaciones sobre la actualidad,,2026-09-16,11:00:00,,Biblioteca Bellavista,Constitución 85,,,Providencia,,https://providencia.cl/provi/explora/actividades/familia/bellavista-al-dia-conversaciones-sobre-la-actualidad-160926
Municipalidad de Providencia,Taller N°4 de la Modificación N°9 al Plan Regulador Comunal - Barrio Bellavista,taller,2026-09-26,11:00:00,,Centro Cultural Montecarmelo,,,,Providencia,,https://providencia.cl/provi/explora/actividades/familia/taller-n-4-de-la-modificacion-n-9-al-plan-regulador-comunal-barrio-260926
Municipalidad de Providencia,Letras de Chile: Club de lectura La séptima M,,2026-09-21,16:00:00,,Café Literario Parque Balmaceda,Av. Providencia 410,,,Providencia,,https://providencia.cl/provi/explora/actividades/familia/letras-de-chile-club-de-lectura-la-septima-m-210926
Municipalidad de Providencia,Club de lectura Este domingo: la casa de la abuela,,2026-09-24,16:00:00,,Café Literario Parque Balmaceda,Av. Providencia 410,,,Providencia,,https://providencia.cl/provi/explora/actividades/familia/club-de-lectura-este-domingo-la-casa-de-la-abuela-240926
Municipalidad de Providencia,"Los Reyes Malditos; hierro, corona y sangre",,2026-09-26,11:00:00,,Biblioteca Municipal,Manuel Montt 101,,,Providencia,,https://providencia.cl/provi/explora/actividades/familia/los-reyes-malditos-hierro-corona-y-sangre-260926
Municipalidad de Providencia,Deditos con témpera: flor nacional de Chile,,2026-09-26,11:00:00,,Café Literario Parque Bustamante,Av. General Bustamante altura 50,,,Providencia,,https://providencia.cl/provi/explora/actividades/familia/deditos-con-tempera-flor-nacional-de-chile-260926
Municipalidad de Providencia,"Operativo ""Activando Providencia"" - Plaza José Manuel Barros",,2026-09-02,16:00:00,,Plaza José Manuel Barros,,,,Providencia,,https://providencia.cl/provi/explora/actividades/familia/operativo-activando-providencia-plaza-jose-manuel-barros-020926
Municipalidad de Providencia,"Exposición ""Espera""",arte,2026-09-01,09:00:00,2026-09-30,Sala Capilla Centro Cultural Montecarmelo,,,,Providencia,,https://providencia.cl/provi/explora/actividades/familia/exposicion-espera-010926
Municipalidad de Providencia,¡Vuelta! Aprende a bailar cueca en el Parque Inés de Suárez,,2026-09-03,20:00:00,,Parque Inés de Suárez,,,,Providencia,0,https://providencia.cl/provi/explora/actividades/familia/vuelta-aprende-a-bailar-cueca-en-el-parque-ines-de-suarez-030926
Municipalidad de Providencia,¡Vuelta! Aprende a bailar cueca en el Parque Inés de Suárez,,2026-09-04,20:00:00,,Parque Inés de Suárez,,,,Providencia,0,https://providencia.cl/provi/explora/actividades/familia/vuelta-aprende-a-bailar-cueca-en-el-parque-ines-de-suarez-040926
Municipalidad de Providencia,¡Vuelta! Aprende a bailar cueca en el Parque Inés de Suárez,,2026-09-08,20:00:00,,Parque Inés de Suárez,,,,Providencia,0,https://providencia.cl/provi/explora/actividades/familia/vuelta-aprende-a-bailar-cueca-en-el-parque-ines-de-suarez-080926
Municipalidad de Providencia,"Taller ""Copihues en acuarela""",taller,2026-09-08,15:30:00,,Centro Cultural Montecarmelo,,,,Providencia,,https://providencia.cl/provi/explora/actividades/familia/taller-copihues-en-acuarela-080926
Municipalidad de Providencia,"Taller ""Cartografía Creativa: Crea tu propio Chile""",taller,2026-09-09,15:00:00,,Centro Cultural Montecarmelo,,,,Providencia,,https://providencia.cl/provi/explora/actividades/familia/taller-cartografia-creativa-crea-tu-propio-chile-090926
Municipalidad de Providencia,"Taller ""Cacho Chichero""",taller,2026-09-10,15:00:00,,Centro Cultural Montecarmelo,,,,Providencia,,https://providencia.cl/provi/explora/actividades/familia/taller-cacho-chichero-100926
Municipalidad de Providencia,"Taller ""Danza Creativa""",taller,2026-09-12,11:00:00,,Centro Cultural Montecarmelo,,,,Providencia,,https://providencia.cl/provi/explora/actividades/familia/taller-danza-creativa-120926
Municipalidad de Providencia,"Taller de Marioneta en cartón ""Crea tu animal""",taller,2026-09-22,15:30:00,,Centro Cultural Montecarmelo,,,,Providencia,,https://providencia.cl/provi/explora/actividades/familia/taller-de-marioneta-en-carton-crea-tu-animal-220926
Municipalidad de Providencia,"Taller Marioneta en cartón ""Acróbata en tus manos""",taller,2026-09-23,15:30:00,,Centro Cultural Montecarmelo,,,,Providencia,,https://providencia.cl/provi/explora/actividades/familia/taller-marioneta-en-carton-acrobata-en-tus-manos-230926
Municipalidad de Providencia,"Taller ""Dibujo Etnográfico""",taller,2026-09-25,16:00:00,,Centro Cultural Montecarmelo,,,,Providencia,,https://providencia.cl/provi/explora/actividades/familia/taller-dibujo-etnografico-250926
Municipalidad de Providencia,"Taller ""Telar para principiantes""",taller,2026-09-30,15:00:00,,Centro Cultural Montecarmelo,,,,Providencia,,https://providencia.cl/provi/explora/actividades/familia/taller-telar-para-principiantes-300926
Municipalidad de Providencia,Operativo TRM,,2026-09-03,10:00:00,,Plaza Río de Janeiro,,,,Providencia,,https://providencia.cl/provi/explora/actividades/familia/operativo-trm-030926
Municipalidad de Providencia,Operativo TRM,,2026-09-09,10:00:00,,CIDES Los Misioneros,,,,Providencia,,https://providencia.cl/provi/explora/actividades/familia/operativo-trm-090926
Municipalidad de Providencia,operativo TRM,,2026-09-29,10:00:00,,Parque Las Esculturas,,,,Providencia,,https://providencia.cl/provi/explora/actividades/familia/operativo-trm-290926
Municipalidad de Providencia,operativo TRM,,2026-09-26,10:00:00,,Plaza Uruguay,,,,Providencia,,https://providencia.cl/provi/explora/actividades/familia/operativo-trm-260926
Municipalidad de Providencia,Lanzamiento libro “La reencarnación. Historia del alma”,charla,2026-09-02,19:00:00,,Auditorio,Av. Nueva Providencia 1995,,,Providencia,0,https://providencia.cl/provi/explora/actividades/familia/lanzamiento-libro-la-reencarnacion-historia-del-alma-020926
Municipalidad de Providencia,Ciclo de Cine Chileno,cine,2026-09-03,19:00:00,,Teatro Oriente,Av. Pedro de Valdivia 099,,,Providencia,0,https://providencia.cl/provi/explora/actividades/familia/ciclo-de-cine-chileno-030926
Municipalidad de Providencia,Espectáculo La Ruta del Circo,,2026-09-05,12:00:00,,Centro Deportivo El Aguilucho Arzobispo Fuenzalida 2615,,,,Providencia,0,https://providencia.cl/provi/explora/actividades/familia/espectaculo-la-ruta-del-circo-050926
Municipalidad de Providencia,Espectáculo BAFOCHI “Desde el fin del mundo”,,2026-09-08,19:30:00,,Teatro Oriente,Av. Pedro de Valdivia 099,,,Providencia,0,https://providencia.cl/provi/explora/actividades/familia/espectaculo-bafochi-desde-el-fin-del-mundo-080926
Municipalidad de Providencia,Intervención La Ruta del Circo y del Organillero,,2026-09-10,19:00:00,,Plaza 18 de septiembre Parque Augusto Errázuriz,,,,Providencia,,https://providencia.cl/provi/explora/actividades/familia/intervencion-la-ruta-del-circo-y-del-organillero-100926
Municipalidad de Providencia,Concierto Aniversario Los Huasos de Algarrobal - 60 años,musica,2026-09-10,19:30:00,,Teatro Oriente,Av. Pedro de Valdivia 099,,,Providencia,,https://providencia.cl/provi/explora/actividades/familia/concierto-aniversario-los-huasos-de-algarrobal-60-anos-100926
Municipalidad de Providencia,Intervención La Ruta del Circo y del Organillero,,2026-09-15,19:00:00,,Plaza Ambrosio del Río Plaza Padre Letelier,,,,Providencia,,https://providencia.cl/provi/explora/actividades/familia/intervencion-la-ruta-del-circo-y-del-organillero-150926
Municipalidad de Providencia,Espectáculo La Ruta del Circo,,2026-09-12,12:00:00,,Gimnasio Santa Isabel,Los Jesuitas 827,,,Providencia,0,https://providencia.cl/provi/explora/actividades/familia/espectaculo-la-ruta-del-circo-120926
Municipalidad de Providencia,Esquinazo Musical,musica,2026-09-16,18:00:00,,Jardín de las Artes,Av. Nueva Providencia 1995,,,Providencia,0,https://providencia.cl/provi/explora/actividades/familia/esquinazo-musical-160926
Municipalidad de Providencia,Ciclo de Cine Chileno,cine,2026-09-23,19:00:00,,Teatro Oriente,Av. Pedro de Valdivia 099,,,Providencia,0,https://providencia.cl/provi/explora/actividades/familia/ciclo-de-cine-chileno-230926
Municipalidad de Providencia,Ciclo de Cine Chileno,cine,2026-09-30,19:00:00,,Teatro Oriente,Av. Pedro de Valdivia 099,,,Providencia,0,https://providencia.cl/provi/explora/actividades/familia/ciclo-de-cine-chileno-300926
Municipalidad de Providencia,“Tramares. Comunidades textiles para el futuro”,arte,2026-09-01,09:00:00,2026-09-30,Centro Cultural Montecarmelo,,,,Providencia,,https://providencia.cl/provi/explora/actividades/familia/tramares-comunidades-textiles-para-el-futuro-010926
Municipalidad de Providencia,Jazz y danzas urbanas,,2026-09-01,18:00:00,2026-09-30,Cides Los Misioneros,Los Misioneros 2166,,,Providencia,,https://providencia.cl/provi/explora/actividades/familia/jazz-y-danzas-urbanas-010926
Municipalidad de Providencia,Baile de salón,,2026-09-01,18:00:00,2026-09-30,Cides Los Misioneros,Los Misioneros 2166,,,Providencia,,https://providencia.cl/provi/explora/actividades/familia/baile-de-salon-010926
Municipalidad de Providencia,Entrenamiento funcional 2,,2026-09-01,16:00:00,2026-09-30,Cides Los Misioneros,Los Misioneros 2166,,,Providencia,,https://providencia.cl/provi/explora/actividades/familia/entrenamiento-funcional-2-010926
Municipalidad de Providencia,Gimnasia activa p.m.,,2026-09-01,17:00:00,2026-09-30,Cides Los Misioneros,Los Misioneros 2166,,,Providencia,,https://providencia.cl/provi/explora/actividades/familia/gimnasia-activa-p-m-010926
Municipalidad de Providencia,Crochet básico,,2026-09-01,18:00:00,2026-09-30,Cides Los Misioneros,Los Misioneros 2166,,,Providencia,,https://providencia.cl/provi/explora/actividades/familia/crochet-basico-010926
Municipalidad de Providencia,Yoga terapéutico 1,,2026-09-01,11:00:00,2026-09-30,Cides Los Misioneros,Los Misioneros 2166,,,Providencia,,https://providencia.cl/provi/explora/actividades/familia/yoga-terapeutico-1-010926
Municipalidad de Providencia,Presentación taller de cueca,,2026-09-01,,,,Miguel Claro 543,,,Providencia,,https://providencia.cl/provi/explora/actividades/familia/presentacion-taller-de-cueca-010926
Municipalidad de Providencia,Joyería textil y bisutería,,2026-09-01,14:30:00,2026-09-30,Cides Los Misioneros,Los Misioneros 2166,,,Providencia,,https://providencia.cl/provi/explora/actividades/familia/joyeria-textil-y-bisuteria-010926
Municipalidad de Providencia,Acuarela,,2026-09-01,15:30:00,2026-09-30,Cides Los Misioneros,Los Misioneros 2166,,,Providencia,,https://providencia.cl/provi/explora/actividades/familia/acuarela-010926
Municipalidad de Providencia,Manos que cuentan: creación de libros artesanales,,2026-09-01,11:00:00,,Café Literario Parque Bustamante,Av. General Bustamante altura 50,,,Providencia,,https://providencia.cl/provi/explora/actividades/familia/manos-que-cuentan-creacion-de-libros-artesanales-010926
Municipalidad de Providencia,Charla Imaginarios del miedo. El mito del vampiro entre el terror y la seducción,charla,2026-09-02,16:00:00,,Biblioteca Municipal,Manuel Montt 101,,,Providencia,,https://providencia.cl/provi/explora/actividades/familia/charla-imaginarios-del-miedo-el-mito-del-vampiro-entre-el-terror-y-020926
Municipalidad de Providencia,Ciclo de talleres Cultura del vino,taller,2026-09-02,17:00:00,,Café Literario Parque Balmaceda,Av. Providencia 410,,,Providencia,,https://providencia.cl/provi/explora/actividades/familia/ciclo-de-talleres-cultura-del-vino-020926
Municipalidad de Providencia,Artesanía: Chanchitos de greda,,2026-09-10,16:00:00,,Café Literario Parque Balmaceda,Av. Providencia 410,,,Providencia,,https://providencia.cl/provi/explora/actividades/familia/artesania-chanchitos-de-greda-100926
Municipalidad de Providencia,Presentación del libro Flora: diario de duelo,charla,2026-09-03,18:30:00,,Café Literario Parque Bustamante,Av. General Bustamante altura 50,,,Providencia,,https://providencia.cl/provi/explora/actividades/familia/presentacion-del-libro-flora-diario-de-duelo-030926
Municipalidad de Providencia,Viernes de cuentos y fantasías,,2026-09-04,16:00:00,,Café Literario Santa Isabel,Av. Santa Isabel 1240,,,Providencia,,https://providencia.cl/provi/explora/actividades/familia/viernes-de-cuentos-y-fantasias-040926
Municipalidad de Providencia,Club de dragones y mazmorras,,2026-09-04,16:00:00,,Café Literario Parque Balmaceda,Av. Providencia 410,,,Providencia,,https://providencia.cl/provi/explora/actividades/familia/club-de-dragones-y-mazmorras-040926
Municipalidad de Providencia,Descubriendo Chile a través de la lectura,,2026-09-04,16:00:00,,Café Literario Parque Bustamante,Av. General Bustamante altura 50,,,Providencia,,https://providencia.cl/provi/explora/actividades/familia/descubriendo-chile-a-traves-de-la-lectura-040926
Municipalidad de Providencia,Descubriendo Chile a través de la lectura,,2026-09-25,16:00:00,,Café Literario Parque Bustamante,Av. General Bustamante altura 50,,,Providencia,,https://providencia.cl/provi/explora/actividades/familia/descubriendo-chile-a-traves-de-la-lectura-250926
Municipalidad de Providencia,Viernes de cuentos en Balmaceda,,2026-09-25,16:30:00,,Café Literario Parque Balmaceda,Av. Providencia 410,,,Providencia,,https://providencia.cl/provi/explora/actividades/familia/viernes-de-cuentos-en-balmaceda-250926
Municipalidad de Providencia,Presentación del libro Voces de la oscuridad. Antología de cuentos,charla,2026-09-04,19:00:00,,Café Literario Santa Isabel,Av. Santa Isabel 1240,,,Providencia,,https://providencia.cl/provi/explora/actividades/familia/presentacion-del-libro-voces-de-la-oscuridad-antologia-de-cuentos-040926
Municipalidad de Providencia,Presentación del libro Volver del limbo: Autopsia de una vida que no murió,charla,2026-09-05,12:00:00,,Café Literario Santa Isabel,Av. Santa Isabel 1240,,,Providencia,,https://providencia.cl/provi/explora/actividades/familia/presentacion-del-libro-volver-del-limbo-autopsia-de-una-vida-que-no-050926
Municipalidad de Providencia,Lectura dramatizada de Juan Radrigán / herramientas y habilidades actorales,,2026-09-05,15:30:00,,Café Literario Parque Balmaceda,Av. Providencia 410,,,Providencia,,https://providencia.cl/provi/explora/actividades/familia/lectura-dramatizada-de-juan-radrigan-herramientas-y-habilidades-act-050926
Municipalidad de Providencia,Taller de Ajedrez: aprendiendo y pensando con el ajedrez,taller,2026-09-26,16:00:00,,Biblioteca Municipal,Manuel Montt 101,,,Providencia,,https://providencia.cl/provi/explora/actividades/familia/taller-de-ajedrez-aprendiendo-y-pensando-con-el-ajedrez-260926
Municipalidad de Providencia,Taller de Ajedrez: aprendiendo y pensando con el ajedrez,taller,2026-09-12,16:00:00,,Biblioteca Municipal,Manuel Montt 101,,,Providencia,,https://providencia.cl/provi/explora/actividades/familia/taller-de-ajedrez-aprendiendo-y-pensando-con-el-ajedrez-120926
Municipalidad de Providencia,Ciclo de charlas “Una mirada a la actualidad internacional”,charla,2026-09-08,18:00:00,,Café Literario Parque Bustamante,Av. General Bustamante altura 50,,,Providencia,,https://providencia.cl/provi/explora/actividades/familia/ciclo-de-charlas-una-mirada-a-la-actualidad-internacional-080926
Municipalidad de Providencia,Ciclo de cine Edad de oro de Hollywood,cine,2026-09-09,18:00:00,,Café Literario Parque Bustamante,Av. General Bustamante altura 50,,,Providencia,,https://providencia.cl/provi/explora/actividades/familia/ciclo-de-cine-edad-de-oro-de-hollywood-090926
Municipalidad de Providencia,Ciclo de cine Edad de oro de Hollywood,cine,2026-09-23,18:00:00,,Café Literario Parque Bustamante,Av. General Bustamante altura 50,,,Providencia,,https://providencia.cl/provi/explora/actividades/familia/ciclo-de-cine-edad-de-oro-de-hollywood-230926
Municipalidad de Providencia,"Charla ""Del libro al cine: Blade Runner y el universo de Philip K. Dick""",charla,2026-09-10,16:30:00,,Biblioteca Bellavista,Constitución 85,,,Providencia,,https://providencia.cl/provi/explora/actividades/familia/charla-del-libro-al-cine-blade-runner-y-el-universo-de-philip-k-dic-100926
Municipalidad de Providencia,Cine en Santa Isabel,cine,2026-09-10,18:30:00,,Café Literario Santa Isabel,Av. Santa Isabel 1240,,,Providencia,,https://providencia.cl/provi/explora/actividades/familia/cine-en-santa-isabel-100926
Municipalidad de Providencia,Yoga,,2026-09-01,10:00:00,2026-09-30,Cides Los Misioneros,Los Misioneros 2166,,,Providencia,,https://providencia.cl/provi/explora/actividades/familia/yoga-010926
Municipalidad de Providencia,Computación,,2026-09-01,11:30:00,2026-09-30,Cides Los Misioneros,Los Misioneros 2166,,,Providencia,,https://providencia.cl/provi/explora/actividades/familia/computacion-010926
Municipalidad de Providencia,Telefonía básica,,2026-09-01,15:00:00,2026-09-30,Cides Los Misioneros,Los Misioneros 2166,,,Providencia,,https://providencia.cl/provi/explora/actividades/familia/telefonia-basica-010926
Municipalidad de Providencia,Inglés básico-intermedio,,2026-09-01,11:00:00,2026-09-30,Cides Los Misioneros,Los Misioneros 2166,,,Providencia,,https://providencia.cl/provi/explora/actividades/familia/ingles-basico-intermedio-010926
Municipalidad de Providencia,Bordado,,2026-09-01,15:00:00,2026-09-30,Cides Los Misioneros,Los Misioneros 2166,,,Providencia,,https://providencia.cl/provi/explora/actividades/familia/bordado-010926
Municipalidad de Providencia,Inteligencia artificial,,2026-09-01,10:00:00,2026-09-30,Cides Los misioneros,Los Misioneros 2166,,,Providencia,,https://providencia.cl/provi/explora/actividades/familia/inteligencia-artificial-010926
Municipalidad de Providencia,Teatro,,2026-09-01,10:00:00,2026-09-30,Cides Los Misioneros,Los Misioneros 2166,,,Providencia,,https://providencia.cl/provi/explora/actividades/familia/teatro-010926
Municipalidad de Providencia,Crochet avanzado,,2026-09-01,18:00:00,2026-09-30,Cides Los Misioneros,Los Misioneros 2166,,,Providencia,,https://providencia.cl/provi/explora/actividades/familia/crochet-avanzado-010926
Municipalidad de Providencia,Cocina Gourmet I,,2026-09-01,11:00:00,2026-09-30,Cides Los Misioneros,Los Misioneros 2166,,,Providencia,,https://providencia.cl/provi/explora/actividades/familia/cocina-gourmet-i-010926
Municipalidad de Providencia,Cocina gourmet II,,2026-09-01,16:00:00,2026-09-30,Cides Los Misioneros,Los Misioneros 2166,,,Providencia,,https://providencia.cl/provi/explora/actividades/familia/cocina-gourmet-ii-010926
Municipalidad de Providencia,"Exposición ""Luz como materia""",arte,2026-09-12,09:00:00,2026-09-30,Centro Cultural Montecarmelo,,,,Providencia,,https://providencia.cl/provi/explora/actividades/familia/exposicion-luz-como-materia-010926
Municipalidad de Providencia,"Feria ""Mesa Alfarera""",feria,2026-09-05,12:00:00,,Centro Cultural Montecarmelo,,,,Providencia,,https://providencia.cl/provi/explora/actividades/familia/feria-mesa-alfarera-050926
Municipalidad de Providencia,Taller de escritura de cartas y sellado en cera,taller,2026-09-12,11:00:00,,Café Literario Santa Isabel,Av. Santa Isabel 1240,,,Providencia,,https://providencia.cl/provi/explora/actividades/familia/taller-de-escritura-de-cartas-y-sellado-en-cera-120926
Municipalidad de Providencia,De la estantería al cine: cine en Balmaceda,cine,2026-09-26,15:30:00,,Café Literario Parque Balmaceda,Av. Providencia 410,,,Providencia,,https://providencia.cl/provi/explora/actividades/familia/de-la-estanteria-al-cine-cine-en-balmaceda-260926
Municipalidad de Providencia,Inauguración Gimnasio Santa Isabel,,2026-09-26,18:00:00,,Gimnasio Santa Isabel,,,,Providencia,0,https://providencia.cl/provi/explora/actividades/familia/inauguracion-gimnasio-santa-isabel-260926
Municipalidad de Providencia,Voces del fin del mundo: Cultura y cosmovisión del pueblo Selk'nam,,2026-09-14,16:00:00,,Café Literario Parque Balmaceda,Av. Providencia 410,,,Providencia,,https://providencia.cl/provi/explora/actividades/familia/voces-del-fin-del-mundo-cultura-y-cosmovision-del-pueblo-selk-nam-140926
Municipalidad de Providencia,¡A poner la mesa! Entre naipes y marraquetas,,2026-09-14,17:00:00,,Biblioteca Municipal,Manuel Montt 101,,,Providencia,,https://providencia.cl/provi/explora/actividades/familia/a-poner-la-mesa-entre-naipes-y-marraquetas-140926
Municipalidad de Providencia,Tercera Instancia de Participación Ciudadana - Zona Típica Barrio Las Flores - UV10,,2026-09-03,18:30:00,,Club Providencia,,,,Providencia,,https://providencia.cl/provi/explora/actividades/familia/tercera-instancia-de-participacion-ciudadana-zona-tipica-barrio-las-030926
Municipalidad de Providencia,Hablemos de Montero: Club de Lectura,,2026-09-16,16:00:00,,Café Literario Parque Balmaceda,Av. Providencia 410,,,Providencia,,https://providencia.cl/provi/explora/actividades/familia/hablemos-de-montero-club-de-lectura-160926
Municipalidad de Providencia,Monstruos marinos: Lectura y conversación con el poeta Gastón Carrasco,,2026-09-22,18:30:00,,Café Literario Parque Bustamante,Av. General Bustamante altura 50,,,Providencia,,https://providencia.cl/provi/explora/actividades/familia/monstruos-marinos-lectura-y-conversacion-con-el-poeta-gaston-carras-220926
Municipalidad de Providencia,Tertulias en Bustamante: Miradas sobre la Actualidad,,2026-09-21,11:00:00,,Café Literario Parque Bustamante,Av. General Bustamante altura 50,,,Providencia,,https://providencia.cl/provi/explora/actividades/familia/tertulias-en-bustamante-miradas-sobre-la-actualidad-210926
Municipalidad de Providencia,Escribir como poeta: literatura de cordel y poesía popular,,2026-09-23,16:00:00,,Café Literario Parque Balmaceda,Av. Providencia 410,,,Providencia,,https://providencia.cl/provi/explora/actividades/familia/escribir-como-poeta-literatura-de-cordel-y-poesia-popular-230926
Municipalidad de Providencia,Manejo y uso del celular para adultos mayores,,2026-09-24,15:30:00,,Café Literario Santa Isabel,Av. Santa Isabel 1240,,,Providencia,,https://providencia.cl/provi/explora/actividades/familia/manejo-y-uso-del-celular-para-adultos-mayores-240926
Municipalidad de Providencia,"Cine kids: Wish, el poder de los deseos",cine,2026-09-26,11:00:00,,Café Literario Parque Balmaceda,Av. Providencia 410,,,Providencia,,https://providencia.cl/provi/explora/actividades/familia/cine-kids-wish-el-poder-de-los-deseos-260926
Municipalidad de Providencia,Trivia Literaria Bellavista: Letras de Chile,,2026-09-24,16:30:00,,Biblioteca Bellavista,Constitución 85,,,Providencia,,https://providencia.cl/provi/explora/actividades/familia/trivia-literaria-bellavista-letras-de-chile-240926
Municipalidad de Providencia,Meeting inclusivo: Construyendo equipos inclusivos con personas sordas,,2026-09-09,11:00:00,,Online,,,,,,https://providencia.cl/provi/explora/actividades/familia/meeting-inclusivo-construyendo-equipos-inclusivos-con-personas-sord-090926
Municipalidad de Providencia,Concierto Ensamble Arparaíz: folclore chileno,musica,2026-09-24,18:30:00,,Café Literario Parque Bustamante,Av. General Bustamante altura 50,,,Providencia,,https://providencia.cl/provi/explora/actividades/familia/concierto-ensamble-arparaiz-folclore-chileno-240926
Municipalidad de Providencia,Charla Potencia tu perfil laboral 60+,charla,2026-09-10,10:00:00,,Providencia,,,,Providencia,,https://providencia.cl/provi/explora/actividades/familia/charla-potencia-tu-perfil-laboral-60-100926
Municipalidad de Providencia,Peque cine en Santa Isabel,cine,2026-09-26,16:00:00,,Café Literario Santa Isabel,Av. Santa Isabel 1240,,,Providencia,,https://providencia.cl/provi/explora/actividades/familia/peque-cine-en-santa-isabel-260926
Municipalidad de Providencia,Ven a bailar Swing & Rock´n Roll,,2026-09-26,16:00:00,,Café Literario Parque Bustamante,Av. General Bustamante altura 50,,,Providencia,,https://providencia.cl/provi/explora/actividades/familia/ven-a-bailar-swing-rock-n-roll-260926
Municipalidad de Providencia,"Kamishibai: La ronda de la zanahoria, Crea una chinchilla",,2026-09-26,16:00:00,,Café Literario Parque Balmaceda,Av. Providencia 410,,,Providencia,,https://providencia.cl/provi/explora/actividades/familia/kamishibai-la-ronda-de-la-zanahoria-crea-una-chinchilla-260926
Municipalidad de Providencia,Taller de chigiri-e para adultos mayores,taller,2026-09-29,12:00:00,,Biblioteca Bellavista,Constitución 85,,,Providencia,,https://providencia.cl/provi/explora/actividades/familia/taller-de-chigiri-e-para-adultos-mayores-290926
Municipalidad de Providencia,Club de lectura Bellavista: Los 7 Pecados capitales,,2026-09-29,16:30:00,,Biblioteca Bellavista,Constitución 85,,,Providencia,,https://providencia.cl/provi/explora/actividades/familia/club-de-lectura-bellavista-los-7-pecados-capitales-290926
Municipalidad de Providencia,Filosofía de la imagen: imaginación técnica y visualidad contemporánea,,2026-09-29,16:30:00,,Biblioteca Municipal,Manuel Montt 101,,,Providencia,,https://providencia.cl/provi/explora/actividades/familia/filosofia-de-la-imagen-imaginacion-tecnica-y-visualidad-contemporan-290926
Municipalidad de Providencia,"Operativo ""Activando Providencia"" - Café Literario Parque Balmaceda",,2026-09-05,11:00:00,,Café Literario Parque Balmaceda,Avenida Providencia 410,,,Providencia,,https://providencia.cl/provi/explora/actividades/familia/operativo-activando-providencia-cafe-literario-parque-balmaceda-050926
Municipalidad de Providencia,"Isidora Goyenechea, la gran visionaria de Chile en el siglo XIX",,2026-09-30,16:00:00,,Café Literario Parque Balmaceda,Av. Providencia 410,,,Providencia,,https://providencia.cl/provi/explora/actividades/familia/isidora-goyenechea-la-gran-visionaria-de-chile-en-el-siglo-xix-300926
Municipalidad de Providencia,¿Cuánto sabes de Chile? Un entretenido desafío para descubrir cuánto conoces sobre la cultura y las tradiciones de Chile,,2026-09-29,18:00:00,,Café Literario Parque Bustamante,Av. General Bustamante altura 50,,,Providencia,,https://providencia.cl/provi/explora/actividades/familia/cuanto-sabes-de-chile-un-entretenido-desafio-para-descubrir-cuanto-290926
Municipalidad de Providencia,"Operativo ""Activando Providencia / Especial 18 en tu Barrio"" - Plaza Rio de Janeiro",,2026-09-10,16:00:00,,Plaza Rio de Janeiro,,,,Providencia,,https://providencia.cl/provi/explora/actividades/familia/operativo-activando-providencia-especial-18-en-tu-barrio-plaza-rio-100926
Municipalidad de Providencia,Conversatorio La otra escritura: arte y oficio de la traducción literaria,charla,2026-09-30,18:30:00,,Café Literario Parque Bustamante,Av. General Bustamante altura 50,,,Providencia,,https://providencia.cl/provi/explora/actividades/familia/conversatorio-la-otra-escritura-arte-y-oficio-de-la-traduccion-lite-300926
Municipalidad de Providencia,"Operativo ""Activando Providencia / Especial 18 en tu Barrio"" - Plaza de los Molinos",,2026-09-12,11:00:00,,Plaza de los Molinos,,,,Providencia,,https://providencia.cl/provi/explora/actividades/familia/operativo-activando-providencia-especial-18-en-tu-barrio-plaza-de-l-120926
Municipalidad de Providencia,"Operativo ""Activando Providencia / Especial 18 en tu Barrio"" - Plaza Dinamarca",,2026-09-11,16:00:00,,Plaza Dinamarca,,,,Providencia,,https://providencia.cl/provi/explora/actividades/familia/operativo-activando-providencia-especial-18-en-tu-barrio-plaza-dina-110926
Municipalidad de Providencia,Concurso Intecomunal de Cueca Para PCD,,2026-09-10,09:00:00,,Club providencia,,,,Providencia,,https://providencia.cl/provi/explora/actividades/familia/concurso-intecomunal-de-cueca-para-pcd-100926
Municipalidad de Providencia,Webinar “Talento Migrante: Guía práctica para empresas”,charla,2026-09-24,15:00:00,,Online,,,,,,https://providencia.cl/provi/explora/actividades/familia/webinar-talento-migrante-guia-practica-para-empresas-240926
Municipalidad de Providencia,Resolver Innovando Módulo 1,,2026-09-01,09:00:00,,Auditorio Hub Providencia,,,,Providencia,,https://providencia.cl/provi/explora/actividades/familia/resolver-innovando-modulo-1-010926
Municipalidad de Providencia,Feria Laboral Virtual IACC 2026,feria,2026-09-29,,,Online,,,,,,https://providencia.cl/provi/explora/actividades/familia/feria-laboral-virtual-iacc-2026-290926
Municipalidad de Providencia,Feria Laboral Virtual IACC 2026,feria,2026-09-28,,,Online,,,,,,https://providencia.cl/provi/explora/actividades/familia/feria-laboral-virtual-iacc-2026-280926
Municipalidad de Providencia,Feria Laboral Virtual IACC 2026,feria,2026-09-30,,,Online,,,,,,https://providencia.cl/provi/explora/actividades/familia/feria-laboral-virtual-iacc-2026-300926
Municipalidad de Providencia,Taller “Dominando las entrevista Psicolaborales: Claves para Destacar”,taller,2026-09-29,10:30:00,,Providencia,,,,Providencia,,https://providencia.cl/provi/explora/actividades/familia/taller-dominando-las-entrevista-psicolaborales-claves-para-destacar-290926
Municipalidad de Providencia,"Operativo ""Activando Providencia / Especial 18 en tu Barrio"" - Plaza La Alcaldesa",,2026-09-24,16:00:00,,Plaza La Alcaldesa,,,,Providencia,,https://providencia.cl/provi/explora/actividades/familia/operativo-activando-providencia-especial-18-en-tu-barrio-plaza-la-a-240926
Municipalidad de Providencia,Mercado Gata Feria,feria,2026-09-01,11:00:00,2026-09-30,Francisco Noguera entre Av. Providencia y Av. Andrés Bello,,,,Providencia,,https://providencia.cl/provi/explora/actividades/familia/mercado-gata-feria-010926
Municipalidad de Providencia,Mercado LTO,feria,2026-09-01,11:00:00,2026-09-30,Luis Thayer Ojeda entre Nueva Providencia y Av. Providencia,,,,Providencia,,https://providencia.cl/provi/explora/actividades/familia/mercado-lto-010926
Municipalidad de Providencia,"Operativo ""Activando Providencia / Especial 18 en tu Barrio"" - Plaza Julio Prado",,2026-09-25,16:00:00,,Plaza Julio Prado,,,,Providencia,,https://providencia.cl/provi/explora/actividades/familia/operativo-activando-providencia-especial-18-en-tu-barrio-plaza-juli-250926
Municipalidad de Providencia,Feria Mercado Drugstore,feria,2026-09-01,10:00:00,2026-09-30,Andrés Fuenzalida entre Av. Providencia y Av. Andrés Bello,,,,Providencia,,https://providencia.cl/provi/explora/actividades/familia/feria-mercado-drugstore-010926
Municipalidad de Providencia,Maria Mercado,feria,2026-09-11,11:00:00,,Plaza Las lilas.,,,,Providencia,,https://providencia.cl/provi/explora/actividades/familia/maria-mercado-110926
Municipalidad de Providencia,Maria Mercado,feria,2026-09-10,11:00:00,,Plaza Las lilas.,,,,Providencia,,https://providencia.cl/provi/explora/actividades/familia/maria-mercado-100926
Municipalidad de Providencia,Maria Mercado,feria,2026-09-12,11:00:00,,Plaza Las lilas.,,,,Providencia,,https://providencia.cl/provi/explora/actividades/familia/maria-mercado-120926
Municipalidad de Providencia,Maria Mercado,feria,2026-09-13,11:00:00,,Plaza Las lilas.,,,,Providencia,,https://providencia.cl/provi/explora/actividades/familia/maria-mercado-130926
Municipalidad de Providencia,Bazar Jacinta,feria,2026-09-03,11:00:00,,Plaza Pedro de Valdivia; Av. Suecia,,,,Providencia,,https://providencia.cl/provi/explora/actividades/familia/bazar-jacinta-030926
Municipalidad de Providencia,Bazar Jacinta,feria,2026-09-04,11:00:00,,Plaza Pedro de Valdivia; Av. Suecia,,,,Providencia,,https://providencia.cl/provi/explora/actividades/familia/bazar-jacinta-040926
Municipalidad de Providencia,Bazar Jacinta,feria,2026-09-05,11:00:00,,Plaza Pedro de Valdivia; Av. Suecia,,,,Providencia,,https://providencia.cl/provi/explora/actividades/familia/bazar-jacinta-050926
Municipalidad de Providencia,Bazar Jacinta,feria,2026-09-06,11:00:00,,Plaza Pedro de Valdivia; Av. Suecia,,,,Providencia,,https://providencia.cl/provi/explora/actividades/familia/bazar-jacinta-060926
Municipalidad de Providencia,Bazar Jacinta,feria,2026-09-09,11:00:00,,Plaza Pedro de Valdivia; Av. Suecia,,,,Providencia,,https://providencia.cl/provi/explora/actividades/familia/bazar-jacinta-090926
Municipalidad de Providencia,Bazar Jacinta,feria,2026-09-10,11:00:00,,Plaza Pedro de Valdivia; Av. Suecia,,,,Providencia,,https://providencia.cl/provi/explora/actividades/familia/bazar-jacinta-100926
Municipalidad de Providencia,Safari colectivo,feria,2026-09-05,11:00:00,,Parque Balmaceda,,,,Providencia,,https://providencia.cl/provi/explora/actividades/familia/safari-colectivo-050926
Municipalidad de Providencia,Bazar Jacinta,feria,2026-09-11,11:00:00,,Plaza Pedro de Valdivia; Av. Suecia,,,,Providencia,,https://providencia.cl/provi/explora/actividades/familia/bazar-jacinta-110926
Municipalidad de Providencia,Safari colectivo,feria,2026-09-06,11:00:00,,Parque Balmaceda,,,,Providencia,,https://providencia.cl/provi/explora/actividades/familia/safari-colectivo-060926
Municipalidad de Providencia,Creador Local,feria,2026-09-05,11:00:00,,Plaza Río de Janeiro,,,,Providencia,,https://providencia.cl/provi/explora/actividades/familia/creador-local-050926
Municipalidad de Providencia,Creador Local,feria,2026-09-06,11:00:00,,Plaza Río de Janeiro,,,,Providencia,,https://providencia.cl/provi/explora/actividades/familia/creador-local-060926
Municipalidad de Providencia,Mercado a un metro,feria,2026-09-02,11:00:00,,Estación de,,,,Providencia,,https://providencia.cl/provi/explora/actividades/familia/mercado-a-un-metro-020926
Municipalidad de Providencia,Mercado a un metro,feria,2026-09-01,11:00:00,,Estación de,,,,Providencia,,https://providencia.cl/provi/explora/actividades/familia/mercado-a-un-metro-010926
Municipalidad de Providencia,Mercado a un metro,feria,2026-09-04,11:00:00,,Estación de,,,,Providencia,,https://providencia.cl/provi/explora/actividades/familia/mercado-a-un-metro-040926
Municipalidad de Providencia,Mercado a un metro,feria,2026-09-03,11:00:00,,Estación de,,,,Providencia,,https://providencia.cl/provi/explora/actividades/familia/mercado-a-un-metro-030926
Municipalidad de Providencia,Previazo a la chilena,feria,2026-09-12,12:00:00,,"Av. Manuel Montt, entre Providencia y Eliodoro Yáñez.",,,,Providencia,,https://providencia.cl/provi/explora/actividades/familia/previazo-a-la-chilena-120926
Municipalidad de Providencia,Previazo a la chilena,feria,2026-09-13,12:00:00,,"Av. Manuel Montt, entre Providencia y Eliodoro Yáñez.",,,,Providencia,,https://providencia.cl/provi/explora/actividades/familia/previazo-a-la-chilena-130926
Municipalidad de Providencia,Mercado costanera,feria,2026-09-08,10:00:00,,Cenco Costanera,,,,Providencia,,https://providencia.cl/provi/explora/actividades/familia/mercado-costanera-080926
Municipalidad de Providencia,Mercado costanera,feria,2026-09-07,10:00:00,,Cenco Costanera,,,,Providencia,,https://providencia.cl/provi/explora/actividades/familia/mercado-costanera-070926
Municipalidad de Providencia,Mercado costanera,feria,2026-09-09,10:00:00,,Cenco Costanera,,,,Providencia,,https://providencia.cl/provi/explora/actividades/familia/mercado-costanera-090926
Municipalidad de Providencia,Mercado costanera,feria,2026-09-10,10:00:00,,Cenco Costanera,,,,Providencia,,https://providencia.cl/provi/explora/actividades/familia/mercado-costanera-100926
Municipalidad de Providencia,Mercado costanera,feria,2026-09-11,10:00:00,,Cenco Costanera,,,,Providencia,,https://providencia.cl/provi/explora/actividades/familia/mercado-costanera-110926
Municipalidad de Providencia,Mercado costanera,feria,2026-09-13,10:00:00,,Cenco Costanera,,,,Providencia,,https://providencia.cl/provi/explora/actividades/familia/mercado-costanera-130926
Municipalidad de Providencia,Mercado costanera,feria,2026-09-12,10:00:00,,Cenco Costanera,,,,Providencia,,https://providencia.cl/provi/explora/actividades/familia/mercado-costanera-120926
Municipalidad de Providencia,Mercado costanera,feria,2026-09-14,10:00:00,,Cenco Costanera,,,,Providencia,,https://providencia.cl/provi/explora/actividades/familia/mercado-costanera-140926
Municipalidad de Providencia,Mercado costanera,feria,2026-09-15,10:00:00,,Cenco Costanera,,,,Providencia,,https://providencia.cl/provi/explora/actividades/familia/mercado-costanera-150926
Municipalidad de Providencia,Mercado costanera,feria,2026-09-16,10:00:00,,Cenco Costanera,,,,Providencia,,https://providencia.cl/provi/explora/actividades/familia/mercado-costanera-160926
Municipalidad de Providencia,Feria Santa Isabel,feria,2026-09-01,08:00:00,2026-09-30,Av. Santa Isabel con Caupolicán,,,,Providencia,,https://providencia.cl/provi/explora/actividades/familia/feria-santa-isabel-010926
Municipalidad de Providencia,Feria Santa Maria,feria,2026-09-01,08:00:00,2026-09-30,Av Santa Maria,,,,Providencia,,https://providencia.cl/provi/explora/actividades/familia/feria-santa-maria-010926
Municipalidad de Providencia,Feria Los Concilios,feria,2026-09-01,08:00:00,2026-09-30,Los Concilios,,,,Providencia,,https://providencia.cl/provi/explora/actividades/familia/feria-los-concilios-010926
Municipalidad de Providencia,Red de Artesanos de Providencia,feria,2026-09-01,10:00:00,2026-09-30,Providencia esquina Salvador,,,,Providencia,,https://providencia.cl/provi/explora/actividades/familia/red-de-artesanos-de-providencia-010926
Municipalidad de Providencia,Feria Empart,feria,2026-09-26,10:00:00,,Empart Plaza Jacaranda,,,,Providencia,,https://providencia.cl/provi/explora/actividades/familia/feria-empart-260926
Municipalidad de Providencia,PYME Crece Empresas,,2026-09-15,,,,Los Jesuitas 881,,,Providencia,0,https://providencia.cl/provi/explora/actividades/familia/pyme-crece-empresas-150926
Municipalidad de Providencia,Micro Ferias libres (Mercadito en tu Barrio),feria,2026-09-01,10:00:00,2026-09-30,Montecarmelo,,,,Providencia,,https://providencia.cl/provi/explora/actividades/familia/micro-ferias-libres-mercadito-en-tu-barrio-010926
Municipalidad de Providencia,Feria Empart,feria,2026-09-12,10:00:00,,Empart Plaza Jacaranda,,,,Providencia,,https://providencia.cl/provi/explora/actividades/familia/feria-empart-120926
Municipalidad de Providencia,Banca de Minutos: Asesoría Tributaria para Emprendedores,,2026-09-23,10:00:00,,,Los Jesuitas 881,,,Providencia,0,https://providencia.cl/provi/explora/actividades/familia/banca-de-minutos-asesoria-tributaria-para-emprendedores-230926
Municipalidad de Providencia,Concurso “El mejor anticucho de providencia”,,2026-09-14,,,Restaurante El hoyo,condell 818,,,Providencia,,https://providencia.cl/provi/explora/actividades/familia/concurso-el-mejor-anticucho-de-providencia-140926
Municipalidad de Providencia,Jazz y swing al aire libre,musica,2026-09-12,15:00:00,,Barrio Huelen (Calle De la Ollería),,,,Providencia,,https://providencia.cl/provi/explora/actividades/familia/jazz-y-swing-al-aire-libre-120926
Municipalidad de Providencia,Actividades deportivas,,2026-09-01,,2026-09-30,Club Providencia,,,,Providencia,,https://providencia.cl/provi/explora/actividades/familia/actividades-deportivas-010926
Municipalidad de Providencia,Gimnasio Fitness Club,,2026-09-01,,2026-09-30,Club Providencia,,,,Providencia,,https://providencia.cl/provi/explora/actividades/familia/gimnasio-fitness-club-010926
Municipalidad de Providencia,Talle estimulación temprana,,2026-09-01,10:00:00,2026-09-30,Club Providencia,,,,Providencia,,https://providencia.cl/provi/explora/actividades/familia/talle-estimulacion-temprana-010926
Municipalidad de Providencia,Taller conecta y crece,taller,2026-09-01,12:00:00,2026-09-30,Club Providencia,,,,Providencia,,https://providencia.cl/provi/explora/actividades/familia/taller-conecta-y-crece-010926
Municipalidad de Providencia,Afterschool,,2026-09-01,12:30:00,2026-09-30,Club Providencia,,,,Providencia,,https://providencia.cl/provi/explora/actividades/familia/afterschool-010926
Municipalidad de Providencia,Actividades deportivas gratuitas,,2026-09-01,11:00:00,2026-09-30,Club Providencia,,,,Providencia,0,https://providencia.cl/provi/explora/actividades/familia/actividades-deportivas-gratuitas-010926
Municipalidad de Providencia,Sauna y jacuzzi,,2026-09-01,,2026-09-30,Spa Club Providencia,,,,Providencia,,https://providencia.cl/provi/explora/actividades/familia/sauna-y-jacuzzi-010926
Municipalidad de Providencia,Parque inflable,,2026-09-01,,2026-09-30,Club Providencia,,,,Providencia,,https://providencia.cl/provi/explora/actividades/familia/parque-inflable-010926
Municipalidad de Providencia,Piscina recreativa Spa,,2026-09-01,15:30:00,2026-09-30,Club Providencia,,,,Providencia,,https://providencia.cl/provi/explora/actividades/familia/piscina-recreativa-spa-010926
Municipalidad de Providencia,Fiestas patrias Club Providencia,,2026-09-13,11:00:00,,Club Providencia,,,,Providencia,,https://providencia.cl/provi/explora/actividades/familia/fiestas-patrias-club-providencia-130926
Municipalidad de Providencia,Fiestas patrias Club Providencia,,2026-09-12,11:00:00,,Club Providencia,,,,Providencia,,https://providencia.cl/provi/explora/actividades/familia/fiestas-patrias-club-providencia-120926
Municipalidad de Providencia,Pasamos Agosto,,2026-09-03,19:30:00,,Club Providencia,,,,Providencia,,https://providencia.cl/provi/explora/actividades/familia/pasamos-agosto-030926
Municipalidad de Providencia,Noche de bingo disco,,2026-09-04,19:30:00,,Club Providencia,,,,Providencia,,https://providencia.cl/provi/explora/actividades/familia/noche-de-bingo-disco-040926
Municipalidad de Providencia,Viva Chile,,2026-09-11,19:30:00,,Club Providencia,,,,Providencia,,https://providencia.cl/provi/explora/actividades/familia/viva-chile-110926
Municipalidad de Providencia,Salsa con coco,,2026-09-05,19:30:00,,Club Providencia,,,,Providencia,,https://providencia.cl/provi/explora/actividades/familia/salsa-con-coco-050926
Municipalidad de Providencia,Viva Chile,,2026-09-12,19:30:00,,Club Providencia,,,,Providencia,,https://providencia.cl/provi/explora/actividades/familia/viva-chile-120926
Municipalidad de Providencia,Bingo Disco,,2026-09-25,19:30:00,,Club Providencia,,,,Providencia,,https://providencia.cl/provi/explora/actividades/familia/bingo-disco-250926
Municipalidad de Providencia,"Viva los 70, 80 y 90's",,2026-09-26,19:30:00,,Club Providencia,,,,Providencia,,https://providencia.cl/provi/explora/actividades/familia/viva-los-70-80-y-90-s-260926
Municipalidad de Vitacura,Cuentacuentos en la Biblioteca,familia,2026-09-02,17:00:00,,Biblioteca,Av. San Josemaría Escrivá de Balaguer 6420,,,Vitacura,0,https://vitacura.cl/actividad/cuentacuentos-en-la-biblioteca-52/
Municipalidad de Vitacura,Taller: Prepárate para la entrevista laboral,taller,2026-09-02,10:00:00,,En línea,,,,,,https://vitacura.cl/actividad/taller-preparate-para-la-entrevista-laboral/
Municipalidad de Vitacura,"Ciclo de charlas, Momentos decisivos del siglo XIX en Chile",charla,2026-09-04,11:00:00,,Lo Matta Cultural,Av. Kennedy 9350,,,Vitacura,0,https://vitacura.cl/actividad/ciclo-de-charlas-momentos-decisivos-del-siglo-xix-en-chile/
Municipalidad de Vitacura,Entrevistas con autor: Ana Campos,charla,2026-09-04,11:00:00,,Biblioteca,Av. San Josemaría Escrivá de Balaguer 6420,,,Vitacura,0,https://vitacura.cl/actividad/entrevistas-con-autor-ana-campos/
Municipalidad de Vitacura,Mercado Sustentable,feria,2026-09-05,10:00:00,,Parque Cuauhtémoc,,,,Vitacura,0,https://vitacura.cl/actividad/mercado-sustentable-21/
Municipalidad de Vitacura,Chile Lindo 2026,,2026-09-05,11:00:00,2026-09-06,Parque Bicentenario de Vitacura,,,,Vitacura,,https://vitacura.cl/actividad/chile-lindo-2026/
Municipalidad de Vitacura,Escritura introspectiva,taller,2026-09-07,10:30:00,,Biblioteca,Av. San Josemaría Escrivá de Balaguer 6420,,,Vitacura,,https://vitacura.cl/actividad/escritura-introspectiva-4/
Municipalidad de Vitacura,Tardes de Ópera: Carmen,,2026-09-08,19:00:00,,Sala Vitacura,Av. Bicentenario 3800,,,Vitacura,0,https://vitacura.cl/actividad/tardes-de-opera-carmen/
Municipalidad de Vitacura,Cuentacuentos en la Biblioteca,familia,2026-09-09,17:00:00,,Biblioteca,Av. San Josemaría Escrivá de Balaguer 6420,,,Vitacura,0,https://vitacura.cl/actividad/cuentacuentos-en-la-biblioteca-53/
Municipalidad de Vitacura,Ciclo de charlas Filmoarte: Cine sobre grandes artistas plásticos,charla,2026-09-09,15:00:00,,Vitaclub,Cleveland 8038,,,Vitacura,0,https://vitacura.cl/actividad/ciclo-de-charlas-filmoarte-cine-sobre-grandes-artistas-plasticos-12/
Municipalidad de Vitacura,Cine en familia: El Zorro y el Sabueso,cine,2026-09-09,17:30:00,,Sala Vitacura,Av. Bicentenario 3800,,,Vitacura,0,https://vitacura.cl/actividad/cine-en-familia-el-zorro-y-el-sabueso-2/
Municipalidad de Vitacura,"Tertulias junto al río, con Cristián Warnken y Roberto Merino",charla,2026-09-09,19:00:00,,Biblioteca,Av. San Josemaría Escrivá de Balaguer 6420,,,Vitacura,0,https://vitacura.cl/actividad/tertulias-junto-al-rio-con-cristian-warnken-y-roberto-merino/
Municipalidad de Vitacura,"Conferencia: Raíces de Chile, tradición e identidad",charla,2026-09-10,18:00:00,,Vitamayor,Av. Bicentenario 4020,,,Vitacura,0,https://vitacura.cl/actividad/conferencia-raices-de-chile-tradicion-e-identidad/
Municipalidad de Vitacura,"Ciclo de charlas, Momentos decisivos del siglo XIX en Chile",charla,2026-09-11,11:00:00,,Lo Matta Cultural,Av. Kennedy 9350,,,Vitacura,0,https://vitacura.cl/actividad/ciclo-de-charlas-momentos-decisivos-del-siglo-xix-en-chile-2/
Municipalidad de Vitacura,Vitacura y el arte: “Palacio Cousiño”,arte,2026-09-15,10:00:00,,Palacio Cousiño,Dieciocho Nº 438,,,Santiago,,https://vitacura.cl/actividad/vitacura-y-el-arte-palacio-cousino/
Municipalidad de Vitacura,Cuentacuentos en la Biblioteca,familia,2026-09-16,17:00:00,,Biblioteca,Av. San Josemaría Escrivá de Balaguer 6420,,,Vitacura,0,https://vitacura.cl/actividad/cuentacuentos-en-la-biblioteca-54/
Municipalidad de Vitacura,Conferencia “Genios de la pintura: Claude Monet”,charla,2026-09-22,18:00:00,,Vitamayor,Av. Bicentenario 4020,,,Vitacura,0,https://vitacura.cl/actividad/conferencia-genios-de-la-pintura-claude-monet/
Municipalidad de Vitacura,Cuentacuentos en la Biblioteca,familia,2026-09-23,17:00:00,,Biblioteca,Av. San Josemaría Escrivá de Balaguer 6420,,,Vitacura,0,https://vitacura.cl/actividad/cuentacuentos-en-la-biblioteca-55/
Municipalidad de Vitacura,Ciclo de charlas Filmoarte: Cine sobre grandes artistas plásticos,charla,2026-09-23,15:00:00,,Vitaclub,Cleveland 8038,,,Vitacura,0,https://vitacura.cl/actividad/ciclo-de-charlas-filmoarte-cine-sobre-grandes-artistas-plasticos-13/
Municipalidad de Vitacura,Cine + Tertulia: Nunca es tarde para enamorarse,cine,2026-09-23,18:00:00,,Sala Vitacura,Av. Bicentenario 3800,,,Vitacura,0,https://vitacura.cl/actividad/cine-tertulia-nunca-es-tarde-para-enamorarse/
Municipalidad de Vitacura,Conversando con Elizabeth Subercaseaux,charla,2026-09-23,19:00:00,,Biblioteca,Av. San Josemaría Escrivá de Balaguer 6420,,,Vitacura,0,https://vitacura.cl/actividad/conversando-con-elizabeth-subercaseaux/
Municipalidad de Vitacura,Café con Autor: Paz López,charla,2026-09-25,11:00:00,,Biblioteca,Av. San Josemaría Escrivá de Balaguer 6420,,,Vitacura,0,https://vitacura.cl/actividad/cafe-con-autor-paz-lopez/
Municipalidad de Vitacura,"Ciclo de charlas, Momentos decisivos del siglo XIX en Chile",charla,2026-09-25,11:00:00,,Lo Matta Cultural,Av. Kennedy 9350,,,Vitacura,0,https://vitacura.cl/actividad/ciclo-de-charlas-momentos-decisivos-del-siglo-xix-en-chile-3/
Municipalidad de Vitacura,Exploro mi Parque “La historia del Parque”,,2026-09-25,10:00:00,,Sede Vitamayor Bicentenario,Bicentenario 4020,,,Vitacura,0,https://vitacura.cl/actividad/exploro-mi-parque-la-historia-del-parque/
Municipalidad de Vitacura,Ciclo Tributo a los Grandes: “Pink Floyd”,musica,2026-09-29,19:30:00,,Sala Vitacura,Av. Bicentenario 3800,,,Vitacura,0,https://vitacura.cl/actividad/ciclo-tributo-a-los-grandes-pink-floyd-2/
Municipalidad de Vitacura,"IX Festival Música de Cámara, Cuarteto de cuerdas Loewe",musica,2026-09-29,19:00:00,,Lo Matta Cultural,Av. Kennedy 9350,,,Vitacura,0,https://vitacura.cl/actividad/ix-festival-musica-de-camara-cuarteto-de-cuerdas-loewe/
Municipalidad de Vitacura,Cuentacuentos en la Biblioteca,familia,2026-09-30,17:00:00,,Biblioteca,Av. San Josemaría Escrivá de Balaguer 6420,,,Vitacura,0,https://vitacura.cl/actividad/cuentacuentos-en-la-biblioteca-56/
Universidad Adolfo Ibanez - Eventos,Cibernética regulatoria en el mercado energético chileno,charla,2026-09-01,08:30:00,,UAI Sede Presidente Errázuriz,Av. Presidente Errázuriz 3485,,,Las Condes,,https://www.uai.cl/eventos/ingenieria-y-ciencias/cibernetica-regulatoria-en-el-mercado-energetico-chileno
Universidad Adolfo Ibanez - Eventos,"Ciudad, gestión hídrica y territorio: desafíos regulatorios para el futuro de la Cuenca del Maipo",charla,2026-09-01,08:30:00,,UAI Sede Presidente Errázuriz,Av. Presidente Errázuriz 3485,,,Las Condes,,https://www.uai.cl/eventos/derecho/ciudad-gestion-hidrica-y-territorio-desafios-regulatorios-para-el-futuro-de-la-cuenca-del-maipo
Universidad Adolfo Ibanez - Eventos,Bienvenida Advanced MBA,,2026-09-01,09:00:00,,UAI Sede Vitacura,Av. Santa María 5870,,,Vitacura,,https://www.uai.cl/eventos/negocios/bienvenida-advanced-mba
Universidad Adolfo Ibanez - Eventos,Ciclo tributario de charlas: Proyecto de reconstrucción y desarrollo económico y social,charla,2026-09-01,18:00:00,,UAI Sede Presidente Errázuriz,Av. Presidente Errázuriz 3485,,,Las Condes,,https://www.uai.cl/eventos/derecho/ciclo-tributario-de-charlas-proyecto-de-reconstruccion-y-desarrollo-economico-y-social
Universidad Adolfo Ibanez - Eventos,Feria Laboral Derecho UAI 2026,feria,2026-09-02,09:00:00,,Hotel Radisson Blu Las Condes,Manquehue Norte 656,,,Las Condes,,https://www.uai.cl/eventos/derecho/feria-laboral-derecho-uai-2026
Universidad Adolfo Ibanez - Eventos,¿Cómo convertir tu presupuesto 2027 en una herramienta de sostenibilidad?,charla,2026-09-02,09:30:00,,Online,,,,,,https://www.uai.cl/eventos/gobierno/como-convertir-tu-presupuesto-2027-en-una-herramienta-de-sostenibilidad
Universidad Adolfo Ibanez - Eventos,Proyecto de Ley para la Reconstrucción Nacional: implicancias ambientales,charla,2026-09-02,18:00:00,,Online,,,,,,https://www.uai.cl/eventos/derecho/proyecto-de-ley-para-la-reconstruccion-nacional-implicancias-ambientales
Universidad Adolfo Ibanez - Eventos,Lanzamiento Board UAI,,2026-09-02,18:30:00,,UAI Sede Presidente Errázuriz,Av. Presidente Errázuriz 3485,,,Las Condes,,https://www.uai.cl/eventos/negocios/lanzamiento-board-uai
Universidad Adolfo Ibanez - Eventos,Cómo alinear procesos con la estrategia del negocio,charla,2026-09-02,19:00:00,,Online,,,,,,https://www.uai.cl/eventos/ingenieria-y-ciencias/como-alinear-procesos-con-la-estrategia-del-negocio
Universidad Adolfo Ibanez - Eventos,Permisos Sectoriales y Ley 21.770: nuevos desafíos para el quehacer municipal,charla,2026-09-03,10:00:00,,Online,,,,,,https://www.uai.cl/eventos/gobierno/permisos-sectoriales-y-ley-21770-nuevos-desafios-para-el-quehacer-municipal
Universidad Adolfo Ibanez - Eventos,Montañas en climas mediterráneos: mayor riesgo de lluvias extremas con el calentamiento,charla,2026-09-03,11:30:00,,Online,,,,,,https://www.uai.cl/eventos/ingenieria-y-ciencias/montanas-en-climas-mediterraneos-mayor-riesgo-de-lluvias-extremas-con-el-calentamiento
Universidad Adolfo Ibanez - Eventos,De datos a historias: cómo comunicar ciencia en tiempos de cambio,charla,2026-09-03,13:30:00,,UAI Campus Peñalolén,Diagonal Las Torres 2640,,,Peñalolén,,https://www.uai.cl/eventos/ingenieria-y-ciencias/de-datos-a-historias-como-comunicar-ciencia-en-tiempos-de-cambio
Universidad Adolfo Ibanez - Eventos,"Lanzamiento del libro ""Valparaíso, puerto de periódicos""",charla,2026-09-03,17:30:00,,UAI Sede Presidente Errázuriz,Av. Presidente Errázuriz 3485,,,Las Condes,,https://www.uai.cl/eventos/artesliberales/lanzamiento-del-libro-valparaiso-puerto-de-periodicos
Universidad Adolfo Ibanez - Eventos,Conferencia sobre justicia centrada en las personas y acceso a la justicia en América Latina 2026,charla,2026-09-04,09:00:00,,UAI Sede Presidente Errázuriz,Av. Presidente Errázuriz 3485,,,Las Condes,,https://www.uai.cl/eventos/derecho/conferencia-sobre-justicia-centrada-en-las-personas-y-acceso-a-la-justicia-en-america-latina-2026
Universidad Adolfo Ibanez - Eventos,Lanzamiento libro: El pacto perfecto,charla,2026-09-04,18:30:00,,UAI Sede Presidente Errázuriz,Av. Presidente Errázuriz 3485,,,Las Condes,,https://www.uai.cl/eventos/comunicaciones/lanzamiento-libro-el-pacto-perfecto
Universidad Adolfo Ibanez - Eventos,Next Gen Talent,,2026-09-08,,,UAI Sede Vitacura,Av. Santa María 5870,,,Vitacura,,https://www.uai.cl/eventos/comunicaciones/next-gen-talent
Universidad Adolfo Ibanez - Eventos,IA Generativa y Protección de Datos Personales,charla,2026-09-08,11:00:00,,Online,,,,,,https://www.uai.cl/eventos/goblab/charla-informativa-curso-ia-generativa-y-proteccion-de-datos-personales
Universidad Adolfo Ibanez - Eventos,International Management English Test - Online,,2026-09-08,17:30:00,,Online,,,,,,https://www.uai.cl/eventos/admision/international-management-english-test-online
Universidad Adolfo Ibanez - Eventos,"Workshop: Diseñar con IA, del boceto a la exploración visual con Vizcom",taller,2026-09-08,18:00:00,,Online,,,,,,https://www.uai.cl/eventos/designlab/workshop-disenar-con-ia-del-boceto-a-la-exploracion-visual-con-vizcom
Universidad Adolfo Ibanez - Eventos,Ciclo Tributario: Ley de Reconstrucción Nacional. La mirada de las empresas,charla,2026-09-08,18:00:00,,Online,,,,,,https://www.uai.cl/eventos/derecho/ciclo-tributario-ley-de-reconstruccion-nacional-la-mirada-de-las-empresas
Universidad Adolfo Ibanez - Eventos,Crecer con rentabilidad: desafíos y estrategias,,2026-09-08,18:30:00,,Online,,,,,,https://www.uai.cl/eventos/negocios/crecer-con-rentabilidad-desafios-y-estrategias
Universidad Adolfo Ibanez - Eventos,Comercio internacional seguro y derechos de los usuarios de aduanas,charla,2026-09-08,18:30:00,,Online,,,,,,https://www.uai.cl/eventos/derecho/comercio-internacional-seguro-y-derechos-de-los-usuarios-de-aduanas
Universidad Adolfo Ibanez - Eventos,"Charla informativa curso ""Liderazgo y posicionamiento en la industria legal""",charla,2026-09-09,18:00:00,,Online,,,,,,https://www.uai.cl/eventos/derecho/charla-informativa-curso-liderazgo-y-posicionamiento-en-la-industria-legal
Universidad Adolfo Ibanez - Eventos,Masterclass: De la figuración autoral a la performatividad de la presencia,charla,2026-09-09,18:00:00,,Online,,,,,,https://www.uai.cl/eventos/artesliberales/masterclass-de-la-figuracion-autoral-a-la-performatividad-de-la-presencia
Universidad Adolfo Ibanez - Eventos,Ética en las profesiones jurídicas,charla,2026-09-10,08:30:00,,UAI Sede Presidente Errázuriz,Av. Presidente Errázuriz 3485,,,Las Condes,,https://www.uai.cl/eventos/derecho/etica-en-las-profesiones-juridicas
Universidad Adolfo Ibanez - Eventos,La empresa y su entorno: Cómo ha cambiado el perfil del gerente de Asuntos Corporativos en Chile,charla,2026-09-10,08:45:00,,UAI Sede Vitacura,Av. Santa María 5870,,,Vitacura,,https://www.uai.cl/eventos/comunicaciones/la-empresa-y-su-entorno-como-ha-cambiado-el-perfil-del-gerente-de-asuntos-corporativos-en-chile
Universidad Adolfo Ibanez - Eventos,Minería 4.0: el futuro ya está en operación,charla,2026-09-10,18:00:00,,Entel,,,,,,https://www.uai.cl/eventos/negocios/mineria-40-el-futuro-ya-esta-en-operacion
Universidad Adolfo Ibanez - Eventos,El liderazgo que ejerces y el impacto que generas,charla,2026-09-10,18:30:00,,Online,,,,,,https://www.uai.cl/eventos/negocios/el-liderazgo-que-ejerces-y-el-impacto-que-generas
Universidad Adolfo Ibanez - Eventos,Negociar de manera efectiva en un mundo que ejerce poder,,2026-09-10,18:30:00,,Online,,,,,,https://www.uai.cl/eventos/negocios/negociar-de-manera-efectiva-en-un-mundo-que-ejerce-poder
Universidad Adolfo Ibanez - Eventos,Charla online Admisión Especial 1er. semestre 2027,charla,2026-09-10,18:30:00,,Online,,,,,,https://www.uai.cl/eventos/admision/charla-online-admision-especial-1er-semestre-2027
Universidad Adolfo Ibanez - Eventos,Semana Adam Smith,charla,2026-09-21,,,UAI Campus Peñalolén,Diagonal Las Torres 2640,,,Peñalolén,,https://www.uai.cl/eventos/artesliberales/semana-adam-smith
Universidad Adolfo Ibanez - Eventos,A 250 años de la riqueza de las naciones,charla,2026-09-22,11:30:00,,UAI Campus Peñalolén,Diagonal Las Torres 2640,,,Peñalolén,,https://www.uai.cl/eventos/catedras/a-250-anos-de-la-riqueza-de-las-naciones
Universidad Adolfo Ibanez - Eventos,"Bienestar que mueve resultados, la nueva ecuación de desempeño en las organizaciones",charla,2026-09-23,19:00:00,,Online,,,,,,https://www.uai.cl/eventos/psicologia/bienestar-que-mueve-resultados-la-nueva-ecuacion-de-desempeno-en-las-organizaciones
Universidad Adolfo Ibanez - Eventos,IX Simposio Anatomía del presente: tensiones sociales globales,charla,2026-09-24,09:00:00,,UAI Sede Presidente Errázuriz,Av. Presidente Errázuriz 3485,,,Las Condes,,https://www.uai.cl/eventos/gobierno/ix-simposio-anatomia-del-presente-tensiones-sociales-globales
Universidad Adolfo Ibanez - Eventos,Charla Informativa: Magíster en Inteligencia Artificial Online,charla,2026-09-24,09:00:00,,Online,,,,,,https://www.uai.cl/eventos/ingenieria-y-ciencias/charla-informativa-magister-en-inteligencia-artificial-online
Universidad Adolfo Ibanez - Eventos,"Chile–Perú: dos décadas de integración, una agenda de futuro",charla,2026-09-25,08:15:00,,UAI Sede Vitacura,Av. Santa María 5870,,,Vitacura,,https://www.uai.cl/eventos/universidad/chile-peru-dos-decadas-de-integracion-una-agenda-de-futuro
Universidad Adolfo Ibanez - Eventos,Democracia y libertad: una introducción al pensamiento de Alexis de Tocqueville,charla,2026-10-05,16:30:00,,UAI Campus Peñalolén,Diagonal Las Torres 2640,,,Peñalolén,,https://www.uai.cl/eventos/catedras/democracia-y-libertad-una-introduccion-al-pensamiento-de-alexis-de-tocqueville
Universidad Adolfo Ibanez - Eventos,"Jornadas de estudio de la guerra: perspectivas sobre estrategia, tragedia y pacifismo",charla,2026-10-14,,,UAI Sede Errázuriz y Sede Vitacura,,,,,,https://www.uai.cl/eventos/artesliberales/jornadas-de-estudio-de-la-guerra-perspectivas-sobre-estrategia-tragedia-y-pacifismo
Universidad Adolfo Ibanez - Eventos,Semana de la Investigación 2026,,2026-10-19,,,UAI Campus Peñalolén,Diagonal Las Torres 2640,,,Peñalolén,,https://www.uai.cl/eventos/universidad/semana-de-la-investigacion-2026
Universidad Adolfo Ibanez - Eventos,VI Congreso Internacional PRISMA: El español hoy,charla,2026-10-21,,,UAI Campus Peñalolén,Diagonal Las Torres 2640,,,Peñalolén,,https://www.uai.cl/eventos/artesliberales/vi-congreso-internacional-prisma-el-espanol-hoy
Universidad Adolfo Ibanez - Eventos,IV Congreso de Políticas Públicas Profamilia 2026,charla,2026-10-22,,,UAI Sede Presidente Errázuriz,Av. Presidente Errázuriz 3485,,,Las Condes,,https://www.uai.cl/eventos/gobierno/iv-congreso-de-politicas-publicas-profamilia-2026
Universidad Adolfo Ibanez - Eventos,XI jornada de capacitación y vinculación GobLab UAI,charla,2026-11-06,08:30:00,,UAI Campus Peñalolén,Diagonal Las Torres 2640,,,Peñalolén,,https://www.uai.cl/eventos/goblab/xi-jornada-de-capacitacion-y-vinculacion-goblab-uai
Universidad Adolfo Ibanez - Eventos,Alumni Day UAI 2026,,2026-11-19,18:30:00,,UAI Sede Vitacura,Av. Santa María 5870,,,Vitacura,,https://www.uai.cl/eventos/universidad/alumni-day-uai-2026
Museo Chileno de Arte Precolombino,Primer domingo del mes gratis para público nacional y residente,arte,2026-09-06,10:00:00,,Museo Chileno de Arte Precolombino,Bandera 361,,,Santiago,0,https://museo.precolombino.cl/evento/primer-domingo-del-mes-gratis-para-publico-nacional-y-residente/
Museo Chileno de Arte Precolombino,Proyección “He de morir cantando”: Cine y música en torno al Canto a lo Divino y lo Humano,cine,2026-09-03,18:30:00,,Museo Chileno de Arte Precolombino,Bandera 361,,,Santiago,,https://museo.precolombino.cl/evento/proyeccion-he-de-morir-cantando-cine-y-musica-en-torno-al-canto-a-lo-divino-y-lo-humano/
Museo Chileno de Arte Precolombino,Taller de Sonoridades Andinas: Descubriendo y creando instrumentos de viento,taller,2026-09-05,10:00:00,,Museo Chileno de Arte Precolombino,Bandera 361,,,Santiago,,https://museo.precolombino.cl/evento/taller-de-sonoridades-andinas-descubriendo-y-creando-instrumentos-de-viento/
Museo Chileno de Arte Precolombino,Presentación Uraqin Ajayupa / El alma de la tierra con Elvira Espejo,charla,2026-09-04,18:30:00,,Museo Chileno de Arte Precolombino,Bandera 361,,,Santiago,,https://museo.precolombino.cl/evento/presentacion-uraqin-ajayupa-el-alma-de-la-tierra-con-elvira-espejo/
Museo Chileno de Arte Precolombino,Estación Precolombino junto al Museo Escolar Laguna Tagua Tagua,,2026-09-09,16:00:00,,Museo Chileno de Arte Precolombino,Bandera 361,,,Santiago,,https://museo.precolombino.cl/evento/estacion-precolombino-junto-al-museo-escolar-laguna-tagua-tagua/
Museo Chileno de Arte Precolombino,Reflexiones sonoras desde el sur: Aerófonos cerámicos y nuevos lenguajes sonoros en Colombia,charla,2026-09-24,19:00:00,,Online,,,,,,https://museo.precolombino.cl/evento/reflexiones-sonoras-desde-el-sur-aerofonos-ceramicos-y-nuevos-lenguajes-sonoros-en-colombia/
Museo Chileno de Arte Precolombino,Exploraciones curatoriales: “Observaciones Americanas. Alberto Cruz visita el Museo Chileno de Arte Precolombino”,arte,2026-09-24,10:00:00,2026-11-22,Museo Chileno de Arte Precolombino,Bandera 361,,,Santiago,,https://museo.precolombino.cl/evento/exploraciones-curatoriales-observaciones-americanas-alberto-cruz-visita-el-museo-chileno-de-arte-precolombino/
Municipalidad de Las Condes (talleres),Gustavo Casenave en concierto,musica,2026-09-01,,,Teatro Municipal de Las Condes,,,,Las Condes,,https://tmlascondes.cl/gustavo-casenave/
Municipalidad de Las Condes (talleres),Músicos emergentes: Nicolás Chandía en concierto,musica,2026-09-04,,,Centro Artesanal Los Dominicos,,,,Las Condes,,https://www.culturallascondes.cl/2026/08/28/musicos-emergentes-2/
Municipalidad de Las Condes (talleres),Close to me,cine,,,2026-09-06,Teatro Municipal de Las Condes,,,,Las Condes,,https://www.tmlascondes.cl/close-to-me/
Municipalidad de Las Condes (talleres),Ceiba: el árbol que conecta los mundos,arte,,,,Museo Inmersivo Las Condes,,,,Las Condes,,https://www.culturallascondes.cl/2026/08/04/ceiba-el-arbol-que-conecta-los-mundos/
Municipalidad de Las Condes (talleres),Ciclo Internacional Fundación Beethoven,musica,2026-09-07,,,Teatro Municipal de Las Condes,,,,Las Condes,,https://tmlascondes.cl/ciclo-internacional-fundacion-beethoven/
Municipalidad de Las Condes (talleres),Cuerdas magistrales,musica,2026-09-08,,,Centro Cultural Las Condes,,,,Las Condes,,https://www.passline.com/eventos/cuerdas-magistrales-ciclo-de-musica-de-camara-flauta-y-guitarra
Municipalidad de Las Condes (talleres),Santaferia en concierto,musica,2026-09-10,,,Teatro Municipal de Las Condes,,,,Las Condes,,https://tmlascondes.cl/santaferia/
Municipalidad de Las Condes (talleres),Daniel Muñoz y Los Marujos – También es cueca,musica,2026-09-12,,,Teatro Municipal de Las Condes,,,,Las Condes,,https://tmlascondes.cl/daniel-munoz-y-los-marujos/
Municipalidad de Las Condes (talleres),Fiesta del folclore,fiesta,2026-09-12,,,Parque Santa Rosa de Apoquindo,,,,Las Condes,,https://agendacultural.culturallascondes.cl/
Municipalidad de Las Condes (talleres),Javiera Parra – Retrospectiva,musica,2026-09-13,,,Teatro Municipal de Las Condes,,,,Las Condes,,https://tmlascondes.cl/javiera-parra-retrospectiva/
Municipalidad de Las Condes (talleres),Voces de Oro de Chile,musica,2026-09-15,,,Teatro Municipal de Las Condes,,,,Las Condes,,https://tmlascondes.cl/voces-de-oro-de-chile/
Municipalidad de Las Condes (talleres),"125 años, Las Condes vuelve a ti",arte,,,2026-09-15,Centro Cívico,,,,Las Condes,0,https://www.culturallascondes.cl/2026/08/25/125-anos-las-condes-vuelve-a-ti/
Municipalidad de Las Condes (talleres),Los Huasos Quincheros – 90 años cantándole a Chile,musica,2026-09-16,,,Teatro Municipal de Las Condes,,,,Las Condes,,https://tmlascondes.cl/los-huasos-quincheros/
Municipalidad de Las Condes (talleres),El Prestamista,teatro,,,,Centro Cultural Las Condes,,,,Las Condes,,https://www.culturallascondes.cl/2026/08/11/el-prestamista/
Municipalidad de Las Condes (talleres),XXVII Festival Internacional de Guitarra Entrecuerdas,musica,2026-09-24,,2026-09-25,Teatro Centro Cultural Las Condes,,,,Las Condes,,https://agendacultural.culturallascondes.cl/
Municipalidad de Las Condes (talleres),"Músicos emergentes: Yeyo Gupa, inteligencia artesanal",musica,2026-09-25,,,Centro Artesanal Los Dominicos,,,,Las Condes,,https://www.culturallascondes.cl/2026/08/28/musicos-emergentes-2/
Municipalidad de Las Condes (talleres),"Chicago, el musical",teatro,2026-09-30,,2026-10-18,Teatro Municipal de Las Condes,,,,Las Condes,,https://tmlascondes.cl/chicago/
Municipalidad de Nunoa,Workshop de Cerámica: crea con tus propias manos,taller,2026-09-05,,,,Av. Irarrázaval 4280,,,Ñuñoa,25000,https://www.ccn.cl/actividades/workshop-de-ceramica-crea-con-tus-propias-manos-id-166134
Municipalidad de Nunoa,Workshop de Frivolité: crea encajes con historia,taller,2026-09-05,,,,Av. Irarrázaval 4280,,,Ñuñoa,25000,https://www.ccn.cl/actividades/workshop-de-frivolite-crea-encajes-con-historia-id-166132
Municipalidad de Nunoa,Workshop de Resina: crea piezas únicas con flores,taller,2026-09-05,,,,Av. Irarrázaval 4280,,,Ñuñoa,25000,https://www.ccn.cl/actividades/workshop-de-resina-crea-piezas-unicas-con-flores-i-166130
Municipalidad de Nunoa,Workshop de Tejido Miyuki: crea joyería con mostacillasl,taller,2026-09-05,,,,Av. Irarrázaval 4280,,,Ñuñoa,25000,https://www.ccn.cl/actividades/workshop-de-tejido-miyuki-crea-joyeria-con-mostaci-166131
Municipalidad de Nunoa,Workshop El Arte del Libro Plegado: transforma páginas en esculturas,taller,2026-09-05,,,,Av. Irarrázaval 4280,,,Ñuñoa,25000,https://www.ccn.cl/actividades/workshop-el-arte-del-libro-plegado-transforma-pagi-166136
Municipalidad de Nunoa,ILUSTRACIÓN,taller,2026-09-02,,,,Ortúzar 72,,,Ñuñoa,40000,https://www.ccn.cl/actividades/ilustracion-id-165945
Municipalidad de Nunoa,Taller de dibujo,taller,2026-09-02,,,,Ortúzar 72,,,Ñuñoa,25000,https://www.ccn.cl/actividades/taller-de-dibujo-id-166173
Municipalidad de Nunoa,BALLET INFANTIL I,clases,,17:00:00,,,Avenida Irarrázaval 4055,,,Ñuñoa,25000,https://www.ccn.cl/actividades/ballet-infantil-i-id-166073
Municipalidad de Nunoa,BALLET INFANTIL II,clases,,18:00:00,,,Avenida Irarrázaval 4055,,,Ñuñoa,25000,https://www.ccn.cl/actividades/ballet-infantil-ii-id-166077
Municipalidad de Nunoa,ESCRITURA CREATIVA - LITE26,taller,,18:30:00,,,Ortúzar 72,,,Ñuñoa,21000,https://www.ccn.cl/actividades/escritura-creativa-lite26-164497
Municipalidad de Nunoa,Taller K-pop Juvenil - EXAR26,taller,,11:30:00,,,Avenida Irarrázaval 4055,,,Ñuñoa,25000,https://www.ccn.cl/actividades/taller-k-pop-juvenil-exar26-165062
Municipalidad de Nunoa,ARTE NIÑOS - EXAR26,taller,,16:30:00,,,Ortúzar 72,,,Ñuñoa,50000,https://www.ccn.cl/actividades/arte-ninos-exar26-164516
Corp. Municipal de Deportes y Recreacion de Penalolen,Clases de Baile Entretenido,clases,,08:00:00,,Chimkowe,Av. Grecia 8787,,,Peñalolén,0,https://deportespenalolen.cl/talleres-ligup/clases-de-baile-entretenido/
Corp. Municipal de Deportes y Recreacion de Penalolen,Clases de Baile Entretenido,clases,,09:30:00,,Polideportivo Sergio Livingstone,Altiplano 1830,,,Peñalolén,0,https://deportespenalolen.cl/talleres-ligup/clases-de-baile-entretenido/
Corp. Municipal de Deportes y Recreacion de Penalolen,Clases de Baile Entretenido,clases,,20:30:00,,Multicancha Cinco Estrellas,Av. El Valle 6531,,,Peñalolén,0,https://deportespenalolen.cl/talleres-ligup/clases-de-baile-entretenido/
Corp. Municipal de Deportes y Recreacion de Penalolen,Clases de Baile Entretenido,clases,,19:00:00,,Multicancha Real Audiencia,,,,Peñalolén,0,https://deportespenalolen.cl/talleres-ligup/clases-de-baile-entretenido/
Corp. Municipal de Deportes y Recreacion de Penalolen,Clases de Baile Entretenido,clases,,09:00:00,,Multicancha Lautaro,,,,Peñalolén,0,https://deportespenalolen.cl/talleres-ligup/clases-de-baile-entretenido/
Corp. Municipal de Deportes y Recreacion de Penalolen,Clases de Básquetbol,clases,,17:00:00,,Polideportivo Sergio Livingstone,Altiplano 1830,,,Peñalolén,0,https://deportespenalolen.cl/talleres-ligup/clases-de-basquetbol/
Corp. Municipal de Deportes y Recreacion de Penalolen,Clases de Entrenamiento Funcional,clases,,10:00:00,,Box Peñalolén,Ricardo Grellet 2149,,,Peñalolén,24500,https://deportespenalolen.cl/talleres-ligup/clases-de-entrenamiento-funcional/
Corp. Municipal de Deportes y Recreacion de Penalolen,Clases de Entrenamiento Funcional,clases,,08:00:00,,Complejo La Foresta,Sánchez Fontecilla 13770,,,Peñalolén,24000,https://deportespenalolen.cl/talleres-ligup/clases-de-entrenamiento-funcional/
Corp. Municipal de Deportes y Recreacion de Penalolen,Escuela de Fútbol Municipal de Peñalolén,clases,,18:00:00,,Estadio Municipal de Peñalolén,Ricardo Grellet de los Reyes 2141,,,Peñalolén,10000,https://deportespenalolen.cl/talleres-ligup/escuela-de-futbol-municipal-de-penalolen/
Corp. Municipal de Deportes y Recreacion de Penalolen,Escuela de Fútbol Municipal de Peñalolén,clases,,18:30:00,,Estadio Cordillera,Los Talladores 5724,,,Peñalolén,,https://deportespenalolen.cl/talleres-ligup/escuela-de-futbol-municipal-de-penalolen/
Corp. Municipal de Deportes y Recreacion de Penalolen,Escuela de Fútbol Municipal de Peñalolén,clases,,17:00:00,,Estadio Lo Hermida,Av. El Valle 6066,,,Peñalolén,,https://deportespenalolen.cl/talleres-ligup/escuela-de-futbol-municipal-de-penalolen/
Corp. Municipal de Deportes y Recreacion de Penalolen,"Clases de GAP (glúteos, abdomen y piernas)",clases,,10:00:00,,Complejo La Foresta,Sánchez Fontecilla 13770,,,Peñalolén,21000,https://deportespenalolen.cl/talleres-ligup/gluteos-abdomen-piernas/
Corp. Municipal de Deportes y Recreacion de Penalolen,"Clases de GAP (glúteos, abdomen y piernas)",clases,,08:00:00,,Box Peñalolén,Ricardo Grellet 2149,,,Peñalolén,21000,https://deportespenalolen.cl/talleres-ligup/gluteos-abdomen-piernas/
Corp. Municipal de Deportes y Recreacion de Penalolen,Clases de gimnasia para Adultos Mayores,clases,,08:30:00,,Centro Cívico San Luis,Av. Las Torres 5555,,,Peñalolén,0,https://deportespenalolen.cl/talleres-ligup/clases-de-gimnasia-para-adultos-mayores/
Corp. Municipal de Deportes y Recreacion de Penalolen,Clases de gimnasia para Adultos Mayores,clases,,08:30:00,,Polideportivo Sergio Livingstone,Altiplano 1830,,,Peñalolén,0,https://deportespenalolen.cl/talleres-ligup/clases-de-gimnasia-para-adultos-mayores/
Corp. Municipal de Deportes y Recreacion de Penalolen,Clases de Kárate,clases,,17:00:00,,,,,,Peñalolén,16000,https://deportespenalolen.cl/talleres-ligup/clases-de-karate/
Corp. Municipal de Deportes y Recreacion de Penalolen,Clases de Patinaje Artístico,clases,,18:00:00,,Polideportivo Sergio Livingstone,Altiplano 1830,,,Peñalolén,30500,https://deportespenalolen.cl/talleres-ligup/clases-de-patinaje-artistico/
Corp. Municipal de Deportes y Recreacion de Penalolen,Clases de Pilates,clases,,09:00:00,,Chimkowe,,,,Peñalolén,21000,https://deportespenalolen.cl/talleres-ligup/clases-de-pilates/
Corp. Municipal de Deportes y Recreacion de Penalolen,Clases de Pilates,clases,,09:00:00,,Complejo La Foresta,,,,Peñalolén,21000,https://deportespenalolen.cl/talleres-ligup/clases-de-pilates/
Corp. Municipal de Deportes y Recreacion de Penalolen,Clases de Spinning,clases,,09:00:00,,Piscina Temperada Municipal,Ricardo Grellet de los Reyes 2101,,,Peñalolén,16000,https://deportespenalolen.cl/talleres-ligup/clases-de-spinning/
Corp. Municipal de Deportes y Recreacion de Penalolen,Clases de Taekwondo,clases,,16:00:00,,,,,,Peñalolén,16000,https://deportespenalolen.cl/talleres-ligup/clases-de-taekwondo/
Corp. Municipal de Deportes y Recreacion de Penalolen,Clases de Vóleibol,clases,,17:00:00,,Polideportivo Sergio Livingstone,Altiplano 1830,,,Peñalolén,12500,https://deportespenalolen.cl/talleres-ligup/clases-de-voleibol/
Corp. Municipal de Deportes y Recreacion de Penalolen,Clases de Vóleibol,clases,,17:30:00,,Complejo La Foresta,Sánchez Fontecilla 13760,,,Peñalolén,22500,https://deportespenalolen.cl/talleres-ligup/clases-de-voleibol/
Corp. Municipal de Deportes y Recreacion de Penalolen,Clases de Hatha Yoga,clases,,09:00:00,,Chimkowe,Av. Grecia 8787,,,Peñalolén,21000,https://deportespenalolen.cl/talleres-ligup/clases-de-hatha-yoga/
Corp. Municipal de Deportes y Recreacion de Penalolen,Clases de Hatha Yoga,clases,,19:00:00,,Centro Atención al Vecino (CAV),Av. Grecia 8735,,,Peñalolén,21000,https://deportespenalolen.cl/talleres-ligup/clases-de-hatha-yoga/
Corp. Municipal de Deportes y Recreacion de Penalolen,Clases de Hatha Yoga,clases,,09:00:00,,Polideportivo Sergio Livingstone,Altiplano 1830,,,Peñalolén,8000,https://deportespenalolen.cl/talleres-ligup/clases-de-hatha-yoga/
Corp. Municipal de Deportes y Recreacion de Penalolen,Clases de Hatha Yoga,clases,,20:00:00,,Capilla Cristo el Emanuel,Pasaje Antívero 5530,,,Peñalolén,0,https://deportespenalolen.cl/talleres-ligup/clases-de-hatha-yoga/
Corp. Municipal de Deportes y Recreacion de Penalolen,Clases de Zumba,clases,,20:00:00,,Polideportivo Sergio Livingstone,Altiplano 1830,,,Peñalolén,8000,https://deportespenalolen.cl/talleres-ligup/clases_de_zumba/
Corp. Municipal de Deportes y Recreacion de Penalolen,Clases de Zumba,clases,,19:30:00,,Complejo Orientales,Av. Oriental 6722,,,Peñalolén,0,https://deportespenalolen.cl/talleres-ligup/clases_de_zumba/
Corp. Municipal de Deportes y Recreacion de Penalolen,Clases de Zumba,clases,,20:00:00,,Multicancha Lautaro,,,,Peñalolén,0,https://deportespenalolen.cl/talleres-ligup/clases_de_zumba/
Corp. Municipal de Deportes y Recreacion de Penalolen,Clases de Zumba,clases,,20:00:00,,Chimkowe,Av. Grecia 8787,,,Peñalolén,0,https://deportespenalolen.cl/talleres-ligup/clases_de_zumba/
Corp. Municipal de Deportes y Recreacion de Penalolen,Clases de Zumba,clases,,09:00:00,,Complejo La Foresta,Sánchez Fontecilla 13770,,,Peñalolén,19500,https://deportespenalolen.cl/talleres-ligup/clases_de_zumba/
Museo de la Memoria y los Derechos Humanos,"Inauguración ""MONTEALEGRE Resistencia en Nueva York""",arte,2026-09-08,12:00:00,,"Museo de la Memoria y los Derechos Humanos - Hall CEDOC, piso -1",Matucana 501,-33.4395579,-70.6798395,Santiago,0,https://mmdh.cl/cartelera/inauguracion-montealegre-resistencia-en-nueva-york
Museo de la Memoria y los Derechos Humanos,Ruta de Memoria Barrio Yungay,taller,2026-09-05,10:00:00,,Punto de encuentro: Metro Cumming,,,,Santiago,,https://mmdh.cl/cartelera/ruta-de-memoria-barrio-yungay
Museo de la Memoria y los Derechos Humanos,El niño de arena - Ciclo de Teatro,teatro,2026-09-03,19:00:00,2026-09-04,Auditorio Museo de la Memoria y los Derechos Humanos,Matucana 501,-33.4395579,-70.6798395,Santiago,0,https://mmdh.cl/cartelera/el-nino-de-arena-c-iclo-de-teatro
Museo de la Memoria y los Derechos Humanos,Un sueño y un viaje con retorno,charla,2026-09-01,18:00:00,,Auditorio Museo de la Memoria y los Derechos Humanos,Matucana 501,-33.4395579,-70.6798395,Santiago,0,https://mmdh.cl/cartelera/un-sueno-y-un-viaje-con-retorno
Museo de la Memoria y los Derechos Humanos,Lanzamiento Podcast Sombras de Lonquén,charla,2026-09-02,12:00:00,,Auditorio Museo de la Memoria y los Derechos Humanos,Matucana 501,-33.4395579,-70.6798395,Santiago,0,https://mmdh.cl/cartelera/lanzamiento-podcast-sombras-de-lonquen
Museo de la Memoria y los Derechos Humanos,"Un siglo de voces juveniles. De scouts, cristaleros y pingüinos",arte,2026-07-10,,2026-09-13,"Galería de la Memoria, piso -1, Museo de la Memoria y los Derechos Humanos",Matucana 501,-33.4395579,-70.6798395,Santiago,,https://mmdh.cl/exposiciones/temporales/un-siglo-de-voces-juveniles-de-scouts-cristaleros-y-pingueinos
Museo de la Memoria y los Derechos Humanos,Para algunas caídas no existe la gravedad,arte,2026-06-25,,2026-09-27,"Salón de exposiciones, 3er piso, Museo de la Memoria y los Derechos Humanos",Matucana 501,-33.4395579,-70.6798395,Santiago,,https://mmdh.cl/exposiciones/temporales/para-algunas-caidas-no-existe-la-gravedad
Museo de la Memoria y los Derechos Humanos,Refugiados,arte,2026-05-07,,2026-10-04,Explanada Museo de la Memoria y los Derechos Humanos,Matucana 501,-33.4395579,-70.6798395,Santiago,,https://mmdh.cl/exposiciones/temporales/refugiados
