cine,pelicula,fecha,hora,formato,idioma,duracion_min,clasificacion,poster,link_compra,sinopsis,trailer,generos,credito
Cineplanet Alameda,JUAN GABRIEL: MI PRIMER BELLAS ARTES,2026-09-01,18:00,2D,doblada,110,TE +7,https://cdn.apis.cineplanet.cl/CDN/media/entity/get/FilmPosterGraphic/HO00001883?referenceScheme=HeadOffice&allowPlaceHolder=true,https://www.cineplanet.cl/peliculas/juan-gabriel-mi-primer-bellas-artes,"*Versión Sing Along* El concierto más icónico de México llega a la pantalla grande. A partir del 28 de agosto, con motivo del 10.º aniversario luctuoso de Juan Gabriel, disfruta del histórico primer concierto de Juan Gabriel en el Palacio de Bellas Artes en 1990, una noche que transformó para siempre la música en México. Más de tres décadas después, esta presentación legendaria revive en una nueva reedición especial para cines con imagen y audio restaurados, donde cada interpretación, cada aplauso y cada instante recuperan su esplendor para que nuevas generaciones y admiradores de siempre puedan disfrutar de este acontecimiento con una calidad nunca antes vista. Celebra el legado de Juan Gabriel y revive el espectáculo que marcó un antes y un después en la historia de la música mexicana, ahora como una experiencia cinematográfica única e inolvidable.",https://www.youtube.com/watch?v=zq9V3eaio2Y,CONCIERTO,
Cineplanet Alameda,SPIDER-MAN: UN NUEVO DIA,2026-09-01,18:20,2D,doblada,145,TE +7,https://cdn.apis.cineplanet.cl/CDN/media/entity/get/FilmPosterGraphic/HO00001843?referenceScheme=HeadOffice&allowPlaceHolder=true,https://www.cineplanet.cl/peliculas/spider-man-un-nuevo-dia,"Han pasado cuatro años desde los acontecimientos de No Way Home, y Peter es ahora un adulto que vive completamente solo, habiéndose borrado voluntariamente de las vidas y recuerdos de aquellos a quienes ama. Lucha contra el crimen en un Nueva York que ya no conoce su nombre, se ha dedicado por completo a proteger su ciudad -un Spider-Man de tiempo completo- pero a medida que las exigencias sobre él se intensifican, la presión desata una sorprendente evolución física que amenaza su existencia, aun cuando un nuevo y extraño patrón de crímenes da lugar a una de las amenazas más poderosas que jamás haya enfrentado.",https://www.youtube.com/watch?v=3B1_P2h7v2k,ACCION,
Cineplanet Alameda,COYOTE VS ACME,2026-09-01,18:40,2D,doblada,103,TE,https://cdn.apis.cineplanet.cl/CDN/media/entity/get/FilmPosterGraphic/HO00001852?referenceScheme=HeadOffice&allowPlaceHolder=true,https://www.cineplanet.cl/peliculas/coyote-vs-acme,"Después de que todos los productos fabricados por ACME Corporation le salgan mal a Wile E. Coyote, en su persecución del Correcaminos, contrata a un abogado humano igualmente desafortunado para demandar a la empresa. Cuando el abogado de Wile E. descubre que el intimidante jefe de su antiguo bufete es el director general de ACME, se une a Wile E. para ganar el juicio contra él.",https://www.youtube.com/watch?v=V_ueAlyvn6A,FAMILIAR,
Cineplanet Alameda,LA GUERRA DE LOS ÚLTIMOS,2026-09-01,19:00,2D,doblada,118,,https://cdn.apis.cineplanet.cl/CDN/media/entity/get/FilmPosterGraphic/HO00001869?referenceScheme=HeadOffice&allowPlaceHolder=true,https://www.cineplanet.cl/peliculas/la-guerra-de-los-ltimos,"En un mundo postapocalíptico, un virus aniquila a prácticamente toda la humanidad. Los supervivientes se enfrentan a unos carroñeros errantes llamados ""Segadores"". El protagonista, Hig, un piloto, sobrevivió a la gripe pero perdió a su mujer. Adaptación de la aclamada novela ""La constelación del perro"", de Peter Heller.",https://www.youtube.com/watch?v=JZHY6oGCO58,CIENCIA FICCION,
Cineplanet Alameda,LA NOCHE DEL DEMONIO: ESTÁN ENTRE NOSOTROS,2026-09-01,19:20,2D,doblada,106,+14,https://cdn.apis.cineplanet.cl/CDN/media/entity/get/FilmPosterGraphic/HO00001857?referenceScheme=HeadOffice&allowPlaceHolder=true,https://www.cineplanet.cl/peliculas/la-noche-del-demonio-estn-entre-nosotros,"Gemma, una joven madre que cría a su hija en la casa en la que creció, descubre que puede viajar a The Further, donde posee la capacidad de traer lo que allí vive de vuelta al mundo real.",https://www.youtube.com/watch?v=fuxeEUqCNac,TERROR,
Cineplanet Alameda,PAPI RICKY: LA PELÍCULA,2026-09-01,19:40,2D,doblada,104,TE +7,https://cdn.apis.cineplanet.cl/CDN/media/entity/get/FilmPosterGraphic/HO00001900?referenceScheme=HeadOffice&allowPlaceHolder=true,https://www.cineplanet.cl/peliculas/papi-ricky-la-pelcula,"La película retoma la historia de Alicia, quien vuelve a Chile para presentar a su futuro esposo, un joven español hípster y excéntrico que representa la modernidad. Sin embargo, su llegada provoca un verdadero terremoto familiar: el choque con el conservador Papi Ricky y la irreverente Catrala hará que ambos padres dejen atrás antiguas diferencias para unirse en un objetivo común: impedir la boda de su hija.",https://youtu.be/Nr17OlZAkBc?si=FPiN8DOfV6jCR5MI,COMEDIA,
Cineplanet Alameda,SPIDER-MAN: UN NUEVO DIA,2026-09-01,20:00,2D,doblada,145,TE +7,https://cdn.apis.cineplanet.cl/CDN/media/entity/get/FilmPosterGraphic/HO00001843?referenceScheme=HeadOffice&allowPlaceHolder=true,https://www.cineplanet.cl/peliculas/spider-man-un-nuevo-dia,"Han pasado cuatro años desde los acontecimientos de No Way Home, y Peter es ahora un adulto que vive completamente solo, habiéndose borrado voluntariamente de las vidas y recuerdos de aquellos a quienes ama. Lucha contra el crimen en un Nueva York que ya no conoce su nombre, se ha dedicado por completo a proteger su ciudad -un Spider-Man de tiempo completo- pero a medida que las exigencias sobre él se intensifican, la presión desata una sorprendente evolución física que amenaza su existencia, aun cuando un nuevo y extraño patrón de crímenes da lugar a una de las amenazas más poderosas que jamás haya enfrentado.",https://www.youtube.com/watch?v=3B1_P2h7v2k,ACCION,
Cineplanet Alameda,PAPI RICKY: LA PELÍCULA,2026-09-01,20:30,2D,doblada,104,TE +7,https://cdn.apis.cineplanet.cl/CDN/media/entity/get/FilmPosterGraphic/HO00001900?referenceScheme=HeadOffice&allowPlaceHolder=true,https://www.cineplanet.cl/peliculas/papi-ricky-la-pelcula,"La película retoma la historia de Alicia, quien vuelve a Chile para presentar a su futuro esposo, un joven español hípster y excéntrico que representa la modernidad. Sin embargo, su llegada provoca un verdadero terremoto familiar: el choque con el conservador Papi Ricky y la irreverente Catrala hará que ambos padres dejen atrás antiguas diferencias para unirse en un objetivo común: impedir la boda de su hija.",https://youtu.be/Nr17OlZAkBc?si=FPiN8DOfV6jCR5MI,COMEDIA,
Cineplanet Alameda,COYOTE VS ACME,2026-09-01,21:00,2D,doblada,103,TE,https://cdn.apis.cineplanet.cl/CDN/media/entity/get/FilmPosterGraphic/HO00001852?referenceScheme=HeadOffice&allowPlaceHolder=true,https://www.cineplanet.cl/peliculas/coyote-vs-acme,"Después de que todos los productos fabricados por ACME Corporation le salgan mal a Wile E. Coyote, en su persecución del Correcaminos, contrata a un abogado humano igualmente desafortunado para demandar a la empresa. Cuando el abogado de Wile E. descubre que el intimidante jefe de su antiguo bufete es el director general de ACME, se une a Wile E. para ganar el juicio contra él.",https://www.youtube.com/watch?v=V_ueAlyvn6A,FAMILIAR,
Cineplanet Alameda,SPIDER-MAN: UN NUEVO DIA,2026-09-01,21:20,2D,doblada,145,TE +7,https://cdn.apis.cineplanet.cl/CDN/media/entity/get/FilmPosterGraphic/HO00001843?referenceScheme=HeadOffice&allowPlaceHolder=true,https://www.cineplanet.cl/peliculas/spider-man-un-nuevo-dia,"Han pasado cuatro años desde los acontecimientos de No Way Home, y Peter es ahora un adulto que vive completamente solo, habiéndose borrado voluntariamente de las vidas y recuerdos de aquellos a quienes ama. Lucha contra el crimen en un Nueva York que ya no conoce su nombre, se ha dedicado por completo a proteger su ciudad -un Spider-Man de tiempo completo- pero a medida que las exigencias sobre él se intensifican, la presión desata una sorprendente evolución física que amenaza su existencia, aun cuando un nuevo y extraño patrón de crímenes da lugar a una de las amenazas más poderosas que jamás haya enfrentado.",https://www.youtube.com/watch?v=3B1_P2h7v2k,ACCION,
Cineplanet Alameda,LA GUERRA DE LOS ÚLTIMOS,2026-09-01,21:30,2D,doblada,118,,https://cdn.apis.cineplanet.cl/CDN/media/entity/get/FilmPosterGraphic/HO00001869?referenceScheme=HeadOffice&allowPlaceHolder=true,https://www.cineplanet.cl/peliculas/la-guerra-de-los-ltimos,"En un mundo postapocalíptico, un virus aniquila a prácticamente toda la humanidad. Los supervivientes se enfrentan a unos carroñeros errantes llamados ""Segadores"". El protagonista, Hig, un piloto, sobrevivió a la gripe pero perdió a su mujer. Adaptación de la aclamada novela ""La constelación del perro"", de Peter Heller.",https://www.youtube.com/watch?v=JZHY6oGCO58,CIENCIA FICCION,
Cineplanet Alameda,EL FINAL DE LA CALLE OAK,2026-09-01,21:40,2D,doblada,99,+14,https://cdn.apis.cineplanet.cl/CDN/media/entity/get/FilmPosterGraphic/HO00001856?referenceScheme=HeadOffice&allowPlaceHolder=true,https://www.cineplanet.cl/peliculas/el-final-de-la-calle-oak,"Después de que un misterioso fenómeno cósmico arranque Oak Street de su entorno suburbano y transporte a sus habitantes a un lugar desconocido, la familia Platt pronto descubre que su propia supervivencia depende de que permanezcan unidos mientras se orientan en un entorno que ya no reconocen.",https://www.youtube.com/watch?v=kdrry0xfHzA,CIENCIA FICCION,
Cineplanet Alameda,PAPI RICKY: LA PELÍCULA,2026-09-01,22:00,2D,doblada,104,TE +7,https://cdn.apis.cineplanet.cl/CDN/media/entity/get/FilmPosterGraphic/HO00001900?referenceScheme=HeadOffice&allowPlaceHolder=true,https://www.cineplanet.cl/peliculas/papi-ricky-la-pelcula,"La película retoma la historia de Alicia, quien vuelve a Chile para presentar a su futuro esposo, un joven español hípster y excéntrico que representa la modernidad. Sin embargo, su llegada provoca un verdadero terremoto familiar: el choque con el conservador Papi Ricky y la irreverente Catrala hará que ambos padres dejen atrás antiguas diferencias para unirse en un objetivo común: impedir la boda de su hija.",https://youtu.be/Nr17OlZAkBc?si=FPiN8DOfV6jCR5MI,COMEDIA,
Cineplanet Alameda,PAW PATROL: LA DINO PELÍCULA,2026-09-02,13:10,2D,doblada,88,TE,https://cdn.apis.cineplanet.cl/CDN/media/entity/get/FilmPosterGraphic/HO00001868?referenceScheme=HeadOffice&allowPlaceHolder=true,https://www.cineplanet.cl/peliculas/paw-patrol-la-dino-pelcula,"Después de que su barco quedara atrapado en una misteriosa tormenta, los cachorros de la Patrulla Canina aterrizan de emergencia en una isla tropical inexplorada llena de dinosaurios. Allí conocen a Rex, un cachorro que lleva años abandonado en la isla y se ha convertido en un experto en todo lo relacionado con los dinosaurios. Cuando el archienemigo de la Patrulla Canina, el alcalde Humdinger, comienza a explotar minas de forma imprudente con la esperanza de saquear los recursos naturales de la isla, provoca sin querer la erupción de un enorme volcán inactivo. Los cachorros de la Patrulla Canina se ven envueltos en una serie de rescates de alto riesgo y a escala de dinosaurio, más grandes que cualquier cosa que hayan hecho antes, ya que deben detener a Humdinger antes de que todo en la isla se extinga.",,ANIMACION,
Cineplanet Alameda,JUAN GABRIEL: MI PRIMER BELLAS ARTES,2026-09-02,13:20,2D,doblada,110,TE +7,https://cdn.apis.cineplanet.cl/CDN/media/entity/get/FilmPosterGraphic/HO00001883?referenceScheme=HeadOffice&allowPlaceHolder=true,https://www.cineplanet.cl/peliculas/juan-gabriel-mi-primer-bellas-artes,"*Versión Sing Along* El concierto más icónico de México llega a la pantalla grande. A partir del 28 de agosto, con motivo del 10.º aniversario luctuoso de Juan Gabriel, disfruta del histórico primer concierto de Juan Gabriel en el Palacio de Bellas Artes en 1990, una noche que transformó para siempre la música en México. Más de tres décadas después, esta presentación legendaria revive en una nueva reedición especial para cines con imagen y audio restaurados, donde cada interpretación, cada aplauso y cada instante recuperan su esplendor para que nuevas generaciones y admiradores de siempre puedan disfrutar de este acontecimiento con una calidad nunca antes vista. Celebra el legado de Juan Gabriel y revive el espectáculo que marcó un antes y un después en la historia de la música mexicana, ahora como una experiencia cinematográfica única e inolvidable.",https://www.youtube.com/watch?v=zq9V3eaio2Y,CONCIERTO,
Cineplanet Alameda,COYOTE VS ACME,2026-09-02,14:00,2D,doblada,103,TE,https://cdn.apis.cineplanet.cl/CDN/media/entity/get/FilmPosterGraphic/HO00001852?referenceScheme=HeadOffice&allowPlaceHolder=true,https://www.cineplanet.cl/peliculas/coyote-vs-acme,"Después de que todos los productos fabricados por ACME Corporation le salgan mal a Wile E. Coyote, en su persecución del Correcaminos, contrata a un abogado humano igualmente desafortunado para demandar a la empresa. Cuando el abogado de Wile E. descubre que el intimidante jefe de su antiguo bufete es el director general de ACME, se une a Wile E. para ganar el juicio contra él.",https://www.youtube.com/watch?v=V_ueAlyvn6A,FAMILIAR,
Cineplanet Alameda,TOY STORY 5,2026-09-02,14:10,2D,doblada,102,TE,https://cdn.apis.cineplanet.cl/CDN/media/entity/get/FilmPosterGraphic/HO00001810?referenceScheme=HeadOffice&allowPlaceHolder=true,https://www.cineplanet.cl/peliculas/toy-story-5,"Los juguetes están de vuelta. Esta vez, Buzz Lightyear, Woody, Jessie y el resto de la pandilla se enfrentan a un nuevo reto cuando conocen a Lilypad, una nueva tablet que llega con sus propias ideas disruptivas sobre lo que es mejor para Bonnie. ¿Volverá a ser lo mismo la hora de jugar?",https://www.youtube.com/watch?v=s_qpMMkvHYE,ANIMACION,
Cineplanet Alameda,HARRY POTTER Y LA PIEDRA FILOSOFAL (2001),2026-09-02,14:20,2D,doblada,166,TE +7,https://cdn.apis.cineplanet.cl/CDN/media/entity/get/FilmPosterGraphic/HO00001895?referenceScheme=HeadOffice&allowPlaceHolder=true,https://www.cineplanet.cl/peliculas/harry-potter-y-la-piedra-filosofal-2001,"El día en que cumple once años, Harry Potter se entera de que es hijo de dos destacados hechiceros, de los que ha heredado poderes mágicos. En la escuela Hogwarts de Magia y Hechicería, donde se educa con otros niños que también tienen poderes especiales, aprenderá todo lo necesario para ser mago.",,AVENTURA,
Cineplanet Alameda,LA NOCHE DEL DEMONIO: ESTÁN ENTRE NOSOTROS,2026-09-02,14:40,2D,doblada,106,+14,https://cdn.apis.cineplanet.cl/CDN/media/entity/get/FilmPosterGraphic/HO00001857?referenceScheme=HeadOffice&allowPlaceHolder=true,https://www.cineplanet.cl/peliculas/la-noche-del-demonio-estn-entre-nosotros,"Gemma, una joven madre que cría a su hija en la casa en la que creció, descubre que puede viajar a The Further, donde posee la capacidad de traer lo que allí vive de vuelta al mundo real.",https://www.youtube.com/watch?v=fuxeEUqCNac,TERROR,
Cineplanet Alameda,PAPI RICKY: LA PELÍCULA,2026-09-02,15:00,2D,doblada,104,TE +7,https://cdn.apis.cineplanet.cl/CDN/media/entity/get/FilmPosterGraphic/HO00001900?referenceScheme=HeadOffice&allowPlaceHolder=true,https://www.cineplanet.cl/peliculas/papi-ricky-la-pelcula,"La película retoma la historia de Alicia, quien vuelve a Chile para presentar a su futuro esposo, un joven español hípster y excéntrico que representa la modernidad. Sin embargo, su llegada provoca un verdadero terremoto familiar: el choque con el conservador Papi Ricky y la irreverente Catrala hará que ambos padres dejen atrás antiguas diferencias para unirse en un objetivo común: impedir la boda de su hija.",https://youtu.be/Nr17OlZAkBc?si=FPiN8DOfV6jCR5MI,COMEDIA,
Cineplanet Alameda,SPIDER-MAN: UN NUEVO DIA,2026-09-02,15:20,2D,doblada,145,TE +7,https://cdn.apis.cineplanet.cl/CDN/media/entity/get/FilmPosterGraphic/HO00001843?referenceScheme=HeadOffice&allowPlaceHolder=true,https://www.cineplanet.cl/peliculas/spider-man-un-nuevo-dia,"Han pasado cuatro años desde los acontecimientos de No Way Home, y Peter es ahora un adulto que vive completamente solo, habiéndose borrado voluntariamente de las vidas y recuerdos de aquellos a quienes ama. Lucha contra el crimen en un Nueva York que ya no conoce su nombre, se ha dedicado por completo a proteger su ciudad -un Spider-Man de tiempo completo- pero a medida que las exigencias sobre él se intensifican, la presión desata una sorprendente evolución física que amenaza su existencia, aun cuando un nuevo y extraño patrón de crímenes da lugar a una de las amenazas más poderosas que jamás haya enfrentado.",https://www.youtube.com/watch?v=3B1_P2h7v2k,ACCION,
Cineplanet Alameda,JUAN GABRIEL: MI PRIMER BELLAS ARTES,2026-09-02,15:40,2D,doblada,110,TE +7,https://cdn.apis.cineplanet.cl/CDN/media/entity/get/FilmPosterGraphic/HO00001883?referenceScheme=HeadOffice&allowPlaceHolder=true,https://www.cineplanet.cl/peliculas/juan-gabriel-mi-primer-bellas-artes,"*Versión Sing Along* El concierto más icónico de México llega a la pantalla grande. A partir del 28 de agosto, con motivo del 10.º aniversario luctuoso de Juan Gabriel, disfruta del histórico primer concierto de Juan Gabriel en el Palacio de Bellas Artes en 1990, una noche que transformó para siempre la música en México. Más de tres décadas después, esta presentación legendaria revive en una nueva reedición especial para cines con imagen y audio restaurados, donde cada interpretación, cada aplauso y cada instante recuperan su esplendor para que nuevas generaciones y admiradores de siempre puedan disfrutar de este acontecimiento con una calidad nunca antes vista. Celebra el legado de Juan Gabriel y revive el espectáculo que marcó un antes y un después en la historia de la música mexicana, ahora como una experiencia cinematográfica única e inolvidable.",https://www.youtube.com/watch?v=zq9V3eaio2Y,CONCIERTO,
Cineplanet Alameda,COYOTE VS ACME,2026-09-02,16:20,2D,doblada,103,TE,https://cdn.apis.cineplanet.cl/CDN/media/entity/get/FilmPosterGraphic/HO00001852?referenceScheme=HeadOffice&allowPlaceHolder=true,https://www.cineplanet.cl/peliculas/coyote-vs-acme,"Después de que todos los productos fabricados por ACME Corporation le salgan mal a Wile E. Coyote, en su persecución del Correcaminos, contrata a un abogado humano igualmente desafortunado para demandar a la empresa. Cuando el abogado de Wile E. descubre que el intimidante jefe de su antiguo bufete es el director general de ACME, se une a Wile E. para ganar el juicio contra él.",https://www.youtube.com/watch?v=V_ueAlyvn6A,FAMILIAR,
Cineplanet Alameda,LA GUERRA DE LOS ÚLTIMOS,2026-09-02,16:30,2D,doblada,118,,https://cdn.apis.cineplanet.cl/CDN/media/entity/get/FilmPosterGraphic/HO00001869?referenceScheme=HeadOffice&allowPlaceHolder=true,https://www.cineplanet.cl/peliculas/la-guerra-de-los-ltimos,"En un mundo postapocalíptico, un virus aniquila a prácticamente toda la humanidad. Los supervivientes se enfrentan a unos carroñeros errantes llamados ""Segadores"". El protagonista, Hig, un piloto, sobrevivió a la gripe pero perdió a su mujer. Adaptación de la aclamada novela ""La constelación del perro"", de Peter Heller.",https://www.youtube.com/watch?v=JZHY6oGCO58,CIENCIA FICCION,
Cineplanet Alameda,LA NOCHE DEL DEMONIO: ESTÁN ENTRE NOSOTROS,2026-09-02,17:00,2D,doblada,106,+14,https://cdn.apis.cineplanet.cl/CDN/media/entity/get/FilmPosterGraphic/HO00001857?referenceScheme=HeadOffice&allowPlaceHolder=true,https://www.cineplanet.cl/peliculas/la-noche-del-demonio-estn-entre-nosotros,"Gemma, una joven madre que cría a su hija en la casa en la que creció, descubre que puede viajar a The Further, donde posee la capacidad de traer lo que allí vive de vuelta al mundo real.",https://www.youtube.com/watch?v=fuxeEUqCNac,TERROR,
Cineplanet Alameda,PAPI RICKY: LA PELÍCULA,2026-09-02,17:20,2D,doblada,104,TE +7,https://cdn.apis.cineplanet.cl/CDN/media/entity/get/FilmPosterGraphic/HO00001900?referenceScheme=HeadOffice&allowPlaceHolder=true,https://www.cineplanet.cl/peliculas/papi-ricky-la-pelcula,"La película retoma la historia de Alicia, quien vuelve a Chile para presentar a su futuro esposo, un joven español hípster y excéntrico que representa la modernidad. Sin embargo, su llegada provoca un verdadero terremoto familiar: el choque con el conservador Papi Ricky y la irreverente Catrala hará que ambos padres dejen atrás antiguas diferencias para unirse en un objetivo común: impedir la boda de su hija.",https://youtu.be/Nr17OlZAkBc?si=FPiN8DOfV6jCR5MI,COMEDIA,
Cineplanet Alameda,COYOTE VS ACME,2026-09-02,17:40,2D,doblada,103,TE,https://cdn.apis.cineplanet.cl/CDN/media/entity/get/FilmPosterGraphic/HO00001852?referenceScheme=HeadOffice&allowPlaceHolder=true,https://www.cineplanet.cl/peliculas/coyote-vs-acme,"Después de que todos los productos fabricados por ACME Corporation le salgan mal a Wile E. Coyote, en su persecución del Correcaminos, contrata a un abogado humano igualmente desafortunado para demandar a la empresa. Cuando el abogado de Wile E. descubre que el intimidante jefe de su antiguo bufete es el director general de ACME, se une a Wile E. para ganar el juicio contra él.",https://www.youtube.com/watch?v=V_ueAlyvn6A,FAMILIAR,
Cineplanet Alameda,JUAN GABRIEL: MI PRIMER BELLAS ARTES,2026-09-02,18:00,2D,doblada,110,TE +7,https://cdn.apis.cineplanet.cl/CDN/media/entity/get/FilmPosterGraphic/HO00001883?referenceScheme=HeadOffice&allowPlaceHolder=true,https://www.cineplanet.cl/peliculas/juan-gabriel-mi-primer-bellas-artes,"*Versión Sing Along* El concierto más icónico de México llega a la pantalla grande. A partir del 28 de agosto, con motivo del 10.º aniversario luctuoso de Juan Gabriel, disfruta del histórico primer concierto de Juan Gabriel en el Palacio de Bellas Artes en 1990, una noche que transformó para siempre la música en México. Más de tres décadas después, esta presentación legendaria revive en una nueva reedición especial para cines con imagen y audio restaurados, donde cada interpretación, cada aplauso y cada instante recuperan su esplendor para que nuevas generaciones y admiradores de siempre puedan disfrutar de este acontecimiento con una calidad nunca antes vista. Celebra el legado de Juan Gabriel y revive el espectáculo que marcó un antes y un después en la historia de la música mexicana, ahora como una experiencia cinematográfica única e inolvidable.",https://www.youtube.com/watch?v=zq9V3eaio2Y,CONCIERTO,
Cineplanet Alameda,SPIDER-MAN: UN NUEVO DIA,2026-09-02,18:20,2D,doblada,145,TE +7,https://cdn.apis.cineplanet.cl/CDN/media/entity/get/FilmPosterGraphic/HO00001843?referenceScheme=HeadOffice&allowPlaceHolder=true,https://www.cineplanet.cl/peliculas/spider-man-un-nuevo-dia,"Han pasado cuatro años desde los acontecimientos de No Way Home, y Peter es ahora un adulto que vive completamente solo, habiéndose borrado voluntariamente de las vidas y recuerdos de aquellos a quienes ama. Lucha contra el crimen en un Nueva York que ya no conoce su nombre, se ha dedicado por completo a proteger su ciudad -un Spider-Man de tiempo completo- pero a medida que las exigencias sobre él se intensifican, la presión desata una sorprendente evolución física que amenaza su existencia, aun cuando un nuevo y extraño patrón de crímenes da lugar a una de las amenazas más poderosas que jamás haya enfrentado.",https://www.youtube.com/watch?v=3B1_P2h7v2k,ACCION,
Cineplanet Alameda,COYOTE VS ACME,2026-09-02,18:40,2D,doblada,103,TE,https://cdn.apis.cineplanet.cl/CDN/media/entity/get/FilmPosterGraphic/HO00001852?referenceScheme=HeadOffice&allowPlaceHolder=true,https://www.cineplanet.cl/peliculas/coyote-vs-acme,"Después de que todos los productos fabricados por ACME Corporation le salgan mal a Wile E. Coyote, en su persecución del Correcaminos, contrata a un abogado humano igualmente desafortunado para demandar a la empresa. Cuando el abogado de Wile E. descubre que el intimidante jefe de su antiguo bufete es el director general de ACME, se une a Wile E. para ganar el juicio contra él.",https://www.youtube.com/watch?v=V_ueAlyvn6A,FAMILIAR,
Cineplanet Alameda,LA GUERRA DE LOS ÚLTIMOS,2026-09-02,19:00,2D,doblada,118,,https://cdn.apis.cineplanet.cl/CDN/media/entity/get/FilmPosterGraphic/HO00001869?referenceScheme=HeadOffice&allowPlaceHolder=true,https://www.cineplanet.cl/peliculas/la-guerra-de-los-ltimos,"En un mundo postapocalíptico, un virus aniquila a prácticamente toda la humanidad. Los supervivientes se enfrentan a unos carroñeros errantes llamados ""Segadores"". El protagonista, Hig, un piloto, sobrevivió a la gripe pero perdió a su mujer. Adaptación de la aclamada novela ""La constelación del perro"", de Peter Heller.",https://www.youtube.com/watch?v=JZHY6oGCO58,CIENCIA FICCION,
Cineplanet Alameda,LA NOCHE DEL DEMONIO: ESTÁN ENTRE NOSOTROS,2026-09-02,19:20,2D,doblada,106,+14,https://cdn.apis.cineplanet.cl/CDN/media/entity/get/FilmPosterGraphic/HO00001857?referenceScheme=HeadOffice&allowPlaceHolder=true,https://www.cineplanet.cl/peliculas/la-noche-del-demonio-estn-entre-nosotros,"Gemma, una joven madre que cría a su hija en la casa en la que creció, descubre que puede viajar a The Further, donde posee la capacidad de traer lo que allí vive de vuelta al mundo real.",https://www.youtube.com/watch?v=fuxeEUqCNac,TERROR,
Cineplanet Alameda,PAPI RICKY: LA PELÍCULA,2026-09-02,19:40,2D,doblada,104,TE +7,https://cdn.apis.cineplanet.cl/CDN/media/entity/get/FilmPosterGraphic/HO00001900?referenceScheme=HeadOffice&allowPlaceHolder=true,https://www.cineplanet.cl/peliculas/papi-ricky-la-pelcula,"La película retoma la historia de Alicia, quien vuelve a Chile para presentar a su futuro esposo, un joven español hípster y excéntrico que representa la modernidad. Sin embargo, su llegada provoca un verdadero terremoto familiar: el choque con el conservador Papi Ricky y la irreverente Catrala hará que ambos padres dejen atrás antiguas diferencias para unirse en un objetivo común: impedir la boda de su hija.",https://youtu.be/Nr17OlZAkBc?si=FPiN8DOfV6jCR5MI,COMEDIA,
Cineplanet Alameda,SPIDER-MAN: UN NUEVO DIA,2026-09-02,20:00,2D,doblada,145,TE +7,https://cdn.apis.cineplanet.cl/CDN/media/entity/get/FilmPosterGraphic/HO00001843?referenceScheme=HeadOffice&allowPlaceHolder=true,https://www.cineplanet.cl/peliculas/spider-man-un-nuevo-dia,"Han pasado cuatro años desde los acontecimientos de No Way Home, y Peter es ahora un adulto que vive completamente solo, habiéndose borrado voluntariamente de las vidas y recuerdos de aquellos a quienes ama. Lucha contra el crimen en un Nueva York que ya no conoce su nombre, se ha dedicado por completo a proteger su ciudad -un Spider-Man de tiempo completo- pero a medida que las exigencias sobre él se intensifican, la presión desata una sorprendente evolución física que amenaza su existencia, aun cuando un nuevo y extraño patrón de crímenes da lugar a una de las amenazas más poderosas que jamás haya enfrentado.",https://www.youtube.com/watch?v=3B1_P2h7v2k,ACCION,
Cineplanet Alameda,PAPI RICKY: LA PELÍCULA,2026-09-02,20:30,2D,doblada,104,TE +7,https://cdn.apis.cineplanet.cl/CDN/media/entity/get/FilmPosterGraphic/HO00001900?referenceScheme=HeadOffice&allowPlaceHolder=true,https://www.cineplanet.cl/peliculas/papi-ricky-la-pelcula,"La película retoma la historia de Alicia, quien vuelve a Chile para presentar a su futuro esposo, un joven español hípster y excéntrico que representa la modernidad. Sin embargo, su llegada provoca un verdadero terremoto familiar: el choque con el conservador Papi Ricky y la irreverente Catrala hará que ambos padres dejen atrás antiguas diferencias para unirse en un objetivo común: impedir la boda de su hija.",https://youtu.be/Nr17OlZAkBc?si=FPiN8DOfV6jCR5MI,COMEDIA,
Cineplanet Alameda,COYOTE VS ACME,2026-09-02,21:00,2D,doblada,103,TE,https://cdn.apis.cineplanet.cl/CDN/media/entity/get/FilmPosterGraphic/HO00001852?referenceScheme=HeadOffice&allowPlaceHolder=true,https://www.cineplanet.cl/peliculas/coyote-vs-acme,"Después de que todos los productos fabricados por ACME Corporation le salgan mal a Wile E. Coyote, en su persecución del Correcaminos, contrata a un abogado humano igualmente desafortunado para demandar a la empresa. Cuando el abogado de Wile E. descubre que el intimidante jefe de su antiguo bufete es el director general de ACME, se une a Wile E. para ganar el juicio contra él.",https://www.youtube.com/watch?v=V_ueAlyvn6A,FAMILIAR,
Cineplanet Alameda,SPIDER-MAN: UN NUEVO DIA,2026-09-02,21:20,2D,doblada,145,TE +7,https://cdn.apis.cineplanet.cl/CDN/media/entity/get/FilmPosterGraphic/HO00001843?referenceScheme=HeadOffice&allowPlaceHolder=true,https://www.cineplanet.cl/peliculas/spider-man-un-nuevo-dia,"Han pasado cuatro años desde los acontecimientos de No Way Home, y Peter es ahora un adulto que vive completamente solo, habiéndose borrado voluntariamente de las vidas y recuerdos de aquellos a quienes ama. Lucha contra el crimen en un Nueva York que ya no conoce su nombre, se ha dedicado por completo a proteger su ciudad -un Spider-Man de tiempo completo- pero a medida que las exigencias sobre él se intensifican, la presión desata una sorprendente evolución física que amenaza su existencia, aun cuando un nuevo y extraño patrón de crímenes da lugar a una de las amenazas más poderosas que jamás haya enfrentado.",https://www.youtube.com/watch?v=3B1_P2h7v2k,ACCION,
Cineplanet Alameda,LA GUERRA DE LOS ÚLTIMOS,2026-09-02,21:30,2D,doblada,118,,https://cdn.apis.cineplanet.cl/CDN/media/entity/get/FilmPosterGraphic/HO00001869?referenceScheme=HeadOffice&allowPlaceHolder=true,https://www.cineplanet.cl/peliculas/la-guerra-de-los-ltimos,"En un mundo postapocalíptico, un virus aniquila a prácticamente toda la humanidad. Los supervivientes se enfrentan a unos carroñeros errantes llamados ""Segadores"". El protagonista, Hig, un piloto, sobrevivió a la gripe pero perdió a su mujer. Adaptación de la aclamada novela ""La constelación del perro"", de Peter Heller.",https://www.youtube.com/watch?v=JZHY6oGCO58,CIENCIA FICCION,
Cineplanet Alameda,EL FINAL DE LA CALLE OAK,2026-09-02,21:40,2D,doblada,99,+14,https://cdn.apis.cineplanet.cl/CDN/media/entity/get/FilmPosterGraphic/HO00001856?referenceScheme=HeadOffice&allowPlaceHolder=true,https://www.cineplanet.cl/peliculas/el-final-de-la-calle-oak,"Después de que un misterioso fenómeno cósmico arranque Oak Street de su entorno suburbano y transporte a sus habitantes a un lugar desconocido, la familia Platt pronto descubre que su propia supervivencia depende de que permanezcan unidos mientras se orientan en un entorno que ya no reconocen.",https://www.youtube.com/watch?v=kdrry0xfHzA,CIENCIA FICCION,
Cineplanet Alameda,PAPI RICKY: LA PELÍCULA,2026-09-02,22:00,2D,doblada,104,TE +7,https://cdn.apis.cineplanet.cl/CDN/media/entity/get/FilmPosterGraphic/HO00001900?referenceScheme=HeadOffice&allowPlaceHolder=true,https://www.cineplanet.cl/peliculas/papi-ricky-la-pelcula,"La película retoma la historia de Alicia, quien vuelve a Chile para presentar a su futuro esposo, un joven español hípster y excéntrico que representa la modernidad. Sin embargo, su llegada provoca un verdadero terremoto familiar: el choque con el conservador Papi Ricky y la irreverente Catrala hará que ambos padres dejen atrás antiguas diferencias para unirse en un objetivo común: impedir la boda de su hija.",https://youtu.be/Nr17OlZAkBc?si=FPiN8DOfV6jCR5MI,COMEDIA,
Cineplanet Costanera Center,TOY STORY 5,2026-09-01,17:50,2D,doblada,102,TE,https://cdn.apis.cineplanet.cl/CDN/media/entity/get/FilmPosterGraphic/HO00001810?referenceScheme=HeadOffice&allowPlaceHolder=true,https://www.cineplanet.cl/peliculas/toy-story-5,"Los juguetes están de vuelta. Esta vez, Buzz Lightyear, Woody, Jessie y el resto de la pandilla se enfrentan a un nuevo reto cuando conocen a Lilypad, una nueva tablet que llega con sus propias ideas disruptivas sobre lo que es mejor para Bonnie. ¿Volverá a ser lo mismo la hora de jugar?",https://www.youtube.com/watch?v=s_qpMMkvHYE,ANIMACION,
Cineplanet Costanera Center,COYOTE VS ACME,2026-09-01,18:00,2D,doblada,103,TE,https://cdn.apis.cineplanet.cl/CDN/media/entity/get/FilmPosterGraphic/HO00001852?referenceScheme=HeadOffice&allowPlaceHolder=true,https://www.cineplanet.cl/peliculas/coyote-vs-acme,"Después de que todos los productos fabricados por ACME Corporation le salgan mal a Wile E. Coyote, en su persecución del Correcaminos, contrata a un abogado humano igualmente desafortunado para demandar a la empresa. Cuando el abogado de Wile E. descubre que el intimidante jefe de su antiguo bufete es el director general de ACME, se une a Wile E. para ganar el juicio contra él.",https://www.youtube.com/watch?v=V_ueAlyvn6A,FAMILIAR,
Cineplanet Costanera Center,SPIDER-MAN: UN NUEVO DIA,2026-09-01,18:20,2D,subtitulada,145,TE +7,https://cdn.apis.cineplanet.cl/CDN/media/entity/get/FilmPosterGraphic/HO00001843?referenceScheme=HeadOffice&allowPlaceHolder=true,https://www.cineplanet.cl/peliculas/spider-man-un-nuevo-dia,"Han pasado cuatro años desde los acontecimientos de No Way Home, y Peter es ahora un adulto que vive completamente solo, habiéndose borrado voluntariamente de las vidas y recuerdos de aquellos a quienes ama. Lucha contra el crimen en un Nueva York que ya no conoce su nombre, se ha dedicado por completo a proteger su ciudad -un Spider-Man de tiempo completo- pero a medida que las exigencias sobre él se intensifican, la presión desata una sorprendente evolución física que amenaza su existencia, aun cuando un nuevo y extraño patrón de crímenes da lugar a una de las amenazas más poderosas que jamás haya enfrentado.",https://www.youtube.com/watch?v=3B1_P2h7v2k,ACCION,
Cineplanet Costanera Center,JUAN GABRIEL: MI PRIMER BELLAS ARTES,2026-09-01,18:30,2D,doblada,110,TE +7,https://cdn.apis.cineplanet.cl/CDN/media/entity/get/FilmPosterGraphic/HO00001883?referenceScheme=HeadOffice&allowPlaceHolder=true,https://www.cineplanet.cl/peliculas/juan-gabriel-mi-primer-bellas-artes,"*Versión Sing Along* El concierto más icónico de México llega a la pantalla grande. A partir del 28 de agosto, con motivo del 10.º aniversario luctuoso de Juan Gabriel, disfruta del histórico primer concierto de Juan Gabriel en el Palacio de Bellas Artes en 1990, una noche que transformó para siempre la música en México. Más de tres décadas después, esta presentación legendaria revive en una nueva reedición especial para cines con imagen y audio restaurados, donde cada interpretación, cada aplauso y cada instante recuperan su esplendor para que nuevas generaciones y admiradores de siempre puedan disfrutar de este acontecimiento con una calidad nunca antes vista. Celebra el legado de Juan Gabriel y revive el espectáculo que marcó un antes y un después en la historia de la música mexicana, ahora como una experiencia cinematográfica única e inolvidable.",https://www.youtube.com/watch?v=zq9V3eaio2Y,CONCIERTO,
Cineplanet Costanera Center,COYOTE VS ACME,2026-09-01,19:00,"2D, PRIME",subtitulada,103,TE,https://cdn.apis.cineplanet.cl/CDN/media/entity/get/FilmPosterGraphic/HO00001852?referenceScheme=HeadOffice&allowPlaceHolder=true,https://www.cineplanet.cl/peliculas/coyote-vs-acme,"Después de que todos los productos fabricados por ACME Corporation le salgan mal a Wile E. Coyote, en su persecución del Correcaminos, contrata a un abogado humano igualmente desafortunado para demandar a la empresa. Cuando el abogado de Wile E. descubre que el intimidante jefe de su antiguo bufete es el director general de ACME, se une a Wile E. para ganar el juicio contra él.",https://www.youtube.com/watch?v=V_ueAlyvn6A,FAMILIAR,
Cineplanet Costanera Center,LA NOCHE DEL DEMONIO: ESTÁN ENTRE NOSOTROS,2026-09-01,19:10,"2D, XTREME",doblada,106,+14,https://cdn.apis.cineplanet.cl/CDN/media/entity/get/FilmPosterGraphic/HO00001857?referenceScheme=HeadOffice&allowPlaceHolder=true,https://www.cineplanet.cl/peliculas/la-noche-del-demonio-estn-entre-nosotros,"Gemma, una joven madre que cría a su hija en la casa en la que creció, descubre que puede viajar a The Further, donde posee la capacidad de traer lo que allí vive de vuelta al mundo real.",https://www.youtube.com/watch?v=fuxeEUqCNac,TERROR,
Cineplanet Costanera Center,SPIDER-MAN: UN NUEVO DIA,2026-09-01,19:20,2D,doblada,145,TE +7,https://cdn.apis.cineplanet.cl/CDN/media/entity/get/FilmPosterGraphic/HO00001843?referenceScheme=HeadOffice&allowPlaceHolder=true,https://www.cineplanet.cl/peliculas/spider-man-un-nuevo-dia,"Han pasado cuatro años desde los acontecimientos de No Way Home, y Peter es ahora un adulto que vive completamente solo, habiéndose borrado voluntariamente de las vidas y recuerdos de aquellos a quienes ama. Lucha contra el crimen en un Nueva York que ya no conoce su nombre, se ha dedicado por completo a proteger su ciudad -un Spider-Man de tiempo completo- pero a medida que las exigencias sobre él se intensifican, la presión desata una sorprendente evolución física que amenaza su existencia, aun cuando un nuevo y extraño patrón de crímenes da lugar a una de las amenazas más poderosas que jamás haya enfrentado.",https://www.youtube.com/watch?v=3B1_P2h7v2k,ACCION,
Cineplanet Costanera Center,PAPI RICKY: LA PELÍCULA,2026-09-01,19:30,2D,doblada,104,TE +7,https://cdn.apis.cineplanet.cl/CDN/media/entity/get/FilmPosterGraphic/HO00001900?referenceScheme=HeadOffice&allowPlaceHolder=true,https://www.cineplanet.cl/peliculas/papi-ricky-la-pelcula,"La película retoma la historia de Alicia, quien vuelve a Chile para presentar a su futuro esposo, un joven español hípster y excéntrico que representa la modernidad. Sin embargo, su llegada provoca un verdadero terremoto familiar: el choque con el conservador Papi Ricky y la irreverente Catrala hará que ambos padres dejen atrás antiguas diferencias para unirse en un objetivo común: impedir la boda de su hija.",https://youtu.be/Nr17OlZAkBc?si=FPiN8DOfV6jCR5MI,COMEDIA,
Cineplanet Costanera Center,PAPI RICKY: LA PELÍCULA,2026-09-01,20:00,"2D, PRIME",doblada,104,TE +7,https://cdn.apis.cineplanet.cl/CDN/media/entity/get/FilmPosterGraphic/HO00001900?referenceScheme=HeadOffice&allowPlaceHolder=true,https://www.cineplanet.cl/peliculas/papi-ricky-la-pelcula,"La película retoma la historia de Alicia, quien vuelve a Chile para presentar a su futuro esposo, un joven español hípster y excéntrico que representa la modernidad. Sin embargo, su llegada provoca un verdadero terremoto familiar: el choque con el conservador Papi Ricky y la irreverente Catrala hará que ambos padres dejen atrás antiguas diferencias para unirse en un objetivo común: impedir la boda de su hija.",https://youtu.be/Nr17OlZAkBc?si=FPiN8DOfV6jCR5MI,COMEDIA,
Cineplanet Costanera Center,LA GUERRA DE LOS ÚLTIMOS,2026-09-01,20:10,2D,subtitulada,118,,https://cdn.apis.cineplanet.cl/CDN/media/entity/get/FilmPosterGraphic/HO00001869?referenceScheme=HeadOffice&allowPlaceHolder=true,https://www.cineplanet.cl/peliculas/la-guerra-de-los-ltimos,"En un mundo postapocalíptico, un virus aniquila a prácticamente toda la humanidad. Los supervivientes se enfrentan a unos carroñeros errantes llamados ""Segadores"". El protagonista, Hig, un piloto, sobrevivió a la gripe pero perdió a su mujer. Adaptación de la aclamada novela ""La constelación del perro"", de Peter Heller.",https://www.youtube.com/watch?v=JZHY6oGCO58,CIENCIA FICCION,
Cineplanet Costanera Center,COYOTE VS ACME,2026-09-01,20:20,2D,doblada,103,TE,https://cdn.apis.cineplanet.cl/CDN/media/entity/get/FilmPosterGraphic/HO00001852?referenceScheme=HeadOffice&allowPlaceHolder=true,https://www.cineplanet.cl/peliculas/coyote-vs-acme,"Después de que todos los productos fabricados por ACME Corporation le salgan mal a Wile E. Coyote, en su persecución del Correcaminos, contrata a un abogado humano igualmente desafortunado para demandar a la empresa. Cuando el abogado de Wile E. descubre que el intimidante jefe de su antiguo bufete es el director general de ACME, se une a Wile E. para ganar el juicio contra él.",https://www.youtube.com/watch?v=V_ueAlyvn6A,FAMILIAR,
Cineplanet Costanera Center,HARRY POTTER Y LA PIEDRA FILOSOFAL (2001),2026-09-01,20:40,2D,doblada,166,TE +7,https://cdn.apis.cineplanet.cl/CDN/media/entity/get/FilmPosterGraphic/HO00001895?referenceScheme=HeadOffice&allowPlaceHolder=true,https://www.cineplanet.cl/peliculas/harry-potter-y-la-piedra-filosofal-2001,"El día en que cumple once años, Harry Potter se entera de que es hijo de dos destacados hechiceros, de los que ha heredado poderes mágicos. En la escuela Hogwarts de Magia y Hechicería, donde se educa con otros niños que también tienen poderes especiales, aprenderá todo lo necesario para ser mago.",,AVENTURA,
Cineplanet Costanera Center,JUAN GABRIEL: MI PRIMER BELLAS ARTES,2026-09-01,20:50,2D,doblada,110,TE +7,https://cdn.apis.cineplanet.cl/CDN/media/entity/get/FilmPosterGraphic/HO00001883?referenceScheme=HeadOffice&allowPlaceHolder=true,https://www.cineplanet.cl/peliculas/juan-gabriel-mi-primer-bellas-artes,"*Versión Sing Along* El concierto más icónico de México llega a la pantalla grande. A partir del 28 de agosto, con motivo del 10.º aniversario luctuoso de Juan Gabriel, disfruta del histórico primer concierto de Juan Gabriel en el Palacio de Bellas Artes en 1990, una noche que transformó para siempre la música en México. Más de tres décadas después, esta presentación legendaria revive en una nueva reedición especial para cines con imagen y audio restaurados, donde cada interpretación, cada aplauso y cada instante recuperan su esplendor para que nuevas generaciones y admiradores de siempre puedan disfrutar de este acontecimiento con una calidad nunca antes vista. Celebra el legado de Juan Gabriel y revive el espectáculo que marcó un antes y un después en la historia de la música mexicana, ahora como una experiencia cinematográfica única e inolvidable.",https://www.youtube.com/watch?v=zq9V3eaio2Y,CONCIERTO,
Cineplanet Costanera Center,LA ODISEA,2026-09-01,21:10,2D,subtitulada,172,+14,https://cdn.apis.cineplanet.cl/CDN/media/entity/get/FilmPosterGraphic/HO00001834?referenceScheme=HeadOffice&allowPlaceHolder=true,https://www.cineplanet.cl/peliculas/la-odisea,"La siguiente película de Christopher Nolan, La Odisea, es una película de acción épica filmada alrededor del mundo usando nueva tecnología IMAX®. La película lleva la saga fundamental de Homero a las pantallas IMAX® por primera vez y estrena en cines en julio de 2026.",https://www.youtube.com/watch?v=8un_UztYsw0,ACCION,
Cineplanet Costanera Center,SPIDER-MAN: UN NUEVO DIA,2026-09-01,21:20,2D,subtitulada,145,TE +7,https://cdn.apis.cineplanet.cl/CDN/media/entity/get/FilmPosterGraphic/HO00001843?referenceScheme=HeadOffice&allowPlaceHolder=true,https://www.cineplanet.cl/peliculas/spider-man-un-nuevo-dia,"Han pasado cuatro años desde los acontecimientos de No Way Home, y Peter es ahora un adulto que vive completamente solo, habiéndose borrado voluntariamente de las vidas y recuerdos de aquellos a quienes ama. Lucha contra el crimen en un Nueva York que ya no conoce su nombre, se ha dedicado por completo a proteger su ciudad -un Spider-Man de tiempo completo- pero a medida que las exigencias sobre él se intensifican, la presión desata una sorprendente evolución física que amenaza su existencia, aun cuando un nuevo y extraño patrón de crímenes da lugar a una de las amenazas más poderosas que jamás haya enfrentado.",https://www.youtube.com/watch?v=3B1_P2h7v2k,ACCION,
Cineplanet Costanera Center,LA NOCHE DEL DEMONIO: ESTÁN ENTRE NOSOTROS,2026-09-01,21:30,"2D, XTREME",subtitulada,106,+14,https://cdn.apis.cineplanet.cl/CDN/media/entity/get/FilmPosterGraphic/HO00001857?referenceScheme=HeadOffice&allowPlaceHolder=true,https://www.cineplanet.cl/peliculas/la-noche-del-demonio-estn-entre-nosotros,"Gemma, una joven madre que cría a su hija en la casa en la que creció, descubre que puede viajar a The Further, donde posee la capacidad de traer lo que allí vive de vuelta al mundo real.",https://www.youtube.com/watch?v=fuxeEUqCNac,TERROR,
Cineplanet Costanera Center,LA ODISEA,2026-09-01,21:40,"2D, PRIME",subtitulada,172,+14,https://cdn.apis.cineplanet.cl/CDN/media/entity/get/FilmPosterGraphic/HO00001834?referenceScheme=HeadOffice&allowPlaceHolder=true,https://www.cineplanet.cl/peliculas/la-odisea,"La siguiente película de Christopher Nolan, La Odisea, es una película de acción épica filmada alrededor del mundo usando nueva tecnología IMAX®. La película lleva la saga fundamental de Homero a las pantallas IMAX® por primera vez y estrena en cines en julio de 2026.",https://www.youtube.com/watch?v=8un_UztYsw0,ACCION,
Cineplanet Costanera Center,EL FINAL DE LA CALLE OAK,2026-09-01,21:50,2D,subtitulada,99,+14,https://cdn.apis.cineplanet.cl/CDN/media/entity/get/FilmPosterGraphic/HO00001856?referenceScheme=HeadOffice&allowPlaceHolder=true,https://www.cineplanet.cl/peliculas/el-final-de-la-calle-oak,"Después de que un misterioso fenómeno cósmico arranque Oak Street de su entorno suburbano y transporte a sus habitantes a un lugar desconocido, la familia Platt pronto descubre que su propia supervivencia depende de que permanezcan unidos mientras se orientan en un entorno que ya no reconocen.",https://www.youtube.com/watch?v=kdrry0xfHzA,CIENCIA FICCION,
Cineplanet Costanera Center,SPIDER-MAN: UN NUEVO DIA,2026-09-01,22:20,2D,doblada,145,TE +7,https://cdn.apis.cineplanet.cl/CDN/media/entity/get/FilmPosterGraphic/HO00001843?referenceScheme=HeadOffice&allowPlaceHolder=true,https://www.cineplanet.cl/peliculas/spider-man-un-nuevo-dia,"Han pasado cuatro años desde los acontecimientos de No Way Home, y Peter es ahora un adulto que vive completamente solo, habiéndose borrado voluntariamente de las vidas y recuerdos de aquellos a quienes ama. Lucha contra el crimen en un Nueva York que ya no conoce su nombre, se ha dedicado por completo a proteger su ciudad -un Spider-Man de tiempo completo- pero a medida que las exigencias sobre él se intensifican, la presión desata una sorprendente evolución física que amenaza su existencia, aun cuando un nuevo y extraño patrón de crímenes da lugar a una de las amenazas más poderosas que jamás haya enfrentado.",https://www.youtube.com/watch?v=3B1_P2h7v2k,ACCION,
Cineplanet Costanera Center,LA NOCHE DEL DEMONIO: ESTÁN ENTRE NOSOTROS,2026-09-01,22:30,"2D, PRIME",subtitulada,106,+14,https://cdn.apis.cineplanet.cl/CDN/media/entity/get/FilmPosterGraphic/HO00001857?referenceScheme=HeadOffice&allowPlaceHolder=true,https://www.cineplanet.cl/peliculas/la-noche-del-demonio-estn-entre-nosotros,"Gemma, una joven madre que cría a su hija en la casa en la que creció, descubre que puede viajar a The Further, donde posee la capacidad de traer lo que allí vive de vuelta al mundo real.",https://www.youtube.com/watch?v=fuxeEUqCNac,TERROR,
Cineplanet Costanera Center,COYOTE VS ACME,2026-09-01,22:35,2D,subtitulada,103,TE,https://cdn.apis.cineplanet.cl/CDN/media/entity/get/FilmPosterGraphic/HO00001852?referenceScheme=HeadOffice&allowPlaceHolder=true,https://www.cineplanet.cl/peliculas/coyote-vs-acme,"Después de que todos los productos fabricados por ACME Corporation le salgan mal a Wile E. Coyote, en su persecución del Correcaminos, contrata a un abogado humano igualmente desafortunado para demandar a la empresa. Cuando el abogado de Wile E. descubre que el intimidante jefe de su antiguo bufete es el director general de ACME, se une a Wile E. para ganar el juicio contra él.",https://www.youtube.com/watch?v=V_ueAlyvn6A,FAMILIAR,
Cineplanet Costanera Center,EL FINAL DE LA CALLE OAK,2026-09-01,22:40,2D,doblada,99,+14,https://cdn.apis.cineplanet.cl/CDN/media/entity/get/FilmPosterGraphic/HO00001856?referenceScheme=HeadOffice&allowPlaceHolder=true,https://www.cineplanet.cl/peliculas/el-final-de-la-calle-oak,"Después de que un misterioso fenómeno cósmico arranque Oak Street de su entorno suburbano y transporte a sus habitantes a un lugar desconocido, la familia Platt pronto descubre que su propia supervivencia depende de que permanezcan unidos mientras se orientan en un entorno que ya no reconocen.",https://www.youtube.com/watch?v=kdrry0xfHzA,CIENCIA FICCION,
Cineplanet Costanera Center,PAPI RICKY: LA PELÍCULA,2026-09-02,13:00,2D,doblada,104,TE +7,https://cdn.apis.cineplanet.cl/CDN/media/entity/get/FilmPosterGraphic/HO00001900?referenceScheme=HeadOffice&allowPlaceHolder=true,https://www.cineplanet.cl/peliculas/papi-ricky-la-pelcula,"La película retoma la historia de Alicia, quien vuelve a Chile para presentar a su futuro esposo, un joven español hípster y excéntrico que representa la modernidad. Sin embargo, su llegada provoca un verdadero terremoto familiar: el choque con el conservador Papi Ricky y la irreverente Catrala hará que ambos padres dejen atrás antiguas diferencias para unirse en un objetivo común: impedir la boda de su hija.",https://youtu.be/Nr17OlZAkBc?si=FPiN8DOfV6jCR5MI,COMEDIA,
Cineplanet Costanera Center,LA GUERRA DE LOS ÚLTIMOS,2026-09-02,13:10,2D,doblada,118,,https://cdn.apis.cineplanet.cl/CDN/media/entity/get/FilmPosterGraphic/HO00001869?referenceScheme=HeadOffice&allowPlaceHolder=true,https://www.cineplanet.cl/peliculas/la-guerra-de-los-ltimos,"En un mundo postapocalíptico, un virus aniquila a prácticamente toda la humanidad. Los supervivientes se enfrentan a unos carroñeros errantes llamados ""Segadores"". El protagonista, Hig, un piloto, sobrevivió a la gripe pero perdió a su mujer. Adaptación de la aclamada novela ""La constelación del perro"", de Peter Heller.",https://www.youtube.com/watch?v=JZHY6oGCO58,CIENCIA FICCION,
Cineplanet Costanera Center,COYOTE VS ACME,2026-09-02,13:20,"2D, PRIME",doblada,103,TE,https://cdn.apis.cineplanet.cl/CDN/media/entity/get/FilmPosterGraphic/HO00001852?referenceScheme=HeadOffice&allowPlaceHolder=true,https://www.cineplanet.cl/peliculas/coyote-vs-acme,"Después de que todos los productos fabricados por ACME Corporation le salgan mal a Wile E. Coyote, en su persecución del Correcaminos, contrata a un abogado humano igualmente desafortunado para demandar a la empresa. Cuando el abogado de Wile E. descubre que el intimidante jefe de su antiguo bufete es el director general de ACME, se une a Wile E. para ganar el juicio contra él.",https://www.youtube.com/watch?v=V_ueAlyvn6A,FAMILIAR,
Cineplanet Costanera Center,SPIDER-MAN: UN NUEVO DIA,2026-09-02,13:20,2D,doblada,145,TE +7,https://cdn.apis.cineplanet.cl/CDN/media/entity/get/FilmPosterGraphic/HO00001843?referenceScheme=HeadOffice&allowPlaceHolder=true,https://www.cineplanet.cl/peliculas/spider-man-un-nuevo-dia,"Han pasado cuatro años desde los acontecimientos de No Way Home, y Peter es ahora un adulto que vive completamente solo, habiéndose borrado voluntariamente de las vidas y recuerdos de aquellos a quienes ama. Lucha contra el crimen en un Nueva York que ya no conoce su nombre, se ha dedicado por completo a proteger su ciudad -un Spider-Man de tiempo completo- pero a medida que las exigencias sobre él se intensifican, la presión desata una sorprendente evolución física que amenaza su existencia, aun cuando un nuevo y extraño patrón de crímenes da lugar a una de las amenazas más poderosas que jamás haya enfrentado.",https://www.youtube.com/watch?v=3B1_P2h7v2k,ACCION,
Cineplanet Costanera Center,JUAN GABRIEL: MI PRIMER BELLAS ARTES,2026-09-02,13:30,2D,doblada,110,TE +7,https://cdn.apis.cineplanet.cl/CDN/media/entity/get/FilmPosterGraphic/HO00001883?referenceScheme=HeadOffice&allowPlaceHolder=true,https://www.cineplanet.cl/peliculas/juan-gabriel-mi-primer-bellas-artes,"*Versión Sing Along* El concierto más icónico de México llega a la pantalla grande. A partir del 28 de agosto, con motivo del 10.º aniversario luctuoso de Juan Gabriel, disfruta del histórico primer concierto de Juan Gabriel en el Palacio de Bellas Artes en 1990, una noche que transformó para siempre la música en México. Más de tres décadas después, esta presentación legendaria revive en una nueva reedición especial para cines con imagen y audio restaurados, donde cada interpretación, cada aplauso y cada instante recuperan su esplendor para que nuevas generaciones y admiradores de siempre puedan disfrutar de este acontecimiento con una calidad nunca antes vista. Celebra el legado de Juan Gabriel y revive el espectáculo que marcó un antes y un después en la historia de la música mexicana, ahora como una experiencia cinematográfica única e inolvidable.",https://www.youtube.com/watch?v=zq9V3eaio2Y,CONCIERTO,
Cineplanet Costanera Center,EL FINAL DE LA CALLE OAK,2026-09-02,13:50,2D,doblada,99,+14,https://cdn.apis.cineplanet.cl/CDN/media/entity/get/FilmPosterGraphic/HO00001856?referenceScheme=HeadOffice&allowPlaceHolder=true,https://www.cineplanet.cl/peliculas/el-final-de-la-calle-oak,"Después de que un misterioso fenómeno cósmico arranque Oak Street de su entorno suburbano y transporte a sus habitantes a un lugar desconocido, la familia Platt pronto descubre que su propia supervivencia depende de que permanezcan unidos mientras se orientan en un entorno que ya no reconocen.",https://www.youtube.com/watch?v=kdrry0xfHzA,CIENCIA FICCION,
Cineplanet Costanera Center,HARRY POTTER Y LA PIEDRA FILOSOFAL (2001),2026-09-02,14:00,2D,subtitulada,166,TE +7,https://cdn.apis.cineplanet.cl/CDN/media/entity/get/FilmPosterGraphic/HO00001895?referenceScheme=HeadOffice&allowPlaceHolder=true,https://www.cineplanet.cl/peliculas/harry-potter-y-la-piedra-filosofal-2001,"El día en que cumple once años, Harry Potter se entera de que es hijo de dos destacados hechiceros, de los que ha heredado poderes mágicos. En la escuela Hogwarts de Magia y Hechicería, donde se educa con otros niños que también tienen poderes especiales, aprenderá todo lo necesario para ser mago.",,AVENTURA,
Cineplanet Costanera Center,SPIDER-MAN: UN NUEVO DIA,2026-09-02,14:00,"2D, PRIME",subtitulada,145,TE +7,https://cdn.apis.cineplanet.cl/CDN/media/entity/get/FilmPosterGraphic/HO00001843?referenceScheme=HeadOffice&allowPlaceHolder=true,https://www.cineplanet.cl/peliculas/spider-man-un-nuevo-dia,"Han pasado cuatro años desde los acontecimientos de No Way Home, y Peter es ahora un adulto que vive completamente solo, habiéndose borrado voluntariamente de las vidas y recuerdos de aquellos a quienes ama. Lucha contra el crimen en un Nueva York que ya no conoce su nombre, se ha dedicado por completo a proteger su ciudad -un Spider-Man de tiempo completo- pero a medida que las exigencias sobre él se intensifican, la presión desata una sorprendente evolución física que amenaza su existencia, aun cuando un nuevo y extraño patrón de crímenes da lugar a una de las amenazas más poderosas que jamás haya enfrentado.",https://www.youtube.com/watch?v=3B1_P2h7v2k,ACCION,
Cineplanet Costanera Center,LA ODISEA,2026-09-02,14:10,2D,doblada,172,+14,https://cdn.apis.cineplanet.cl/CDN/media/entity/get/FilmPosterGraphic/HO00001834?referenceScheme=HeadOffice&allowPlaceHolder=true,https://www.cineplanet.cl/peliculas/la-odisea,"La siguiente película de Christopher Nolan, La Odisea, es una película de acción épica filmada alrededor del mundo usando nueva tecnología IMAX®. La película lleva la saga fundamental de Homero a las pantallas IMAX® por primera vez y estrena en cines en julio de 2026.",https://www.youtube.com/watch?v=8un_UztYsw0,ACCION,
Cineplanet Costanera Center,LA NOCHE DEL DEMONIO: ESTÁN ENTRE NOSOTROS,2026-09-02,14:30,"2D, XTREME",doblada,106,+14,https://cdn.apis.cineplanet.cl/CDN/media/entity/get/FilmPosterGraphic/HO00001857?referenceScheme=HeadOffice&allowPlaceHolder=true,https://www.cineplanet.cl/peliculas/la-noche-del-demonio-estn-entre-nosotros,"Gemma, una joven madre que cría a su hija en la casa en la que creció, descubre que puede viajar a The Further, donde posee la capacidad de traer lo que allí vive de vuelta al mundo real.",https://www.youtube.com/watch?v=fuxeEUqCNac,TERROR,
Cineplanet Costanera Center,PAPI RICKY: LA PELÍCULA,2026-09-02,14:50,2D,doblada,104,TE +7,https://cdn.apis.cineplanet.cl/CDN/media/entity/get/FilmPosterGraphic/HO00001900?referenceScheme=HeadOffice&allowPlaceHolder=true,https://www.cineplanet.cl/peliculas/papi-ricky-la-pelcula,"La película retoma la historia de Alicia, quien vuelve a Chile para presentar a su futuro esposo, un joven español hípster y excéntrico que representa la modernidad. Sin embargo, su llegada provoca un verdadero terremoto familiar: el choque con el conservador Papi Ricky y la irreverente Catrala hará que ambos padres dejen atrás antiguas diferencias para unirse en un objetivo común: impedir la boda de su hija.",https://youtu.be/Nr17OlZAkBc?si=FPiN8DOfV6jCR5MI,COMEDIA,
Cineplanet Costanera Center,LA GUERRA DE LOS ÚLTIMOS,2026-09-02,15:20,2D,doblada,118,,https://cdn.apis.cineplanet.cl/CDN/media/entity/get/FilmPosterGraphic/HO00001869?referenceScheme=HeadOffice&allowPlaceHolder=true,https://www.cineplanet.cl/peliculas/la-guerra-de-los-ltimos,"En un mundo postapocalíptico, un virus aniquila a prácticamente toda la humanidad. Los supervivientes se enfrentan a unos carroñeros errantes llamados ""Segadores"". El protagonista, Hig, un piloto, sobrevivió a la gripe pero perdió a su mujer. Adaptación de la aclamada novela ""La constelación del perro"", de Peter Heller.",https://www.youtube.com/watch?v=JZHY6oGCO58,CIENCIA FICCION,
Cineplanet Costanera Center,COYOTE VS ACME,2026-09-02,15:40,2D,doblada,103,TE,https://cdn.apis.cineplanet.cl/CDN/media/entity/get/FilmPosterGraphic/HO00001852?referenceScheme=HeadOffice&allowPlaceHolder=true,https://www.cineplanet.cl/peliculas/coyote-vs-acme,"Después de que todos los productos fabricados por ACME Corporation le salgan mal a Wile E. Coyote, en su persecución del Correcaminos, contrata a un abogado humano igualmente desafortunado para demandar a la empresa. Cuando el abogado de Wile E. descubre que el intimidante jefe de su antiguo bufete es el director general de ACME, se une a Wile E. para ganar el juicio contra él.",https://www.youtube.com/watch?v=V_ueAlyvn6A,FAMILIAR,
Cineplanet Costanera Center,JUAN GABRIEL: MI PRIMER BELLAS ARTES,2026-09-02,16:00,2D,doblada,110,TE +7,https://cdn.apis.cineplanet.cl/CDN/media/entity/get/FilmPosterGraphic/HO00001883?referenceScheme=HeadOffice&allowPlaceHolder=true,https://www.cineplanet.cl/peliculas/juan-gabriel-mi-primer-bellas-artes,"*Versión Sing Along* El concierto más icónico de México llega a la pantalla grande. A partir del 28 de agosto, con motivo del 10.º aniversario luctuoso de Juan Gabriel, disfruta del histórico primer concierto de Juan Gabriel en el Palacio de Bellas Artes en 1990, una noche que transformó para siempre la música en México. Más de tres décadas después, esta presentación legendaria revive en una nueva reedición especial para cines con imagen y audio restaurados, donde cada interpretación, cada aplauso y cada instante recuperan su esplendor para que nuevas generaciones y admiradores de siempre puedan disfrutar de este acontecimiento con una calidad nunca antes vista. Celebra el legado de Juan Gabriel y revive el espectáculo que marcó un antes y un después en la historia de la música mexicana, ahora como una experiencia cinematográfica única e inolvidable.",https://www.youtube.com/watch?v=zq9V3eaio2Y,CONCIERTO,
Cineplanet Costanera Center,EL FINAL DE LA CALLE OAK,2026-09-02,16:05,2D,doblada,99,+14,https://cdn.apis.cineplanet.cl/CDN/media/entity/get/FilmPosterGraphic/HO00001856?referenceScheme=HeadOffice&allowPlaceHolder=true,https://www.cineplanet.cl/peliculas/el-final-de-la-calle-oak,"Después de que un misterioso fenómeno cósmico arranque Oak Street de su entorno suburbano y transporte a sus habitantes a un lugar desconocido, la familia Platt pronto descubre que su propia supervivencia depende de que permanezcan unidos mientras se orientan en un entorno que ya no reconocen.",https://www.youtube.com/watch?v=kdrry0xfHzA,CIENCIA FICCION,
Cineplanet Costanera Center,LA GUERRA DE LOS ÚLTIMOS,2026-09-02,16:10,"2D, PRIME",subtitulada,118,,https://cdn.apis.cineplanet.cl/CDN/media/entity/get/FilmPosterGraphic/HO00001869?referenceScheme=HeadOffice&allowPlaceHolder=true,https://www.cineplanet.cl/peliculas/la-guerra-de-los-ltimos,"En un mundo postapocalíptico, un virus aniquila a prácticamente toda la humanidad. Los supervivientes se enfrentan a unos carroñeros errantes llamados ""Segadores"". El protagonista, Hig, un piloto, sobrevivió a la gripe pero perdió a su mujer. Adaptación de la aclamada novela ""La constelación del perro"", de Peter Heller.",https://www.youtube.com/watch?v=JZHY6oGCO58,CIENCIA FICCION,
Cineplanet Costanera Center,SPIDER-MAN: UN NUEVO DIA,2026-09-02,16:20,2D,doblada,145,TE +7,https://cdn.apis.cineplanet.cl/CDN/media/entity/get/FilmPosterGraphic/HO00001843?referenceScheme=HeadOffice&allowPlaceHolder=true,https://www.cineplanet.cl/peliculas/spider-man-un-nuevo-dia,"Han pasado cuatro años desde los acontecimientos de No Way Home, y Peter es ahora un adulto que vive completamente solo, habiéndose borrado voluntariamente de las vidas y recuerdos de aquellos a quienes ama. Lucha contra el crimen en un Nueva York que ya no conoce su nombre, se ha dedicado por completo a proteger su ciudad -un Spider-Man de tiempo completo- pero a medida que las exigencias sobre él se intensifican, la presión desata una sorprendente evolución física que amenaza su existencia, aun cuando un nuevo y extraño patrón de crímenes da lugar a una de las amenazas más poderosas que jamás haya enfrentado.",https://www.youtube.com/watch?v=3B1_P2h7v2k,ACCION,
Cineplanet Costanera Center,LA NOCHE DEL DEMONIO: ESTÁN ENTRE NOSOTROS,2026-09-02,16:50,"2D, XTREME",doblada,106,+14,https://cdn.apis.cineplanet.cl/CDN/media/entity/get/FilmPosterGraphic/HO00001857?referenceScheme=HeadOffice&allowPlaceHolder=true,https://www.cineplanet.cl/peliculas/la-noche-del-demonio-estn-entre-nosotros,"Gemma, una joven madre que cría a su hija en la casa en la que creció, descubre que puede viajar a The Further, donde posee la capacidad de traer lo que allí vive de vuelta al mundo real.",https://www.youtube.com/watch?v=fuxeEUqCNac,TERROR,
Cineplanet Costanera Center,PAPI RICKY: LA PELÍCULA,2026-09-02,17:10,2D,doblada,104,TE +7,https://cdn.apis.cineplanet.cl/CDN/media/entity/get/FilmPosterGraphic/HO00001900?referenceScheme=HeadOffice&allowPlaceHolder=true,https://www.cineplanet.cl/peliculas/papi-ricky-la-pelcula,"La película retoma la historia de Alicia, quien vuelve a Chile para presentar a su futuro esposo, un joven español hípster y excéntrico que representa la modernidad. Sin embargo, su llegada provoca un verdadero terremoto familiar: el choque con el conservador Papi Ricky y la irreverente Catrala hará que ambos padres dejen atrás antiguas diferencias para unirse en un objetivo común: impedir la boda de su hija.",https://youtu.be/Nr17OlZAkBc?si=FPiN8DOfV6jCR5MI,COMEDIA,
Cineplanet Costanera Center,HARRY POTTER Y LA PIEDRA FILOSOFAL (2001),2026-09-02,17:20,2D,doblada,166,TE +7,https://cdn.apis.cineplanet.cl/CDN/media/entity/get/FilmPosterGraphic/HO00001895?referenceScheme=HeadOffice&allowPlaceHolder=true,https://www.cineplanet.cl/peliculas/harry-potter-y-la-piedra-filosofal-2001,"El día en que cumple once años, Harry Potter se entera de que es hijo de dos destacados hechiceros, de los que ha heredado poderes mágicos. En la escuela Hogwarts de Magia y Hechicería, donde se educa con otros niños que también tienen poderes especiales, aprenderá todo lo necesario para ser mago.",,AVENTURA,
Cineplanet Costanera Center,LA NOCHE DEL DEMONIO: ESTÁN ENTRE NOSOTROS,2026-09-02,17:30,"2D, PRIME",subtitulada,106,+14,https://cdn.apis.cineplanet.cl/CDN/media/entity/get/FilmPosterGraphic/HO00001857?referenceScheme=HeadOffice&allowPlaceHolder=true,https://www.cineplanet.cl/peliculas/la-noche-del-demonio-estn-entre-nosotros,"Gemma, una joven madre que cría a su hija en la casa en la que creció, descubre que puede viajar a The Further, donde posee la capacidad de traer lo que allí vive de vuelta al mundo real.",https://www.youtube.com/watch?v=fuxeEUqCNac,TERROR,
Cineplanet Costanera Center,LA ODISEA,2026-09-02,17:40,2D,doblada,172,+14,https://cdn.apis.cineplanet.cl/CDN/media/entity/get/FilmPosterGraphic/HO00001834?referenceScheme=HeadOffice&allowPlaceHolder=true,https://www.cineplanet.cl/peliculas/la-odisea,"La siguiente película de Christopher Nolan, La Odisea, es una película de acción épica filmada alrededor del mundo usando nueva tecnología IMAX®. La película lleva la saga fundamental de Homero a las pantallas IMAX® por primera vez y estrena en cines en julio de 2026.",https://www.youtube.com/watch?v=8un_UztYsw0,ACCION,
Cineplanet Costanera Center,TOY STORY 5,2026-09-02,17:50,2D,doblada,102,TE,https://cdn.apis.cineplanet.cl/CDN/media/entity/get/FilmPosterGraphic/HO00001810?referenceScheme=HeadOffice&allowPlaceHolder=true,https://www.cineplanet.cl/peliculas/toy-story-5,"Los juguetes están de vuelta. Esta vez, Buzz Lightyear, Woody, Jessie y el resto de la pandilla se enfrentan a un nuevo reto cuando conocen a Lilypad, una nueva tablet que llega con sus propias ideas disruptivas sobre lo que es mejor para Bonnie. ¿Volverá a ser lo mismo la hora de jugar?",https://www.youtube.com/watch?v=s_qpMMkvHYE,ANIMACION,
Cineplanet Costanera Center,COYOTE VS ACME,2026-09-02,18:00,2D,doblada,103,TE,https://cdn.apis.cineplanet.cl/CDN/media/entity/get/FilmPosterGraphic/HO00001852?referenceScheme=HeadOffice&allowPlaceHolder=true,https://www.cineplanet.cl/peliculas/coyote-vs-acme,"Después de que todos los productos fabricados por ACME Corporation le salgan mal a Wile E. Coyote, en su persecución del Correcaminos, contrata a un abogado humano igualmente desafortunado para demandar a la empresa. Cuando el abogado de Wile E. descubre que el intimidante jefe de su antiguo bufete es el director general de ACME, se une a Wile E. para ganar el juicio contra él.",https://www.youtube.com/watch?v=V_ueAlyvn6A,FAMILIAR,
Cineplanet Costanera Center,SPIDER-MAN: UN NUEVO DIA,2026-09-02,18:20,2D,subtitulada,145,TE +7,https://cdn.apis.cineplanet.cl/CDN/media/entity/get/FilmPosterGraphic/HO00001843?referenceScheme=HeadOffice&allowPlaceHolder=true,https://www.cineplanet.cl/peliculas/spider-man-un-nuevo-dia,"Han pasado cuatro años desde los acontecimientos de No Way Home, y Peter es ahora un adulto que vive completamente solo, habiéndose borrado voluntariamente de las vidas y recuerdos de aquellos a quienes ama. Lucha contra el crimen en un Nueva York que ya no conoce su nombre, se ha dedicado por completo a proteger su ciudad -un Spider-Man de tiempo completo- pero a medida que las exigencias sobre él se intensifican, la presión desata una sorprendente evolución física que amenaza su existencia, aun cuando un nuevo y extraño patrón de crímenes da lugar a una de las amenazas más poderosas que jamás haya enfrentado.",https://www.youtube.com/watch?v=3B1_P2h7v2k,ACCION,
Cineplanet Costanera Center,JUAN GABRIEL: MI PRIMER BELLAS ARTES,2026-09-02,18:30,2D,doblada,110,TE +7,https://cdn.apis.cineplanet.cl/CDN/media/entity/get/FilmPosterGraphic/HO00001883?referenceScheme=HeadOffice&allowPlaceHolder=true,https://www.cineplanet.cl/peliculas/juan-gabriel-mi-primer-bellas-artes,"*Versión Sing Along* El concierto más icónico de México llega a la pantalla grande. A partir del 28 de agosto, con motivo del 10.º aniversario luctuoso de Juan Gabriel, disfruta del histórico primer concierto de Juan Gabriel en el Palacio de Bellas Artes en 1990, una noche que transformó para siempre la música en México. Más de tres décadas después, esta presentación legendaria revive en una nueva reedición especial para cines con imagen y audio restaurados, donde cada interpretación, cada aplauso y cada instante recuperan su esplendor para que nuevas generaciones y admiradores de siempre puedan disfrutar de este acontecimiento con una calidad nunca antes vista. Celebra el legado de Juan Gabriel y revive el espectáculo que marcó un antes y un después en la historia de la música mexicana, ahora como una experiencia cinematográfica única e inolvidable.",https://www.youtube.com/watch?v=zq9V3eaio2Y,CONCIERTO,
Cineplanet Costanera Center,COYOTE VS ACME,2026-09-02,19:00,"2D, PRIME",subtitulada,103,TE,https://cdn.apis.cineplanet.cl/CDN/media/entity/get/FilmPosterGraphic/HO00001852?referenceScheme=HeadOffice&allowPlaceHolder=true,https://www.cineplanet.cl/peliculas/coyote-vs-acme,"Después de que todos los productos fabricados por ACME Corporation le salgan mal a Wile E. Coyote, en su persecución del Correcaminos, contrata a un abogado humano igualmente desafortunado para demandar a la empresa. Cuando el abogado de Wile E. descubre que el intimidante jefe de su antiguo bufete es el director general de ACME, se une a Wile E. para ganar el juicio contra él.",https://www.youtube.com/watch?v=V_ueAlyvn6A,FAMILIAR,
Cineplanet Costanera Center,LA NOCHE DEL DEMONIO: ESTÁN ENTRE NOSOTROS,2026-09-02,19:10,"2D, XTREME",doblada,106,+14,https://cdn.apis.cineplanet.cl/CDN/media/entity/get/FilmPosterGraphic/HO00001857?referenceScheme=HeadOffice&allowPlaceHolder=true,https://www.cineplanet.cl/peliculas/la-noche-del-demonio-estn-entre-nosotros,"Gemma, una joven madre que cría a su hija en la casa en la que creció, descubre que puede viajar a The Further, donde posee la capacidad de traer lo que allí vive de vuelta al mundo real.",https://www.youtube.com/watch?v=fuxeEUqCNac,TERROR,
Cineplanet Costanera Center,SPIDER-MAN: UN NUEVO DIA,2026-09-02,19:20,2D,doblada,145,TE +7,https://cdn.apis.cineplanet.cl/CDN/media/entity/get/FilmPosterGraphic/HO00001843?referenceScheme=HeadOffice&allowPlaceHolder=true,https://www.cineplanet.cl/peliculas/spider-man-un-nuevo-dia,"Han pasado cuatro años desde los acontecimientos de No Way Home, y Peter es ahora un adulto que vive completamente solo, habiéndose borrado voluntariamente de las vidas y recuerdos de aquellos a quienes ama. Lucha contra el crimen en un Nueva York que ya no conoce su nombre, se ha dedicado por completo a proteger su ciudad -un Spider-Man de tiempo completo- pero a medida que las exigencias sobre él se intensifican, la presión desata una sorprendente evolución física que amenaza su existencia, aun cuando un nuevo y extraño patrón de crímenes da lugar a una de las amenazas más poderosas que jamás haya enfrentado.",https://www.youtube.com/watch?v=3B1_P2h7v2k,ACCION,
Cineplanet Costanera Center,PAPI RICKY: LA PELÍCULA,2026-09-02,19:30,2D,doblada,104,TE +7,https://cdn.apis.cineplanet.cl/CDN/media/entity/get/FilmPosterGraphic/HO00001900?referenceScheme=HeadOffice&allowPlaceHolder=true,https://www.cineplanet.cl/peliculas/papi-ricky-la-pelcula,"La película retoma la historia de Alicia, quien vuelve a Chile para presentar a su futuro esposo, un joven español hípster y excéntrico que representa la modernidad. Sin embargo, su llegada provoca un verdadero terremoto familiar: el choque con el conservador Papi Ricky y la irreverente Catrala hará que ambos padres dejen atrás antiguas diferencias para unirse en un objetivo común: impedir la boda de su hija.",https://youtu.be/Nr17OlZAkBc?si=FPiN8DOfV6jCR5MI,COMEDIA,
Cineplanet Costanera Center,PAPI RICKY: LA PELÍCULA,2026-09-02,20:00,"2D, PRIME",doblada,104,TE +7,https://cdn.apis.cineplanet.cl/CDN/media/entity/get/FilmPosterGraphic/HO00001900?referenceScheme=HeadOffice&allowPlaceHolder=true,https://www.cineplanet.cl/peliculas/papi-ricky-la-pelcula,"La película retoma la historia de Alicia, quien vuelve a Chile para presentar a su futuro esposo, un joven español hípster y excéntrico que representa la modernidad. Sin embargo, su llegada provoca un verdadero terremoto familiar: el choque con el conservador Papi Ricky y la irreverente Catrala hará que ambos padres dejen atrás antiguas diferencias para unirse en un objetivo común: impedir la boda de su hija.",https://youtu.be/Nr17OlZAkBc?si=FPiN8DOfV6jCR5MI,COMEDIA,
Cineplanet Costanera Center,KATY PERRY: THE LIFETIMES TOUR - LIVE FROM PARIS,2026-09-02,20:10,2D,subtitulada,132,,https://cdn.apis.cineplanet.cl/CDN/media/entity/get/FilmPosterGraphic/HO00001891?referenceScheme=HeadOffice&allowPlaceHolder=true,https://www.cineplanet.cl/peliculas/katy-perry-the-lifetimes-tour-live-from-paris,"Grabada en el icónico Accor Arena de París durante los conciertos con todas las entradas agotadas de la gira Lifetimes Tour en noviembre de 2025, Katy Perry: The Lifetimes Tour – Live From Paris captura uno de los mayores espectáculos en directo del pop en su mejor momento. Dirigida por el reconocido realizador de conciertos Paul Dugdale y filmada con más de 60 cámaras, la película ofrece una experiencia inmersiva que hace sentir al público como si estuviera en primera fila, mostrando toda la magnitud, la energía y el espectacular despliegue visual de la gira mundial de Katy Perry",https://youtu.be/1hap21-b8mg?si=02sE5WE4PUpM-uX2,CONCIERTO,
Cineplanet Costanera Center,LA GUERRA DE LOS ÚLTIMOS,2026-09-02,20:10,2D,subtitulada,118,,https://cdn.apis.cineplanet.cl/CDN/media/entity/get/FilmPosterGraphic/HO00001869?referenceScheme=HeadOffice&allowPlaceHolder=true,https://www.cineplanet.cl/peliculas/la-guerra-de-los-ltimos,"En un mundo postapocalíptico, un virus aniquila a prácticamente toda la humanidad. Los supervivientes se enfrentan a unos carroñeros errantes llamados ""Segadores"". El protagonista, Hig, un piloto, sobrevivió a la gripe pero perdió a su mujer. Adaptación de la aclamada novela ""La constelación del perro"", de Peter Heller.",https://www.youtube.com/watch?v=JZHY6oGCO58,CIENCIA FICCION,
Cineplanet Costanera Center,HARRY POTTER Y LA PIEDRA FILOSOFAL (2001),2026-09-02,20:40,2D,doblada,166,TE +7,https://cdn.apis.cineplanet.cl/CDN/media/entity/get/FilmPosterGraphic/HO00001895?referenceScheme=HeadOffice&allowPlaceHolder=true,https://www.cineplanet.cl/peliculas/harry-potter-y-la-piedra-filosofal-2001,"El día en que cumple once años, Harry Potter se entera de que es hijo de dos destacados hechiceros, de los que ha heredado poderes mágicos. En la escuela Hogwarts de Magia y Hechicería, donde se educa con otros niños que también tienen poderes especiales, aprenderá todo lo necesario para ser mago.",,AVENTURA,
Cineplanet Costanera Center,JUAN GABRIEL: MI PRIMER BELLAS ARTES,2026-09-02,20:50,2D,doblada,110,TE +7,https://cdn.apis.cineplanet.cl/CDN/media/entity/get/FilmPosterGraphic/HO00001883?referenceScheme=HeadOffice&allowPlaceHolder=true,https://www.cineplanet.cl/peliculas/juan-gabriel-mi-primer-bellas-artes,"*Versión Sing Along* El concierto más icónico de México llega a la pantalla grande. A partir del 28 de agosto, con motivo del 10.º aniversario luctuoso de Juan Gabriel, disfruta del histórico primer concierto de Juan Gabriel en el Palacio de Bellas Artes en 1990, una noche que transformó para siempre la música en México. Más de tres décadas después, esta presentación legendaria revive en una nueva reedición especial para cines con imagen y audio restaurados, donde cada interpretación, cada aplauso y cada instante recuperan su esplendor para que nuevas generaciones y admiradores de siempre puedan disfrutar de este acontecimiento con una calidad nunca antes vista. Celebra el legado de Juan Gabriel y revive el espectáculo que marcó un antes y un después en la historia de la música mexicana, ahora como una experiencia cinematográfica única e inolvidable.",https://www.youtube.com/watch?v=zq9V3eaio2Y,CONCIERTO,
Cineplanet Costanera Center,LA ODISEA,2026-09-02,21:10,2D,subtitulada,172,+14,https://cdn.apis.cineplanet.cl/CDN/media/entity/get/FilmPosterGraphic/HO00001834?referenceScheme=HeadOffice&allowPlaceHolder=true,https://www.cineplanet.cl/peliculas/la-odisea,"La siguiente película de Christopher Nolan, La Odisea, es una película de acción épica filmada alrededor del mundo usando nueva tecnología IMAX®. La película lleva la saga fundamental de Homero a las pantallas IMAX® por primera vez y estrena en cines en julio de 2026.",https://www.youtube.com/watch?v=8un_UztYsw0,ACCION,
Cineplanet Costanera Center,SPIDER-MAN: UN NUEVO DIA,2026-09-02,21:20,2D,subtitulada,145,TE +7,https://cdn.apis.cineplanet.cl/CDN/media/entity/get/FilmPosterGraphic/HO00001843?referenceScheme=HeadOffice&allowPlaceHolder=true,https://www.cineplanet.cl/peliculas/spider-man-un-nuevo-dia,"Han pasado cuatro años desde los acontecimientos de No Way Home, y Peter es ahora un adulto que vive completamente solo, habiéndose borrado voluntariamente de las vidas y recuerdos de aquellos a quienes ama. Lucha contra el crimen en un Nueva York que ya no conoce su nombre, se ha dedicado por completo a proteger su ciudad -un Spider-Man de tiempo completo- pero a medida que las exigencias sobre él se intensifican, la presión desata una sorprendente evolución física que amenaza su existencia, aun cuando un nuevo y extraño patrón de crímenes da lugar a una de las amenazas más poderosas que jamás haya enfrentado.",https://www.youtube.com/watch?v=3B1_P2h7v2k,ACCION,
Cineplanet Costanera Center,LA NOCHE DEL DEMONIO: ESTÁN ENTRE NOSOTROS,2026-09-02,21:30,"2D, XTREME",subtitulada,106,+14,https://cdn.apis.cineplanet.cl/CDN/media/entity/get/FilmPosterGraphic/HO00001857?referenceScheme=HeadOffice&allowPlaceHolder=true,https://www.cineplanet.cl/peliculas/la-noche-del-demonio-estn-entre-nosotros,"Gemma, una joven madre que cría a su hija en la casa en la que creció, descubre que puede viajar a The Further, donde posee la capacidad de traer lo que allí vive de vuelta al mundo real.",https://www.youtube.com/watch?v=fuxeEUqCNac,TERROR,
Cineplanet Costanera Center,LA ODISEA,2026-09-02,21:40,"2D, PRIME",subtitulada,172,+14,https://cdn.apis.cineplanet.cl/CDN/media/entity/get/FilmPosterGraphic/HO00001834?referenceScheme=HeadOffice&allowPlaceHolder=true,https://www.cineplanet.cl/peliculas/la-odisea,"La siguiente película de Christopher Nolan, La Odisea, es una película de acción épica filmada alrededor del mundo usando nueva tecnología IMAX®. La película lleva la saga fundamental de Homero a las pantallas IMAX® por primera vez y estrena en cines en julio de 2026.",https://www.youtube.com/watch?v=8un_UztYsw0,ACCION,
Cineplanet Costanera Center,EL FINAL DE LA CALLE OAK,2026-09-02,21:50,2D,subtitulada,99,+14,https://cdn.apis.cineplanet.cl/CDN/media/entity/get/FilmPosterGraphic/HO00001856?referenceScheme=HeadOffice&allowPlaceHolder=true,https://www.cineplanet.cl/peliculas/el-final-de-la-calle-oak,"Después de que un misterioso fenómeno cósmico arranque Oak Street de su entorno suburbano y transporte a sus habitantes a un lugar desconocido, la familia Platt pronto descubre que su propia supervivencia depende de que permanezcan unidos mientras se orientan en un entorno que ya no reconocen.",https://www.youtube.com/watch?v=kdrry0xfHzA,CIENCIA FICCION,
Cineplanet Costanera Center,SPIDER-MAN: UN NUEVO DIA,2026-09-02,22:20,2D,doblada,145,TE +7,https://cdn.apis.cineplanet.cl/CDN/media/entity/get/FilmPosterGraphic/HO00001843?referenceScheme=HeadOffice&allowPlaceHolder=true,https://www.cineplanet.cl/peliculas/spider-man-un-nuevo-dia,"Han pasado cuatro años desde los acontecimientos de No Way Home, y Peter es ahora un adulto que vive completamente solo, habiéndose borrado voluntariamente de las vidas y recuerdos de aquellos a quienes ama. Lucha contra el crimen en un Nueva York que ya no conoce su nombre, se ha dedicado por completo a proteger su ciudad -un Spider-Man de tiempo completo- pero a medida que las exigencias sobre él se intensifican, la presión desata una sorprendente evolución física que amenaza su existencia, aun cuando un nuevo y extraño patrón de crímenes da lugar a una de las amenazas más poderosas que jamás haya enfrentado.",https://www.youtube.com/watch?v=3B1_P2h7v2k,ACCION,
Cineplanet Costanera Center,LA NOCHE DEL DEMONIO: ESTÁN ENTRE NOSOTROS,2026-09-02,22:30,"2D, PRIME",subtitulada,106,+14,https://cdn.apis.cineplanet.cl/CDN/media/entity/get/FilmPosterGraphic/HO00001857?referenceScheme=HeadOffice&allowPlaceHolder=true,https://www.cineplanet.cl/peliculas/la-noche-del-demonio-estn-entre-nosotros,"Gemma, una joven madre que cría a su hija en la casa en la que creció, descubre que puede viajar a The Further, donde posee la capacidad de traer lo que allí vive de vuelta al mundo real.",https://www.youtube.com/watch?v=fuxeEUqCNac,TERROR,
Cineplanet Costanera Center,EL FINAL DE LA CALLE OAK,2026-09-02,22:40,2D,doblada,99,+14,https://cdn.apis.cineplanet.cl/CDN/media/entity/get/FilmPosterGraphic/HO00001856?referenceScheme=HeadOffice&allowPlaceHolder=true,https://www.cineplanet.cl/peliculas/el-final-de-la-calle-oak,"Después de que un misterioso fenómeno cósmico arranque Oak Street de su entorno suburbano y transporte a sus habitantes a un lugar desconocido, la familia Platt pronto descubre que su propia supervivencia depende de que permanezcan unidos mientras se orientan en un entorno que ya no reconocen.",https://www.youtube.com/watch?v=kdrry0xfHzA,CIENCIA FICCION,
Cineplanet Costanera Center,COYOTE VS ACME,2026-09-02,22:50,2D,subtitulada,103,TE,https://cdn.apis.cineplanet.cl/CDN/media/entity/get/FilmPosterGraphic/HO00001852?referenceScheme=HeadOffice&allowPlaceHolder=true,https://www.cineplanet.cl/peliculas/coyote-vs-acme,"Después de que todos los productos fabricados por ACME Corporation le salgan mal a Wile E. Coyote, en su persecución del Correcaminos, contrata a un abogado humano igualmente desafortunado para demandar a la empresa. Cuando el abogado de Wile E. descubre que el intimidante jefe de su antiguo bufete es el director general de ACME, se une a Wile E. para ganar el juicio contra él.",https://www.youtube.com/watch?v=V_ueAlyvn6A,FAMILIAR,
Cineplanet Costanera Center,PUELLA MAGI MADOKA MAGICA: LA PELÍCULA PARTE 1,2026-09-03,19:10,2D,subtitulada,130,+14,https://cdn.apis.cineplanet.cl/CDN/media/entity/get/FilmPosterGraphic/HO00001928?referenceScheme=HeadOffice&allowPlaceHolder=true,https://www.cineplanet.cl/peliculas/puella-magi-madoka-magica-la-pelcula-parte-1,"¡Descubre Madoka Magica, el fenómeno que revolucionó el género de las chicas mágicas, en el cine! Madoka Kaname recibe de la misteriosa criatura Kyubey la oportunidad de cumplir cualquier deseo a cambio de convertirse en una chica mágica para combatir a las aterradoras brujas. Homura Akemi, una enigmática estudiante, hará todo lo posible por impedir que acepte el contrato. Vive en la pantalla grande el inicio de un ícono de la animación japonesa.",https://www.youtube.com/watch?v=E38FCQwJn1U,ANIME,
Cineplanet Costanera Center,KATY PERRY: THE LIFETIMES TOUR - LIVE FROM PARIS,2026-09-05,15:50,2D,subtitulada,132,,https://cdn.apis.cineplanet.cl/CDN/media/entity/get/FilmPosterGraphic/HO00001891?referenceScheme=HeadOffice&allowPlaceHolder=true,https://www.cineplanet.cl/peliculas/katy-perry-the-lifetimes-tour-live-from-paris,"Grabada en el icónico Accor Arena de París durante los conciertos con todas las entradas agotadas de la gira Lifetimes Tour en noviembre de 2025, Katy Perry: The Lifetimes Tour – Live From Paris captura uno de los mayores espectáculos en directo del pop en su mejor momento. Dirigida por el reconocido realizador de conciertos Paul Dugdale y filmada con más de 60 cámaras, la película ofrece una experiencia inmersiva que hace sentir al público como si estuviera en primera fila, mostrando toda la magnitud, la energía y el espectacular despliegue visual de la gira mundial de Katy Perry",https://youtu.be/1hap21-b8mg?si=02sE5WE4PUpM-uX2,CONCIERTO,
Cineplanet Florida Center,LA NOCHE DEL DEMONIO: ESTÁN ENTRE NOSOTROS,2026-09-01,18:00,2D,doblada,106,+14,https://cdn.apis.cineplanet.cl/CDN/media/entity/get/FilmPosterGraphic/HO00001857?referenceScheme=HeadOffice&allowPlaceHolder=true,https://www.cineplanet.cl/peliculas/la-noche-del-demonio-estn-entre-nosotros,"Gemma, una joven madre que cría a su hija en la casa en la que creció, descubre que puede viajar a The Further, donde posee la capacidad de traer lo que allí vive de vuelta al mundo real.",https://www.youtube.com/watch?v=fuxeEUqCNac,TERROR,
Cineplanet Florida Center,SPIDER-MAN: UN NUEVO DIA,2026-09-01,18:10,2D,doblada,145,TE +7,https://cdn.apis.cineplanet.cl/CDN/media/entity/get/FilmPosterGraphic/HO00001843?referenceScheme=HeadOffice&allowPlaceHolder=true,https://www.cineplanet.cl/peliculas/spider-man-un-nuevo-dia,"Han pasado cuatro años desde los acontecimientos de No Way Home, y Peter es ahora un adulto que vive completamente solo, habiéndose borrado voluntariamente de las vidas y recuerdos de aquellos a quienes ama. Lucha contra el crimen en un Nueva York que ya no conoce su nombre, se ha dedicado por completo a proteger su ciudad -un Spider-Man de tiempo completo- pero a medida que las exigencias sobre él se intensifican, la presión desata una sorprendente evolución física que amenaza su existencia, aun cuando un nuevo y extraño patrón de crímenes da lugar a una de las amenazas más poderosas que jamás haya enfrentado.",https://www.youtube.com/watch?v=3B1_P2h7v2k,ACCION,
Cineplanet Florida Center,JUAN GABRIEL: MI PRIMER BELLAS ARTES,2026-09-01,18:20,2D,doblada,110,TE +7,https://cdn.apis.cineplanet.cl/CDN/media/entity/get/FilmPosterGraphic/HO00001883?referenceScheme=HeadOffice&allowPlaceHolder=true,https://www.cineplanet.cl/peliculas/juan-gabriel-mi-primer-bellas-artes,"*Versión Sing Along* El concierto más icónico de México llega a la pantalla grande. A partir del 28 de agosto, con motivo del 10.º aniversario luctuoso de Juan Gabriel, disfruta del histórico primer concierto de Juan Gabriel en el Palacio de Bellas Artes en 1990, una noche que transformó para siempre la música en México. Más de tres décadas después, esta presentación legendaria revive en una nueva reedición especial para cines con imagen y audio restaurados, donde cada interpretación, cada aplauso y cada instante recuperan su esplendor para que nuevas generaciones y admiradores de siempre puedan disfrutar de este acontecimiento con una calidad nunca antes vista. Celebra el legado de Juan Gabriel y revive el espectáculo que marcó un antes y un después en la historia de la música mexicana, ahora como una experiencia cinematográfica única e inolvidable.",https://www.youtube.com/watch?v=zq9V3eaio2Y,CONCIERTO,
Cineplanet Florida Center,COYOTE VS ACME,2026-09-01,18:30,"2D, PRIME",subtitulada,103,TE,https://cdn.apis.cineplanet.cl/CDN/media/entity/get/FilmPosterGraphic/HO00001852?referenceScheme=HeadOffice&allowPlaceHolder=true,https://www.cineplanet.cl/peliculas/coyote-vs-acme,"Después de que todos los productos fabricados por ACME Corporation le salgan mal a Wile E. Coyote, en su persecución del Correcaminos, contrata a un abogado humano igualmente desafortunado para demandar a la empresa. Cuando el abogado de Wile E. descubre que el intimidante jefe de su antiguo bufete es el director general de ACME, se une a Wile E. para ganar el juicio contra él.",https://www.youtube.com/watch?v=V_ueAlyvn6A,FAMILIAR,
Cineplanet Florida Center,PAPI RICKY: LA PELÍCULA,2026-09-01,19:00,2D,doblada,104,TE +7,https://cdn.apis.cineplanet.cl/CDN/media/entity/get/FilmPosterGraphic/HO00001900?referenceScheme=HeadOffice&allowPlaceHolder=true,https://www.cineplanet.cl/peliculas/papi-ricky-la-pelcula,"La película retoma la historia de Alicia, quien vuelve a Chile para presentar a su futuro esposo, un joven español hípster y excéntrico que representa la modernidad. Sin embargo, su llegada provoca un verdadero terremoto familiar: el choque con el conservador Papi Ricky y la irreverente Catrala hará que ambos padres dejen atrás antiguas diferencias para unirse en un objetivo común: impedir la boda de su hija.",https://youtu.be/Nr17OlZAkBc?si=FPiN8DOfV6jCR5MI,COMEDIA,
Cineplanet Florida Center,SPIDER-MAN: UN NUEVO DIA,2026-09-01,19:10,2D,doblada,145,TE +7,https://cdn.apis.cineplanet.cl/CDN/media/entity/get/FilmPosterGraphic/HO00001843?referenceScheme=HeadOffice&allowPlaceHolder=true,https://www.cineplanet.cl/peliculas/spider-man-un-nuevo-dia,"Han pasado cuatro años desde los acontecimientos de No Way Home, y Peter es ahora un adulto que vive completamente solo, habiéndose borrado voluntariamente de las vidas y recuerdos de aquellos a quienes ama. Lucha contra el crimen en un Nueva York que ya no conoce su nombre, se ha dedicado por completo a proteger su ciudad -un Spider-Man de tiempo completo- pero a medida que las exigencias sobre él se intensifican, la presión desata una sorprendente evolución física que amenaza su existencia, aun cuando un nuevo y extraño patrón de crímenes da lugar a una de las amenazas más poderosas que jamás haya enfrentado.",https://www.youtube.com/watch?v=3B1_P2h7v2k,ACCION,
Cineplanet Florida Center,COYOTE VS ACME,2026-09-01,19:20,2D,doblada,103,TE,https://cdn.apis.cineplanet.cl/CDN/media/entity/get/FilmPosterGraphic/HO00001852?referenceScheme=HeadOffice&allowPlaceHolder=true,https://www.cineplanet.cl/peliculas/coyote-vs-acme,"Después de que todos los productos fabricados por ACME Corporation le salgan mal a Wile E. Coyote, en su persecución del Correcaminos, contrata a un abogado humano igualmente desafortunado para demandar a la empresa. Cuando el abogado de Wile E. descubre que el intimidante jefe de su antiguo bufete es el director general de ACME, se une a Wile E. para ganar el juicio contra él.",https://www.youtube.com/watch?v=V_ueAlyvn6A,FAMILIAR,
Cineplanet Florida Center,LA GUERRA DE LOS ÚLTIMOS,2026-09-01,19:30,2D,doblada,118,,https://cdn.apis.cineplanet.cl/CDN/media/entity/get/FilmPosterGraphic/HO00001869?referenceScheme=HeadOffice&allowPlaceHolder=true,https://www.cineplanet.cl/peliculas/la-guerra-de-los-ltimos,"En un mundo postapocalíptico, un virus aniquila a prácticamente toda la humanidad. Los supervivientes se enfrentan a unos carroñeros errantes llamados ""Segadores"". El protagonista, Hig, un piloto, sobrevivió a la gripe pero perdió a su mujer. Adaptación de la aclamada novela ""La constelación del perro"", de Peter Heller.",https://www.youtube.com/watch?v=JZHY6oGCO58,CIENCIA FICCION,
Cineplanet Florida Center,LA ODISEA,2026-09-01,19:40,"2D, PRIME",doblada,172,+14,https://cdn.apis.cineplanet.cl/CDN/media/entity/get/FilmPosterGraphic/HO00001834?referenceScheme=HeadOffice&allowPlaceHolder=true,https://www.cineplanet.cl/peliculas/la-odisea,"La siguiente película de Christopher Nolan, La Odisea, es una película de acción épica filmada alrededor del mundo usando nueva tecnología IMAX®. La película lleva la saga fundamental de Homero a las pantallas IMAX® por primera vez y estrena en cines en julio de 2026.",https://www.youtube.com/watch?v=8un_UztYsw0,ACCION,
Cineplanet Florida Center,EL FINAL DE LA CALLE OAK,2026-09-01,20:00,2D,doblada,99,+14,https://cdn.apis.cineplanet.cl/CDN/media/entity/get/FilmPosterGraphic/HO00001856?referenceScheme=HeadOffice&allowPlaceHolder=true,https://www.cineplanet.cl/peliculas/el-final-de-la-calle-oak,"Después de que un misterioso fenómeno cósmico arranque Oak Street de su entorno suburbano y transporte a sus habitantes a un lugar desconocido, la familia Platt pronto descubre que su propia supervivencia depende de que permanezcan unidos mientras se orientan en un entorno que ya no reconocen.",https://www.youtube.com/watch?v=kdrry0xfHzA,CIENCIA FICCION,
Cineplanet Florida Center,LA NOCHE DEL DEMONIO: ESTÁN ENTRE NOSOTROS,2026-09-01,20:20,2D,doblada,106,+14,https://cdn.apis.cineplanet.cl/CDN/media/entity/get/FilmPosterGraphic/HO00001857?referenceScheme=HeadOffice&allowPlaceHolder=true,https://www.cineplanet.cl/peliculas/la-noche-del-demonio-estn-entre-nosotros,"Gemma, una joven madre que cría a su hija en la casa en la que creció, descubre que puede viajar a The Further, donde posee la capacidad de traer lo que allí vive de vuelta al mundo real.",https://www.youtube.com/watch?v=fuxeEUqCNac,TERROR,
Cineplanet Florida Center,HARRY POTTER Y LA PIEDRA FILOSOFAL (2001),2026-09-01,20:30,2D,doblada,166,TE +7,https://cdn.apis.cineplanet.cl/CDN/media/entity/get/FilmPosterGraphic/HO00001895?referenceScheme=HeadOffice&allowPlaceHolder=true,https://www.cineplanet.cl/peliculas/harry-potter-y-la-piedra-filosofal-2001,"El día en que cumple once años, Harry Potter se entera de que es hijo de dos destacados hechiceros, de los que ha heredado poderes mágicos. En la escuela Hogwarts de Magia y Hechicería, donde se educa con otros niños que también tienen poderes especiales, aprenderá todo lo necesario para ser mago.",,AVENTURA,
Cineplanet Florida Center,LA ODISEA,2026-09-01,20:40,2D,subtitulada,172,+14,https://cdn.apis.cineplanet.cl/CDN/media/entity/get/FilmPosterGraphic/HO00001834?referenceScheme=HeadOffice&allowPlaceHolder=true,https://www.cineplanet.cl/peliculas/la-odisea,"La siguiente película de Christopher Nolan, La Odisea, es una película de acción épica filmada alrededor del mundo usando nueva tecnología IMAX®. La película lleva la saga fundamental de Homero a las pantallas IMAX® por primera vez y estrena en cines en julio de 2026.",https://www.youtube.com/watch?v=8un_UztYsw0,ACCION,
Cineplanet Florida Center,JUAN GABRIEL: MI PRIMER BELLAS ARTES,2026-09-01,20:50,"2D, PRIME",doblada,110,TE +7,https://cdn.apis.cineplanet.cl/CDN/media/entity/get/FilmPosterGraphic/HO00001883?referenceScheme=HeadOffice&allowPlaceHolder=true,https://www.cineplanet.cl/peliculas/juan-gabriel-mi-primer-bellas-artes,"*Versión Sing Along* El concierto más icónico de México llega a la pantalla grande. A partir del 28 de agosto, con motivo del 10.º aniversario luctuoso de Juan Gabriel, disfruta del histórico primer concierto de Juan Gabriel en el Palacio de Bellas Artes en 1990, una noche que transformó para siempre la música en México. Más de tres décadas después, esta presentación legendaria revive en una nueva reedición especial para cines con imagen y audio restaurados, donde cada interpretación, cada aplauso y cada instante recuperan su esplendor para que nuevas generaciones y admiradores de siempre puedan disfrutar de este acontecimiento con una calidad nunca antes vista. Celebra el legado de Juan Gabriel y revive el espectáculo que marcó un antes y un después en la historia de la música mexicana, ahora como una experiencia cinematográfica única e inolvidable.",https://www.youtube.com/watch?v=zq9V3eaio2Y,CONCIERTO,
Cineplanet Florida Center,COYOTE VS ACME,2026-09-01,21:00,2D,doblada,103,TE,https://cdn.apis.cineplanet.cl/CDN/media/entity/get/FilmPosterGraphic/HO00001852?referenceScheme=HeadOffice&allowPlaceHolder=true,https://www.cineplanet.cl/peliculas/coyote-vs-acme,"Después de que todos los productos fabricados por ACME Corporation le salgan mal a Wile E. Coyote, en su persecución del Correcaminos, contrata a un abogado humano igualmente desafortunado para demandar a la empresa. Cuando el abogado de Wile E. descubre que el intimidante jefe de su antiguo bufete es el director general de ACME, se une a Wile E. para ganar el juicio contra él.",https://www.youtube.com/watch?v=V_ueAlyvn6A,FAMILIAR,
Cineplanet Florida Center,SPIDER-MAN: UN NUEVO DIA,2026-09-01,21:10,2D,doblada,145,TE +7,https://cdn.apis.cineplanet.cl/CDN/media/entity/get/FilmPosterGraphic/HO00001843?referenceScheme=HeadOffice&allowPlaceHolder=true,https://www.cineplanet.cl/peliculas/spider-man-un-nuevo-dia,"Han pasado cuatro años desde los acontecimientos de No Way Home, y Peter es ahora un adulto que vive completamente solo, habiéndose borrado voluntariamente de las vidas y recuerdos de aquellos a quienes ama. Lucha contra el crimen en un Nueva York que ya no conoce su nombre, se ha dedicado por completo a proteger su ciudad -un Spider-Man de tiempo completo- pero a medida que las exigencias sobre él se intensifican, la presión desata una sorprendente evolución física que amenaza su existencia, aun cuando un nuevo y extraño patrón de crímenes da lugar a una de las amenazas más poderosas que jamás haya enfrentado.",https://www.youtube.com/watch?v=3B1_P2h7v2k,ACCION,
Cineplanet Florida Center,PAPI RICKY: LA PELÍCULA,2026-09-01,21:20,2D,doblada,104,TE +7,https://cdn.apis.cineplanet.cl/CDN/media/entity/get/FilmPosterGraphic/HO00001900?referenceScheme=HeadOffice&allowPlaceHolder=true,https://www.cineplanet.cl/peliculas/papi-ricky-la-pelcula,"La película retoma la historia de Alicia, quien vuelve a Chile para presentar a su futuro esposo, un joven español hípster y excéntrico que representa la modernidad. Sin embargo, su llegada provoca un verdadero terremoto familiar: el choque con el conservador Papi Ricky y la irreverente Catrala hará que ambos padres dejen atrás antiguas diferencias para unirse en un objetivo común: impedir la boda de su hija.",https://youtu.be/Nr17OlZAkBc?si=FPiN8DOfV6jCR5MI,COMEDIA,
Cineplanet Florida Center,LA NOCHE DEL DEMONIO: ESTÁN ENTRE NOSOTROS,2026-09-01,21:40,2D,subtitulada,106,+14,https://cdn.apis.cineplanet.cl/CDN/media/entity/get/FilmPosterGraphic/HO00001857?referenceScheme=HeadOffice&allowPlaceHolder=true,https://www.cineplanet.cl/peliculas/la-noche-del-demonio-estn-entre-nosotros,"Gemma, una joven madre que cría a su hija en la casa en la que creció, descubre que puede viajar a The Further, donde posee la capacidad de traer lo que allí vive de vuelta al mundo real.",https://www.youtube.com/watch?v=fuxeEUqCNac,TERROR,
Cineplanet Florida Center,LA GUERRA DE LOS ÚLTIMOS,2026-09-01,22:00,2D,subtitulada,118,,https://cdn.apis.cineplanet.cl/CDN/media/entity/get/FilmPosterGraphic/HO00001869?referenceScheme=HeadOffice&allowPlaceHolder=true,https://www.cineplanet.cl/peliculas/la-guerra-de-los-ltimos,"En un mundo postapocalíptico, un virus aniquila a prácticamente toda la humanidad. Los supervivientes se enfrentan a unos carroñeros errantes llamados ""Segadores"". El protagonista, Hig, un piloto, sobrevivió a la gripe pero perdió a su mujer. Adaptación de la aclamada novela ""La constelación del perro"", de Peter Heller.",https://www.youtube.com/watch?v=JZHY6oGCO58,CIENCIA FICCION,
Cineplanet Florida Center,SPIDER-MAN: UN NUEVO DIA,2026-09-01,22:10,2D,doblada,145,TE +7,https://cdn.apis.cineplanet.cl/CDN/media/entity/get/FilmPosterGraphic/HO00001843?referenceScheme=HeadOffice&allowPlaceHolder=true,https://www.cineplanet.cl/peliculas/spider-man-un-nuevo-dia,"Han pasado cuatro años desde los acontecimientos de No Way Home, y Peter es ahora un adulto que vive completamente solo, habiéndose borrado voluntariamente de las vidas y recuerdos de aquellos a quienes ama. Lucha contra el crimen en un Nueva York que ya no conoce su nombre, se ha dedicado por completo a proteger su ciudad -un Spider-Man de tiempo completo- pero a medida que las exigencias sobre él se intensifican, la presión desata una sorprendente evolución física que amenaza su existencia, aun cuando un nuevo y extraño patrón de crímenes da lugar a una de las amenazas más poderosas que jamás haya enfrentado.",https://www.youtube.com/watch?v=3B1_P2h7v2k,ACCION,
Cineplanet Florida Center,EL FINAL DE LA CALLE OAK,2026-09-01,22:20,2D,doblada,99,+14,https://cdn.apis.cineplanet.cl/CDN/media/entity/get/FilmPosterGraphic/HO00001856?referenceScheme=HeadOffice&allowPlaceHolder=true,https://www.cineplanet.cl/peliculas/el-final-de-la-calle-oak,"Después de que un misterioso fenómeno cósmico arranque Oak Street de su entorno suburbano y transporte a sus habitantes a un lugar desconocido, la familia Platt pronto descubre que su propia supervivencia depende de que permanezcan unidos mientras se orientan en un entorno que ya no reconocen.",https://www.youtube.com/watch?v=kdrry0xfHzA,CIENCIA FICCION,
Cineplanet Florida Center,LA NOCHE DEL DEMONIO: ESTÁN ENTRE NOSOTROS,2026-09-01,22:40,2D,doblada,106,+14,https://cdn.apis.cineplanet.cl/CDN/media/entity/get/FilmPosterGraphic/HO00001857?referenceScheme=HeadOffice&allowPlaceHolder=true,https://www.cineplanet.cl/peliculas/la-noche-del-demonio-estn-entre-nosotros,"Gemma, una joven madre que cría a su hija en la casa en la que creció, descubre que puede viajar a The Further, donde posee la capacidad de traer lo que allí vive de vuelta al mundo real.",https://www.youtube.com/watch?v=fuxeEUqCNac,TERROR,
Cineplanet Florida Center,TOY STORY 5,2026-09-02,13:05,2D,doblada,102,TE,https://cdn.apis.cineplanet.cl/CDN/media/entity/get/FilmPosterGraphic/HO00001810?referenceScheme=HeadOffice&allowPlaceHolder=true,https://www.cineplanet.cl/peliculas/toy-story-5,"Los juguetes están de vuelta. Esta vez, Buzz Lightyear, Woody, Jessie y el resto de la pandilla se enfrentan a un nuevo reto cuando conocen a Lilypad, una nueva tablet que llega con sus propias ideas disruptivas sobre lo que es mejor para Bonnie. ¿Volverá a ser lo mismo la hora de jugar?",https://www.youtube.com/watch?v=s_qpMMkvHYE,ANIMACION,
Cineplanet Florida Center,LA NOCHE DEL DEMONIO: ESTÁN ENTRE NOSOTROS,2026-09-02,13:20,2D,doblada,106,+14,https://cdn.apis.cineplanet.cl/CDN/media/entity/get/FilmPosterGraphic/HO00001857?referenceScheme=HeadOffice&allowPlaceHolder=true,https://www.cineplanet.cl/peliculas/la-noche-del-demonio-estn-entre-nosotros,"Gemma, una joven madre que cría a su hija en la casa en la que creció, descubre que puede viajar a The Further, donde posee la capacidad de traer lo que allí vive de vuelta al mundo real.",https://www.youtube.com/watch?v=fuxeEUqCNac,TERROR,
Cineplanet Florida Center,SPIDER-MAN: UN NUEVO DIA,2026-09-02,13:30,2D,doblada,145,TE +7,https://cdn.apis.cineplanet.cl/CDN/media/entity/get/FilmPosterGraphic/HO00001843?referenceScheme=HeadOffice&allowPlaceHolder=true,https://www.cineplanet.cl/peliculas/spider-man-un-nuevo-dia,"Han pasado cuatro años desde los acontecimientos de No Way Home, y Peter es ahora un adulto que vive completamente solo, habiéndose borrado voluntariamente de las vidas y recuerdos de aquellos a quienes ama. Lucha contra el crimen en un Nueva York que ya no conoce su nombre, se ha dedicado por completo a proteger su ciudad -un Spider-Man de tiempo completo- pero a medida que las exigencias sobre él se intensifican, la presión desata una sorprendente evolución física que amenaza su existencia, aun cuando un nuevo y extraño patrón de crímenes da lugar a una de las amenazas más poderosas que jamás haya enfrentado.",https://www.youtube.com/watch?v=3B1_P2h7v2k,ACCION,
Cineplanet Florida Center,JUAN GABRIEL: MI PRIMER BELLAS ARTES,2026-09-02,13:40,2D,doblada,110,TE +7,https://cdn.apis.cineplanet.cl/CDN/media/entity/get/FilmPosterGraphic/HO00001883?referenceScheme=HeadOffice&allowPlaceHolder=true,https://www.cineplanet.cl/peliculas/juan-gabriel-mi-primer-bellas-artes,"*Versión Sing Along* El concierto más icónico de México llega a la pantalla grande. A partir del 28 de agosto, con motivo del 10.º aniversario luctuoso de Juan Gabriel, disfruta del histórico primer concierto de Juan Gabriel en el Palacio de Bellas Artes en 1990, una noche que transformó para siempre la música en México. Más de tres décadas después, esta presentación legendaria revive en una nueva reedición especial para cines con imagen y audio restaurados, donde cada interpretación, cada aplauso y cada instante recuperan su esplendor para que nuevas generaciones y admiradores de siempre puedan disfrutar de este acontecimiento con una calidad nunca antes vista. Celebra el legado de Juan Gabriel y revive el espectáculo que marcó un antes y un después en la historia de la música mexicana, ahora como una experiencia cinematográfica única e inolvidable.",https://www.youtube.com/watch?v=zq9V3eaio2Y,CONCIERTO,
Cineplanet Florida Center,COYOTE VS ACME,2026-09-02,13:45,"2D, PRIME",doblada,103,TE,https://cdn.apis.cineplanet.cl/CDN/media/entity/get/FilmPosterGraphic/HO00001852?referenceScheme=HeadOffice&allowPlaceHolder=true,https://www.cineplanet.cl/peliculas/coyote-vs-acme,"Después de que todos los productos fabricados por ACME Corporation le salgan mal a Wile E. Coyote, en su persecución del Correcaminos, contrata a un abogado humano igualmente desafortunado para demandar a la empresa. Cuando el abogado de Wile E. descubre que el intimidante jefe de su antiguo bufete es el director general de ACME, se une a Wile E. para ganar el juicio contra él.",https://www.youtube.com/watch?v=V_ueAlyvn6A,FAMILIAR,
Cineplanet Florida Center,HARRY POTTER Y LA PIEDRA FILOSOFAL (2001),2026-09-02,13:50,2D,doblada,166,TE +7,https://cdn.apis.cineplanet.cl/CDN/media/entity/get/FilmPosterGraphic/HO00001895?referenceScheme=HeadOffice&allowPlaceHolder=true,https://www.cineplanet.cl/peliculas/harry-potter-y-la-piedra-filosofal-2001,"El día en que cumple once años, Harry Potter se entera de que es hijo de dos destacados hechiceros, de los que ha heredado poderes mágicos. En la escuela Hogwarts de Magia y Hechicería, donde se educa con otros niños que también tienen poderes especiales, aprenderá todo lo necesario para ser mago.",,AVENTURA,
Cineplanet Florida Center,LA ODISEA,2026-09-02,14:00,2D,doblada,172,+14,https://cdn.apis.cineplanet.cl/CDN/media/entity/get/FilmPosterGraphic/HO00001834?referenceScheme=HeadOffice&allowPlaceHolder=true,https://www.cineplanet.cl/peliculas/la-odisea,"La siguiente película de Christopher Nolan, La Odisea, es una película de acción épica filmada alrededor del mundo usando nueva tecnología IMAX®. La película lleva la saga fundamental de Homero a las pantallas IMAX® por primera vez y estrena en cines en julio de 2026.",https://www.youtube.com/watch?v=8un_UztYsw0,ACCION,
Cineplanet Florida Center,PAW PATROL: LA DINO PELÍCULA,2026-09-02,14:10,2D,doblada,88,TE,https://cdn.apis.cineplanet.cl/CDN/media/entity/get/FilmPosterGraphic/HO00001868?referenceScheme=HeadOffice&allowPlaceHolder=true,https://www.cineplanet.cl/peliculas/paw-patrol-la-dino-pelcula,"Después de que su barco quedara atrapado en una misteriosa tormenta, los cachorros de la Patrulla Canina aterrizan de emergencia en una isla tropical inexplorada llena de dinosaurios. Allí conocen a Rex, un cachorro que lleva años abandonado en la isla y se ha convertido en un experto en todo lo relacionado con los dinosaurios. Cuando el archienemigo de la Patrulla Canina, el alcalde Humdinger, comienza a explotar minas de forma imprudente con la esperanza de saquear los recursos naturales de la isla, provoca sin querer la erupción de un enorme volcán inactivo. Los cachorros de la Patrulla Canina se ven envueltos en una serie de rescates de alto riesgo y a escala de dinosaurio, más grandes que cualquier cosa que hayan hecho antes, ya que deben detener a Humdinger antes de que todo en la isla se extinga.",,ANIMACION,
Cineplanet Florida Center,PAPI RICKY: LA PELÍCULA,2026-09-02,14:30,2D,doblada,104,TE +7,https://cdn.apis.cineplanet.cl/CDN/media/entity/get/FilmPosterGraphic/HO00001900?referenceScheme=HeadOffice&allowPlaceHolder=true,https://www.cineplanet.cl/peliculas/papi-ricky-la-pelcula,"La película retoma la historia de Alicia, quien vuelve a Chile para presentar a su futuro esposo, un joven español hípster y excéntrico que representa la modernidad. Sin embargo, su llegada provoca un verdadero terremoto familiar: el choque con el conservador Papi Ricky y la irreverente Catrala hará que ambos padres dejen atrás antiguas diferencias para unirse en un objetivo común: impedir la boda de su hija.",https://youtu.be/Nr17OlZAkBc?si=FPiN8DOfV6jCR5MI,COMEDIA,
Cineplanet Florida Center,COYOTE VS ACME,2026-09-02,14:40,2D,doblada,103,TE,https://cdn.apis.cineplanet.cl/CDN/media/entity/get/FilmPosterGraphic/HO00001852?referenceScheme=HeadOffice&allowPlaceHolder=true,https://www.cineplanet.cl/peliculas/coyote-vs-acme,"Después de que todos los productos fabricados por ACME Corporation le salgan mal a Wile E. Coyote, en su persecución del Correcaminos, contrata a un abogado humano igualmente desafortunado para demandar a la empresa. Cuando el abogado de Wile E. descubre que el intimidante jefe de su antiguo bufete es el director general de ACME, se une a Wile E. para ganar el juicio contra él.",https://www.youtube.com/watch?v=V_ueAlyvn6A,FAMILIAR,
Cineplanet Florida Center,PAPI RICKY: LA PELÍCULA,2026-09-02,15:00,"2D, PRIME",doblada,104,TE +7,https://cdn.apis.cineplanet.cl/CDN/media/entity/get/FilmPosterGraphic/HO00001900?referenceScheme=HeadOffice&allowPlaceHolder=true,https://www.cineplanet.cl/peliculas/papi-ricky-la-pelcula,"La película retoma la historia de Alicia, quien vuelve a Chile para presentar a su futuro esposo, un joven español hípster y excéntrico que representa la modernidad. Sin embargo, su llegada provoca un verdadero terremoto familiar: el choque con el conservador Papi Ricky y la irreverente Catrala hará que ambos padres dejen atrás antiguas diferencias para unirse en un objetivo común: impedir la boda de su hija.",https://youtu.be/Nr17OlZAkBc?si=FPiN8DOfV6jCR5MI,COMEDIA,
Cineplanet Florida Center,SPIDER-MAN: UN NUEVO DIA,2026-09-02,15:10,2D,doblada,145,TE +7,https://cdn.apis.cineplanet.cl/CDN/media/entity/get/FilmPosterGraphic/HO00001843?referenceScheme=HeadOffice&allowPlaceHolder=true,https://www.cineplanet.cl/peliculas/spider-man-un-nuevo-dia,"Han pasado cuatro años desde los acontecimientos de No Way Home, y Peter es ahora un adulto que vive completamente solo, habiéndose borrado voluntariamente de las vidas y recuerdos de aquellos a quienes ama. Lucha contra el crimen en un Nueva York que ya no conoce su nombre, se ha dedicado por completo a proteger su ciudad -un Spider-Man de tiempo completo- pero a medida que las exigencias sobre él se intensifican, la presión desata una sorprendente evolución física que amenaza su existencia, aun cuando un nuevo y extraño patrón de crímenes da lugar a una de las amenazas más poderosas que jamás haya enfrentado.",https://www.youtube.com/watch?v=3B1_P2h7v2k,ACCION,
Cineplanet Florida Center,TOY STORY 5,2026-09-02,15:20,2D,doblada,102,TE,https://cdn.apis.cineplanet.cl/CDN/media/entity/get/FilmPosterGraphic/HO00001810?referenceScheme=HeadOffice&allowPlaceHolder=true,https://www.cineplanet.cl/peliculas/toy-story-5,"Los juguetes están de vuelta. Esta vez, Buzz Lightyear, Woody, Jessie y el resto de la pandilla se enfrentan a un nuevo reto cuando conocen a Lilypad, una nueva tablet que llega con sus propias ideas disruptivas sobre lo que es mejor para Bonnie. ¿Volverá a ser lo mismo la hora de jugar?",https://www.youtube.com/watch?v=s_qpMMkvHYE,ANIMACION,
Cineplanet Florida Center,LA NOCHE DEL DEMONIO: ESTÁN ENTRE NOSOTROS,2026-09-02,15:40,2D,doblada,106,+14,https://cdn.apis.cineplanet.cl/CDN/media/entity/get/FilmPosterGraphic/HO00001857?referenceScheme=HeadOffice&allowPlaceHolder=true,https://www.cineplanet.cl/peliculas/la-noche-del-demonio-estn-entre-nosotros,"Gemma, una joven madre que cría a su hija en la casa en la que creció, descubre que puede viajar a The Further, donde posee la capacidad de traer lo que allí vive de vuelta al mundo real.",https://www.youtube.com/watch?v=fuxeEUqCNac,TERROR,
Cineplanet Florida Center,JUAN GABRIEL: MI PRIMER BELLAS ARTES,2026-09-02,16:00,2D,doblada,110,TE +7,https://cdn.apis.cineplanet.cl/CDN/media/entity/get/FilmPosterGraphic/HO00001883?referenceScheme=HeadOffice&allowPlaceHolder=true,https://www.cineplanet.cl/peliculas/juan-gabriel-mi-primer-bellas-artes,"*Versión Sing Along* El concierto más icónico de México llega a la pantalla grande. A partir del 28 de agosto, con motivo del 10.º aniversario luctuoso de Juan Gabriel, disfruta del histórico primer concierto de Juan Gabriel en el Palacio de Bellas Artes en 1990, una noche que transformó para siempre la música en México. Más de tres décadas después, esta presentación legendaria revive en una nueva reedición especial para cines con imagen y audio restaurados, donde cada interpretación, cada aplauso y cada instante recuperan su esplendor para que nuevas generaciones y admiradores de siempre puedan disfrutar de este acontecimiento con una calidad nunca antes vista. Celebra el legado de Juan Gabriel y revive el espectáculo que marcó un antes y un después en la historia de la música mexicana, ahora como una experiencia cinematográfica única e inolvidable.",https://www.youtube.com/watch?v=zq9V3eaio2Y,CONCIERTO,
Cineplanet Florida Center,SPIDER-MAN: UN NUEVO DIA,2026-09-02,16:10,2D,doblada,145,TE +7,https://cdn.apis.cineplanet.cl/CDN/media/entity/get/FilmPosterGraphic/HO00001843?referenceScheme=HeadOffice&allowPlaceHolder=true,https://www.cineplanet.cl/peliculas/spider-man-un-nuevo-dia,"Han pasado cuatro años desde los acontecimientos de No Way Home, y Peter es ahora un adulto que vive completamente solo, habiéndose borrado voluntariamente de las vidas y recuerdos de aquellos a quienes ama. Lucha contra el crimen en un Nueva York que ya no conoce su nombre, se ha dedicado por completo a proteger su ciudad -un Spider-Man de tiempo completo- pero a medida que las exigencias sobre él se intensifican, la presión desata una sorprendente evolución física que amenaza su existencia, aun cuando un nuevo y extraño patrón de crímenes da lugar a una de las amenazas más poderosas que jamás haya enfrentado.",https://www.youtube.com/watch?v=3B1_P2h7v2k,ACCION,
Cineplanet Florida Center,COYOTE VS ACME,2026-09-02,16:15,"2D, PRIME",doblada,103,TE,https://cdn.apis.cineplanet.cl/CDN/media/entity/get/FilmPosterGraphic/HO00001852?referenceScheme=HeadOffice&allowPlaceHolder=true,https://www.cineplanet.cl/peliculas/coyote-vs-acme,"Después de que todos los productos fabricados por ACME Corporation le salgan mal a Wile E. Coyote, en su persecución del Correcaminos, contrata a un abogado humano igualmente desafortunado para demandar a la empresa. Cuando el abogado de Wile E. descubre que el intimidante jefe de su antiguo bufete es el director general de ACME, se une a Wile E. para ganar el juicio contra él.",https://www.youtube.com/watch?v=V_ueAlyvn6A,FAMILIAR,
Cineplanet Florida Center,PAPI RICKY: LA PELÍCULA,2026-09-02,16:40,2D,doblada,104,TE +7,https://cdn.apis.cineplanet.cl/CDN/media/entity/get/FilmPosterGraphic/HO00001900?referenceScheme=HeadOffice&allowPlaceHolder=true,https://www.cineplanet.cl/peliculas/papi-ricky-la-pelcula,"La película retoma la historia de Alicia, quien vuelve a Chile para presentar a su futuro esposo, un joven español hípster y excéntrico que representa la modernidad. Sin embargo, su llegada provoca un verdadero terremoto familiar: el choque con el conservador Papi Ricky y la irreverente Catrala hará que ambos padres dejen atrás antiguas diferencias para unirse en un objetivo común: impedir la boda de su hija.",https://youtu.be/Nr17OlZAkBc?si=FPiN8DOfV6jCR5MI,COMEDIA,
Cineplanet Florida Center,COYOTE VS ACME,2026-09-02,17:00,2D,doblada,103,TE,https://cdn.apis.cineplanet.cl/CDN/media/entity/get/FilmPosterGraphic/HO00001852?referenceScheme=HeadOffice&allowPlaceHolder=true,https://www.cineplanet.cl/peliculas/coyote-vs-acme,"Después de que todos los productos fabricados por ACME Corporation le salgan mal a Wile E. Coyote, en su persecución del Correcaminos, contrata a un abogado humano igualmente desafortunado para demandar a la empresa. Cuando el abogado de Wile E. descubre que el intimidante jefe de su antiguo bufete es el director general de ACME, se une a Wile E. para ganar el juicio contra él.",https://www.youtube.com/watch?v=V_ueAlyvn6A,FAMILIAR,
Cineplanet Florida Center,LA GUERRA DE LOS ÚLTIMOS,2026-09-02,17:00,2D,doblada,118,,https://cdn.apis.cineplanet.cl/CDN/media/entity/get/FilmPosterGraphic/HO00001869?referenceScheme=HeadOffice&allowPlaceHolder=true,https://www.cineplanet.cl/peliculas/la-guerra-de-los-ltimos,"En un mundo postapocalíptico, un virus aniquila a prácticamente toda la humanidad. Los supervivientes se enfrentan a unos carroñeros errantes llamados ""Segadores"". El protagonista, Hig, un piloto, sobrevivió a la gripe pero perdió a su mujer. Adaptación de la aclamada novela ""La constelación del perro"", de Peter Heller.",https://www.youtube.com/watch?v=JZHY6oGCO58,CIENCIA FICCION,
Cineplanet Florida Center,HARRY POTTER Y LA PIEDRA FILOSOFAL (2001),2026-09-02,17:10,2D,subtitulada,166,TE +7,https://cdn.apis.cineplanet.cl/CDN/media/entity/get/FilmPosterGraphic/HO00001895?referenceScheme=HeadOffice&allowPlaceHolder=true,https://www.cineplanet.cl/peliculas/harry-potter-y-la-piedra-filosofal-2001,"El día en que cumple once años, Harry Potter se entera de que es hijo de dos destacados hechiceros, de los que ha heredado poderes mágicos. En la escuela Hogwarts de Magia y Hechicería, donde se educa con otros niños que también tienen poderes especiales, aprenderá todo lo necesario para ser mago.",,AVENTURA,
Cineplanet Florida Center,JUAN GABRIEL: MI PRIMER BELLAS ARTES,2026-09-02,17:20,"2D, PRIME",doblada,110,TE +7,https://cdn.apis.cineplanet.cl/CDN/media/entity/get/FilmPosterGraphic/HO00001883?referenceScheme=HeadOffice&allowPlaceHolder=true,https://www.cineplanet.cl/peliculas/juan-gabriel-mi-primer-bellas-artes,"*Versión Sing Along* El concierto más icónico de México llega a la pantalla grande. A partir del 28 de agosto, con motivo del 10.º aniversario luctuoso de Juan Gabriel, disfruta del histórico primer concierto de Juan Gabriel en el Palacio de Bellas Artes en 1990, una noche que transformó para siempre la música en México. Más de tres décadas después, esta presentación legendaria revive en una nueva reedición especial para cines con imagen y audio restaurados, donde cada interpretación, cada aplauso y cada instante recuperan su esplendor para que nuevas generaciones y admiradores de siempre puedan disfrutar de este acontecimiento con una calidad nunca antes vista. Celebra el legado de Juan Gabriel y revive el espectáculo que marcó un antes y un después en la historia de la música mexicana, ahora como una experiencia cinematográfica única e inolvidable.",https://www.youtube.com/watch?v=zq9V3eaio2Y,CONCIERTO,
Cineplanet Florida Center,LA ODISEA,2026-09-02,17:30,2D,doblada,172,+14,https://cdn.apis.cineplanet.cl/CDN/media/entity/get/FilmPosterGraphic/HO00001834?referenceScheme=HeadOffice&allowPlaceHolder=true,https://www.cineplanet.cl/peliculas/la-odisea,"La siguiente película de Christopher Nolan, La Odisea, es una película de acción épica filmada alrededor del mundo usando nueva tecnología IMAX®. La película lleva la saga fundamental de Homero a las pantallas IMAX® por primera vez y estrena en cines en julio de 2026.",https://www.youtube.com/watch?v=8un_UztYsw0,ACCION,
Cineplanet Florida Center,EL FINAL DE LA CALLE OAK,2026-09-02,17:40,2D,doblada,99,+14,https://cdn.apis.cineplanet.cl/CDN/media/entity/get/FilmPosterGraphic/HO00001856?referenceScheme=HeadOffice&allowPlaceHolder=true,https://www.cineplanet.cl/peliculas/el-final-de-la-calle-oak,"Después de que un misterioso fenómeno cósmico arranque Oak Street de su entorno suburbano y transporte a sus habitantes a un lugar desconocido, la familia Platt pronto descubre que su propia supervivencia depende de que permanezcan unidos mientras se orientan en un entorno que ya no reconocen.",https://www.youtube.com/watch?v=kdrry0xfHzA,CIENCIA FICCION,
Cineplanet Florida Center,LA NOCHE DEL DEMONIO: ESTÁN ENTRE NOSOTROS,2026-09-02,18:00,2D,doblada,106,+14,https://cdn.apis.cineplanet.cl/CDN/media/entity/get/FilmPosterGraphic/HO00001857?referenceScheme=HeadOffice&allowPlaceHolder=true,https://www.cineplanet.cl/peliculas/la-noche-del-demonio-estn-entre-nosotros,"Gemma, una joven madre que cría a su hija en la casa en la que creció, descubre que puede viajar a The Further, donde posee la capacidad de traer lo que allí vive de vuelta al mundo real.",https://www.youtube.com/watch?v=fuxeEUqCNac,TERROR,
Cineplanet Florida Center,SPIDER-MAN: UN NUEVO DIA,2026-09-02,18:10,2D,doblada,145,TE +7,https://cdn.apis.cineplanet.cl/CDN/media/entity/get/FilmPosterGraphic/HO00001843?referenceScheme=HeadOffice&allowPlaceHolder=true,https://www.cineplanet.cl/peliculas/spider-man-un-nuevo-dia,"Han pasado cuatro años desde los acontecimientos de No Way Home, y Peter es ahora un adulto que vive completamente solo, habiéndose borrado voluntariamente de las vidas y recuerdos de aquellos a quienes ama. Lucha contra el crimen en un Nueva York que ya no conoce su nombre, se ha dedicado por completo a proteger su ciudad -un Spider-Man de tiempo completo- pero a medida que las exigencias sobre él se intensifican, la presión desata una sorprendente evolución física que amenaza su existencia, aun cuando un nuevo y extraño patrón de crímenes da lugar a una de las amenazas más poderosas que jamás haya enfrentado.",https://www.youtube.com/watch?v=3B1_P2h7v2k,ACCION,
Cineplanet Florida Center,JUAN GABRIEL: MI PRIMER BELLAS ARTES,2026-09-02,18:20,2D,doblada,110,TE +7,https://cdn.apis.cineplanet.cl/CDN/media/entity/get/FilmPosterGraphic/HO00001883?referenceScheme=HeadOffice&allowPlaceHolder=true,https://www.cineplanet.cl/peliculas/juan-gabriel-mi-primer-bellas-artes,"*Versión Sing Along* El concierto más icónico de México llega a la pantalla grande. A partir del 28 de agosto, con motivo del 10.º aniversario luctuoso de Juan Gabriel, disfruta del histórico primer concierto de Juan Gabriel en el Palacio de Bellas Artes en 1990, una noche que transformó para siempre la música en México. Más de tres décadas después, esta presentación legendaria revive en una nueva reedición especial para cines con imagen y audio restaurados, donde cada interpretación, cada aplauso y cada instante recuperan su esplendor para que nuevas generaciones y admiradores de siempre puedan disfrutar de este acontecimiento con una calidad nunca antes vista. Celebra el legado de Juan Gabriel y revive el espectáculo que marcó un antes y un después en la historia de la música mexicana, ahora como una experiencia cinematográfica única e inolvidable.",https://www.youtube.com/watch?v=zq9V3eaio2Y,CONCIERTO,
Cineplanet Florida Center,COYOTE VS ACME,2026-09-02,18:30,"2D, PRIME",subtitulada,103,TE,https://cdn.apis.cineplanet.cl/CDN/media/entity/get/FilmPosterGraphic/HO00001852?referenceScheme=HeadOffice&allowPlaceHolder=true,https://www.cineplanet.cl/peliculas/coyote-vs-acme,"Después de que todos los productos fabricados por ACME Corporation le salgan mal a Wile E. Coyote, en su persecución del Correcaminos, contrata a un abogado humano igualmente desafortunado para demandar a la empresa. Cuando el abogado de Wile E. descubre que el intimidante jefe de su antiguo bufete es el director general de ACME, se une a Wile E. para ganar el juicio contra él.",https://www.youtube.com/watch?v=V_ueAlyvn6A,FAMILIAR,
Cineplanet Florida Center,PAPI RICKY: LA PELÍCULA,2026-09-02,19:00,2D,doblada,104,TE +7,https://cdn.apis.cineplanet.cl/CDN/media/entity/get/FilmPosterGraphic/HO00001900?referenceScheme=HeadOffice&allowPlaceHolder=true,https://www.cineplanet.cl/peliculas/papi-ricky-la-pelcula,"La película retoma la historia de Alicia, quien vuelve a Chile para presentar a su futuro esposo, un joven español hípster y excéntrico que representa la modernidad. Sin embargo, su llegada provoca un verdadero terremoto familiar: el choque con el conservador Papi Ricky y la irreverente Catrala hará que ambos padres dejen atrás antiguas diferencias para unirse en un objetivo común: impedir la boda de su hija.",https://youtu.be/Nr17OlZAkBc?si=FPiN8DOfV6jCR5MI,COMEDIA,
Cineplanet Florida Center,SPIDER-MAN: UN NUEVO DIA,2026-09-02,19:10,2D,doblada,145,TE +7,https://cdn.apis.cineplanet.cl/CDN/media/entity/get/FilmPosterGraphic/HO00001843?referenceScheme=HeadOffice&allowPlaceHolder=true,https://www.cineplanet.cl/peliculas/spider-man-un-nuevo-dia,"Han pasado cuatro años desde los acontecimientos de No Way Home, y Peter es ahora un adulto que vive completamente solo, habiéndose borrado voluntariamente de las vidas y recuerdos de aquellos a quienes ama. Lucha contra el crimen en un Nueva York que ya no conoce su nombre, se ha dedicado por completo a proteger su ciudad -un Spider-Man de tiempo completo- pero a medida que las exigencias sobre él se intensifican, la presión desata una sorprendente evolución física que amenaza su existencia, aun cuando un nuevo y extraño patrón de crímenes da lugar a una de las amenazas más poderosas que jamás haya enfrentado.",https://www.youtube.com/watch?v=3B1_P2h7v2k,ACCION,
Cineplanet Florida Center,COYOTE VS ACME,2026-09-02,19:20,2D,doblada,103,TE,https://cdn.apis.cineplanet.cl/CDN/media/entity/get/FilmPosterGraphic/HO00001852?referenceScheme=HeadOffice&allowPlaceHolder=true,https://www.cineplanet.cl/peliculas/coyote-vs-acme,"Después de que todos los productos fabricados por ACME Corporation le salgan mal a Wile E. Coyote, en su persecución del Correcaminos, contrata a un abogado humano igualmente desafortunado para demandar a la empresa. Cuando el abogado de Wile E. descubre que el intimidante jefe de su antiguo bufete es el director general de ACME, se une a Wile E. para ganar el juicio contra él.",https://www.youtube.com/watch?v=V_ueAlyvn6A,FAMILIAR,
Cineplanet Florida Center,LA GUERRA DE LOS ÚLTIMOS,2026-09-02,19:30,2D,doblada,118,,https://cdn.apis.cineplanet.cl/CDN/media/entity/get/FilmPosterGraphic/HO00001869?referenceScheme=HeadOffice&allowPlaceHolder=true,https://www.cineplanet.cl/peliculas/la-guerra-de-los-ltimos,"En un mundo postapocalíptico, un virus aniquila a prácticamente toda la humanidad. Los supervivientes se enfrentan a unos carroñeros errantes llamados ""Segadores"". El protagonista, Hig, un piloto, sobrevivió a la gripe pero perdió a su mujer. Adaptación de la aclamada novela ""La constelación del perro"", de Peter Heller.",https://www.youtube.com/watch?v=JZHY6oGCO58,CIENCIA FICCION,
Cineplanet Florida Center,LA ODISEA,2026-09-02,19:40,"2D, PRIME",doblada,172,+14,https://cdn.apis.cineplanet.cl/CDN/media/entity/get/FilmPosterGraphic/HO00001834?referenceScheme=HeadOffice&allowPlaceHolder=true,https://www.cineplanet.cl/peliculas/la-odisea,"La siguiente película de Christopher Nolan, La Odisea, es una película de acción épica filmada alrededor del mundo usando nueva tecnología IMAX®. La película lleva la saga fundamental de Homero a las pantallas IMAX® por primera vez y estrena en cines en julio de 2026.",https://www.youtube.com/watch?v=8un_UztYsw0,ACCION,
Cineplanet Florida Center,EL FINAL DE LA CALLE OAK,2026-09-02,20:00,2D,doblada,99,+14,https://cdn.apis.cineplanet.cl/CDN/media/entity/get/FilmPosterGraphic/HO00001856?referenceScheme=HeadOffice&allowPlaceHolder=true,https://www.cineplanet.cl/peliculas/el-final-de-la-calle-oak,"Después de que un misterioso fenómeno cósmico arranque Oak Street de su entorno suburbano y transporte a sus habitantes a un lugar desconocido, la familia Platt pronto descubre que su propia supervivencia depende de que permanezcan unidos mientras se orientan en un entorno que ya no reconocen.",https://www.youtube.com/watch?v=kdrry0xfHzA,CIENCIA FICCION,
Cineplanet Florida Center,LA NOCHE DEL DEMONIO: ESTÁN ENTRE NOSOTROS,2026-09-02,20:20,2D,doblada,106,+14,https://cdn.apis.cineplanet.cl/CDN/media/entity/get/FilmPosterGraphic/HO00001857?referenceScheme=HeadOffice&allowPlaceHolder=true,https://www.cineplanet.cl/peliculas/la-noche-del-demonio-estn-entre-nosotros,"Gemma, una joven madre que cría a su hija en la casa en la que creció, descubre que puede viajar a The Further, donde posee la capacidad de traer lo que allí vive de vuelta al mundo real.",https://www.youtube.com/watch?v=fuxeEUqCNac,TERROR,
Cineplanet Florida Center,HARRY POTTER Y LA PIEDRA FILOSOFAL (2001),2026-09-02,20:30,2D,doblada,166,TE +7,https://cdn.apis.cineplanet.cl/CDN/media/entity/get/FilmPosterGraphic/HO00001895?referenceScheme=HeadOffice&allowPlaceHolder=true,https://www.cineplanet.cl/peliculas/harry-potter-y-la-piedra-filosofal-2001,"El día en que cumple once años, Harry Potter se entera de que es hijo de dos destacados hechiceros, de los que ha heredado poderes mágicos. En la escuela Hogwarts de Magia y Hechicería, donde se educa con otros niños que también tienen poderes especiales, aprenderá todo lo necesario para ser mago.",,AVENTURA,
Cineplanet Florida Center,LA ODISEA,2026-09-02,20:40,2D,subtitulada,172,+14,https://cdn.apis.cineplanet.cl/CDN/media/entity/get/FilmPosterGraphic/HO00001834?referenceScheme=HeadOffice&allowPlaceHolder=true,https://www.cineplanet.cl/peliculas/la-odisea,"La siguiente película de Christopher Nolan, La Odisea, es una película de acción épica filmada alrededor del mundo usando nueva tecnología IMAX®. La película lleva la saga fundamental de Homero a las pantallas IMAX® por primera vez y estrena en cines en julio de 2026.",https://www.youtube.com/watch?v=8un_UztYsw0,ACCION,
Cineplanet Florida Center,JUAN GABRIEL: MI PRIMER BELLAS ARTES,2026-09-02,20:50,"2D, PRIME",doblada,110,TE +7,https://cdn.apis.cineplanet.cl/CDN/media/entity/get/FilmPosterGraphic/HO00001883?referenceScheme=HeadOffice&allowPlaceHolder=true,https://www.cineplanet.cl/peliculas/juan-gabriel-mi-primer-bellas-artes,"*Versión Sing Along* El concierto más icónico de México llega a la pantalla grande. A partir del 28 de agosto, con motivo del 10.º aniversario luctuoso de Juan Gabriel, disfruta del histórico primer concierto de Juan Gabriel en el Palacio de Bellas Artes en 1990, una noche que transformó para siempre la música en México. Más de tres décadas después, esta presentación legendaria revive en una nueva reedición especial para cines con imagen y audio restaurados, donde cada interpretación, cada aplauso y cada instante recuperan su esplendor para que nuevas generaciones y admiradores de siempre puedan disfrutar de este acontecimiento con una calidad nunca antes vista. Celebra el legado de Juan Gabriel y revive el espectáculo que marcó un antes y un después en la historia de la música mexicana, ahora como una experiencia cinematográfica única e inolvidable.",https://www.youtube.com/watch?v=zq9V3eaio2Y,CONCIERTO,
Cineplanet Florida Center,COYOTE VS ACME,2026-09-02,21:00,2D,doblada,103,TE,https://cdn.apis.cineplanet.cl/CDN/media/entity/get/FilmPosterGraphic/HO00001852?referenceScheme=HeadOffice&allowPlaceHolder=true,https://www.cineplanet.cl/peliculas/coyote-vs-acme,"Después de que todos los productos fabricados por ACME Corporation le salgan mal a Wile E. Coyote, en su persecución del Correcaminos, contrata a un abogado humano igualmente desafortunado para demandar a la empresa. Cuando el abogado de Wile E. descubre que el intimidante jefe de su antiguo bufete es el director general de ACME, se une a Wile E. para ganar el juicio contra él.",https://www.youtube.com/watch?v=V_ueAlyvn6A,FAMILIAR,
Cineplanet Florida Center,SPIDER-MAN: UN NUEVO DIA,2026-09-02,21:10,2D,doblada,145,TE +7,https://cdn.apis.cineplanet.cl/CDN/media/entity/get/FilmPosterGraphic/HO00001843?referenceScheme=HeadOffice&allowPlaceHolder=true,https://www.cineplanet.cl/peliculas/spider-man-un-nuevo-dia,"Han pasado cuatro años desde los acontecimientos de No Way Home, y Peter es ahora un adulto que vive completamente solo, habiéndose borrado voluntariamente de las vidas y recuerdos de aquellos a quienes ama. Lucha contra el crimen en un Nueva York que ya no conoce su nombre, se ha dedicado por completo a proteger su ciudad -un Spider-Man de tiempo completo- pero a medida que las exigencias sobre él se intensifican, la presión desata una sorprendente evolución física que amenaza su existencia, aun cuando un nuevo y extraño patrón de crímenes da lugar a una de las amenazas más poderosas que jamás haya enfrentado.",https://www.youtube.com/watch?v=3B1_P2h7v2k,ACCION,
Cineplanet Florida Center,PAPI RICKY: LA PELÍCULA,2026-09-02,21:20,2D,doblada,104,TE +7,https://cdn.apis.cineplanet.cl/CDN/media/entity/get/FilmPosterGraphic/HO00001900?referenceScheme=HeadOffice&allowPlaceHolder=true,https://www.cineplanet.cl/peliculas/papi-ricky-la-pelcula,"La película retoma la historia de Alicia, quien vuelve a Chile para presentar a su futuro esposo, un joven español hípster y excéntrico que representa la modernidad. Sin embargo, su llegada provoca un verdadero terremoto familiar: el choque con el conservador Papi Ricky y la irreverente Catrala hará que ambos padres dejen atrás antiguas diferencias para unirse en un objetivo común: impedir la boda de su hija.",https://youtu.be/Nr17OlZAkBc?si=FPiN8DOfV6jCR5MI,COMEDIA,
Cineplanet Florida Center,LA NOCHE DEL DEMONIO: ESTÁN ENTRE NOSOTROS,2026-09-02,21:40,2D,subtitulada,106,+14,https://cdn.apis.cineplanet.cl/CDN/media/entity/get/FilmPosterGraphic/HO00001857?referenceScheme=HeadOffice&allowPlaceHolder=true,https://www.cineplanet.cl/peliculas/la-noche-del-demonio-estn-entre-nosotros,"Gemma, una joven madre que cría a su hija en la casa en la que creció, descubre que puede viajar a The Further, donde posee la capacidad de traer lo que allí vive de vuelta al mundo real.",https://www.youtube.com/watch?v=fuxeEUqCNac,TERROR,
Cineplanet Florida Center,LA GUERRA DE LOS ÚLTIMOS,2026-09-02,22:00,2D,subtitulada,118,,https://cdn.apis.cineplanet.cl/CDN/media/entity/get/FilmPosterGraphic/HO00001869?referenceScheme=HeadOffice&allowPlaceHolder=true,https://www.cineplanet.cl/peliculas/la-guerra-de-los-ltimos,"En un mundo postapocalíptico, un virus aniquila a prácticamente toda la humanidad. Los supervivientes se enfrentan a unos carroñeros errantes llamados ""Segadores"". El protagonista, Hig, un piloto, sobrevivió a la gripe pero perdió a su mujer. Adaptación de la aclamada novela ""La constelación del perro"", de Peter Heller.",https://www.youtube.com/watch?v=JZHY6oGCO58,CIENCIA FICCION,
Cineplanet Florida Center,SPIDER-MAN: UN NUEVO DIA,2026-09-02,22:10,2D,doblada,145,TE +7,https://cdn.apis.cineplanet.cl/CDN/media/entity/get/FilmPosterGraphic/HO00001843?referenceScheme=HeadOffice&allowPlaceHolder=true,https://www.cineplanet.cl/peliculas/spider-man-un-nuevo-dia,"Han pasado cuatro años desde los acontecimientos de No Way Home, y Peter es ahora un adulto que vive completamente solo, habiéndose borrado voluntariamente de las vidas y recuerdos de aquellos a quienes ama. Lucha contra el crimen en un Nueva York que ya no conoce su nombre, se ha dedicado por completo a proteger su ciudad -un Spider-Man de tiempo completo- pero a medida que las exigencias sobre él se intensifican, la presión desata una sorprendente evolución física que amenaza su existencia, aun cuando un nuevo y extraño patrón de crímenes da lugar a una de las amenazas más poderosas que jamás haya enfrentado.",https://www.youtube.com/watch?v=3B1_P2h7v2k,ACCION,
Cineplanet Florida Center,KATY PERRY: THE LIFETIMES TOUR - LIVE FROM PARIS,2026-09-02,22:20,2D,subtitulada,132,,https://cdn.apis.cineplanet.cl/CDN/media/entity/get/FilmPosterGraphic/HO00001891?referenceScheme=HeadOffice&allowPlaceHolder=true,https://www.cineplanet.cl/peliculas/katy-perry-the-lifetimes-tour-live-from-paris,"Grabada en el icónico Accor Arena de París durante los conciertos con todas las entradas agotadas de la gira Lifetimes Tour en noviembre de 2025, Katy Perry: The Lifetimes Tour – Live From Paris captura uno de los mayores espectáculos en directo del pop en su mejor momento. Dirigida por el reconocido realizador de conciertos Paul Dugdale y filmada con más de 60 cámaras, la película ofrece una experiencia inmersiva que hace sentir al público como si estuviera en primera fila, mostrando toda la magnitud, la energía y el espectacular despliegue visual de la gira mundial de Katy Perry",https://youtu.be/1hap21-b8mg?si=02sE5WE4PUpM-uX2,CONCIERTO,
Cineplanet Florida Center,LA NOCHE DEL DEMONIO: ESTÁN ENTRE NOSOTROS,2026-09-02,22:40,2D,doblada,106,+14,https://cdn.apis.cineplanet.cl/CDN/media/entity/get/FilmPosterGraphic/HO00001857?referenceScheme=HeadOffice&allowPlaceHolder=true,https://www.cineplanet.cl/peliculas/la-noche-del-demonio-estn-entre-nosotros,"Gemma, una joven madre que cría a su hija en la casa en la que creció, descubre que puede viajar a The Further, donde posee la capacidad de traer lo que allí vive de vuelta al mundo real.",https://www.youtube.com/watch?v=fuxeEUqCNac,TERROR,
Cineplanet Florida Center,PUELLA MAGI MADOKA MAGICA: LA PELÍCULA PARTE 1,2026-09-03,19:00,2D,subtitulada,130,+14,https://cdn.apis.cineplanet.cl/CDN/media/entity/get/FilmPosterGraphic/HO00001928?referenceScheme=HeadOffice&allowPlaceHolder=true,https://www.cineplanet.cl/peliculas/puella-magi-madoka-magica-la-pelcula-parte-1,"¡Descubre Madoka Magica, el fenómeno que revolucionó el género de las chicas mágicas, en el cine! Madoka Kaname recibe de la misteriosa criatura Kyubey la oportunidad de cumplir cualquier deseo a cambio de convertirse en una chica mágica para combatir a las aterradoras brujas. Homura Akemi, una enigmática estudiante, hará todo lo posible por impedir que acepte el contrato. Vive en la pantalla grande el inicio de un ícono de la animación japonesa.",https://www.youtube.com/watch?v=E38FCQwJn1U,ANIME,
Cineplanet Mall Barrio Independencia,SPIDER-MAN: UN NUEVO DIA,2026-09-01,18:00,2D,doblada,145,TE +7,https://cdn.apis.cineplanet.cl/CDN/media/entity/get/FilmPosterGraphic/HO00001843?referenceScheme=HeadOffice&allowPlaceHolder=true,https://www.cineplanet.cl/peliculas/spider-man-un-nuevo-dia,"Han pasado cuatro años desde los acontecimientos de No Way Home, y Peter es ahora un adulto que vive completamente solo, habiéndose borrado voluntariamente de las vidas y recuerdos de aquellos a quienes ama. Lucha contra el crimen en un Nueva York que ya no conoce su nombre, se ha dedicado por completo a proteger su ciudad -un Spider-Man de tiempo completo- pero a medida que las exigencias sobre él se intensifican, la presión desata una sorprendente evolución física que amenaza su existencia, aun cuando un nuevo y extraño patrón de crímenes da lugar a una de las amenazas más poderosas que jamás haya enfrentado.",https://www.youtube.com/watch?v=3B1_P2h7v2k,ACCION,
Cineplanet Mall Barrio Independencia,JUAN GABRIEL: MI PRIMER BELLAS ARTES,2026-09-01,18:20,2D,doblada,110,TE +7,https://cdn.apis.cineplanet.cl/CDN/media/entity/get/FilmPosterGraphic/HO00001883?referenceScheme=HeadOffice&allowPlaceHolder=true,https://www.cineplanet.cl/peliculas/juan-gabriel-mi-primer-bellas-artes,"*Versión Sing Along* El concierto más icónico de México llega a la pantalla grande. A partir del 28 de agosto, con motivo del 10.º aniversario luctuoso de Juan Gabriel, disfruta del histórico primer concierto de Juan Gabriel en el Palacio de Bellas Artes en 1990, una noche que transformó para siempre la música en México. Más de tres décadas después, esta presentación legendaria revive en una nueva reedición especial para cines con imagen y audio restaurados, donde cada interpretación, cada aplauso y cada instante recuperan su esplendor para que nuevas generaciones y admiradores de siempre puedan disfrutar de este acontecimiento con una calidad nunca antes vista. Celebra el legado de Juan Gabriel y revive el espectáculo que marcó un antes y un después en la historia de la música mexicana, ahora como una experiencia cinematográfica única e inolvidable.",https://www.youtube.com/watch?v=zq9V3eaio2Y,CONCIERTO,
Cineplanet Mall Barrio Independencia,LA GUERRA DE LOS ÚLTIMOS,2026-09-01,18:40,2D,doblada,118,,https://cdn.apis.cineplanet.cl/CDN/media/entity/get/FilmPosterGraphic/HO00001869?referenceScheme=HeadOffice&allowPlaceHolder=true,https://www.cineplanet.cl/peliculas/la-guerra-de-los-ltimos,"En un mundo postapocalíptico, un virus aniquila a prácticamente toda la humanidad. Los supervivientes se enfrentan a unos carroñeros errantes llamados ""Segadores"". El protagonista, Hig, un piloto, sobrevivió a la gripe pero perdió a su mujer. Adaptación de la aclamada novela ""La constelación del perro"", de Peter Heller.",https://www.youtube.com/watch?v=JZHY6oGCO58,CIENCIA FICCION,
Cineplanet Mall Barrio Independencia,COYOTE VS ACME,2026-09-01,19:00,2D,doblada,103,TE,https://cdn.apis.cineplanet.cl/CDN/media/entity/get/FilmPosterGraphic/HO00001852?referenceScheme=HeadOffice&allowPlaceHolder=true,https://www.cineplanet.cl/peliculas/coyote-vs-acme,"Después de que todos los productos fabricados por ACME Corporation le salgan mal a Wile E. Coyote, en su persecución del Correcaminos, contrata a un abogado humano igualmente desafortunado para demandar a la empresa. Cuando el abogado de Wile E. descubre que el intimidante jefe de su antiguo bufete es el director general de ACME, se une a Wile E. para ganar el juicio contra él.",https://www.youtube.com/watch?v=V_ueAlyvn6A,FAMILIAR,
Cineplanet Mall Barrio Independencia,PAPI RICKY: LA PELÍCULA,2026-09-01,19:20,2D,doblada,104,TE +7,https://cdn.apis.cineplanet.cl/CDN/media/entity/get/FilmPosterGraphic/HO00001900?referenceScheme=HeadOffice&allowPlaceHolder=true,https://www.cineplanet.cl/peliculas/papi-ricky-la-pelcula,"La película retoma la historia de Alicia, quien vuelve a Chile para presentar a su futuro esposo, un joven español hípster y excéntrico que representa la modernidad. Sin embargo, su llegada provoca un verdadero terremoto familiar: el choque con el conservador Papi Ricky y la irreverente Catrala hará que ambos padres dejen atrás antiguas diferencias para unirse en un objetivo común: impedir la boda de su hija.",https://youtu.be/Nr17OlZAkBc?si=FPiN8DOfV6jCR5MI,COMEDIA,
Cineplanet Mall Barrio Independencia,LA NOCHE DEL DEMONIO: ESTÁN ENTRE NOSOTROS,2026-09-01,19:50,2D,doblada,106,+14,https://cdn.apis.cineplanet.cl/CDN/media/entity/get/FilmPosterGraphic/HO00001857?referenceScheme=HeadOffice&allowPlaceHolder=true,https://www.cineplanet.cl/peliculas/la-noche-del-demonio-estn-entre-nosotros,"Gemma, una joven madre que cría a su hija en la casa en la que creció, descubre que puede viajar a The Further, donde posee la capacidad de traer lo que allí vive de vuelta al mundo real.",https://www.youtube.com/watch?v=fuxeEUqCNac,TERROR,
Cineplanet Mall Barrio Independencia,SPIDER-MAN: UN NUEVO DIA,2026-09-01,20:10,2D,doblada,145,TE +7,https://cdn.apis.cineplanet.cl/CDN/media/entity/get/FilmPosterGraphic/HO00001843?referenceScheme=HeadOffice&allowPlaceHolder=true,https://www.cineplanet.cl/peliculas/spider-man-un-nuevo-dia,"Han pasado cuatro años desde los acontecimientos de No Way Home, y Peter es ahora un adulto que vive completamente solo, habiéndose borrado voluntariamente de las vidas y recuerdos de aquellos a quienes ama. Lucha contra el crimen en un Nueva York que ya no conoce su nombre, se ha dedicado por completo a proteger su ciudad -un Spider-Man de tiempo completo- pero a medida que las exigencias sobre él se intensifican, la presión desata una sorprendente evolución física que amenaza su existencia, aun cuando un nuevo y extraño patrón de crímenes da lugar a una de las amenazas más poderosas que jamás haya enfrentado.",https://www.youtube.com/watch?v=3B1_P2h7v2k,ACCION,
Cineplanet Mall Barrio Independencia,LA ODISEA,2026-09-01,20:30,2D,doblada,172,+14,https://cdn.apis.cineplanet.cl/CDN/media/entity/get/FilmPosterGraphic/HO00001834?referenceScheme=HeadOffice&allowPlaceHolder=true,https://www.cineplanet.cl/peliculas/la-odisea,"La siguiente película de Christopher Nolan, La Odisea, es una película de acción épica filmada alrededor del mundo usando nueva tecnología IMAX®. La película lleva la saga fundamental de Homero a las pantallas IMAX® por primera vez y estrena en cines en julio de 2026.",https://www.youtube.com/watch?v=8un_UztYsw0,ACCION,
Cineplanet Mall Barrio Independencia,PAPI RICKY: LA PELÍCULA,2026-09-01,20:50,2D,doblada,104,TE +7,https://cdn.apis.cineplanet.cl/CDN/media/entity/get/FilmPosterGraphic/HO00001900?referenceScheme=HeadOffice&allowPlaceHolder=true,https://www.cineplanet.cl/peliculas/papi-ricky-la-pelcula,"La película retoma la historia de Alicia, quien vuelve a Chile para presentar a su futuro esposo, un joven español hípster y excéntrico que representa la modernidad. Sin embargo, su llegada provoca un verdadero terremoto familiar: el choque con el conservador Papi Ricky y la irreverente Catrala hará que ambos padres dejen atrás antiguas diferencias para unirse en un objetivo común: impedir la boda de su hija.",https://youtu.be/Nr17OlZAkBc?si=FPiN8DOfV6jCR5MI,COMEDIA,
Cineplanet Mall Barrio Independencia,SPIDER-MAN: UN NUEVO DIA,2026-09-01,21:00,2D,doblada,145,TE +7,https://cdn.apis.cineplanet.cl/CDN/media/entity/get/FilmPosterGraphic/HO00001843?referenceScheme=HeadOffice&allowPlaceHolder=true,https://www.cineplanet.cl/peliculas/spider-man-un-nuevo-dia,"Han pasado cuatro años desde los acontecimientos de No Way Home, y Peter es ahora un adulto que vive completamente solo, habiéndose borrado voluntariamente de las vidas y recuerdos de aquellos a quienes ama. Lucha contra el crimen en un Nueva York que ya no conoce su nombre, se ha dedicado por completo a proteger su ciudad -un Spider-Man de tiempo completo- pero a medida que las exigencias sobre él se intensifican, la presión desata una sorprendente evolución física que amenaza su existencia, aun cuando un nuevo y extraño patrón de crímenes da lugar a una de las amenazas más poderosas que jamás haya enfrentado.",https://www.youtube.com/watch?v=3B1_P2h7v2k,ACCION,
Cineplanet Mall Barrio Independencia,LA GUERRA DE LOS ÚLTIMOS,2026-09-01,21:10,2D,doblada,118,,https://cdn.apis.cineplanet.cl/CDN/media/entity/get/FilmPosterGraphic/HO00001869?referenceScheme=HeadOffice&allowPlaceHolder=true,https://www.cineplanet.cl/peliculas/la-guerra-de-los-ltimos,"En un mundo postapocalíptico, un virus aniquila a prácticamente toda la humanidad. Los supervivientes se enfrentan a unos carroñeros errantes llamados ""Segadores"". El protagonista, Hig, un piloto, sobrevivió a la gripe pero perdió a su mujer. Adaptación de la aclamada novela ""La constelación del perro"", de Peter Heller.",https://www.youtube.com/watch?v=JZHY6oGCO58,CIENCIA FICCION,
Cineplanet Mall Barrio Independencia,COYOTE VS ACME,2026-09-01,21:20,2D,subtitulada,103,TE,https://cdn.apis.cineplanet.cl/CDN/media/entity/get/FilmPosterGraphic/HO00001852?referenceScheme=HeadOffice&allowPlaceHolder=true,https://www.cineplanet.cl/peliculas/coyote-vs-acme,"Después de que todos los productos fabricados por ACME Corporation le salgan mal a Wile E. Coyote, en su persecución del Correcaminos, contrata a un abogado humano igualmente desafortunado para demandar a la empresa. Cuando el abogado de Wile E. descubre que el intimidante jefe de su antiguo bufete es el director general de ACME, se une a Wile E. para ganar el juicio contra él.",https://www.youtube.com/watch?v=V_ueAlyvn6A,FAMILIAR,
Cineplanet Mall Barrio Independencia,PAPI RICKY: LA PELÍCULA,2026-09-01,21:40,2D,doblada,104,TE +7,https://cdn.apis.cineplanet.cl/CDN/media/entity/get/FilmPosterGraphic/HO00001900?referenceScheme=HeadOffice&allowPlaceHolder=true,https://www.cineplanet.cl/peliculas/papi-ricky-la-pelcula,"La película retoma la historia de Alicia, quien vuelve a Chile para presentar a su futuro esposo, un joven español hípster y excéntrico que representa la modernidad. Sin embargo, su llegada provoca un verdadero terremoto familiar: el choque con el conservador Papi Ricky y la irreverente Catrala hará que ambos padres dejen atrás antiguas diferencias para unirse en un objetivo común: impedir la boda de su hija.",https://youtu.be/Nr17OlZAkBc?si=FPiN8DOfV6jCR5MI,COMEDIA,
Cineplanet Mall Barrio Independencia,LA NOCHE DEL DEMONIO: ESTÁN ENTRE NOSOTROS,2026-09-01,22:10,2D,doblada,106,+14,https://cdn.apis.cineplanet.cl/CDN/media/entity/get/FilmPosterGraphic/HO00001857?referenceScheme=HeadOffice&allowPlaceHolder=true,https://www.cineplanet.cl/peliculas/la-noche-del-demonio-estn-entre-nosotros,"Gemma, una joven madre que cría a su hija en la casa en la que creció, descubre que puede viajar a The Further, donde posee la capacidad de traer lo que allí vive de vuelta al mundo real.",https://www.youtube.com/watch?v=fuxeEUqCNac,TERROR,
Cineplanet Mall Barrio Independencia,EL FINAL DE LA CALLE OAK,2026-09-02,13:00,2D,doblada,99,+14,https://cdn.apis.cineplanet.cl/CDN/media/entity/get/FilmPosterGraphic/HO00001856?referenceScheme=HeadOffice&allowPlaceHolder=true,https://www.cineplanet.cl/peliculas/el-final-de-la-calle-oak,"Después de que un misterioso fenómeno cósmico arranque Oak Street de su entorno suburbano y transporte a sus habitantes a un lugar desconocido, la familia Platt pronto descubre que su propia supervivencia depende de que permanezcan unidos mientras se orientan en un entorno que ya no reconocen.",https://www.youtube.com/watch?v=kdrry0xfHzA,CIENCIA FICCION,
Cineplanet Mall Barrio Independencia,PAW PATROL: LA DINO PELÍCULA,2026-09-02,13:05,2D,doblada,88,TE,https://cdn.apis.cineplanet.cl/CDN/media/entity/get/FilmPosterGraphic/HO00001868?referenceScheme=HeadOffice&allowPlaceHolder=true,https://www.cineplanet.cl/peliculas/paw-patrol-la-dino-pelcula,"Después de que su barco quedara atrapado en una misteriosa tormenta, los cachorros de la Patrulla Canina aterrizan de emergencia en una isla tropical inexplorada llena de dinosaurios. Allí conocen a Rex, un cachorro que lleva años abandonado en la isla y se ha convertido en un experto en todo lo relacionado con los dinosaurios. Cuando el archienemigo de la Patrulla Canina, el alcalde Humdinger, comienza a explotar minas de forma imprudente con la esperanza de saquear los recursos naturales de la isla, provoca sin querer la erupción de un enorme volcán inactivo. Los cachorros de la Patrulla Canina se ven envueltos en una serie de rescates de alto riesgo y a escala de dinosaurio, más grandes que cualquier cosa que hayan hecho antes, ya que deben detener a Humdinger antes de que todo en la isla se extinga.",,ANIMACION,
Cineplanet Mall Barrio Independencia,COYOTE VS ACME,2026-09-02,13:10,2D,doblada,103,TE,https://cdn.apis.cineplanet.cl/CDN/media/entity/get/FilmPosterGraphic/HO00001852?referenceScheme=HeadOffice&allowPlaceHolder=true,https://www.cineplanet.cl/peliculas/coyote-vs-acme,"Después de que todos los productos fabricados por ACME Corporation le salgan mal a Wile E. Coyote, en su persecución del Correcaminos, contrata a un abogado humano igualmente desafortunado para demandar a la empresa. Cuando el abogado de Wile E. descubre que el intimidante jefe de su antiguo bufete es el director general de ACME, se une a Wile E. para ganar el juicio contra él.",https://www.youtube.com/watch?v=V_ueAlyvn6A,FAMILIAR,
Cineplanet Mall Barrio Independencia,JUAN GABRIEL: MI PRIMER BELLAS ARTES,2026-09-02,13:40,2D,doblada,110,TE +7,https://cdn.apis.cineplanet.cl/CDN/media/entity/get/FilmPosterGraphic/HO00001883?referenceScheme=HeadOffice&allowPlaceHolder=true,https://www.cineplanet.cl/peliculas/juan-gabriel-mi-primer-bellas-artes,"*Versión Sing Along* El concierto más icónico de México llega a la pantalla grande. A partir del 28 de agosto, con motivo del 10.º aniversario luctuoso de Juan Gabriel, disfruta del histórico primer concierto de Juan Gabriel en el Palacio de Bellas Artes en 1990, una noche que transformó para siempre la música en México. Más de tres décadas después, esta presentación legendaria revive en una nueva reedición especial para cines con imagen y audio restaurados, donde cada interpretación, cada aplauso y cada instante recuperan su esplendor para que nuevas generaciones y admiradores de siempre puedan disfrutar de este acontecimiento con una calidad nunca antes vista. Celebra el legado de Juan Gabriel y revive el espectáculo que marcó un antes y un después en la historia de la música mexicana, ahora como una experiencia cinematográfica única e inolvidable.",https://www.youtube.com/watch?v=zq9V3eaio2Y,CONCIERTO,
Cineplanet Mall Barrio Independencia,PAPI RICKY: LA PELÍCULA,2026-09-02,13:50,2D,doblada,104,TE +7,https://cdn.apis.cineplanet.cl/CDN/media/entity/get/FilmPosterGraphic/HO00001900?referenceScheme=HeadOffice&allowPlaceHolder=true,https://www.cineplanet.cl/peliculas/papi-ricky-la-pelcula,"La película retoma la historia de Alicia, quien vuelve a Chile para presentar a su futuro esposo, un joven español hípster y excéntrico que representa la modernidad. Sin embargo, su llegada provoca un verdadero terremoto familiar: el choque con el conservador Papi Ricky y la irreverente Catrala hará que ambos padres dejen atrás antiguas diferencias para unirse en un objetivo común: impedir la boda de su hija.",https://youtu.be/Nr17OlZAkBc?si=FPiN8DOfV6jCR5MI,COMEDIA,
Cineplanet Mall Barrio Independencia,HARRY POTTER Y LA PIEDRA FILOSOFAL (2001),2026-09-02,14:00,2D,doblada,166,TE +7,https://cdn.apis.cineplanet.cl/CDN/media/entity/get/FilmPosterGraphic/HO00001895?referenceScheme=HeadOffice&allowPlaceHolder=true,https://www.cineplanet.cl/peliculas/harry-potter-y-la-piedra-filosofal-2001,"El día en que cumple once años, Harry Potter se entera de que es hijo de dos destacados hechiceros, de los que ha heredado poderes mágicos. En la escuela Hogwarts de Magia y Hechicería, donde se educa con otros niños que también tienen poderes especiales, aprenderá todo lo necesario para ser mago.",,AVENTURA,
Cineplanet Mall Barrio Independencia,COYOTE VS ACME,2026-09-02,14:20,2D,doblada,103,TE,https://cdn.apis.cineplanet.cl/CDN/media/entity/get/FilmPosterGraphic/HO00001852?referenceScheme=HeadOffice&allowPlaceHolder=true,https://www.cineplanet.cl/peliculas/coyote-vs-acme,"Después de que todos los productos fabricados por ACME Corporation le salgan mal a Wile E. Coyote, en su persecución del Correcaminos, contrata a un abogado humano igualmente desafortunado para demandar a la empresa. Cuando el abogado de Wile E. descubre que el intimidante jefe de su antiguo bufete es el director general de ACME, se une a Wile E. para ganar el juicio contra él.",https://www.youtube.com/watch?v=V_ueAlyvn6A,FAMILIAR,
Cineplanet Mall Barrio Independencia,PAPI RICKY: LA PELÍCULA,2026-09-02,14:40,2D,doblada,104,TE +7,https://cdn.apis.cineplanet.cl/CDN/media/entity/get/FilmPosterGraphic/HO00001900?referenceScheme=HeadOffice&allowPlaceHolder=true,https://www.cineplanet.cl/peliculas/papi-ricky-la-pelcula,"La película retoma la historia de Alicia, quien vuelve a Chile para presentar a su futuro esposo, un joven español hípster y excéntrico que representa la modernidad. Sin embargo, su llegada provoca un verdadero terremoto familiar: el choque con el conservador Papi Ricky y la irreverente Catrala hará que ambos padres dejen atrás antiguas diferencias para unirse en un objetivo común: impedir la boda de su hija.",https://youtu.be/Nr17OlZAkBc?si=FPiN8DOfV6jCR5MI,COMEDIA,
Cineplanet Mall Barrio Independencia,SPIDER-MAN: UN NUEVO DIA,2026-09-02,15:00,2D,doblada,145,TE +7,https://cdn.apis.cineplanet.cl/CDN/media/entity/get/FilmPosterGraphic/HO00001843?referenceScheme=HeadOffice&allowPlaceHolder=true,https://www.cineplanet.cl/peliculas/spider-man-un-nuevo-dia,"Han pasado cuatro años desde los acontecimientos de No Way Home, y Peter es ahora un adulto que vive completamente solo, habiéndose borrado voluntariamente de las vidas y recuerdos de aquellos a quienes ama. Lucha contra el crimen en un Nueva York que ya no conoce su nombre, se ha dedicado por completo a proteger su ciudad -un Spider-Man de tiempo completo- pero a medida que las exigencias sobre él se intensifican, la presión desata una sorprendente evolución física que amenaza su existencia, aun cuando un nuevo y extraño patrón de crímenes da lugar a una de las amenazas más poderosas que jamás haya enfrentado.",https://www.youtube.com/watch?v=3B1_P2h7v2k,ACCION,
Cineplanet Mall Barrio Independencia,LA NOCHE DEL DEMONIO: ESTÁN ENTRE NOSOTROS,2026-09-02,15:10,2D,doblada,106,+14,https://cdn.apis.cineplanet.cl/CDN/media/entity/get/FilmPosterGraphic/HO00001857?referenceScheme=HeadOffice&allowPlaceHolder=true,https://www.cineplanet.cl/peliculas/la-noche-del-demonio-estn-entre-nosotros,"Gemma, una joven madre que cría a su hija en la casa en la que creció, descubre que puede viajar a The Further, donde posee la capacidad de traer lo que allí vive de vuelta al mundo real.",https://www.youtube.com/watch?v=fuxeEUqCNac,TERROR,
Cineplanet Mall Barrio Independencia,EL FINAL DE LA CALLE OAK,2026-09-02,15:30,2D,doblada,99,+14,https://cdn.apis.cineplanet.cl/CDN/media/entity/get/FilmPosterGraphic/HO00001856?referenceScheme=HeadOffice&allowPlaceHolder=true,https://www.cineplanet.cl/peliculas/el-final-de-la-calle-oak,"Después de que un misterioso fenómeno cósmico arranque Oak Street de su entorno suburbano y transporte a sus habitantes a un lugar desconocido, la familia Platt pronto descubre que su propia supervivencia depende de que permanezcan unidos mientras se orientan en un entorno que ya no reconocen.",https://www.youtube.com/watch?v=kdrry0xfHzA,CIENCIA FICCION,
Cineplanet Mall Barrio Independencia,JUAN GABRIEL: MI PRIMER BELLAS ARTES,2026-09-02,16:00,2D,doblada,110,TE +7,https://cdn.apis.cineplanet.cl/CDN/media/entity/get/FilmPosterGraphic/HO00001883?referenceScheme=HeadOffice&allowPlaceHolder=true,https://www.cineplanet.cl/peliculas/juan-gabriel-mi-primer-bellas-artes,"*Versión Sing Along* El concierto más icónico de México llega a la pantalla grande. A partir del 28 de agosto, con motivo del 10.º aniversario luctuoso de Juan Gabriel, disfruta del histórico primer concierto de Juan Gabriel en el Palacio de Bellas Artes en 1990, una noche que transformó para siempre la música en México. Más de tres décadas después, esta presentación legendaria revive en una nueva reedición especial para cines con imagen y audio restaurados, donde cada interpretación, cada aplauso y cada instante recuperan su esplendor para que nuevas generaciones y admiradores de siempre puedan disfrutar de este acontecimiento con una calidad nunca antes vista. Celebra el legado de Juan Gabriel y revive el espectáculo que marcó un antes y un después en la historia de la música mexicana, ahora como una experiencia cinematográfica única e inolvidable.",https://www.youtube.com/watch?v=zq9V3eaio2Y,CONCIERTO,
Cineplanet Mall Barrio Independencia,LA GUERRA DE LOS ÚLTIMOS,2026-09-02,16:10,2D,doblada,118,,https://cdn.apis.cineplanet.cl/CDN/media/entity/get/FilmPosterGraphic/HO00001869?referenceScheme=HeadOffice&allowPlaceHolder=true,https://www.cineplanet.cl/peliculas/la-guerra-de-los-ltimos,"En un mundo postapocalíptico, un virus aniquila a prácticamente toda la humanidad. Los supervivientes se enfrentan a unos carroñeros errantes llamados ""Segadores"". El protagonista, Hig, un piloto, sobrevivió a la gripe pero perdió a su mujer. Adaptación de la aclamada novela ""La constelación del perro"", de Peter Heller.",https://www.youtube.com/watch?v=JZHY6oGCO58,CIENCIA FICCION,
Cineplanet Mall Barrio Independencia,COYOTE VS ACME,2026-09-02,16:40,2D,doblada,103,TE,https://cdn.apis.cineplanet.cl/CDN/media/entity/get/FilmPosterGraphic/HO00001852?referenceScheme=HeadOffice&allowPlaceHolder=true,https://www.cineplanet.cl/peliculas/coyote-vs-acme,"Después de que todos los productos fabricados por ACME Corporation le salgan mal a Wile E. Coyote, en su persecución del Correcaminos, contrata a un abogado humano igualmente desafortunado para demandar a la empresa. Cuando el abogado de Wile E. descubre que el intimidante jefe de su antiguo bufete es el director general de ACME, se une a Wile E. para ganar el juicio contra él.",https://www.youtube.com/watch?v=V_ueAlyvn6A,FAMILIAR,
Cineplanet Mall Barrio Independencia,PAPI RICKY: LA PELÍCULA,2026-09-02,17:00,2D,doblada,104,TE +7,https://cdn.apis.cineplanet.cl/CDN/media/entity/get/FilmPosterGraphic/HO00001900?referenceScheme=HeadOffice&allowPlaceHolder=true,https://www.cineplanet.cl/peliculas/papi-ricky-la-pelcula,"La película retoma la historia de Alicia, quien vuelve a Chile para presentar a su futuro esposo, un joven español hípster y excéntrico que representa la modernidad. Sin embargo, su llegada provoca un verdadero terremoto familiar: el choque con el conservador Papi Ricky y la irreverente Catrala hará que ambos padres dejen atrás antiguas diferencias para unirse en un objetivo común: impedir la boda de su hija.",https://youtu.be/Nr17OlZAkBc?si=FPiN8DOfV6jCR5MI,COMEDIA,
Cineplanet Mall Barrio Independencia,HARRY POTTER Y LA PIEDRA FILOSOFAL (2001),2026-09-02,17:15,2D,doblada,166,TE +7,https://cdn.apis.cineplanet.cl/CDN/media/entity/get/FilmPosterGraphic/HO00001895?referenceScheme=HeadOffice&allowPlaceHolder=true,https://www.cineplanet.cl/peliculas/harry-potter-y-la-piedra-filosofal-2001,"El día en que cumple once años, Harry Potter se entera de que es hijo de dos destacados hechiceros, de los que ha heredado poderes mágicos. En la escuela Hogwarts de Magia y Hechicería, donde se educa con otros niños que también tienen poderes especiales, aprenderá todo lo necesario para ser mago.",,AVENTURA,
Cineplanet Mall Barrio Independencia,LA NOCHE DEL DEMONIO: ESTÁN ENTRE NOSOTROS,2026-09-02,17:30,2D,doblada,106,+14,https://cdn.apis.cineplanet.cl/CDN/media/entity/get/FilmPosterGraphic/HO00001857?referenceScheme=HeadOffice&allowPlaceHolder=true,https://www.cineplanet.cl/peliculas/la-noche-del-demonio-estn-entre-nosotros,"Gemma, una joven madre que cría a su hija en la casa en la que creció, descubre que puede viajar a The Further, donde posee la capacidad de traer lo que allí vive de vuelta al mundo real.",https://www.youtube.com/watch?v=fuxeEUqCNac,TERROR,
Cineplanet Mall Barrio Independencia,COYOTE VS ACME,2026-09-02,17:40,2D,doblada,103,TE,https://cdn.apis.cineplanet.cl/CDN/media/entity/get/FilmPosterGraphic/HO00001852?referenceScheme=HeadOffice&allowPlaceHolder=true,https://www.cineplanet.cl/peliculas/coyote-vs-acme,"Después de que todos los productos fabricados por ACME Corporation le salgan mal a Wile E. Coyote, en su persecución del Correcaminos, contrata a un abogado humano igualmente desafortunado para demandar a la empresa. Cuando el abogado de Wile E. descubre que el intimidante jefe de su antiguo bufete es el director general de ACME, se une a Wile E. para ganar el juicio contra él.",https://www.youtube.com/watch?v=V_ueAlyvn6A,FAMILIAR,
Cineplanet Mall Barrio Independencia,SPIDER-MAN: UN NUEVO DIA,2026-09-02,18:00,2D,doblada,145,TE +7,https://cdn.apis.cineplanet.cl/CDN/media/entity/get/FilmPosterGraphic/HO00001843?referenceScheme=HeadOffice&allowPlaceHolder=true,https://www.cineplanet.cl/peliculas/spider-man-un-nuevo-dia,"Han pasado cuatro años desde los acontecimientos de No Way Home, y Peter es ahora un adulto que vive completamente solo, habiéndose borrado voluntariamente de las vidas y recuerdos de aquellos a quienes ama. Lucha contra el crimen en un Nueva York que ya no conoce su nombre, se ha dedicado por completo a proteger su ciudad -un Spider-Man de tiempo completo- pero a medida que las exigencias sobre él se intensifican, la presión desata una sorprendente evolución física que amenaza su existencia, aun cuando un nuevo y extraño patrón de crímenes da lugar a una de las amenazas más poderosas que jamás haya enfrentado.",https://www.youtube.com/watch?v=3B1_P2h7v2k,ACCION,
Cineplanet Mall Barrio Independencia,JUAN GABRIEL: MI PRIMER BELLAS ARTES,2026-09-02,18:20,2D,doblada,110,TE +7,https://cdn.apis.cineplanet.cl/CDN/media/entity/get/FilmPosterGraphic/HO00001883?referenceScheme=HeadOffice&allowPlaceHolder=true,https://www.cineplanet.cl/peliculas/juan-gabriel-mi-primer-bellas-artes,"*Versión Sing Along* El concierto más icónico de México llega a la pantalla grande. A partir del 28 de agosto, con motivo del 10.º aniversario luctuoso de Juan Gabriel, disfruta del histórico primer concierto de Juan Gabriel en el Palacio de Bellas Artes en 1990, una noche que transformó para siempre la música en México. Más de tres décadas después, esta presentación legendaria revive en una nueva reedición especial para cines con imagen y audio restaurados, donde cada interpretación, cada aplauso y cada instante recuperan su esplendor para que nuevas generaciones y admiradores de siempre puedan disfrutar de este acontecimiento con una calidad nunca antes vista. Celebra el legado de Juan Gabriel y revive el espectáculo que marcó un antes y un después en la historia de la música mexicana, ahora como una experiencia cinematográfica única e inolvidable.",https://www.youtube.com/watch?v=zq9V3eaio2Y,CONCIERTO,
Cineplanet Mall Barrio Independencia,LA GUERRA DE LOS ÚLTIMOS,2026-09-02,18:40,2D,doblada,118,,https://cdn.apis.cineplanet.cl/CDN/media/entity/get/FilmPosterGraphic/HO00001869?referenceScheme=HeadOffice&allowPlaceHolder=true,https://www.cineplanet.cl/peliculas/la-guerra-de-los-ltimos,"En un mundo postapocalíptico, un virus aniquila a prácticamente toda la humanidad. Los supervivientes se enfrentan a unos carroñeros errantes llamados ""Segadores"". El protagonista, Hig, un piloto, sobrevivió a la gripe pero perdió a su mujer. Adaptación de la aclamada novela ""La constelación del perro"", de Peter Heller.",https://www.youtube.com/watch?v=JZHY6oGCO58,CIENCIA FICCION,
Cineplanet Mall Barrio Independencia,COYOTE VS ACME,2026-09-02,19:00,2D,doblada,103,TE,https://cdn.apis.cineplanet.cl/CDN/media/entity/get/FilmPosterGraphic/HO00001852?referenceScheme=HeadOffice&allowPlaceHolder=true,https://www.cineplanet.cl/peliculas/coyote-vs-acme,"Después de que todos los productos fabricados por ACME Corporation le salgan mal a Wile E. Coyote, en su persecución del Correcaminos, contrata a un abogado humano igualmente desafortunado para demandar a la empresa. Cuando el abogado de Wile E. descubre que el intimidante jefe de su antiguo bufete es el director general de ACME, se une a Wile E. para ganar el juicio contra él.",https://www.youtube.com/watch?v=V_ueAlyvn6A,FAMILIAR,
Cineplanet Mall Barrio Independencia,PAPI RICKY: LA PELÍCULA,2026-09-02,19:20,2D,doblada,104,TE +7,https://cdn.apis.cineplanet.cl/CDN/media/entity/get/FilmPosterGraphic/HO00001900?referenceScheme=HeadOffice&allowPlaceHolder=true,https://www.cineplanet.cl/peliculas/papi-ricky-la-pelcula,"La película retoma la historia de Alicia, quien vuelve a Chile para presentar a su futuro esposo, un joven español hípster y excéntrico que representa la modernidad. Sin embargo, su llegada provoca un verdadero terremoto familiar: el choque con el conservador Papi Ricky y la irreverente Catrala hará que ambos padres dejen atrás antiguas diferencias para unirse en un objetivo común: impedir la boda de su hija.",https://youtu.be/Nr17OlZAkBc?si=FPiN8DOfV6jCR5MI,COMEDIA,
Cineplanet Mall Barrio Independencia,LA NOCHE DEL DEMONIO: ESTÁN ENTRE NOSOTROS,2026-09-02,19:50,2D,doblada,106,+14,https://cdn.apis.cineplanet.cl/CDN/media/entity/get/FilmPosterGraphic/HO00001857?referenceScheme=HeadOffice&allowPlaceHolder=true,https://www.cineplanet.cl/peliculas/la-noche-del-demonio-estn-entre-nosotros,"Gemma, una joven madre que cría a su hija en la casa en la que creció, descubre que puede viajar a The Further, donde posee la capacidad de traer lo que allí vive de vuelta al mundo real.",https://www.youtube.com/watch?v=fuxeEUqCNac,TERROR,
Cineplanet Mall Barrio Independencia,SPIDER-MAN: UN NUEVO DIA,2026-09-02,20:10,2D,doblada,145,TE +7,https://cdn.apis.cineplanet.cl/CDN/media/entity/get/FilmPosterGraphic/HO00001843?referenceScheme=HeadOffice&allowPlaceHolder=true,https://www.cineplanet.cl/peliculas/spider-man-un-nuevo-dia,"Han pasado cuatro años desde los acontecimientos de No Way Home, y Peter es ahora un adulto que vive completamente solo, habiéndose borrado voluntariamente de las vidas y recuerdos de aquellos a quienes ama. Lucha contra el crimen en un Nueva York que ya no conoce su nombre, se ha dedicado por completo a proteger su ciudad -un Spider-Man de tiempo completo- pero a medida que las exigencias sobre él se intensifican, la presión desata una sorprendente evolución física que amenaza su existencia, aun cuando un nuevo y extraño patrón de crímenes da lugar a una de las amenazas más poderosas que jamás haya enfrentado.",https://www.youtube.com/watch?v=3B1_P2h7v2k,ACCION,
Cineplanet Mall Barrio Independencia,LA ODISEA,2026-09-02,20:30,2D,doblada,172,+14,https://cdn.apis.cineplanet.cl/CDN/media/entity/get/FilmPosterGraphic/HO00001834?referenceScheme=HeadOffice&allowPlaceHolder=true,https://www.cineplanet.cl/peliculas/la-odisea,"La siguiente película de Christopher Nolan, La Odisea, es una película de acción épica filmada alrededor del mundo usando nueva tecnología IMAX®. La película lleva la saga fundamental de Homero a las pantallas IMAX® por primera vez y estrena en cines en julio de 2026.",https://www.youtube.com/watch?v=8un_UztYsw0,ACCION,
Cineplanet Mall Barrio Independencia,PAPI RICKY: LA PELÍCULA,2026-09-02,20:50,2D,doblada,104,TE +7,https://cdn.apis.cineplanet.cl/CDN/media/entity/get/FilmPosterGraphic/HO00001900?referenceScheme=HeadOffice&allowPlaceHolder=true,https://www.cineplanet.cl/peliculas/papi-ricky-la-pelcula,"La película retoma la historia de Alicia, quien vuelve a Chile para presentar a su futuro esposo, un joven español hípster y excéntrico que representa la modernidad. Sin embargo, su llegada provoca un verdadero terremoto familiar: el choque con el conservador Papi Ricky y la irreverente Catrala hará que ambos padres dejen atrás antiguas diferencias para unirse en un objetivo común: impedir la boda de su hija.",https://youtu.be/Nr17OlZAkBc?si=FPiN8DOfV6jCR5MI,COMEDIA,
Cineplanet Mall Barrio Independencia,SPIDER-MAN: UN NUEVO DIA,2026-09-02,21:00,2D,doblada,145,TE +7,https://cdn.apis.cineplanet.cl/CDN/media/entity/get/FilmPosterGraphic/HO00001843?referenceScheme=HeadOffice&allowPlaceHolder=true,https://www.cineplanet.cl/peliculas/spider-man-un-nuevo-dia,"Han pasado cuatro años desde los acontecimientos de No Way Home, y Peter es ahora un adulto que vive completamente solo, habiéndose borrado voluntariamente de las vidas y recuerdos de aquellos a quienes ama. Lucha contra el crimen en un Nueva York que ya no conoce su nombre, se ha dedicado por completo a proteger su ciudad -un Spider-Man de tiempo completo- pero a medida que las exigencias sobre él se intensifican, la presión desata una sorprendente evolución física que amenaza su existencia, aun cuando un nuevo y extraño patrón de crímenes da lugar a una de las amenazas más poderosas que jamás haya enfrentado.",https://www.youtube.com/watch?v=3B1_P2h7v2k,ACCION,
Cineplanet Mall Barrio Independencia,LA GUERRA DE LOS ÚLTIMOS,2026-09-02,21:10,2D,doblada,118,,https://cdn.apis.cineplanet.cl/CDN/media/entity/get/FilmPosterGraphic/HO00001869?referenceScheme=HeadOffice&allowPlaceHolder=true,https://www.cineplanet.cl/peliculas/la-guerra-de-los-ltimos,"En un mundo postapocalíptico, un virus aniquila a prácticamente toda la humanidad. Los supervivientes se enfrentan a unos carroñeros errantes llamados ""Segadores"". El protagonista, Hig, un piloto, sobrevivió a la gripe pero perdió a su mujer. Adaptación de la aclamada novela ""La constelación del perro"", de Peter Heller.",https://www.youtube.com/watch?v=JZHY6oGCO58,CIENCIA FICCION,
Cineplanet Mall Barrio Independencia,COYOTE VS ACME,2026-09-02,21:20,2D,subtitulada,103,TE,https://cdn.apis.cineplanet.cl/CDN/media/entity/get/FilmPosterGraphic/HO00001852?referenceScheme=HeadOffice&allowPlaceHolder=true,https://www.cineplanet.cl/peliculas/coyote-vs-acme,"Después de que todos los productos fabricados por ACME Corporation le salgan mal a Wile E. Coyote, en su persecución del Correcaminos, contrata a un abogado humano igualmente desafortunado para demandar a la empresa. Cuando el abogado de Wile E. descubre que el intimidante jefe de su antiguo bufete es el director general de ACME, se une a Wile E. para ganar el juicio contra él.",https://www.youtube.com/watch?v=V_ueAlyvn6A,FAMILIAR,
Cineplanet Mall Barrio Independencia,PAPI RICKY: LA PELÍCULA,2026-09-02,21:40,2D,doblada,104,TE +7,https://cdn.apis.cineplanet.cl/CDN/media/entity/get/FilmPosterGraphic/HO00001900?referenceScheme=HeadOffice&allowPlaceHolder=true,https://www.cineplanet.cl/peliculas/papi-ricky-la-pelcula,"La película retoma la historia de Alicia, quien vuelve a Chile para presentar a su futuro esposo, un joven español hípster y excéntrico que representa la modernidad. Sin embargo, su llegada provoca un verdadero terremoto familiar: el choque con el conservador Papi Ricky y la irreverente Catrala hará que ambos padres dejen atrás antiguas diferencias para unirse en un objetivo común: impedir la boda de su hija.",https://youtu.be/Nr17OlZAkBc?si=FPiN8DOfV6jCR5MI,COMEDIA,
Cineplanet Mall Barrio Independencia,LA NOCHE DEL DEMONIO: ESTÁN ENTRE NOSOTROS,2026-09-02,22:10,2D,doblada,106,+14,https://cdn.apis.cineplanet.cl/CDN/media/entity/get/FilmPosterGraphic/HO00001857?referenceScheme=HeadOffice&allowPlaceHolder=true,https://www.cineplanet.cl/peliculas/la-noche-del-demonio-estn-entre-nosotros,"Gemma, una joven madre que cría a su hija en la casa en la que creció, descubre que puede viajar a The Further, donde posee la capacidad de traer lo que allí vive de vuelta al mundo real.",https://www.youtube.com/watch?v=fuxeEUqCNac,TERROR,
Cineplanet Quilín,SPIDER-MAN: UN NUEVO DIA,2026-09-01,18:00,2D,doblada,145,TE +7,https://cdn.apis.cineplanet.cl/CDN/media/entity/get/FilmPosterGraphic/HO00001843?referenceScheme=HeadOffice&allowPlaceHolder=true,https://www.cineplanet.cl/peliculas/spider-man-un-nuevo-dia,"Han pasado cuatro años desde los acontecimientos de No Way Home, y Peter es ahora un adulto que vive completamente solo, habiéndose borrado voluntariamente de las vidas y recuerdos de aquellos a quienes ama. Lucha contra el crimen en un Nueva York que ya no conoce su nombre, se ha dedicado por completo a proteger su ciudad -un Spider-Man de tiempo completo- pero a medida que las exigencias sobre él se intensifican, la presión desata una sorprendente evolución física que amenaza su existencia, aun cuando un nuevo y extraño patrón de crímenes da lugar a una de las amenazas más poderosas que jamás haya enfrentado.",https://www.youtube.com/watch?v=3B1_P2h7v2k,ACCION,
Cineplanet Quilín,COYOTE VS ACME,2026-09-01,18:20,2D,doblada,103,TE,https://cdn.apis.cineplanet.cl/CDN/media/entity/get/FilmPosterGraphic/HO00001852?referenceScheme=HeadOffice&allowPlaceHolder=true,https://www.cineplanet.cl/peliculas/coyote-vs-acme,"Después de que todos los productos fabricados por ACME Corporation le salgan mal a Wile E. Coyote, en su persecución del Correcaminos, contrata a un abogado humano igualmente desafortunado para demandar a la empresa. Cuando el abogado de Wile E. descubre que el intimidante jefe de su antiguo bufete es el director general de ACME, se une a Wile E. para ganar el juicio contra él.",https://www.youtube.com/watch?v=V_ueAlyvn6A,FAMILIAR,
Cineplanet Quilín,PAPI RICKY: LA PELÍCULA,2026-09-01,19:20,2D,doblada,104,TE +7,https://cdn.apis.cineplanet.cl/CDN/media/entity/get/FilmPosterGraphic/HO00001900?referenceScheme=HeadOffice&allowPlaceHolder=true,https://www.cineplanet.cl/peliculas/papi-ricky-la-pelcula,"La película retoma la historia de Alicia, quien vuelve a Chile para presentar a su futuro esposo, un joven español hípster y excéntrico que representa la modernidad. Sin embargo, su llegada provoca un verdadero terremoto familiar: el choque con el conservador Papi Ricky y la irreverente Catrala hará que ambos padres dejen atrás antiguas diferencias para unirse en un objetivo común: impedir la boda de su hija.",https://youtu.be/Nr17OlZAkBc?si=FPiN8DOfV6jCR5MI,COMEDIA,
Cineplanet Quilín,LA NOCHE DEL DEMONIO: ESTÁN ENTRE NOSOTROS,2026-09-01,19:40,2D,doblada,106,+14,https://cdn.apis.cineplanet.cl/CDN/media/entity/get/FilmPosterGraphic/HO00001857?referenceScheme=HeadOffice&allowPlaceHolder=true,https://www.cineplanet.cl/peliculas/la-noche-del-demonio-estn-entre-nosotros,"Gemma, una joven madre que cría a su hija en la casa en la que creció, descubre que puede viajar a The Further, donde posee la capacidad de traer lo que allí vive de vuelta al mundo real.",https://www.youtube.com/watch?v=fuxeEUqCNac,TERROR,
Cineplanet Quilín,LA GUERRA DE LOS ÚLTIMOS,2026-09-01,20:00,2D,doblada,118,,https://cdn.apis.cineplanet.cl/CDN/media/entity/get/FilmPosterGraphic/HO00001869?referenceScheme=HeadOffice&allowPlaceHolder=true,https://www.cineplanet.cl/peliculas/la-guerra-de-los-ltimos,"En un mundo postapocalíptico, un virus aniquila a prácticamente toda la humanidad. Los supervivientes se enfrentan a unos carroñeros errantes llamados ""Segadores"". El protagonista, Hig, un piloto, sobrevivió a la gripe pero perdió a su mujer. Adaptación de la aclamada novela ""La constelación del perro"", de Peter Heller.",https://www.youtube.com/watch?v=JZHY6oGCO58,CIENCIA FICCION,
Cineplanet Quilín,COYOTE VS ACME,2026-09-01,20:40,2D,subtitulada,103,TE,https://cdn.apis.cineplanet.cl/CDN/media/entity/get/FilmPosterGraphic/HO00001852?referenceScheme=HeadOffice&allowPlaceHolder=true,https://www.cineplanet.cl/peliculas/coyote-vs-acme,"Después de que todos los productos fabricados por ACME Corporation le salgan mal a Wile E. Coyote, en su persecución del Correcaminos, contrata a un abogado humano igualmente desafortunado para demandar a la empresa. Cuando el abogado de Wile E. descubre que el intimidante jefe de su antiguo bufete es el director general de ACME, se une a Wile E. para ganar el juicio contra él.",https://www.youtube.com/watch?v=V_ueAlyvn6A,FAMILIAR,
Cineplanet Quilín,LA GUERRA DE LOS ÚLTIMOS,2026-09-01,21:00,2D,doblada,118,,https://cdn.apis.cineplanet.cl/CDN/media/entity/get/FilmPosterGraphic/HO00001869?referenceScheme=HeadOffice&allowPlaceHolder=true,https://www.cineplanet.cl/peliculas/la-guerra-de-los-ltimos,"En un mundo postapocalíptico, un virus aniquila a prácticamente toda la humanidad. Los supervivientes se enfrentan a unos carroñeros errantes llamados ""Segadores"". El protagonista, Hig, un piloto, sobrevivió a la gripe pero perdió a su mujer. Adaptación de la aclamada novela ""La constelación del perro"", de Peter Heller.",https://www.youtube.com/watch?v=JZHY6oGCO58,CIENCIA FICCION,
Cineplanet Quilín,PAPI RICKY: LA PELÍCULA,2026-09-01,21:40,2D,doblada,104,TE +7,https://cdn.apis.cineplanet.cl/CDN/media/entity/get/FilmPosterGraphic/HO00001900?referenceScheme=HeadOffice&allowPlaceHolder=true,https://www.cineplanet.cl/peliculas/papi-ricky-la-pelcula,"La película retoma la historia de Alicia, quien vuelve a Chile para presentar a su futuro esposo, un joven español hípster y excéntrico que representa la modernidad. Sin embargo, su llegada provoca un verdadero terremoto familiar: el choque con el conservador Papi Ricky y la irreverente Catrala hará que ambos padres dejen atrás antiguas diferencias para unirse en un objetivo común: impedir la boda de su hija.",https://youtu.be/Nr17OlZAkBc?si=FPiN8DOfV6jCR5MI,COMEDIA,
Cineplanet Quilín,EL FINAL DE LA CALLE OAK,2026-09-01,22:00,2D,doblada,99,+14,https://cdn.apis.cineplanet.cl/CDN/media/entity/get/FilmPosterGraphic/HO00001856?referenceScheme=HeadOffice&allowPlaceHolder=true,https://www.cineplanet.cl/peliculas/el-final-de-la-calle-oak,"Después de que un misterioso fenómeno cósmico arranque Oak Street de su entorno suburbano y transporte a sus habitantes a un lugar desconocido, la familia Platt pronto descubre que su propia supervivencia depende de que permanezcan unidos mientras se orientan en un entorno que ya no reconocen.",https://www.youtube.com/watch?v=kdrry0xfHzA,CIENCIA FICCION,
Cineplanet Quilín,PAPI RICKY: LA PELÍCULA,2026-09-02,13:00,2D,doblada,104,TE +7,https://cdn.apis.cineplanet.cl/CDN/media/entity/get/FilmPosterGraphic/HO00001900?referenceScheme=HeadOffice&allowPlaceHolder=true,https://www.cineplanet.cl/peliculas/papi-ricky-la-pelcula,"La película retoma la historia de Alicia, quien vuelve a Chile para presentar a su futuro esposo, un joven español hípster y excéntrico que representa la modernidad. Sin embargo, su llegada provoca un verdadero terremoto familiar: el choque con el conservador Papi Ricky y la irreverente Catrala hará que ambos padres dejen atrás antiguas diferencias para unirse en un objetivo común: impedir la boda de su hija.",https://youtu.be/Nr17OlZAkBc?si=FPiN8DOfV6jCR5MI,COMEDIA,
Cineplanet Quilín,COYOTE VS ACME,2026-09-02,13:40,2D,doblada,103,TE,https://cdn.apis.cineplanet.cl/CDN/media/entity/get/FilmPosterGraphic/HO00001852?referenceScheme=HeadOffice&allowPlaceHolder=true,https://www.cineplanet.cl/peliculas/coyote-vs-acme,"Después de que todos los productos fabricados por ACME Corporation le salgan mal a Wile E. Coyote, en su persecución del Correcaminos, contrata a un abogado humano igualmente desafortunado para demandar a la empresa. Cuando el abogado de Wile E. descubre que el intimidante jefe de su antiguo bufete es el director general de ACME, se une a Wile E. para ganar el juicio contra él.",https://www.youtube.com/watch?v=V_ueAlyvn6A,FAMILIAR,
Cineplanet Quilín,HARRY POTTER Y LA PIEDRA FILOSOFAL (2001),2026-09-02,14:00,2D,doblada,166,TE +7,https://cdn.apis.cineplanet.cl/CDN/media/entity/get/FilmPosterGraphic/HO00001895?referenceScheme=HeadOffice&allowPlaceHolder=true,https://www.cineplanet.cl/peliculas/harry-potter-y-la-piedra-filosofal-2001,"El día en que cumple once años, Harry Potter se entera de que es hijo de dos destacados hechiceros, de los que ha heredado poderes mágicos. En la escuela Hogwarts de Magia y Hechicería, donde se educa con otros niños que también tienen poderes especiales, aprenderá todo lo necesario para ser mago.",,AVENTURA,
Cineplanet Quilín,PAPI RICKY: LA PELÍCULA,2026-09-02,14:40,2D,doblada,104,TE +7,https://cdn.apis.cineplanet.cl/CDN/media/entity/get/FilmPosterGraphic/HO00001900?referenceScheme=HeadOffice&allowPlaceHolder=true,https://www.cineplanet.cl/peliculas/papi-ricky-la-pelcula,"La película retoma la historia de Alicia, quien vuelve a Chile para presentar a su futuro esposo, un joven español hípster y excéntrico que representa la modernidad. Sin embargo, su llegada provoca un verdadero terremoto familiar: el choque con el conservador Papi Ricky y la irreverente Catrala hará que ambos padres dejen atrás antiguas diferencias para unirse en un objetivo común: impedir la boda de su hija.",https://youtu.be/Nr17OlZAkBc?si=FPiN8DOfV6jCR5MI,COMEDIA,
Cineplanet Quilín,SPIDER-MAN: UN NUEVO DIA,2026-09-02,15:00,2D,doblada,145,TE +7,https://cdn.apis.cineplanet.cl/CDN/media/entity/get/FilmPosterGraphic/HO00001843?referenceScheme=HeadOffice&allowPlaceHolder=true,https://www.cineplanet.cl/peliculas/spider-man-un-nuevo-dia,"Han pasado cuatro años desde los acontecimientos de No Way Home, y Peter es ahora un adulto que vive completamente solo, habiéndose borrado voluntariamente de las vidas y recuerdos de aquellos a quienes ama. Lucha contra el crimen en un Nueva York que ya no conoce su nombre, se ha dedicado por completo a proteger su ciudad -un Spider-Man de tiempo completo- pero a medida que las exigencias sobre él se intensifican, la presión desata una sorprendente evolución física que amenaza su existencia, aun cuando un nuevo y extraño patrón de crímenes da lugar a una de las amenazas más poderosas que jamás haya enfrentado.",https://www.youtube.com/watch?v=3B1_P2h7v2k,ACCION,
Cineplanet Quilín,JUAN GABRIEL: MI PRIMER BELLAS ARTES,2026-09-02,15:20,2D,doblada,110,TE +7,https://cdn.apis.cineplanet.cl/CDN/media/entity/get/FilmPosterGraphic/HO00001883?referenceScheme=HeadOffice&allowPlaceHolder=true,https://www.cineplanet.cl/peliculas/juan-gabriel-mi-primer-bellas-artes,"*Versión Sing Along* El concierto más icónico de México llega a la pantalla grande. A partir del 28 de agosto, con motivo del 10.º aniversario luctuoso de Juan Gabriel, disfruta del histórico primer concierto de Juan Gabriel en el Palacio de Bellas Artes en 1990, una noche que transformó para siempre la música en México. Más de tres décadas después, esta presentación legendaria revive en una nueva reedición especial para cines con imagen y audio restaurados, donde cada interpretación, cada aplauso y cada instante recuperan su esplendor para que nuevas generaciones y admiradores de siempre puedan disfrutar de este acontecimiento con una calidad nunca antes vista. Celebra el legado de Juan Gabriel y revive el espectáculo que marcó un antes y un después en la historia de la música mexicana, ahora como una experiencia cinematográfica única e inolvidable.",https://www.youtube.com/watch?v=zq9V3eaio2Y,CONCIERTO,
Cineplanet Quilín,COYOTE VS ACME,2026-09-02,16:00,2D,doblada,103,TE,https://cdn.apis.cineplanet.cl/CDN/media/entity/get/FilmPosterGraphic/HO00001852?referenceScheme=HeadOffice&allowPlaceHolder=true,https://www.cineplanet.cl/peliculas/coyote-vs-acme,"Después de que todos los productos fabricados por ACME Corporation le salgan mal a Wile E. Coyote, en su persecución del Correcaminos, contrata a un abogado humano igualmente desafortunado para demandar a la empresa. Cuando el abogado de Wile E. descubre que el intimidante jefe de su antiguo bufete es el director general de ACME, se une a Wile E. para ganar el juicio contra él.",https://www.youtube.com/watch?v=V_ueAlyvn6A,FAMILIAR,
Cineplanet Quilín,PAPI RICKY: LA PELÍCULA,2026-09-02,17:00,2D,doblada,104,TE +7,https://cdn.apis.cineplanet.cl/CDN/media/entity/get/FilmPosterGraphic/HO00001900?referenceScheme=HeadOffice&allowPlaceHolder=true,https://www.cineplanet.cl/peliculas/papi-ricky-la-pelcula,"La película retoma la historia de Alicia, quien vuelve a Chile para presentar a su futuro esposo, un joven español hípster y excéntrico que representa la modernidad. Sin embargo, su llegada provoca un verdadero terremoto familiar: el choque con el conservador Papi Ricky y la irreverente Catrala hará que ambos padres dejen atrás antiguas diferencias para unirse en un objetivo común: impedir la boda de su hija.",https://youtu.be/Nr17OlZAkBc?si=FPiN8DOfV6jCR5MI,COMEDIA,
Cineplanet Quilín,LA NOCHE DEL DEMONIO: ESTÁN ENTRE NOSOTROS,2026-09-02,17:20,2D,doblada,106,+14,https://cdn.apis.cineplanet.cl/CDN/media/entity/get/FilmPosterGraphic/HO00001857?referenceScheme=HeadOffice&allowPlaceHolder=true,https://www.cineplanet.cl/peliculas/la-noche-del-demonio-estn-entre-nosotros,"Gemma, una joven madre que cría a su hija en la casa en la que creció, descubre que puede viajar a The Further, donde posee la capacidad de traer lo que allí vive de vuelta al mundo real.",https://www.youtube.com/watch?v=fuxeEUqCNac,TERROR,
Cineplanet Quilín,JUAN GABRIEL: MI PRIMER BELLAS ARTES,2026-09-02,17:40,2D,doblada,110,TE +7,https://cdn.apis.cineplanet.cl/CDN/media/entity/get/FilmPosterGraphic/HO00001883?referenceScheme=HeadOffice&allowPlaceHolder=true,https://www.cineplanet.cl/peliculas/juan-gabriel-mi-primer-bellas-artes,"*Versión Sing Along* El concierto más icónico de México llega a la pantalla grande. A partir del 28 de agosto, con motivo del 10.º aniversario luctuoso de Juan Gabriel, disfruta del histórico primer concierto de Juan Gabriel en el Palacio de Bellas Artes en 1990, una noche que transformó para siempre la música en México. Más de tres décadas después, esta presentación legendaria revive en una nueva reedición especial para cines con imagen y audio restaurados, donde cada interpretación, cada aplauso y cada instante recuperan su esplendor para que nuevas generaciones y admiradores de siempre puedan disfrutar de este acontecimiento con una calidad nunca antes vista. Celebra el legado de Juan Gabriel y revive el espectáculo que marcó un antes y un después en la historia de la música mexicana, ahora como una experiencia cinematográfica única e inolvidable.",https://www.youtube.com/watch?v=zq9V3eaio2Y,CONCIERTO,
Cineplanet Quilín,SPIDER-MAN: UN NUEVO DIA,2026-09-02,18:00,2D,doblada,145,TE +7,https://cdn.apis.cineplanet.cl/CDN/media/entity/get/FilmPosterGraphic/HO00001843?referenceScheme=HeadOffice&allowPlaceHolder=true,https://www.cineplanet.cl/peliculas/spider-man-un-nuevo-dia,"Han pasado cuatro años desde los acontecimientos de No Way Home, y Peter es ahora un adulto que vive completamente solo, habiéndose borrado voluntariamente de las vidas y recuerdos de aquellos a quienes ama. Lucha contra el crimen en un Nueva York que ya no conoce su nombre, se ha dedicado por completo a proteger su ciudad -un Spider-Man de tiempo completo- pero a medida que las exigencias sobre él se intensifican, la presión desata una sorprendente evolución física que amenaza su existencia, aun cuando un nuevo y extraño patrón de crímenes da lugar a una de las amenazas más poderosas que jamás haya enfrentado.",https://www.youtube.com/watch?v=3B1_P2h7v2k,ACCION,
Cineplanet Quilín,COYOTE VS ACME,2026-09-02,18:20,2D,doblada,103,TE,https://cdn.apis.cineplanet.cl/CDN/media/entity/get/FilmPosterGraphic/HO00001852?referenceScheme=HeadOffice&allowPlaceHolder=true,https://www.cineplanet.cl/peliculas/coyote-vs-acme,"Después de que todos los productos fabricados por ACME Corporation le salgan mal a Wile E. Coyote, en su persecución del Correcaminos, contrata a un abogado humano igualmente desafortunado para demandar a la empresa. Cuando el abogado de Wile E. descubre que el intimidante jefe de su antiguo bufete es el director general de ACME, se une a Wile E. para ganar el juicio contra él.",https://www.youtube.com/watch?v=V_ueAlyvn6A,FAMILIAR,
Cineplanet Quilín,PAPI RICKY: LA PELÍCULA,2026-09-02,19:20,2D,doblada,104,TE +7,https://cdn.apis.cineplanet.cl/CDN/media/entity/get/FilmPosterGraphic/HO00001900?referenceScheme=HeadOffice&allowPlaceHolder=true,https://www.cineplanet.cl/peliculas/papi-ricky-la-pelcula,"La película retoma la historia de Alicia, quien vuelve a Chile para presentar a su futuro esposo, un joven español hípster y excéntrico que representa la modernidad. Sin embargo, su llegada provoca un verdadero terremoto familiar: el choque con el conservador Papi Ricky y la irreverente Catrala hará que ambos padres dejen atrás antiguas diferencias para unirse en un objetivo común: impedir la boda de su hija.",https://youtu.be/Nr17OlZAkBc?si=FPiN8DOfV6jCR5MI,COMEDIA,
Cineplanet Quilín,LA NOCHE DEL DEMONIO: ESTÁN ENTRE NOSOTROS,2026-09-02,19:40,2D,doblada,106,+14,https://cdn.apis.cineplanet.cl/CDN/media/entity/get/FilmPosterGraphic/HO00001857?referenceScheme=HeadOffice&allowPlaceHolder=true,https://www.cineplanet.cl/peliculas/la-noche-del-demonio-estn-entre-nosotros,"Gemma, una joven madre que cría a su hija en la casa en la que creció, descubre que puede viajar a The Further, donde posee la capacidad de traer lo que allí vive de vuelta al mundo real.",https://www.youtube.com/watch?v=fuxeEUqCNac,TERROR,
Cineplanet Quilín,LA GUERRA DE LOS ÚLTIMOS,2026-09-02,20:00,2D,doblada,118,,https://cdn.apis.cineplanet.cl/CDN/media/entity/get/FilmPosterGraphic/HO00001869?referenceScheme=HeadOffice&allowPlaceHolder=true,https://www.cineplanet.cl/peliculas/la-guerra-de-los-ltimos,"En un mundo postapocalíptico, un virus aniquila a prácticamente toda la humanidad. Los supervivientes se enfrentan a unos carroñeros errantes llamados ""Segadores"". El protagonista, Hig, un piloto, sobrevivió a la gripe pero perdió a su mujer. Adaptación de la aclamada novela ""La constelación del perro"", de Peter Heller.",https://www.youtube.com/watch?v=JZHY6oGCO58,CIENCIA FICCION,
Cineplanet Quilín,COYOTE VS ACME,2026-09-02,20:40,2D,subtitulada,103,TE,https://cdn.apis.cineplanet.cl/CDN/media/entity/get/FilmPosterGraphic/HO00001852?referenceScheme=HeadOffice&allowPlaceHolder=true,https://www.cineplanet.cl/peliculas/coyote-vs-acme,"Después de que todos los productos fabricados por ACME Corporation le salgan mal a Wile E. Coyote, en su persecución del Correcaminos, contrata a un abogado humano igualmente desafortunado para demandar a la empresa. Cuando el abogado de Wile E. descubre que el intimidante jefe de su antiguo bufete es el director general de ACME, se une a Wile E. para ganar el juicio contra él.",https://www.youtube.com/watch?v=V_ueAlyvn6A,FAMILIAR,
Cineplanet Quilín,LA GUERRA DE LOS ÚLTIMOS,2026-09-02,21:00,2D,doblada,118,,https://cdn.apis.cineplanet.cl/CDN/media/entity/get/FilmPosterGraphic/HO00001869?referenceScheme=HeadOffice&allowPlaceHolder=true,https://www.cineplanet.cl/peliculas/la-guerra-de-los-ltimos,"En un mundo postapocalíptico, un virus aniquila a prácticamente toda la humanidad. Los supervivientes se enfrentan a unos carroñeros errantes llamados ""Segadores"". El protagonista, Hig, un piloto, sobrevivió a la gripe pero perdió a su mujer. Adaptación de la aclamada novela ""La constelación del perro"", de Peter Heller.",https://www.youtube.com/watch?v=JZHY6oGCO58,CIENCIA FICCION,
Cineplanet Quilín,PAPI RICKY: LA PELÍCULA,2026-09-02,21:40,2D,doblada,104,TE +7,https://cdn.apis.cineplanet.cl/CDN/media/entity/get/FilmPosterGraphic/HO00001900?referenceScheme=HeadOffice&allowPlaceHolder=true,https://www.cineplanet.cl/peliculas/papi-ricky-la-pelcula,"La película retoma la historia de Alicia, quien vuelve a Chile para presentar a su futuro esposo, un joven español hípster y excéntrico que representa la modernidad. Sin embargo, su llegada provoca un verdadero terremoto familiar: el choque con el conservador Papi Ricky y la irreverente Catrala hará que ambos padres dejen atrás antiguas diferencias para unirse en un objetivo común: impedir la boda de su hija.",https://youtu.be/Nr17OlZAkBc?si=FPiN8DOfV6jCR5MI,COMEDIA,
Cineplanet Quilín,EL FINAL DE LA CALLE OAK,2026-09-02,22:00,2D,doblada,99,+14,https://cdn.apis.cineplanet.cl/CDN/media/entity/get/FilmPosterGraphic/HO00001856?referenceScheme=HeadOffice&allowPlaceHolder=true,https://www.cineplanet.cl/peliculas/el-final-de-la-calle-oak,"Después de que un misterioso fenómeno cósmico arranque Oak Street de su entorno suburbano y transporte a sus habitantes a un lugar desconocido, la familia Platt pronto descubre que su propia supervivencia depende de que permanezcan unidos mientras se orientan en un entorno que ya no reconocen.",https://www.youtube.com/watch?v=kdrry0xfHzA,CIENCIA FICCION,
