banco,comercio,direccion,comuna,lat,lon,logo,dias,monto,tope,vigencia,sitio_web,categoria,url
Santander,Otto cocina,Santa Beatriz 203,Providencia,,,https://banco.santander.cl/uploads/000/061/619/db46cd42-543c-40a0-9ad0-4ee20ca8df44/original/Otto_1_.png,jueves,40% dcto.,40000,2026-09-30,,restaurantes,https://banco.santander.cl/beneficios/promociones/otto-cocina
Santander,Rubaiyat,Av. Nueva Costanera 4031,Vitacura,,,https://banco.santander.cl/uploads/000/060/896/0757f68c-8c8b-4e0c-ac06-6b4286d25863/original/Extras_LOGO_RUBA_500X800_4.png,,30% dcto. en exclusiva experiencia gastronómica Rubaiyat,,2026-07-28,,restaurantes,https://banco.santander.cl/beneficios/promociones/rubaiyat
Santander,Domani,,Las Condes,,,https://banco.santander.cl/uploads/000/060/224/9e6a00a5-3776-478d-88ba-96e5b081f8f0/original/Domani_1_.jpg,lunes,40% dcto.,40000,2026-09-30,,restaurantes,https://banco.santander.cl/beneficios/promociones/domani
Santander,Domani,,Providencia,,,https://banco.santander.cl/uploads/000/060/224/9e6a00a5-3776-478d-88ba-96e5b081f8f0/original/Domani_1_.jpg,lunes,40% dcto.,40000,2026-09-30,,restaurantes,https://banco.santander.cl/beneficios/promociones/domani
Santander,Majka,Principe de Gales 7102,La Reina,,,https://banco.santander.cl/uploads/000/059/715/3b231c91-ad52-4dac-bbf8-21e494cb8e38/original/logo_majka_1.png,jueves,40% dcto.,40000,2026-09-30,,restaurantes,https://banco.santander.cl/beneficios/promociones/majka
Santander,Ramblas,Manuel Montt 370,Providencia,,,https://banco.santander.cl/uploads/000/059/710/b8bece13-28c2-41df-9a31-05675637ebc2/original/LOGOTIPO_500X800px.jpg,martes,40% dcto.,40000,2026-09-30,,restaurantes,https://banco.santander.cl/beneficios/promociones/ramblas
Santander,Bar TPM,Av. Las Condes 6766,,,,https://banco.santander.cl/uploads/000/059/236/42b0a394-f6a7-4d84-9ba3-6ca0b58c6a15/original/TPM_87_.png,miercoles,30% dcto.,40000,2026-09-30,,restaurantes,https://banco.santander.cl/beneficios/promociones/bar-tpm
Santander,Bar TPM,Manuel Montt 412,,,,https://banco.santander.cl/uploads/000/059/236/42b0a394-f6a7-4d84-9ba3-6ca0b58c6a15/original/TPM_87_.png,miercoles,30% dcto.,40000,2026-09-30,,restaurantes,https://banco.santander.cl/beneficios/promociones/bar-tpm
Santander,Bar TPM,Av. Tobalaba 455,,,,https://banco.santander.cl/uploads/000/059/236/42b0a394-f6a7-4d84-9ba3-6ca0b58c6a15/original/TPM_87_.png,miercoles,30% dcto.,40000,2026-09-30,,restaurantes,https://banco.santander.cl/beneficios/promociones/bar-tpm
Santander,Bar TPM,Av. Italia 1226,,,,https://banco.santander.cl/uploads/000/059/236/42b0a394-f6a7-4d84-9ba3-6ca0b58c6a15/original/TPM_87_.png,miercoles,30% dcto.,40000,2026-09-30,,restaurantes,https://banco.santander.cl/beneficios/promociones/bar-tpm
Santander,Bar TPM,Av. Pedro de Valdivia 1738,,,,https://banco.santander.cl/uploads/000/059/236/42b0a394-f6a7-4d84-9ba3-6ca0b58c6a15/original/TPM_87_.png,miercoles,30% dcto.,40000,2026-09-30,,restaurantes,https://banco.santander.cl/beneficios/promociones/bar-tpm
Santander,Bar TPM,Humberto Trucco 37,,,,https://banco.santander.cl/uploads/000/059/236/42b0a394-f6a7-4d84-9ba3-6ca0b58c6a15/original/TPM_87_.png,miercoles,30% dcto.,40000,2026-09-30,,restaurantes,https://banco.santander.cl/beneficios/promociones/bar-tpm
Santander,Bar TPM,Paula Jaraquemada 19,,,,https://banco.santander.cl/uploads/000/059/236/42b0a394-f6a7-4d84-9ba3-6ca0b58c6a15/original/TPM_87_.png,miercoles,30% dcto.,40000,2026-09-30,,restaurantes,https://banco.santander.cl/beneficios/promociones/bar-tpm
Santander,Cosenza,Av. Nueva Costanera 3900,Vitacura,,,https://banco.santander.cl/uploads/000/059/221/cdc16583-afd1-4908-9747-854ef49fb025/original/Untitled_design_8_1_.png,viernes,40% dcto.,100000,2026-09-30,,restaurantes,https://banco.santander.cl/beneficios/promociones/cosenza
Santander,Vapiano,,,,,https://banco.santander.cl/uploads/000/058/322/339b596d-3253-43d1-bdbd-6f235e7b0067/original/Logo_Vapiano_1_.png,martes;jueves,40% dcto.,,2026-09-30,,restaurantes,https://banco.santander.cl/beneficios/promociones/vapiano-2
Santander,1213,Av. Tobalaba 1213,Providencia,,,https://banco.santander.cl/uploads/000/058/243/ffb111b1-c750-419c-a645-0b2729d05ac7/original/1213_logo.png,domingo,40% dcto.,40000,2026-09-30,,restaurantes,https://banco.santander.cl/beneficios/promociones/1213
Santander,1213,Av. Pedro de Valdivia 2785,Providencia,,,https://banco.santander.cl/uploads/000/058/243/ffb111b1-c750-419c-a645-0b2729d05ac7/original/1213_logo.png,domingo,40% dcto.,40000,2026-09-30,,restaurantes,https://banco.santander.cl/beneficios/promociones/1213
Santander,Hitomi Tomi,Av. Tobalaba 947,Providencia,,,https://banco.santander.cl/uploads/000/058/250/40b9d554-8dd8-413f-8bce-12e45a956c14/original/Hitomi_Tomi_logo.png,jueves,40% dcto.,40000,2026-09-30,,restaurantes,https://banco.santander.cl/beneficios/promociones/hitomi-tomi
Santander,Santa Brasa,Alonso de Córdova 4260,Vitacura,,,https://banco.santander.cl/uploads/000/057/965/0821d5a6-6e8c-4772-814f-03a0f9dd40dc/original/Logo1_SantaBrasa.jpg,martes,50% dcto.,50000,2026-11-30,,restaurantes,https://banco.santander.cl/beneficios/promociones/santa-brasa-3
Santander,Pizzería Capri,Avenida El Rodeo 13052,Lo Barnechea,,,https://banco.santander.cl/uploads/000/057/827/db644f41-7709-4eba-9c45-8b05fc9cb2d0/original/Logo_Capri_Pizzeria.png,lunes,40% dcto.,40000,2026-09-30,,restaurantes,https://banco.santander.cl/beneficios/promociones/pizzeria-capri
Santander,Pizzería Capri,Gerónimo Alderete 1423,Vitacura,,,https://banco.santander.cl/uploads/000/057/827/db644f41-7709-4eba-9c45-8b05fc9cb2d0/original/Logo_Capri_Pizzeria.png,lunes,40% dcto.,40000,2026-09-30,,restaurantes,https://banco.santander.cl/beneficios/promociones/pizzeria-capri
Santander,Zulu,Alonso de Córdova 2337,Vitacura,,,https://banco.santander.cl/uploads/000/057/421/a2dd2270-5639-41d7-9178-0c9a11d57c46/original/Logo_Zulu.png,jueves,50%. dcto.,50000,2026-11-30,,restaurantes,https://banco.santander.cl/beneficios/promociones/zulu
Santander,Estación Tropera,Av. Vitacura 3285,Vitacura,,,https://banco.santander.cl/uploads/000/057/419/5b7b6a32-fafc-477c-8af4-1f374f44c27b/original/Logo_EstacionTropera.png,viernes,40% dcto.,40000,2026-09-30,,restaurantes,https://banco.santander.cl/beneficios/promociones/estacion-tropera
Santander,Exò Nuit,Candelaria Goyenechea 3868,Vitacura,,,https://banco.santander.cl/uploads/000/057/416/9222d931-9c1c-4844-ae39-2fb940a75489/original/Logo_ExoNuit.png,miercoles,30%. dcto.,40000,2026-09-30,,restaurantes,https://banco.santander.cl/beneficios/promociones/exo-nuit
Santander,Delivery Gourmet,Partenón 1727,Vitacura,,,https://banco.santander.cl/uploads/000/056/733/9f57f41f-6edf-4f65-b39b-5d050b5a6e81/original/Logo_Delivery-gourmet.png,miercoles,30% dcto.,40000,2026-09-30,,restaurantes,https://banco.santander.cl/beneficios/promociones/delivery-gourmet
Santander,Delivery Gourmet,Av. Francisco Bilbao 2752,Providencia,,,https://banco.santander.cl/uploads/000/056/733/9f57f41f-6edf-4f65-b39b-5d050b5a6e81/original/Logo_Delivery-gourmet.png,miercoles,30% dcto.,40000,2026-09-30,,restaurantes,https://banco.santander.cl/beneficios/promociones/delivery-gourmet
Santander,Delivery Gourmet,Roberto Espinoza 718,Santiago,,,https://banco.santander.cl/uploads/000/056/733/9f57f41f-6edf-4f65-b39b-5d050b5a6e81/original/Logo_Delivery-gourmet.png,miercoles,30% dcto.,40000,2026-09-30,,restaurantes,https://banco.santander.cl/beneficios/promociones/delivery-gourmet
Santander,Curry,Partenón 1727,Vitacura,,,https://banco.santander.cl/uploads/000/056/730/0cd83e95-dd5f-4616-a42e-65224f5ec5f4/original/Logo_Curry.png,miercoles,30% dcto.,40000,2026-09-30,,restaurantes,https://banco.santander.cl/beneficios/promociones/curry-2
Santander,Curry,Av. Francisco Bilbao 2752,Providencia,,,https://banco.santander.cl/uploads/000/056/730/0cd83e95-dd5f-4616-a42e-65224f5ec5f4/original/Logo_Curry.png,miercoles,30% dcto.,40000,2026-09-30,,restaurantes,https://banco.santander.cl/beneficios/promociones/curry-2
Santander,Curry,Roberto Espinoza 718,Santiago,,,https://banco.santander.cl/uploads/000/056/730/0cd83e95-dd5f-4616-a42e-65224f5ec5f4/original/Logo_Curry.png,miercoles,30% dcto.,40000,2026-09-30,,restaurantes,https://banco.santander.cl/beneficios/promociones/curry-2
Santander,Rocoto,Partenón 1727,Vitacura,,,https://banco.santander.cl/uploads/000/056/728/73b47e3a-b396-446b-9739-d12ead49dbac/original/Logo_Rocoto.png,miercoles,30% dcto.,40000,2026-09-30,,restaurantes,https://banco.santander.cl/beneficios/promociones/rocoto
Santander,Rocoto,Av. Francisco Bilbao 2752,Providencia,,,https://banco.santander.cl/uploads/000/056/728/73b47e3a-b396-446b-9739-d12ead49dbac/original/Logo_Rocoto.png,miercoles,30% dcto.,40000,2026-09-30,,restaurantes,https://banco.santander.cl/beneficios/promociones/rocoto
Santander,Rocoto,Roberto Espinoza 718,Santiago,,,https://banco.santander.cl/uploads/000/056/728/73b47e3a-b396-446b-9739-d12ead49dbac/original/Logo_Rocoto.png,miercoles,30% dcto.,40000,2026-09-30,,restaurantes,https://banco.santander.cl/beneficios/promociones/rocoto
Santander,Estró,El Alcalde 15,Las Condes,,,https://banco.santander.cl/uploads/000/056/705/8a309611-8b8f-4050-b02e-13fb0ca61009/original/Logo_Estro.png,jueves,40% dcto.,100000,2026-09-30,,restaurantes,https://banco.santander.cl/beneficios/promociones/estro-3
Santander,Social Bar,Av. Vitacura 3396,Vitacura,,,https://banco.santander.cl/uploads/000/056/393/a5860c42-6881-45ff-a420-898b416ca399/original/Logo_SocialBar.png,lunes,40% dcto.,40000,2026-09-30,,restaurantes,https://banco.santander.cl/beneficios/promociones/social-bar
Santander,Prístino,El Coihue 3807,Vitacura,,,https://banco.santander.cl/uploads/000/056/395/250a4d75-6f1e-4032-af50-c45f264fe061/original/Logo_Pristino.png,sabado,50% dcto.,50000,2026-11-30,,restaurantes,https://banco.santander.cl/beneficios/promociones/pristino
Santander,Streat Burger,,Las Condes,,,https://banco.santander.cl/uploads/000/055/771/4f46a1b8-7841-4684-9b19-3c7e20b80a45/original/Logo_StreatBurger.png,miercoles,40% dcto.,40000,2026-09-30,,restaurantes,https://banco.santander.cl/beneficios/promociones/streat-burger
Santander,Streat Burger,,Lo Barnechea,,,https://banco.santander.cl/uploads/000/055/771/4f46a1b8-7841-4684-9b19-3c7e20b80a45/original/Logo_StreatBurger.png,miercoles,40% dcto.,40000,2026-09-30,,restaurantes,https://banco.santander.cl/beneficios/promociones/streat-burger
Santander,Streat Burger,,Ñuñoa,,,https://banco.santander.cl/uploads/000/055/771/4f46a1b8-7841-4684-9b19-3c7e20b80a45/original/Logo_StreatBurger.png,miercoles,40% dcto.,40000,2026-09-30,,restaurantes,https://banco.santander.cl/beneficios/promociones/streat-burger
Santander,Streat Burger,,La Florida,,,https://banco.santander.cl/uploads/000/055/771/4f46a1b8-7841-4684-9b19-3c7e20b80a45/original/Logo_StreatBurger.png,miercoles,40% dcto.,40000,2026-09-30,,restaurantes,https://banco.santander.cl/beneficios/promociones/streat-burger
Santander,Expendio Montt,Manuel Montt 727,Providencia,,,https://banco.santander.cl/uploads/000/055/141/86504300-ac2a-4e99-8fa5-61e7047bef39/original/Logo_Expendio.png,miercoles,30% dcto.,40000,2026-09-30,,restaurantes,https://banco.santander.cl/beneficios/promociones/expendio-montt
Santander,Bar Porfirio,Manuel Montt 697,Providencia,,,https://banco.santander.cl/uploads/000/055/139/d4fced7d-87ce-48e8-8308-bcdd1fd7352f/original/Logo_BarPorfolio_1_.png,miercoles,30% dcto.,40000,2026-09-30,,restaurantes,https://banco.santander.cl/beneficios/promociones/bar-porfirio
Santander,Kento Sushi,Parque Arauco,,,,https://banco.santander.cl/uploads/000/055/137/69116eb1-4d45-4654-8f2f-d9118107b103/original/Logo_kento_1_.png,miercoles,30% dcto.,40000,2026-09-30,,restaurantes,https://banco.santander.cl/beneficios/promociones/kento-sushi
Santander,Kento Sushi,Alto Las Condes,,,,https://banco.santander.cl/uploads/000/055/137/69116eb1-4d45-4654-8f2f-d9118107b103/original/Logo_kento_1_.png,miercoles,30% dcto.,40000,2026-09-30,,restaurantes,https://banco.santander.cl/beneficios/promociones/kento-sushi
Santander,Kento Sushi,Av. Vitacura 5460,Vitacura,,,https://banco.santander.cl/uploads/000/055/137/69116eb1-4d45-4654-8f2f-d9118107b103/original/Logo_kento_1_.png,miercoles,30% dcto.,40000,2026-09-30,,restaurantes,https://banco.santander.cl/beneficios/promociones/kento-sushi
Santander,Taringa,Av. Vitacura 5336,Vitacura,,,https://banco.santander.cl/uploads/000/055/115/77700d00-b3af-43c0-9ad3-03f249909505/original/Logo_Taringa.png,sabado,40% dcto.,40000,2026-09-30,,restaurantes,https://banco.santander.cl/beneficios/promociones/taringa-4
Santander,Hijo del Inca,Príncipe de Gales 6992,La Reina,,,https://banco.santander.cl/uploads/000/054/393/15454246-21f0-40c0-87ad-d6672c1b4297/original/Logo_Hijodel_inca.png,miercoles,30% dcto.,40000,2026-09-30,,restaurantes,https://banco.santander.cl/beneficios/promociones/hijo-del-inca
Santander,Hijo del Inca,Santa Magdalena 168 local 102,Providencia,,,https://banco.santander.cl/uploads/000/054/393/15454246-21f0-40c0-87ad-d6672c1b4297/original/Logo_Hijodel_inca.png,miercoles,30% dcto.,40000,2026-09-30,,restaurantes,https://banco.santander.cl/beneficios/promociones/hijo-del-inca
Santander,Brunapoli,Nueva Costanera 3961,Vitacura,,,https://banco.santander.cl/uploads/000/053/839/07172704-c63b-4d31-ab63-65bbc26aaa30/original/Logo_Brunapoli.png,martes,40% dcto.,100000,2026-09-30,,restaurantes,https://banco.santander.cl/beneficios/promociones/brunapoli
Santander,Brunapoli,Av. José Alcalde Délano,Lo Barnechea,,,https://banco.santander.cl/uploads/000/053/839/07172704-c63b-4d31-ab63-65bbc26aaa30/original/Logo_Brunapoli.png,martes,40% dcto.,100000,2026-09-30,,restaurantes,https://banco.santander.cl/beneficios/promociones/brunapoli
Santander,Brunapoli,Camino El Alba 11969,Las Condes,,,https://banco.santander.cl/uploads/000/053/839/07172704-c63b-4d31-ab63-65bbc26aaa30/original/Logo_Brunapoli.png,martes,40% dcto.,100000,2026-09-30,,restaurantes,https://banco.santander.cl/beneficios/promociones/brunapoli
Santander,Le Vice Chocolat,,Vitacura,,,https://banco.santander.cl/uploads/000/053/337/23d63453-c438-442f-b0e3-0d56334eb717/original/Logo_LeVice.png,jueves,40% dcto.,,2026-09-30,https://www.levicechocolat.com,restaurantes,https://banco.santander.cl/beneficios/promociones/le-vice-chocolat
Santander,Berlin Döner Kebab,,Ñuñoa,,,https://banco.santander.cl/uploads/000/053/328/6f8c5387-6ebe-4f4e-b19f-55a4d42b76a5/original/Logo_Berlin_DK.png,miercoles,30% dcto.,40000,2026-09-30,,restaurantes,https://banco.santander.cl/beneficios/promociones/berlin-doner-kebab
Santander,Berlin Döner Kebab,,Vitacura,,,https://banco.santander.cl/uploads/000/053/328/6f8c5387-6ebe-4f4e-b19f-55a4d42b76a5/original/Logo_Berlin_DK.png,miercoles,30% dcto.,40000,2026-09-30,,restaurantes,https://banco.santander.cl/beneficios/promociones/berlin-doner-kebab
Santander,Chicken Love You,,Santiago,,,https://banco.santander.cl/uploads/000/053/316/ec64d2e7-9294-4eb2-98c3-10296f56c777/original/Logo_ChickenLoveYou.png,miercoles,40% dcto.,40000,2026-09-30,https://www.chickenloveyou.cl/,restaurantes,https://banco.santander.cl/beneficios/promociones/chicken-love-you
Santander,Chicken Love You,,Vitacura,,,https://banco.santander.cl/uploads/000/053/316/ec64d2e7-9294-4eb2-98c3-10296f56c777/original/Logo_ChickenLoveYou.png,miercoles,40% dcto.,40000,2026-09-30,https://www.chickenloveyou.cl/,restaurantes,https://banco.santander.cl/beneficios/promociones/chicken-love-you
Santander,Chicken Love You,,Las Condes,,,https://banco.santander.cl/uploads/000/053/316/ec64d2e7-9294-4eb2-98c3-10296f56c777/original/Logo_ChickenLoveYou.png,miercoles,40% dcto.,40000,2026-09-30,https://www.chickenloveyou.cl/,restaurantes,https://banco.santander.cl/beneficios/promociones/chicken-love-you
Santander,Chicken Love You,,Maipú,,,https://banco.santander.cl/uploads/000/053/316/ec64d2e7-9294-4eb2-98c3-10296f56c777/original/Logo_ChickenLoveYou.png,miercoles,40% dcto.,40000,2026-09-30,https://www.chickenloveyou.cl/,restaurantes,https://banco.santander.cl/beneficios/promociones/chicken-love-you
Santander,Chicken Love You,,La Reina,,,https://banco.santander.cl/uploads/000/053/316/ec64d2e7-9294-4eb2-98c3-10296f56c777/original/Logo_ChickenLoveYou.png,miercoles,40% dcto.,40000,2026-09-30,https://www.chickenloveyou.cl/,restaurantes,https://banco.santander.cl/beneficios/promociones/chicken-love-you
Santander,Chicken Love You,,La Florida,,,https://banco.santander.cl/uploads/000/053/316/ec64d2e7-9294-4eb2-98c3-10296f56c777/original/Logo_ChickenLoveYou.png,miercoles,40% dcto.,40000,2026-09-30,https://www.chickenloveyou.cl/,restaurantes,https://banco.santander.cl/beneficios/promociones/chicken-love-you
Santander,Chicken Love You,,Lo Barnechea,,,https://banco.santander.cl/uploads/000/053/316/ec64d2e7-9294-4eb2-98c3-10296f56c777/original/Logo_ChickenLoveYou.png,miercoles,40% dcto.,40000,2026-09-30,https://www.chickenloveyou.cl/,restaurantes,https://banco.santander.cl/beneficios/promociones/chicken-love-you
Santander,Juan Esparraguito,,Las Condes,,,https://banco.santander.cl/uploads/000/053/435/cc5b09ae-5dfe-4603-b845-7583434c4144/original/Logo2_JuanEsparraguito.png,miercoles,30% dcto.,100000,2026-09-30,https://www.juanesparraguito.com,restaurantes,https://banco.santander.cl/beneficios/promociones/juan-esparraguito
Santander,Juan Esparraguito,,Lo Barnechea,,,https://banco.santander.cl/uploads/000/053/435/cc5b09ae-5dfe-4603-b845-7583434c4144/original/Logo2_JuanEsparraguito.png,miercoles,30% dcto.,100000,2026-09-30,https://www.juanesparraguito.com,restaurantes,https://banco.santander.cl/beneficios/promociones/juan-esparraguito
Santander,Juan Esparraguito,,Vitacura,,,https://banco.santander.cl/uploads/000/053/435/cc5b09ae-5dfe-4603-b845-7583434c4144/original/Logo2_JuanEsparraguito.png,miercoles,30% dcto.,100000,2026-09-30,https://www.juanesparraguito.com,restaurantes,https://banco.santander.cl/beneficios/promociones/juan-esparraguito
Santander,Juan Esparraguito,,La Reina,,,https://banco.santander.cl/uploads/000/053/435/cc5b09ae-5dfe-4603-b845-7583434c4144/original/Logo2_JuanEsparraguito.png,miercoles,30% dcto.,100000,2026-09-30,https://www.juanesparraguito.com,restaurantes,https://banco.santander.cl/beneficios/promociones/juan-esparraguito
Santander,Juan Esparraguito,,Ñuñoa,,,https://banco.santander.cl/uploads/000/053/435/cc5b09ae-5dfe-4603-b845-7583434c4144/original/Logo2_JuanEsparraguito.png,miercoles,30% dcto.,100000,2026-09-30,https://www.juanesparraguito.com,restaurantes,https://banco.santander.cl/beneficios/promociones/juan-esparraguito
Santander,Juan Esparraguito,,Providencia,,,https://banco.santander.cl/uploads/000/053/435/cc5b09ae-5dfe-4603-b845-7583434c4144/original/Logo2_JuanEsparraguito.png,miercoles,30% dcto.,100000,2026-09-30,https://www.juanesparraguito.com,restaurantes,https://banco.santander.cl/beneficios/promociones/juan-esparraguito
Santander,Juan Esparraguito,,Santiago,,,https://banco.santander.cl/uploads/000/053/435/cc5b09ae-5dfe-4603-b845-7583434c4144/original/Logo2_JuanEsparraguito.png,miercoles,30% dcto.,100000,2026-09-30,https://www.juanesparraguito.com,restaurantes,https://banco.santander.cl/beneficios/promociones/juan-esparraguito
Santander,Oh Bok,Av. Vitacura 4085,Vitacura,,,https://banco.santander.cl/uploads/000/051/427/9d30c13f-94fd-4abe-b371-c8cd93632a0a/original/Logo_OhBok.png,jueves,40% dcto.,40000,2026-09-30,,restaurantes,https://banco.santander.cl/beneficios/promociones/oh-bok
Santander,Oh Bok,Av. Vitacura 7261,Vitacura,,,https://banco.santander.cl/uploads/000/051/427/9d30c13f-94fd-4abe-b371-c8cd93632a0a/original/Logo_OhBok.png,jueves,40% dcto.,40000,2026-09-30,,restaurantes,https://banco.santander.cl/beneficios/promociones/oh-bok
Santander,El Mundo del Vino,,Providencia,,,https://banco.santander.cl/uploads/000/050/970/29b31161-8aa2-4f4d-bc53-f7e7e23f1e16/original/logo_el_mundo_del_vino_.jpg,lunes,40% dcto. en viñas seleccionadas.,100000,2026-09-30,https://elmundodelvino.cl/,restaurantes,https://banco.santander.cl/beneficios/promociones/el-mundo-del-vino-9
Santander,El Mundo del Vino,,Las Condes,,,https://banco.santander.cl/uploads/000/050/970/29b31161-8aa2-4f4d-bc53-f7e7e23f1e16/original/logo_el_mundo_del_vino_.jpg,lunes,40% dcto. en viñas seleccionadas.,100000,2026-09-30,https://elmundodelvino.cl/,restaurantes,https://banco.santander.cl/beneficios/promociones/el-mundo-del-vino-9
Santander,Bozzo,,Las Condes,,,https://banco.santander.cl/uploads/000/052/372/c6ecb291-fe6a-4d8b-affa-5721f6944cad/original/logo_bozzo.jpg,martes,40% dcto. en bozzochocolates.cl y 20% dcto. en tiendas,40000,2026-09-30,https://bozzochocolates.cl/,restaurantes,https://banco.santander.cl/beneficios/promociones/bozzo-4
Santander,Bozzo,,Vitacura,,,https://banco.santander.cl/uploads/000/052/372/c6ecb291-fe6a-4d8b-affa-5721f6944cad/original/logo_bozzo.jpg,martes,40% dcto. en bozzochocolates.cl y 20% dcto. en tiendas,40000,2026-09-30,https://bozzochocolates.cl/,restaurantes,https://banco.santander.cl/beneficios/promociones/bozzo-4
Santander,Bozzo,,Lo Barnechea,,,https://banco.santander.cl/uploads/000/052/372/c6ecb291-fe6a-4d8b-affa-5721f6944cad/original/logo_bozzo.jpg,martes,40% dcto. en bozzochocolates.cl y 20% dcto. en tiendas,40000,2026-09-30,https://bozzochocolates.cl/,restaurantes,https://banco.santander.cl/beneficios/promociones/bozzo-4
Santander,Bozzo,,Providencia,,,https://banco.santander.cl/uploads/000/052/372/c6ecb291-fe6a-4d8b-affa-5721f6944cad/original/logo_bozzo.jpg,martes,40% dcto. en bozzochocolates.cl y 20% dcto. en tiendas,40000,2026-09-30,https://bozzochocolates.cl/,restaurantes,https://banco.santander.cl/beneficios/promociones/bozzo-4
Santander,Bozzo,,Santiago,,,https://banco.santander.cl/uploads/000/052/372/c6ecb291-fe6a-4d8b-affa-5721f6944cad/original/logo_bozzo.jpg,martes,40% dcto. en bozzochocolates.cl y 20% dcto. en tiendas,40000,2026-09-30,https://bozzochocolates.cl/,restaurantes,https://banco.santander.cl/beneficios/promociones/bozzo-4
Santander,Bozzo,,Peñalolén,,,https://banco.santander.cl/uploads/000/052/372/c6ecb291-fe6a-4d8b-affa-5721f6944cad/original/logo_bozzo.jpg,martes,40% dcto. en bozzochocolates.cl y 20% dcto. en tiendas,40000,2026-09-30,https://bozzochocolates.cl/,restaurantes,https://banco.santander.cl/beneficios/promociones/bozzo-4
Santander,Bozzo,,La Florida,,,https://banco.santander.cl/uploads/000/052/372/c6ecb291-fe6a-4d8b-affa-5721f6944cad/original/logo_bozzo.jpg,martes,40% dcto. en bozzochocolates.cl y 20% dcto. en tiendas,40000,2026-09-30,https://bozzochocolates.cl/,restaurantes,https://banco.santander.cl/beneficios/promociones/bozzo-4
Santander,El Taller,Av. Providencia 1467,Providencia,,,https://banco.santander.cl/uploads/000/050/912/1bd0b0df-0077-4572-ad7f-07279fae0c0f/original/Logo_ElTaller.png,martes,40% dcto.,15000,2026-09-30,https://www.eltallerchile.cl/,restaurantes,https://banco.santander.cl/beneficios/promociones/el-taller
Santander,El Taller,Av. La Dehesa 1570,Lo Barnechea,,,https://banco.santander.cl/uploads/000/050/912/1bd0b0df-0077-4572-ad7f-07279fae0c0f/original/Logo_ElTaller.png,martes,40% dcto.,15000,2026-09-30,https://www.eltallerchile.cl/,restaurantes,https://banco.santander.cl/beneficios/promociones/el-taller
Santander,El Taller,Av. Apoquindo 2730,Las Condes,,,https://banco.santander.cl/uploads/000/050/912/1bd0b0df-0077-4572-ad7f-07279fae0c0f/original/Logo_ElTaller.png,martes,40% dcto.,15000,2026-09-30,https://www.eltallerchile.cl/,restaurantes,https://banco.santander.cl/beneficios/promociones/el-taller
Santander,Ciros,Isidora Goyenechea 2971,Las Condes,,,https://banco.santander.cl/uploads/000/050/903/03b3a442-1783-4c64-8618-a720d7d65fac/original/Logo_Ciros.png,sabado,40% dcto.,40000,2026-09-30,,restaurantes,https://banco.santander.cl/beneficios/promociones/ciros
Santander,Ari Nikkei,,Las Condes,,,https://banco.santander.cl/uploads/000/049/270/e415d00c-1fd9-4cb7-b284-179823d03c0a/original/Logo_AriNikkei-6.png,viernes,30%. dcto.,40000,2026-09-30,,restaurantes,https://banco.santander.cl/beneficios/promociones/ari-nikkei
Santander,Sociedad 0306,Av. Sta. Isabel 0306,Providencia,,,https://banco.santander.cl/uploads/000/048/395/a5ab4619-0906-4a7c-95f6-e268a82d7a90/original/Logo_Sociedad0306_1_.png,martes,40% dcto.,40000,2026-09-30,,restaurantes,https://banco.santander.cl/beneficios/promociones/sociedad-0306
Santander,Infiltrados,Av. Vitacura 5708,Vitacura,,,https://banco.santander.cl/uploads/000/048/393/24968733-d396-44d1-9d97-4326689a543f/original/Dise_o_sin_t_tulo-21.png,viernes;sabado,Hasta 50%. dcto.,50000,2026-11-30,,restaurantes,https://banco.santander.cl/beneficios/promociones/infiltrados
Santander,Do Sushi,"Suecia 0155, local 102",Providencia,,,https://banco.santander.cl/uploads/000/048/383/f1e6b2c4-652c-4d3f-a1a0-665c879e7775/original/Logo_Do_Sushi.png,domingo,50% dcto.,50000,2026-11-30,https://www.dosushi.cl,restaurantes,https://banco.santander.cl/beneficios/promociones/do-sushi-6
Santander,ICA,Isidora Goyenechea 2939,Las Condes,,,https://banco.santander.cl/uploads/000/047/484/367c874e-eb06-47c1-9118-2dbee8f18f50/original/Logo_Ica_500x800_V1.jpg,sabado,40% dcto.,40000,2026-05-31,https://www.icarestaurant.cl,restaurantes,https://banco.santander.cl/beneficios/promociones/ica-2
Santander,La Dicha,Alonso de Córdova 4355,Vitacura,,,https://banco.santander.cl/uploads/000/047/478/8ebb2a05-3ab7-484f-931c-e7c15f42897f/original/Logo_LaDicha.jpg,lunes,40% dcto.,,2026-09-30,,restaurantes,https://banco.santander.cl/beneficios/promociones/la-dicha-4
Santander,Cosecha del Mar,Av. La Dehesa 2035,Lo Barnechea,,,https://banco.santander.cl/uploads/000/047/242/fbf9b8ee-333f-45e1-9935-ac368e3f816c/original/logo_cosecha_del_mar.jpg,viernes,40% dcto.,100000,2026-09-30,,restaurantes,https://banco.santander.cl/beneficios/promociones/cosecha-del-mar-4
Santander,Dominga Nikkei,El Rodeo 12699,Lo Barnechea,,,https://banco.santander.cl/uploads/000/047/104/d8338db3-818b-4a26-a161-da3f26928ca7/original/Logo_nuevo_Dominga.png,viernes,40%. dcto.,40000,2026-09-30,https://dmng.cl,restaurantes,https://banco.santander.cl/beneficios/promociones/dominga-nikkei
Santander,Naoki,Av. Vitacura 3875,Vitacura,,,https://banco.santander.cl/uploads/000/047/006/23276d5c-ef01-40b6-91d5-e73104a76215/original/Logo_Naoki.jpg,miercoles,40%. dcto.,100000,2026-09-30,https://naoki.cl,restaurantes,https://banco.santander.cl/beneficios/promociones/naoki-2
Santander,Caoba Bar,Alonso de Córdova 4156,Vitacura,,,https://banco.santander.cl/uploads/000/046/987/fedc6a64-90c7-4a11-9361-664ef4c626d9/original/Logo_CaobaBar.jpg,lunes,40% dcto.,,2026-09-30,https://caobabar.cl,restaurantes,https://banco.santander.cl/beneficios/promociones/caoba-bar-2
Santander,PF Chang’s,Isidora Goyenechea 2940,Las Condes,,,https://banco.santander.cl/uploads/000/046/992/92486906-a793-4a3e-8f79-472538ccd2e3/original/Logo_PFChangs.jpg,miercoles,40% dcto.,40000,2026-09-30,https://www.pfchangs.cl/,restaurantes,https://banco.santander.cl/beneficios/promociones/pfchang
Santander,PF Chang’s,Parque Arauco,Las Condes,,,https://banco.santander.cl/uploads/000/046/992/92486906-a793-4a3e-8f79-472538ccd2e3/original/Logo_PFChangs.jpg,miercoles,40% dcto.,40000,2026-09-30,https://www.pfchangs.cl/,restaurantes,https://banco.santander.cl/beneficios/promociones/pfchang
Santander,PF Chang’s,Alto Las Condes,Las Condes,,,https://banco.santander.cl/uploads/000/046/992/92486906-a793-4a3e-8f79-472538ccd2e3/original/Logo_PFChangs.jpg,miercoles,40% dcto.,40000,2026-09-30,https://www.pfchangs.cl/,restaurantes,https://banco.santander.cl/beneficios/promociones/pfchang
Santander,La Bifería,Av. Pedro de Valdivia 065,Providencia,,,https://banco.santander.cl/uploads/000/046/501/e15a524c-d62d-4f06-9ec7-b6ac7270e00e/original/Logo_LaBiferia1.jpg,miercoles,40% dcto.,40000,2026-09-30,https://www.labiferia.cl,restaurantes,https://banco.santander.cl/beneficios/promociones/la-biferia-2
Santander,Hijo del Sol,,La Reina,,,https://banco.santander.cl/uploads/000/046/497/2255e557-6b54-4468-9846-cc6b96bd22d6/original/Logo_Hijodelsol1.jpg,miercoles,40% dcto.,40000,2026-09-30,,restaurantes,https://banco.santander.cl/beneficios/promociones/hijo-del-sol-2
Santander,Hijo del Sol,,Las Condes,,,https://banco.santander.cl/uploads/000/046/497/2255e557-6b54-4468-9846-cc6b96bd22d6/original/Logo_Hijodelsol1.jpg,miercoles,40% dcto.,40000,2026-09-30,,restaurantes,https://banco.santander.cl/beneficios/promociones/hijo-del-sol-2
Santander,Hijo del Sol,,Vitacura,,,https://banco.santander.cl/uploads/000/046/497/2255e557-6b54-4468-9846-cc6b96bd22d6/original/Logo_Hijodelsol1.jpg,miercoles,40% dcto.,40000,2026-09-30,,restaurantes,https://banco.santander.cl/beneficios/promociones/hijo-del-sol-2
Santander,Hijo del Sol,,Santiago,,,https://banco.santander.cl/uploads/000/046/497/2255e557-6b54-4468-9846-cc6b96bd22d6/original/Logo_Hijodelsol1.jpg,miercoles,40% dcto.,40000,2026-09-30,,restaurantes,https://banco.santander.cl/beneficios/promociones/hijo-del-sol-2
Santander,Local Burger,,,,,https://banco.santander.cl/uploads/000/046/209/4a4cee41-0e9a-4a32-a2b4-5b3abaf3d0e7/original/logo_localburger.jpg,miercoles,40% dcto.,40000,2026-09-30,https://localburger.cl,restaurantes,https://banco.santander.cl/beneficios/promociones/local-burger-2
Santander,Fork,,La Reina,,,https://banco.santander.cl/uploads/000/049/282/c00f7d20-da41-4696-b413-6e301433fb6f/original/Logonuevo_Forknegro.png,viernes,40% dcto.,40000,2026-09-30,https://www.forkchile.cl/,restaurantes,https://banco.santander.cl/beneficios/promociones/fork-4
Santander,Fork,,Las Condes,,,https://banco.santander.cl/uploads/000/049/282/c00f7d20-da41-4696-b413-6e301433fb6f/original/Logonuevo_Forknegro.png,viernes,40% dcto.,40000,2026-09-30,https://www.forkchile.cl/,restaurantes,https://banco.santander.cl/beneficios/promociones/fork-4
Santander,Fork,,Lo Barnechea,,,https://banco.santander.cl/uploads/000/049/282/c00f7d20-da41-4696-b413-6e301433fb6f/original/Logonuevo_Forknegro.png,viernes,40% dcto.,40000,2026-09-30,https://www.forkchile.cl/,restaurantes,https://banco.santander.cl/beneficios/promociones/fork-4
Santander,Fork,,Providencia,,,https://banco.santander.cl/uploads/000/049/282/c00f7d20-da41-4696-b413-6e301433fb6f/original/Logonuevo_Forknegro.png,viernes,40% dcto.,40000,2026-09-30,https://www.forkchile.cl/,restaurantes,https://banco.santander.cl/beneficios/promociones/fork-4
Santander,Fork,,Santiago,,,https://banco.santander.cl/uploads/000/049/282/c00f7d20-da41-4696-b413-6e301433fb6f/original/Logonuevo_Forknegro.png,viernes,40% dcto.,40000,2026-09-30,https://www.forkchile.cl/,restaurantes,https://banco.santander.cl/beneficios/promociones/fork-4
Santander,Fork,,Macul,,,https://banco.santander.cl/uploads/000/049/282/c00f7d20-da41-4696-b413-6e301433fb6f/original/Logonuevo_Forknegro.png,viernes,40% dcto.,40000,2026-09-30,https://www.forkchile.cl/,restaurantes,https://banco.santander.cl/beneficios/promociones/fork-4
Santander,Fork,,Vitacura,,,https://banco.santander.cl/uploads/000/049/282/c00f7d20-da41-4696-b413-6e301433fb6f/original/Logonuevo_Forknegro.png,viernes,40% dcto.,40000,2026-09-30,https://www.forkchile.cl/,restaurantes,https://banco.santander.cl/beneficios/promociones/fork-4
Santander,Fork,,Ñuñoa,,,https://banco.santander.cl/uploads/000/049/282/c00f7d20-da41-4696-b413-6e301433fb6f/original/Logonuevo_Forknegro.png,viernes,40% dcto.,40000,2026-09-30,https://www.forkchile.cl/,restaurantes,https://banco.santander.cl/beneficios/promociones/fork-4
Santander,Work/Café,,Las Condes,,,https://banco.santander.cl/uploads/000/046/181/6d308530-1fa2-4099-8eca-b039427cd46c/original/logo2_wk.jpg,lunes;martes;miercoles;jueves;viernes,40% dcto. todos los lunes y 30% dcto. de martes a viernes,,2026-09-30,https://www.workcafe.cl,restaurantes,https://banco.santander.cl/beneficios/promociones/work-cafe-4
Santander,Work/Café,,Vitacura,,,https://banco.santander.cl/uploads/000/046/181/6d308530-1fa2-4099-8eca-b039427cd46c/original/logo2_wk.jpg,lunes;martes;miercoles;jueves;viernes,40% dcto. todos los lunes y 30% dcto. de martes a viernes,,2026-09-30,https://www.workcafe.cl,restaurantes,https://banco.santander.cl/beneficios/promociones/work-cafe-4
Santander,Work/Café,,La Reina,,,https://banco.santander.cl/uploads/000/046/181/6d308530-1fa2-4099-8eca-b039427cd46c/original/logo2_wk.jpg,lunes;martes;miercoles;jueves;viernes,40% dcto. todos los lunes y 30% dcto. de martes a viernes,,2026-09-30,https://www.workcafe.cl,restaurantes,https://banco.santander.cl/beneficios/promociones/work-cafe-4
Santander,Work/Café,,Providencia,,,https://banco.santander.cl/uploads/000/046/181/6d308530-1fa2-4099-8eca-b039427cd46c/original/logo2_wk.jpg,lunes;martes;miercoles;jueves;viernes,40% dcto. todos los lunes y 30% dcto. de martes a viernes,,2026-09-30,https://www.workcafe.cl,restaurantes,https://banco.santander.cl/beneficios/promociones/work-cafe-4
Santander,Work/Café,,Ñuñoa,,,https://banco.santander.cl/uploads/000/046/181/6d308530-1fa2-4099-8eca-b039427cd46c/original/logo2_wk.jpg,lunes;martes;miercoles;jueves;viernes,40% dcto. todos los lunes y 30% dcto. de martes a viernes,,2026-09-30,https://www.workcafe.cl,restaurantes,https://banco.santander.cl/beneficios/promociones/work-cafe-4
Santander,Work/Café,,Santiago,,,https://banco.santander.cl/uploads/000/046/181/6d308530-1fa2-4099-8eca-b039427cd46c/original/logo2_wk.jpg,lunes;martes;miercoles;jueves;viernes,40% dcto. todos los lunes y 30% dcto. de martes a viernes,,2026-09-30,https://www.workcafe.cl,restaurantes,https://banco.santander.cl/beneficios/promociones/work-cafe-4
Santander,Work/Café,,San Joaquín,,,https://banco.santander.cl/uploads/000/046/181/6d308530-1fa2-4099-8eca-b039427cd46c/original/logo2_wk.jpg,lunes;martes;miercoles;jueves;viernes,40% dcto. todos los lunes y 30% dcto. de martes a viernes,,2026-09-30,https://www.workcafe.cl,restaurantes,https://banco.santander.cl/beneficios/promociones/work-cafe-4
Santander,Work/Café,,Huechuraba,,,https://banco.santander.cl/uploads/000/046/181/6d308530-1fa2-4099-8eca-b039427cd46c/original/logo2_wk.jpg,lunes;martes;miercoles;jueves;viernes,40% dcto. todos los lunes y 30% dcto. de martes a viernes,,2026-09-30,https://www.workcafe.cl,restaurantes,https://banco.santander.cl/beneficios/promociones/work-cafe-4
Santander,Work/Café,,Lo Barnechea,,,https://banco.santander.cl/uploads/000/046/181/6d308530-1fa2-4099-8eca-b039427cd46c/original/logo2_wk.jpg,lunes;martes;miercoles;jueves;viernes,40% dcto. todos los lunes y 30% dcto. de martes a viernes,,2026-09-30,https://www.workcafe.cl,restaurantes,https://banco.santander.cl/beneficios/promociones/work-cafe-4
Santander,Work/Café,,Independencia,,,https://banco.santander.cl/uploads/000/046/181/6d308530-1fa2-4099-8eca-b039427cd46c/original/logo2_wk.jpg,lunes;martes;miercoles;jueves;viernes,40% dcto. todos los lunes y 30% dcto. de martes a viernes,,2026-09-30,https://www.workcafe.cl,restaurantes,https://banco.santander.cl/beneficios/promociones/work-cafe-4
Santander,Work/Café,,Maipú,,,https://banco.santander.cl/uploads/000/046/181/6d308530-1fa2-4099-8eca-b039427cd46c/original/logo2_wk.jpg,lunes;martes;miercoles;jueves;viernes,40% dcto. todos los lunes y 30% dcto. de martes a viernes,,2026-09-30,https://www.workcafe.cl,restaurantes,https://banco.santander.cl/beneficios/promociones/work-cafe-4
Santander,eCook,,,,,https://banco.santander.cl/uploads/000/046/170/74fd6133-cbee-4f49-8175-4b24d3a40da1/original/logo_ecook.jpg,martes;jueves,40% dcto.,,2026-09-30,https://descubre.ecook.cl/santander,restaurantes,https://banco.santander.cl/beneficios/promociones/ecook-4
Santander,Dominó,,Las Condes,,,https://banco.santander.cl/uploads/000/059/793/2a7b1c81-b5e8-40d6-843a-d8639581a62a/original/Untitled_design_17_.png,martes,40% dcto. en App Club Dominó y 20% dcto. en locales,,2026-09-30,https://domino.cl/,restaurantes,https://banco.santander.cl/beneficios/promociones/domino-2
Santander,Dominó,,La Reina,,,https://banco.santander.cl/uploads/000/059/793/2a7b1c81-b5e8-40d6-843a-d8639581a62a/original/Untitled_design_17_.png,martes,40% dcto. en App Club Dominó y 20% dcto. en locales,,2026-09-30,https://domino.cl/,restaurantes,https://banco.santander.cl/beneficios/promociones/domino-2
Santander,Dominó,,Providencia,,,https://banco.santander.cl/uploads/000/059/793/2a7b1c81-b5e8-40d6-843a-d8639581a62a/original/Untitled_design_17_.png,martes,40% dcto. en App Club Dominó y 20% dcto. en locales,,2026-09-30,https://domino.cl/,restaurantes,https://banco.santander.cl/beneficios/promociones/domino-2
Santander,Dominó,,Vitacura,,,https://banco.santander.cl/uploads/000/059/793/2a7b1c81-b5e8-40d6-843a-d8639581a62a/original/Untitled_design_17_.png,martes,40% dcto. en App Club Dominó y 20% dcto. en locales,,2026-09-30,https://domino.cl/,restaurantes,https://banco.santander.cl/beneficios/promociones/domino-2
Santander,Dominó,,Santiago,,,https://banco.santander.cl/uploads/000/059/793/2a7b1c81-b5e8-40d6-843a-d8639581a62a/original/Untitled_design_17_.png,martes,40% dcto. en App Club Dominó y 20% dcto. en locales,,2026-09-30,https://domino.cl/,restaurantes,https://banco.santander.cl/beneficios/promociones/domino-2
Santander,Dominó,,Ñuñoa,,,https://banco.santander.cl/uploads/000/059/793/2a7b1c81-b5e8-40d6-843a-d8639581a62a/original/Untitled_design_17_.png,martes,40% dcto. en App Club Dominó y 20% dcto. en locales,,2026-09-30,https://domino.cl/,restaurantes,https://banco.santander.cl/beneficios/promociones/domino-2
Santander,Dominó,,Peñalolén,,,https://banco.santander.cl/uploads/000/059/793/2a7b1c81-b5e8-40d6-843a-d8639581a62a/original/Untitled_design_17_.png,martes,40% dcto. en App Club Dominó y 20% dcto. en locales,,2026-09-30,https://domino.cl/,restaurantes,https://banco.santander.cl/beneficios/promociones/domino-2
Santander,Dominó,,Macul,,,https://banco.santander.cl/uploads/000/059/793/2a7b1c81-b5e8-40d6-843a-d8639581a62a/original/Untitled_design_17_.png,martes,40% dcto. en App Club Dominó y 20% dcto. en locales,,2026-09-30,https://domino.cl/,restaurantes,https://banco.santander.cl/beneficios/promociones/domino-2
Santander,Dominó,,Recoleta,,,https://banco.santander.cl/uploads/000/059/793/2a7b1c81-b5e8-40d6-843a-d8639581a62a/original/Untitled_design_17_.png,martes,40% dcto. en App Club Dominó y 20% dcto. en locales,,2026-09-30,https://domino.cl/,restaurantes,https://banco.santander.cl/beneficios/promociones/domino-2
Santander,Dominó,,La Florida,,,https://banco.santander.cl/uploads/000/059/793/2a7b1c81-b5e8-40d6-843a-d8639581a62a/original/Untitled_design_17_.png,martes,40% dcto. en App Club Dominó y 20% dcto. en locales,,2026-09-30,https://domino.cl/,restaurantes,https://banco.santander.cl/beneficios/promociones/domino-2
Santander,Dominó,,Huechuraba,,,https://banco.santander.cl/uploads/000/059/793/2a7b1c81-b5e8-40d6-843a-d8639581a62a/original/Untitled_design_17_.png,martes,40% dcto. en App Club Dominó y 20% dcto. en locales,,2026-09-30,https://domino.cl/,restaurantes,https://banco.santander.cl/beneficios/promociones/domino-2
Santander,Dominó,,Puente Alto,,,https://banco.santander.cl/uploads/000/059/793/2a7b1c81-b5e8-40d6-843a-d8639581a62a/original/Untitled_design_17_.png,martes,40% dcto. en App Club Dominó y 20% dcto. en locales,,2026-09-30,https://domino.cl/,restaurantes,https://banco.santander.cl/beneficios/promociones/domino-2
Santander,Dominó,,Maipú,,,https://banco.santander.cl/uploads/000/059/793/2a7b1c81-b5e8-40d6-843a-d8639581a62a/original/Untitled_design_17_.png,martes,40% dcto. en App Club Dominó y 20% dcto. en locales,,2026-09-30,https://domino.cl/,restaurantes,https://banco.santander.cl/beneficios/promociones/domino-2
Santander,Dominó,,Independencia,,,https://banco.santander.cl/uploads/000/059/793/2a7b1c81-b5e8-40d6-843a-d8639581a62a/original/Untitled_design_17_.png,martes,40% dcto. en App Club Dominó y 20% dcto. en locales,,2026-09-30,https://domino.cl/,restaurantes,https://banco.santander.cl/beneficios/promociones/domino-2
Santander,CuracaRibs,,La Florida,,,https://banco.santander.cl/uploads/000/047/696/7ba22f3b-640d-4572-a659-50134b022c51/original/logo_actualizado_curacaribs.png,lunes,40% dcto. online,40000,2026-09-30,https://www.curacaribs.cl,restaurantes,https://banco.santander.cl/beneficios/promociones/curacaribs-4
Santander,CuracaRibs,,Cerrillos,,,https://banco.santander.cl/uploads/000/047/696/7ba22f3b-640d-4572-a659-50134b022c51/original/logo_actualizado_curacaribs.png,lunes,40% dcto. online,40000,2026-09-30,https://www.curacaribs.cl,restaurantes,https://banco.santander.cl/beneficios/promociones/curacaribs-4
Santander,CuracaRibs,,Las Condes,,,https://banco.santander.cl/uploads/000/047/696/7ba22f3b-640d-4572-a659-50134b022c51/original/logo_actualizado_curacaribs.png,lunes,40% dcto. online,40000,2026-09-30,https://www.curacaribs.cl,restaurantes,https://banco.santander.cl/beneficios/promociones/curacaribs-4
Santander,CuracaRibs,,Providencia,,,https://banco.santander.cl/uploads/000/047/696/7ba22f3b-640d-4572-a659-50134b022c51/original/logo_actualizado_curacaribs.png,lunes,40% dcto. online,40000,2026-09-30,https://www.curacaribs.cl,restaurantes,https://banco.santander.cl/beneficios/promociones/curacaribs-4
Santander,CuracaRibs,,Huechuraba,,,https://banco.santander.cl/uploads/000/047/696/7ba22f3b-640d-4572-a659-50134b022c51/original/logo_actualizado_curacaribs.png,lunes,40% dcto. online,40000,2026-09-30,https://www.curacaribs.cl,restaurantes,https://banco.santander.cl/beneficios/promociones/curacaribs-4
Santander,CuracaRibs,,Curacaví,,,https://banco.santander.cl/uploads/000/047/696/7ba22f3b-640d-4572-a659-50134b022c51/original/logo_actualizado_curacaribs.png,lunes,40% dcto. online,40000,2026-09-30,https://www.curacaribs.cl,restaurantes,https://banco.santander.cl/beneficios/promociones/curacaribs-4
Santander,Sakura,,Las Condes,,,https://banco.santander.cl/uploads/000/049/688/3d252a78-29a9-4af5-a9b7-2f46072ef7b0/original/Logo_Sakuranuevo.png,viernes,40% dcto. en Rolls,40000,2026-09-30,https://www.sakuraexpress.cl/,restaurantes,https://banco.santander.cl/beneficios/promociones/sakura-4
Santander,Sakura,,Lo Barnechea,,,https://banco.santander.cl/uploads/000/049/688/3d252a78-29a9-4af5-a9b7-2f46072ef7b0/original/Logo_Sakuranuevo.png,viernes,40% dcto. en Rolls,40000,2026-09-30,https://www.sakuraexpress.cl/,restaurantes,https://banco.santander.cl/beneficios/promociones/sakura-4
Santander,Sakura,,Ñuñoa,,,https://banco.santander.cl/uploads/000/049/688/3d252a78-29a9-4af5-a9b7-2f46072ef7b0/original/Logo_Sakuranuevo.png,viernes,40% dcto. en Rolls,40000,2026-09-30,https://www.sakuraexpress.cl/,restaurantes,https://banco.santander.cl/beneficios/promociones/sakura-4
Santander,Sakura,,Vitacura,,,https://banco.santander.cl/uploads/000/049/688/3d252a78-29a9-4af5-a9b7-2f46072ef7b0/original/Logo_Sakuranuevo.png,viernes,40% dcto. en Rolls,40000,2026-09-30,https://www.sakuraexpress.cl/,restaurantes,https://banco.santander.cl/beneficios/promociones/sakura-4
Santander,Sakura,,La Reina,,,https://banco.santander.cl/uploads/000/049/688/3d252a78-29a9-4af5-a9b7-2f46072ef7b0/original/Logo_Sakuranuevo.png,viernes,40% dcto. en Rolls,40000,2026-09-30,https://www.sakuraexpress.cl/,restaurantes,https://banco.santander.cl/beneficios/promociones/sakura-4
Santander,Corrales del Sur,,Vitacura,,,https://banco.santander.cl/uploads/000/052/855/d908fee1-31f1-42b4-8026-e4beb2b88254/original/Logonuevo_CorralesdelSur.png,jueves,30% dcto.,100000,2026-09-30,https://www.corralesdelsur.cl/,restaurantes,https://banco.santander.cl/beneficios/promociones/corrales-del-sur-3
Santander,Corrales del Sur,,Providencia,,,https://banco.santander.cl/uploads/000/052/855/d908fee1-31f1-42b4-8026-e4beb2b88254/original/Logonuevo_CorralesdelSur.png,jueves,30% dcto.,100000,2026-09-30,https://www.corralesdelsur.cl/,restaurantes,https://banco.santander.cl/beneficios/promociones/corrales-del-sur-3
Santander,Corrales del Sur,,Peñalolén,,,https://banco.santander.cl/uploads/000/052/855/d908fee1-31f1-42b4-8026-e4beb2b88254/original/Logonuevo_CorralesdelSur.png,jueves,30% dcto.,100000,2026-09-30,https://www.corralesdelsur.cl/,restaurantes,https://banco.santander.cl/beneficios/promociones/corrales-del-sur-3
Santander,Burger King,,Las Condes,,,https://banco.santander.cl/uploads/000/046/065/7b06054b-0eab-47e4-86a0-79301b1255b8/original/logo_bk.jpg,jueves,40% dcto.,15000,2026-09-30,https://www.burgerking.cl/,restaurantes,https://banco.santander.cl/beneficios/promociones/burger-king-2
Santander,Burger King,,Santiago,,,https://banco.santander.cl/uploads/000/046/065/7b06054b-0eab-47e4-86a0-79301b1255b8/original/logo_bk.jpg,jueves,40% dcto.,15000,2026-09-30,https://www.burgerking.cl/,restaurantes,https://banco.santander.cl/beneficios/promociones/burger-king-2
Santander,Burger King,,La Reina,,,https://banco.santander.cl/uploads/000/046/065/7b06054b-0eab-47e4-86a0-79301b1255b8/original/logo_bk.jpg,jueves,40% dcto.,15000,2026-09-30,https://www.burgerking.cl/,restaurantes,https://banco.santander.cl/beneficios/promociones/burger-king-2
Santander,Burger King,,Providencia,,,https://banco.santander.cl/uploads/000/046/065/7b06054b-0eab-47e4-86a0-79301b1255b8/original/logo_bk.jpg,jueves,40% dcto.,15000,2026-09-30,https://www.burgerking.cl/,restaurantes,https://banco.santander.cl/beneficios/promociones/burger-king-2
Santander,Burger King,,Vitacura,,,https://banco.santander.cl/uploads/000/046/065/7b06054b-0eab-47e4-86a0-79301b1255b8/original/logo_bk.jpg,jueves,40% dcto.,15000,2026-09-30,https://www.burgerking.cl/,restaurantes,https://banco.santander.cl/beneficios/promociones/burger-king-2
Santander,Burger King,,Ñuñoa,,,https://banco.santander.cl/uploads/000/046/065/7b06054b-0eab-47e4-86a0-79301b1255b8/original/logo_bk.jpg,jueves,40% dcto.,15000,2026-09-30,https://www.burgerking.cl/,restaurantes,https://banco.santander.cl/beneficios/promociones/burger-king-2
Santander,Burger King,,Peñalolén,,,https://banco.santander.cl/uploads/000/046/065/7b06054b-0eab-47e4-86a0-79301b1255b8/original/logo_bk.jpg,jueves,40% dcto.,15000,2026-09-30,https://www.burgerking.cl/,restaurantes,https://banco.santander.cl/beneficios/promociones/burger-king-2
Santander,Burger King,,Macul,,,https://banco.santander.cl/uploads/000/046/065/7b06054b-0eab-47e4-86a0-79301b1255b8/original/logo_bk.jpg,jueves,40% dcto.,15000,2026-09-30,https://www.burgerking.cl/,restaurantes,https://banco.santander.cl/beneficios/promociones/burger-king-2
Santander,Burger King,,Huechuraba,,,https://banco.santander.cl/uploads/000/046/065/7b06054b-0eab-47e4-86a0-79301b1255b8/original/logo_bk.jpg,jueves,40% dcto.,15000,2026-09-30,https://www.burgerking.cl/,restaurantes,https://banco.santander.cl/beneficios/promociones/burger-king-2
Santander,Burger King,,Lo Barnechea,,,https://banco.santander.cl/uploads/000/046/065/7b06054b-0eab-47e4-86a0-79301b1255b8/original/logo_bk.jpg,jueves,40% dcto.,15000,2026-09-30,https://www.burgerking.cl/,restaurantes,https://banco.santander.cl/beneficios/promociones/burger-king-2
Santander,Burger King,,Independencia,,,https://banco.santander.cl/uploads/000/046/065/7b06054b-0eab-47e4-86a0-79301b1255b8/original/logo_bk.jpg,jueves,40% dcto.,15000,2026-09-30,https://www.burgerking.cl/,restaurantes,https://banco.santander.cl/beneficios/promociones/burger-king-2
Santander,Burger King,,San Miguel,,,https://banco.santander.cl/uploads/000/046/065/7b06054b-0eab-47e4-86a0-79301b1255b8/original/logo_bk.jpg,jueves,40% dcto.,15000,2026-09-30,https://www.burgerking.cl/,restaurantes,https://banco.santander.cl/beneficios/promociones/burger-king-2
Santander,Burger King,,La Florida,,,https://banco.santander.cl/uploads/000/046/065/7b06054b-0eab-47e4-86a0-79301b1255b8/original/logo_bk.jpg,jueves,40% dcto.,15000,2026-09-30,https://www.burgerking.cl/,restaurantes,https://banco.santander.cl/beneficios/promociones/burger-king-2
Santander,Burger King,,Maipú,,,https://banco.santander.cl/uploads/000/046/065/7b06054b-0eab-47e4-86a0-79301b1255b8/original/logo_bk.jpg,jueves,40% dcto.,15000,2026-09-30,https://www.burgerking.cl/,restaurantes,https://banco.santander.cl/beneficios/promociones/burger-king-2
Santander,Burger King,,Quilicura,,,https://banco.santander.cl/uploads/000/046/065/7b06054b-0eab-47e4-86a0-79301b1255b8/original/logo_bk.jpg,jueves,40% dcto.,15000,2026-09-30,https://www.burgerking.cl/,restaurantes,https://banco.santander.cl/beneficios/promociones/burger-king-2
Santander,Melt Pizzas,,La Reina,,,https://banco.santander.cl/uploads/000/052/889/28ffd53b-788e-4d55-b47f-675df3b7f92c/original/Logo_ActualizadoMelt.png,martes,40% dcto.,40000,2026-09-30,https://meltpizzas.com,restaurantes,https://banco.santander.cl/beneficios/promociones/melt
Santander,Melt Pizzas,,Vitacura,,,https://banco.santander.cl/uploads/000/052/889/28ffd53b-788e-4d55-b47f-675df3b7f92c/original/Logo_ActualizadoMelt.png,martes,40% dcto.,40000,2026-09-30,https://meltpizzas.com,restaurantes,https://banco.santander.cl/beneficios/promociones/melt
Santander,Melt Pizzas,,Santiago,,,https://banco.santander.cl/uploads/000/052/889/28ffd53b-788e-4d55-b47f-675df3b7f92c/original/Logo_ActualizadoMelt.png,martes,40% dcto.,40000,2026-09-30,https://meltpizzas.com,restaurantes,https://banco.santander.cl/beneficios/promociones/melt
Santander,Melt Pizzas,,Las Condes,,,https://banco.santander.cl/uploads/000/052/889/28ffd53b-788e-4d55-b47f-675df3b7f92c/original/Logo_ActualizadoMelt.png,martes,40% dcto.,40000,2026-09-30,https://meltpizzas.com,restaurantes,https://banco.santander.cl/beneficios/promociones/melt
Santander,Melt Pizzas,,Providencia,,,https://banco.santander.cl/uploads/000/052/889/28ffd53b-788e-4d55-b47f-675df3b7f92c/original/Logo_ActualizadoMelt.png,martes,40% dcto.,40000,2026-09-30,https://meltpizzas.com,restaurantes,https://banco.santander.cl/beneficios/promociones/melt
Santander,Melt Pizzas,,Peñalolén,,,https://banco.santander.cl/uploads/000/052/889/28ffd53b-788e-4d55-b47f-675df3b7f92c/original/Logo_ActualizadoMelt.png,martes,40% dcto.,40000,2026-09-30,https://meltpizzas.com,restaurantes,https://banco.santander.cl/beneficios/promociones/melt
Santander,Melt Pizzas,,Recoleta,,,https://banco.santander.cl/uploads/000/052/889/28ffd53b-788e-4d55-b47f-675df3b7f92c/original/Logo_ActualizadoMelt.png,martes,40% dcto.,40000,2026-09-30,https://meltpizzas.com,restaurantes,https://banco.santander.cl/beneficios/promociones/melt
Santander,Melt Pizzas,,Huechuraba,,,https://banco.santander.cl/uploads/000/052/889/28ffd53b-788e-4d55-b47f-675df3b7f92c/original/Logo_ActualizadoMelt.png,martes,40% dcto.,40000,2026-09-30,https://meltpizzas.com,restaurantes,https://banco.santander.cl/beneficios/promociones/melt
Santander,Melt Pizzas,,Lo Barnechea,,,https://banco.santander.cl/uploads/000/052/889/28ffd53b-788e-4d55-b47f-675df3b7f92c/original/Logo_ActualizadoMelt.png,martes,40% dcto.,40000,2026-09-30,https://meltpizzas.com,restaurantes,https://banco.santander.cl/beneficios/promociones/melt
Santander,Melt Pizzas,,San Miguel,,,https://banco.santander.cl/uploads/000/052/889/28ffd53b-788e-4d55-b47f-675df3b7f92c/original/Logo_ActualizadoMelt.png,martes,40% dcto.,40000,2026-09-30,https://meltpizzas.com,restaurantes,https://banco.santander.cl/beneficios/promociones/melt
Santander,Melt Pizzas,,La Florida,,,https://banco.santander.cl/uploads/000/052/889/28ffd53b-788e-4d55-b47f-675df3b7f92c/original/Logo_ActualizadoMelt.png,martes,40% dcto.,40000,2026-09-30,https://meltpizzas.com,restaurantes,https://banco.santander.cl/beneficios/promociones/melt
Santander,Melt Pizzas,,Puente Alto,,,https://banco.santander.cl/uploads/000/052/889/28ffd53b-788e-4d55-b47f-675df3b7f92c/original/Logo_ActualizadoMelt.png,martes,40% dcto.,40000,2026-09-30,https://meltpizzas.com,restaurantes,https://banco.santander.cl/beneficios/promociones/melt
Santander,Melt Pizzas,,Ñuñoa,,,https://banco.santander.cl/uploads/000/052/889/28ffd53b-788e-4d55-b47f-675df3b7f92c/original/Logo_ActualizadoMelt.png,martes,40% dcto.,40000,2026-09-30,https://meltpizzas.com,restaurantes,https://banco.santander.cl/beneficios/promociones/melt
Santander,Aquality,,,,,https://banco.santander.cl/uploads/000/045/992/2e5a2c6a-c82f-49ac-9699-9929c85a2478/original/logo_aquality.jpg,martes,40% dcto. y acumula 1 Milla LATAM Pass adicional,100000,2026-09-30,https://www.aqualitysoluciones.cl,restaurantes,https://banco.santander.cl/beneficios/promociones/aquality-3
Santander,Al Pesto,"Boulevard Los Ingleses, Av. Chicureo Km 2",Colina,,,https://banco.santander.cl/uploads/000/045/984/7895114a-d08e-48c2-828e-6522416e6119/original/logo_al_pesto.jpg,martes,40% dcto.,40000,2026-09-30,https://www.alpesto.cl,restaurantes,https://banco.santander.cl/beneficios/promociones/al-pesto
Banco Falabella,Sicily Pizzería,Alonso de Córdova 4226,Vitacura,,,https://images.ctfassets.net/p6eyia4djstu/3GIEqgG9aptadQL1ZhaH1v/626f075b3f981a95ee5bd2a97ec2b703/Logos_Cards_Sitio_Beneficios_Sicily.png,lunes,Hasta 40%,,2026-09-30,https://www.siciliapizzas.cl/pedir,restaurantes,https://www.bancofalabella.cl/descuentos/detalle/sicily-pizzeria
Banco Falabella,Pristino,El Coihue 3807,Vitacura,,,https://images.ctfassets.net/p6eyia4djstu/4DNu48Wf5rtNORH30dkrnf/025491cf80a43efbc56f48b95a72107a/Cards_2_Logo_Web_Pristino.webp,martes,Hasta 40%,,2026-09-30,https://www.pristinorestaurante.cl/,restaurantes,https://www.bancofalabella.cl/descuentos/detalle/pristino
Banco Falabella,Bistro Cascade,Costanera Sur S.J.E. de Balaguer 6400,Vitacura,,,https://images.ctfassets.net/p6eyia4djstu/7yViBtCQ9BfxlmacfVrJOl/c13d49811ac71eea461531f8e0a09806/Logos_Cards_Sitio_Beneficios_Bistro_Cascade.png,martes,Hasta 40%,,2026-09-30,https://lacascade.cl/,restaurantes,https://www.bancofalabella.cl/descuentos/detalle/borderio-bistro-cascade
Banco Falabella,Kechua,Costanera Sur S.J.E. de Balaguer 6400,Vitacura,,,https://images.ctfassets.net/p6eyia4djstu/1V5GfllQlfxRg4bRtf5q9x/b868cc6115b0d8281aa2deb5bb584e47/Logos_logo_Kechua.webp,martes,Hasta 40%,,2026-09-30,https://kechuarestaurantes.cl/,restaurantes,https://www.bancofalabella.cl/descuentos/detalle/borderio-kechua
Banco Falabella,Krossbar,Costanera Sur S.J.E. de Balaguer 6400,Vitacura,,,https://images.ctfassets.net/p6eyia4djstu/5qY2I1tWjpiqsnroLPFXgQ/53612aaf42e38162157dc8cbadb493d1/DisenÌ_o_sin_tiÌ_tulo-96.png,martes,Hasta 40%,,2026-09-30,https://www.kross.cl/krossbar,restaurantes,https://www.bancofalabella.cl/descuentos/detalle/martes-de-borderio-krossbar
Banco Falabella,La Tabla,Costanera Sur S.J.E. de Balaguer 6400,Vitacura,,,https://images.ctfassets.net/p6eyia4djstu/2zx4CRxW5BYyAOVvoigEar/deb9e2feefd9c3db99aff0ee3b592fb5/Logos_Cards_Sitio_Beneficios_La_Tabla.png,martes,Hasta 40%,,2026-09-30,https://www.latablarestaurant.cl/,restaurantes,https://www.bancofalabella.cl/descuentos/detalle/la-tabla-borderio
Banco Falabella,Nelí,,,,,https://images.ctfassets.net/p6eyia4djstu/4ozBVmwYTrkc7C6MEUWUiV/8f58054aeadca0bb65c7cb61f9181530/Logos_Cards_Sitio_Beneficios_Neli.png,miercoles,Hasta 40%,,2026-09-30,https://www.neli.cl/inicio,restaurantes,https://www.bancofalabella.cl/descuentos/detalle/neli
Banco Falabella,Tropera Drugstore,,,,,https://images.ctfassets.net/p6eyia4djstu/2OeEGyp1cvgjVOO5vtgdYF/5872b1288721fb98a0f7d35069672c37/Cards_Beneficios_Agosto_LOGO_Tropera.webp,miercoles,Hasta 40%,,2026-09-30,,restaurantes,https://www.bancofalabella.cl/descuentos/detalle/tropera-drugstore
Banco Falabella,Local Burger,,,,,https://images.ctfassets.net/p6eyia4djstu/1Ts2SIi8105IlLzOYBovhl/7c70aa58adbb64a3e81e3b2d7f50e0ed/Cards_2_LOGO_Web_Local.webp,jueves,Hasta 40%,,2026-09-30,https://www.localburger.cl/,restaurantes,https://www.bancofalabella.cl/descuentos/detalle/local-burger
Banco Falabella,Zulu,Alonso de Córdova 2337,Vitacura,,,https://images.ctfassets.net/p6eyia4djstu/7ocxt2bI7ykTvs4MKYbiGV/7ff33615df258a2308ed4fe3157ce163/Cards_LOGO_Web_Zulu.webp,sabado,Hasta 40%,,2026-09-30,,restaurantes,https://www.bancofalabella.cl/descuentos/detalle/zulu
Banco Falabella,ROCOTO,,,,,https://images.ctfassets.net/p6eyia4djstu/7nDqP7hXy7nfaUYDgtuUyh/79282a04ee828740af1a810da45bf3c8/rocoto_LOGO_CASA_ROCOTO.webp,sabado,Hasta 40%,,2026-09-30,https://rocoto.cl/sucursales,restaurantes,https://www.bancofalabella.cl/descuentos/detalle/rocoto
Banco Falabella,Petit,,,,,https://images.ctfassets.net/p6eyia4djstu/10L2RTR913Rv45NUsG3nyg/c58749b5b3a73a5d1ce28d009e7c60aa/Cards_Logo_Web_Panchita.webp,lunes;martes;miercoles;jueves;viernes;sabado;domingo,40%,,2026-09-30,https://www.instagram.com/petitcafeteriacl/,restaurantes,https://www.bancofalabella.cl/descuentos/detalle/petit
Banco Falabella,Udon,Alto Las Condes,,,,https://images.ctfassets.net/p6eyia4djstu/6lPkozdSGkjOG35duii4Tz/c9a3804276e5e6727e99cd93838758e9/Cards_Enero_LOGO_Udoâ__Ã_n.webp,lunes;martes;miercoles;jueves;viernes;sabado;domingo,Hasta 40%,,2026-09-30,https://www.udon.cl/,restaurantes,https://www.bancofalabella.cl/descuentos/detalle/udon
Banco Falabella,Udon,Portal La Dehesa,,,,https://images.ctfassets.net/p6eyia4djstu/6lPkozdSGkjOG35duii4Tz/c9a3804276e5e6727e99cd93838758e9/Cards_Enero_LOGO_Udoâ__Ã_n.webp,lunes;martes;miercoles;jueves;viernes;sabado;domingo,Hasta 40%,,2026-09-30,https://www.udon.cl/,restaurantes,https://www.bancofalabella.cl/descuentos/detalle/udon
Banco Falabella,Udon,Costanera Center,,,,https://images.ctfassets.net/p6eyia4djstu/6lPkozdSGkjOG35duii4Tz/c9a3804276e5e6727e99cd93838758e9/Cards_Enero_LOGO_Udoâ__Ã_n.webp,lunes;martes;miercoles;jueves;viernes;sabado;domingo,Hasta 40%,,2026-09-30,https://www.udon.cl/,restaurantes,https://www.bancofalabella.cl/descuentos/detalle/udon
Banco Falabella,Coppelia,,,,,https://images.ctfassets.net/p6eyia4djstu/6b5cNWJNX1vTuywNFaY1HQ/9f10b9bf1a6c5a653ca90f4495981e93/Cards_Logo_Web_Coppelia.webp,lunes,40%,,2026-09-30,https://coppelia.cl/,restaurantes,https://www.bancofalabella.cl/descuentos/detalle/coppelia
Banco Falabella,La Maestranza,,,,,https://images.ctfassets.net/p6eyia4djstu/CdDKQiWafmh1hPBWnvpEW/f5857183788ec6520971afc7c36907e7/Logos_Cards_Sitio_Beneficios_La_Maestranza.png,lunes;miercoles;viernes,Hasta 40%,,2026-09-30,https://www.lamaestranzarestaurant.cl/,restaurantes,https://www.bancofalabella.cl/descuentos/detalle/la-maestranza
Banco Falabella,Kento Gourmet,,,,,https://images.ctfassets.net/p6eyia4djstu/61dAfvUk9DbS2Nut2NdlJc/dbd457276d1b5fb17893c11f80cc19ac/Cards_Noviembre_2_Logo_App_Kento.png,lunes;martes;miercoles;jueves,Hasta 40%,,2026-09-30,https://www.kento.cl/,restaurantes,https://www.bancofalabella.cl/descuentos/detalle/kento-gourmet
Banco Falabella,Frida Kahlo,,,,,https://images.ctfassets.net/p6eyia4djstu/60nyBCZkoq3IDEmMC6l7fN/a7e8bc2abd976cca9d4b0942d1522035/Logos_logo_Frida.webp,lunes;martes;miercoles;jueves;viernes;sabado;domingo,Hasta 40%,,2026-09-30,https://fridakahlorestaurante.cl/frida-kahlo-restaurant/,restaurantes,https://www.bancofalabella.cl/descuentos/detalle/frida-kahlo
Banco Falabella,Vapiano,,,,,https://images.ctfassets.net/p6eyia4djstu/5DzQEcJrX8TMqj9ZN77MhX/49b372657232f88a62ff8def7712886d/Logos_Cards_Sitio_Beneficios_Vapiano.png,lunes;miercoles;viernes;sabado;domingo,Hasta 40%,,2026-09-30,https://www.vapiano-pedidos.cl/,restaurantes,https://www.bancofalabella.cl/descuentos/detalle/vapiano
Banco Falabella,Muu grill,Costanera Center,,,,https://images.ctfassets.net/p6eyia4djstu/1MkiQ0yx5QfpHrLS4zVuW4/6a58e4110da7c58d864028e01be4b746/Logos_Cards_Sitio_Beneficios_Muu_Grill.png,lunes;martes;miercoles;jueves;viernes;sabado;domingo,Hasta 40%,,2026-09-30,https://muugrill.chefcloud.dotsolutions.cl/muu-grill,restaurantes,https://www.bancofalabella.cl/descuentos/detalle/40-de-dcto-en-restaurantes-mallplaza-muu-grill
Banco Falabella,Muu grill,AV Isidora Goyenechea 3000,Las Condes,,,https://images.ctfassets.net/p6eyia4djstu/1MkiQ0yx5QfpHrLS4zVuW4/6a58e4110da7c58d864028e01be4b746/Logos_Cards_Sitio_Beneficios_Muu_Grill.png,lunes;martes;miercoles;jueves;viernes;sabado;domingo,Hasta 40%,,2026-09-30,https://muugrill.chefcloud.dotsolutions.cl/muu-grill,restaurantes,https://www.bancofalabella.cl/descuentos/detalle/40-de-dcto-en-restaurantes-mallplaza-muu-grill
Banco Falabella,Muu grill,Mercado Bulnes,,,,https://images.ctfassets.net/p6eyia4djstu/1MkiQ0yx5QfpHrLS4zVuW4/6a58e4110da7c58d864028e01be4b746/Logos_Cards_Sitio_Beneficios_Muu_Grill.png,lunes;martes;miercoles;jueves;viernes;sabado;domingo,Hasta 40%,,2026-09-30,https://muugrill.chefcloud.dotsolutions.cl/muu-grill,restaurantes,https://www.bancofalabella.cl/descuentos/detalle/40-de-dcto-en-restaurantes-mallplaza-muu-grill
Banco Falabella,Muu grill,Mallplaza Oeste,,,,https://images.ctfassets.net/p6eyia4djstu/1MkiQ0yx5QfpHrLS4zVuW4/6a58e4110da7c58d864028e01be4b746/Logos_Cards_Sitio_Beneficios_Muu_Grill.png,lunes;martes;miercoles;jueves;viernes;sabado;domingo,Hasta 40%,,2026-09-30,https://muugrill.chefcloud.dotsolutions.cl/muu-grill,restaurantes,https://www.bancofalabella.cl/descuentos/detalle/40-de-dcto-en-restaurantes-mallplaza-muu-grill
Banco Falabella,Muu grill,Mallplaza Los Dominicos,,,,https://images.ctfassets.net/p6eyia4djstu/1MkiQ0yx5QfpHrLS4zVuW4/6a58e4110da7c58d864028e01be4b746/Logos_Cards_Sitio_Beneficios_Muu_Grill.png,lunes;martes;miercoles;jueves;viernes;sabado;domingo,Hasta 40%,,2026-09-30,https://muugrill.chefcloud.dotsolutions.cl/muu-grill,restaurantes,https://www.bancofalabella.cl/descuentos/detalle/40-de-dcto-en-restaurantes-mallplaza-muu-grill
Banco Falabella,Muu grill,Mallplaza Vespucio,,,,https://images.ctfassets.net/p6eyia4djstu/1MkiQ0yx5QfpHrLS4zVuW4/6a58e4110da7c58d864028e01be4b746/Logos_Cards_Sitio_Beneficios_Muu_Grill.png,lunes;martes;miercoles;jueves;viernes;sabado;domingo,Hasta 40%,,2026-09-30,https://muugrill.chefcloud.dotsolutions.cl/muu-grill,restaurantes,https://www.bancofalabella.cl/descuentos/detalle/40-de-dcto-en-restaurantes-mallplaza-muu-grill
Banco Falabella,Muu grill,Mallplaza Tobalaba,,,,https://images.ctfassets.net/p6eyia4djstu/1MkiQ0yx5QfpHrLS4zVuW4/6a58e4110da7c58d864028e01be4b746/Logos_Cards_Sitio_Beneficios_Muu_Grill.png,lunes;martes;miercoles;jueves;viernes;sabado;domingo,Hasta 40%,,2026-09-30,https://muugrill.chefcloud.dotsolutions.cl/muu-grill,restaurantes,https://www.bancofalabella.cl/descuentos/detalle/40-de-dcto-en-restaurantes-mallplaza-muu-grill
Banco Falabella,Mamma mia,Mallplaza Tobalaba,,,,https://images.ctfassets.net/p6eyia4djstu/6kNycgFimjUFKbHxrxLXKJ/608724e4130fc2fb4eb92ae3b5e2fdbe/Logos_Cards_Sitio_Beneficios_MammaMia.png,lunes;martes;miercoles;jueves;viernes;sabado;domingo,Hasta 40%,,2026-09-30,https://www.mammamiaresto.cl/,restaurantes,https://www.bancofalabella.cl/descuentos/detalle/40-de-dcto-en-restaurantes-mallplaza-mamma-mia
Banco Falabella,Mamma mia,Vivo Panorámico,,,,https://images.ctfassets.net/p6eyia4djstu/6kNycgFimjUFKbHxrxLXKJ/608724e4130fc2fb4eb92ae3b5e2fdbe/Logos_Cards_Sitio_Beneficios_MammaMia.png,lunes;martes;miercoles;jueves;viernes;sabado;domingo,Hasta 40%,,2026-09-30,https://www.mammamiaresto.cl/,restaurantes,https://www.bancofalabella.cl/descuentos/detalle/40-de-dcto-en-restaurantes-mallplaza-mamma-mia
Banco Falabella,Mamma mia,Parque Arauco,,,,https://images.ctfassets.net/p6eyia4djstu/6kNycgFimjUFKbHxrxLXKJ/608724e4130fc2fb4eb92ae3b5e2fdbe/Logos_Cards_Sitio_Beneficios_MammaMia.png,lunes;martes;miercoles;jueves;viernes;sabado;domingo,Hasta 40%,,2026-09-30,https://www.mammamiaresto.cl/,restaurantes,https://www.bancofalabella.cl/descuentos/detalle/40-de-dcto-en-restaurantes-mallplaza-mamma-mia
Banco Falabella,Cabrera al Paso,Mallplaza Egaña,,,,https://images.ctfassets.net/p6eyia4djstu/1oUAUQdU3K0cymqytrXcIX/074d1333779a70f274fc5451288f3f89/Logos_Cards_Sitio_Beneficios_Cabrera_al_paso.png,lunes;martes;miercoles;jueves;viernes;sabado;domingo,Hasta 40%,,2026-09-30,https://lacabreraalpaso.cl/,restaurantes,https://www.bancofalabella.cl/descuentos/detalle/la-cabrera-al-paso
Banco Falabella,Tanta,Isidora 3000,,,,https://images.ctfassets.net/p6eyia4djstu/0ZjkWEfrWDc3DObu4zqdg/bf202be7cfed79161a199a183efdd91a/tanta__1_.png,lunes;martes;miercoles;jueves;viernes;sabado;domingo,Hasta 40%,,2026-09-30,https://tanta.cl/cartaqrrd/,restaurantes,https://www.bancofalabella.cl/descuentos/detalle/40-de-dcto-en-restaurantes-mallplaza-tanta
Banco Falabella,Tanta,Mallplaza Egaña,,,,https://images.ctfassets.net/p6eyia4djstu/0ZjkWEfrWDc3DObu4zqdg/bf202be7cfed79161a199a183efdd91a/tanta__1_.png,lunes;martes;miercoles;jueves;viernes;sabado;domingo,Hasta 40%,,2026-09-30,https://tanta.cl/cartaqrrd/,restaurantes,https://www.bancofalabella.cl/descuentos/detalle/40-de-dcto-en-restaurantes-mallplaza-tanta
Banco Falabella,Tanta,Mallplaza Norte,,,,https://images.ctfassets.net/p6eyia4djstu/0ZjkWEfrWDc3DObu4zqdg/bf202be7cfed79161a199a183efdd91a/tanta__1_.png,lunes;martes;miercoles;jueves;viernes;sabado;domingo,Hasta 40%,,2026-09-30,https://tanta.cl/cartaqrrd/,restaurantes,https://www.bancofalabella.cl/descuentos/detalle/40-de-dcto-en-restaurantes-mallplaza-tanta
Banco Falabella,Tanta,Mall Florida Center,,,,https://images.ctfassets.net/p6eyia4djstu/0ZjkWEfrWDc3DObu4zqdg/bf202be7cfed79161a199a183efdd91a/tanta__1_.png,lunes;martes;miercoles;jueves;viernes;sabado;domingo,Hasta 40%,,2026-09-30,https://tanta.cl/cartaqrrd/,restaurantes,https://www.bancofalabella.cl/descuentos/detalle/40-de-dcto-en-restaurantes-mallplaza-tanta
Banco Falabella,Tanta,Mallplaza Tobalaba,,,,https://images.ctfassets.net/p6eyia4djstu/0ZjkWEfrWDc3DObu4zqdg/bf202be7cfed79161a199a183efdd91a/tanta__1_.png,lunes;martes;miercoles;jueves;viernes;sabado;domingo,Hasta 40%,,2026-09-30,https://tanta.cl/cartaqrrd/,restaurantes,https://www.bancofalabella.cl/descuentos/detalle/40-de-dcto-en-restaurantes-mallplaza-tanta
Banco Falabella,Berlín Doner Kebab,,,,,https://images.ctfassets.net/p6eyia4djstu/4HXxCAZhnCcRU6UMhXwrXm/38d67536dd49cabd3ff6a73369ae7954/Logos_logo_Berlin_doner.webp,lunes;martes;jueves,Hasta 40%,,2026-09-30,https://www.bdk.cl/,restaurantes,https://www.bancofalabella.cl/descuentos/detalle/berlin-doner-kebab
Banco Falabella,Kairos garden,Mall Plaza Vespucio,,,,https://images.ctfassets.net/p6eyia4djstu/11mZqgayhclSRnNuyuo1Xd/f62316150897c9b8ac7d0c4522f8f96a/Logos_Cards_Sitio_Beneficios_Kairos_Garden.png,lunes;martes,Hasta 40%,,2026-09-30,https://kairos-brewing.com/pages/kairos-garden-1,restaurantes,https://www.bancofalabella.cl/descuentos/detalle/kairos-garden
Banco Falabella,La piazza,Mall Plaza Vespucio,,,,https://images.ctfassets.net/p6eyia4djstu/fNSjXWxmGr9yo7WlpcerT/94da020b90a9a9bb6a7909343e74a67d/Logos_Cards_Sitio_Beneficios_La_Piazza.png,lunes;martes;miercoles;jueves;viernes;sabado;domingo,Hasta 40%,,2026-09-30,https://lapiazza.cl/cartaqr/,restaurantes,https://www.bancofalabella.cl/descuentos/detalle/sog-la-piazza
Banco Falabella,La piazza,Open Kennedy,,,,https://images.ctfassets.net/p6eyia4djstu/fNSjXWxmGr9yo7WlpcerT/94da020b90a9a9bb6a7909343e74a67d/Logos_Cards_Sitio_Beneficios_La_Piazza.png,lunes;martes;miercoles;jueves;viernes;sabado;domingo,Hasta 40%,,2026-09-30,https://lapiazza.cl/cartaqr/,restaurantes,https://www.bancofalabella.cl/descuentos/detalle/sog-la-piazza
Banco Falabella,La patrona,Mall Plaza Vespucio,,,,https://images.ctfassets.net/p6eyia4djstu/6uZcAOqucva9CYbAHaLuLn/136d65c957726b187e18eb07b166081f/DisenÌ_o_sin_tiÌ_tulo-99.png,lunes;martes;miercoles;jueves,Hasta 40%,,2026-09-30,https://lapatronal.cl/,restaurantes,https://www.bancofalabella.cl/descuentos/detalle/40-de-dcto-en-restaurantes-mallplaza-la-patrona
Banco Falabella,Paris texas,Mallplaza Vespucio,,,,https://images.ctfassets.net/p6eyia4djstu/3mD5Mhjw26vra7RommlYnY/1b827942f1f1119977216de7c2eb1542/Logos_Cards_Sitio_Beneficios_Paris_Texas.png,lunes;martes;miercoles;jueves,Hasta 40%,,2026-09-30,https://www.instagram.com/paristexas.scl,restaurantes,https://www.bancofalabella.cl/descuentos/detalle/40-de-dcto-en-restaurantes-mallplaza-paris-texas
Banco Falabella,Take a wok,Parque Arauco,,,,https://images.ctfassets.net/p6eyia4djstu/6MyObQyLhLQGrkNZBL6Y7M/e1b7d3e50d1d0b0df03dbf86e6385b18/Logos_Cards_Sitio_Beneficios_Take_a_Wok.png,lunes;martes;miercoles;jueves;viernes;sabado;domingo,Hasta 40%,,2026-09-30,https://takeawok.chefcloud.dotsolutions.cl/take-a-wok,restaurantes,https://www.bancofalabella.cl/descuentos/detalle/40-de-dcto-en-restaurantes-mallplaza-take-a-wok
Banco Falabella,Take a wok,Mallplaza Oeste,,,,https://images.ctfassets.net/p6eyia4djstu/6MyObQyLhLQGrkNZBL6Y7M/e1b7d3e50d1d0b0df03dbf86e6385b18/Logos_Cards_Sitio_Beneficios_Take_a_Wok.png,lunes;martes;miercoles;jueves;viernes;sabado;domingo,Hasta 40%,,2026-09-30,https://takeawok.chefcloud.dotsolutions.cl/take-a-wok,restaurantes,https://www.bancofalabella.cl/descuentos/detalle/40-de-dcto-en-restaurantes-mallplaza-take-a-wok
Banco Falabella,Take a wok,Mallplaza Los Dominicos,,,,https://images.ctfassets.net/p6eyia4djstu/6MyObQyLhLQGrkNZBL6Y7M/e1b7d3e50d1d0b0df03dbf86e6385b18/Logos_Cards_Sitio_Beneficios_Take_a_Wok.png,lunes;martes;miercoles;jueves;viernes;sabado;domingo,Hasta 40%,,2026-09-30,https://takeawok.chefcloud.dotsolutions.cl/take-a-wok,restaurantes,https://www.bancofalabella.cl/descuentos/detalle/40-de-dcto-en-restaurantes-mallplaza-take-a-wok
Banco Falabella,Take a wok,Mallplaza Vespucio,,,,https://images.ctfassets.net/p6eyia4djstu/6MyObQyLhLQGrkNZBL6Y7M/e1b7d3e50d1d0b0df03dbf86e6385b18/Logos_Cards_Sitio_Beneficios_Take_a_Wok.png,lunes;martes;miercoles;jueves;viernes;sabado;domingo,Hasta 40%,,2026-09-30,https://takeawok.chefcloud.dotsolutions.cl/take-a-wok,restaurantes,https://www.bancofalabella.cl/descuentos/detalle/40-de-dcto-en-restaurantes-mallplaza-take-a-wok
Banco Falabella,Take a wok,Mallplaza Tobalaba,,,,https://images.ctfassets.net/p6eyia4djstu/6MyObQyLhLQGrkNZBL6Y7M/e1b7d3e50d1d0b0df03dbf86e6385b18/Logos_Cards_Sitio_Beneficios_Take_a_Wok.png,lunes;martes;miercoles;jueves;viernes;sabado;domingo,Hasta 40%,,2026-09-30,https://takeawok.chefcloud.dotsolutions.cl/take-a-wok,restaurantes,https://www.bancofalabella.cl/descuentos/detalle/40-de-dcto-en-restaurantes-mallplaza-take-a-wok
Banco Falabella,Take a wok,Vivo Imperio,,,,https://images.ctfassets.net/p6eyia4djstu/6MyObQyLhLQGrkNZBL6Y7M/e1b7d3e50d1d0b0df03dbf86e6385b18/Logos_Cards_Sitio_Beneficios_Take_a_Wok.png,lunes;martes;miercoles;jueves;viernes;sabado;domingo,Hasta 40%,,2026-09-30,https://takeawok.chefcloud.dotsolutions.cl/take-a-wok,restaurantes,https://www.bancofalabella.cl/descuentos/detalle/40-de-dcto-en-restaurantes-mallplaza-take-a-wok
Banco Falabella,Take a wok,Mallplaza Egaña,,,,https://images.ctfassets.net/p6eyia4djstu/6MyObQyLhLQGrkNZBL6Y7M/e1b7d3e50d1d0b0df03dbf86e6385b18/Logos_Cards_Sitio_Beneficios_Take_a_Wok.png,lunes;martes;miercoles;jueves;viernes;sabado;domingo,Hasta 40%,,2026-09-30,https://takeawok.chefcloud.dotsolutions.cl/take-a-wok,restaurantes,https://www.bancofalabella.cl/descuentos/detalle/40-de-dcto-en-restaurantes-mallplaza-take-a-wok
Banco Falabella,La sanguchera del barrio,Mall Plaza Egaña,,,,https://images.ctfassets.net/p6eyia4djstu/64o6NAjfWT1NnA41BIK6Yp/d7609a3c2bcd2ff5b54233407dd10dfc/Logos_Cards_Sitio_Beneficios_La_Sanguchera.png,lunes;martes;miercoles;jueves;viernes;sabado;domingo,Hasta 40%,,2026-09-30,https://lasangucheradelbarrio.cl/cartals/,restaurantes,https://www.bancofalabella.cl/descuentos/detalle/40-de-dcto-en-restaurantes-mallplaza-la-sanguchera-del-barrio
Banco Falabella,La sanguchera del barrio,Mercado Bulnes,,,,https://images.ctfassets.net/p6eyia4djstu/64o6NAjfWT1NnA41BIK6Yp/d7609a3c2bcd2ff5b54233407dd10dfc/Logos_Cards_Sitio_Beneficios_La_Sanguchera.png,lunes;martes;miercoles;jueves;viernes;sabado;domingo,Hasta 40%,,2026-09-30,https://lasangucheradelbarrio.cl/cartals/,restaurantes,https://www.bancofalabella.cl/descuentos/detalle/40-de-dcto-en-restaurantes-mallplaza-la-sanguchera-del-barrio
Banco Falabella,La sanguchera del barrio,Vivo Imperio,,,,https://images.ctfassets.net/p6eyia4djstu/64o6NAjfWT1NnA41BIK6Yp/d7609a3c2bcd2ff5b54233407dd10dfc/Logos_Cards_Sitio_Beneficios_La_Sanguchera.png,lunes;martes;miercoles;jueves;viernes;sabado;domingo,Hasta 40%,,2026-09-30,https://lasangucheradelbarrio.cl/cartals/,restaurantes,https://www.bancofalabella.cl/descuentos/detalle/40-de-dcto-en-restaurantes-mallplaza-la-sanguchera-del-barrio
Banco Falabella,La sanguchera del barrio,Costanera Center,,,,https://images.ctfassets.net/p6eyia4djstu/64o6NAjfWT1NnA41BIK6Yp/d7609a3c2bcd2ff5b54233407dd10dfc/Logos_Cards_Sitio_Beneficios_La_Sanguchera.png,lunes;martes;miercoles;jueves;viernes;sabado;domingo,Hasta 40%,,2026-09-30,https://lasangucheradelbarrio.cl/cartals/,restaurantes,https://www.bancofalabella.cl/descuentos/detalle/40-de-dcto-en-restaurantes-mallplaza-la-sanguchera-del-barrio
Banco Falabella,La sanguchera del barrio,Mallplaza Tobalaba,,,,https://images.ctfassets.net/p6eyia4djstu/64o6NAjfWT1NnA41BIK6Yp/d7609a3c2bcd2ff5b54233407dd10dfc/Logos_Cards_Sitio_Beneficios_La_Sanguchera.png,lunes;martes;miercoles;jueves;viernes;sabado;domingo,Hasta 40%,,2026-09-30,https://lasangucheradelbarrio.cl/cartals/,restaurantes,https://www.bancofalabella.cl/descuentos/detalle/40-de-dcto-en-restaurantes-mallplaza-la-sanguchera-del-barrio
Banco Falabella,Ekeko,Mercado Bulnes,,,,https://images.ctfassets.net/p6eyia4djstu/4WdIUj26B3t0IUBLdmpiJG/79672ca2dba494971cfaae1da53840e4/Logos_Cards_Sitio_Beneficios_Ekeko.png,lunes;martes;miercoles;jueves;viernes;sabado;domingo,Hasta 40%,,2026-09-30,https://www.instagram.com/popular/ekeko-mercado-bulnes/,restaurantes,https://www.bancofalabella.cl/descuentos/detalle/40-de-dcto-en-restaurantes-mallplaza-ekeko
Banco Falabella,Badass,Parque Arauco,,,,https://images.ctfassets.net/p6eyia4djstu/2vxCFclO4z88rVxGnoOuTP/4c8a7b9e4265bd5319384fc935fd9372/logo_web_badass.webp,lunes;martes;miercoles;jueves;viernes;sabado;domingo,Hasta 40%,,2026-09-30,https://kairos-brewing.com/pages/badass,restaurantes,https://www.bancofalabella.cl/descuentos/detalle/badass
Banco Falabella,Vendetta,Mall Plaza Egaña,,,,https://images.ctfassets.net/p6eyia4djstu/36sxvCmkdhaQrPW5PYWjlU/e0f92265c985185fef553f22f7e8ad98/Logos_Cards_Sitio_Beneficios_Vendetta.png,lunes;martes;miercoles;jueves,Hasta 40%,,2026-09-30,https://www.vendettarestaurante.cl/,restaurantes,https://www.bancofalabella.cl/descuentos/detalle/vendetta
Banco Falabella,Vendetta,Mall Plaza Los Dominicos,,,,https://images.ctfassets.net/p6eyia4djstu/36sxvCmkdhaQrPW5PYWjlU/e0f92265c985185fef553f22f7e8ad98/Logos_Cards_Sitio_Beneficios_Vendetta.png,lunes;martes;miercoles;jueves,Hasta 40%,,2026-09-30,https://www.vendettarestaurante.cl/,restaurantes,https://www.bancofalabella.cl/descuentos/detalle/vendetta
Banco Falabella,Vendetta,Mall Plaza Vespucio,,,,https://images.ctfassets.net/p6eyia4djstu/36sxvCmkdhaQrPW5PYWjlU/e0f92265c985185fef553f22f7e8ad98/Logos_Cards_Sitio_Beneficios_Vendetta.png,lunes;martes;miercoles;jueves,Hasta 40%,,2026-09-30,https://www.vendettarestaurante.cl/,restaurantes,https://www.bancofalabella.cl/descuentos/detalle/vendetta
Banco Falabella,Vendetta,Patio Bellavista,,,,https://images.ctfassets.net/p6eyia4djstu/36sxvCmkdhaQrPW5PYWjlU/e0f92265c985185fef553f22f7e8ad98/Logos_Cards_Sitio_Beneficios_Vendetta.png,lunes;martes;miercoles;jueves,Hasta 40%,,2026-09-30,https://www.vendettarestaurante.cl/,restaurantes,https://www.bancofalabella.cl/descuentos/detalle/vendetta
Banco Falabella,Milá,Mall Vivo Imperio,,,,https://images.ctfassets.net/p6eyia4djstu/5mjsuH8ypjPVA8hPPL4UC8/421ef922e62e4904a993e8556433b81e/Logos_Cards_Sitio_Beneficios_Mila__1_.png,lunes;martes;miercoles;jueves;viernes;sabado;domingo,Hasta 40%,,2026-09-30,https://milaresto.cl/cartaqr/,restaurantes,https://www.bancofalabella.cl/descuentos/detalle/40-de-dcto-en-restaurantes-vivo-imperio-mila
Banco Falabella,Milá,Alto Las Condes,,,,https://images.ctfassets.net/p6eyia4djstu/5mjsuH8ypjPVA8hPPL4UC8/421ef922e62e4904a993e8556433b81e/Logos_Cards_Sitio_Beneficios_Mila__1_.png,lunes;martes;miercoles;jueves;viernes;sabado;domingo,Hasta 40%,,2026-09-30,https://milaresto.cl/cartaqr/,restaurantes,https://www.bancofalabella.cl/descuentos/detalle/40-de-dcto-en-restaurantes-vivo-imperio-mila
Banco Falabella,Barra Chalaca,Mall Plaza Egaña,,,,https://images.ctfassets.net/p6eyia4djstu/5Kn9NKZotE2UfqmL8YpvKd/765318e19dea484f0850d198c60eadce/Logos_Cards_Sitio_Beneficios_Barra_Chalaca.png,lunes;martes;miercoles;jueves;viernes;sabado;domingo,Hasta 40%,,2026-09-30,https://barrachalaca.cl/cartaqrcompleta/,restaurantes,https://www.bancofalabella.cl/descuentos/detalle/40-de-dcto-en-restaurantes-mallplaza-barra-chalaca
Banco Falabella,Barra Chalaca,Mall Alto Las Condes,,,,https://images.ctfassets.net/p6eyia4djstu/5Kn9NKZotE2UfqmL8YpvKd/765318e19dea484f0850d198c60eadce/Logos_Cards_Sitio_Beneficios_Barra_Chalaca.png,lunes;martes;miercoles;jueves;viernes;sabado;domingo,Hasta 40%,,2026-09-30,https://barrachalaca.cl/cartaqrcompleta/,restaurantes,https://www.bancofalabella.cl/descuentos/detalle/40-de-dcto-en-restaurantes-mallplaza-barra-chalaca
Banco Falabella,Barra Chalaca,Mall Plaza Norte,,,,https://images.ctfassets.net/p6eyia4djstu/5Kn9NKZotE2UfqmL8YpvKd/765318e19dea484f0850d198c60eadce/Logos_Cards_Sitio_Beneficios_Barra_Chalaca.png,lunes;martes;miercoles;jueves;viernes;sabado;domingo,Hasta 40%,,2026-09-30,https://barrachalaca.cl/cartaqrcompleta/,restaurantes,https://www.bancofalabella.cl/descuentos/detalle/40-de-dcto-en-restaurantes-mallplaza-barra-chalaca
Banco Falabella,Barra Chalaca,Mall Plaza Vespucio,,,,https://images.ctfassets.net/p6eyia4djstu/5Kn9NKZotE2UfqmL8YpvKd/765318e19dea484f0850d198c60eadce/Logos_Cards_Sitio_Beneficios_Barra_Chalaca.png,lunes;martes;miercoles;jueves;viernes;sabado;domingo,Hasta 40%,,2026-09-30,https://barrachalaca.cl/cartaqrcompleta/,restaurantes,https://www.bancofalabella.cl/descuentos/detalle/40-de-dcto-en-restaurantes-mallplaza-barra-chalaca
Banco Falabella,Barra Chalaca,Mall Vivo Panorámico,,,,https://images.ctfassets.net/p6eyia4djstu/5Kn9NKZotE2UfqmL8YpvKd/765318e19dea484f0850d198c60eadce/Logos_Cards_Sitio_Beneficios_Barra_Chalaca.png,lunes;martes;miercoles;jueves;viernes;sabado;domingo,Hasta 40%,,2026-09-30,https://barrachalaca.cl/cartaqrcompleta/,restaurantes,https://www.bancofalabella.cl/descuentos/detalle/40-de-dcto-en-restaurantes-mallplaza-barra-chalaca
Banco Falabella,El Bodegon,Open Kennedy,,,,https://images.ctfassets.net/p6eyia4djstu/5ixj3b9lpPO0Ty2Cjc3CZU/130e7252e349453cd90d6bfe5d63d40b/Logos_Cards_Sitio_Beneficios_El_Bodegon.png,lunes;martes;miercoles;jueves;viernes;sabado;domingo,Hasta 40%,,2026-09-30,https://www.instagram.com/elbodegonsantiago/,restaurantes,https://www.bancofalabella.cl/descuentos/detalle/el-bodegon
Banco Falabella,Fuente Suiza,Mallplaza Oeste,,,,https://images.ctfassets.net/p6eyia4djstu/3Vaiu0m9UsUrm83Cc13F3G/ffd691ae082f0dc5cd120317c033ea67/Cards_Febrero_LOGO_Fuente_Suiza.webp,lunes;martes;miercoles;jueves;viernes;sabado;domingo,Hasta 40%,,2026-09-30,https://fuentesuiza.cl/menu/,restaurantes,https://www.bancofalabella.cl/descuentos/detalle/fuente-suiza
Banco Falabella,Fuente Suiza,Open Kennedy,,,,https://images.ctfassets.net/p6eyia4djstu/3Vaiu0m9UsUrm83Cc13F3G/ffd691ae082f0dc5cd120317c033ea67/Cards_Febrero_LOGO_Fuente_Suiza.webp,lunes;martes;miercoles;jueves;viernes;sabado;domingo,Hasta 40%,,2026-09-30,https://fuentesuiza.cl/menu/,restaurantes,https://www.bancofalabella.cl/descuentos/detalle/fuente-suiza
Banco Falabella,Siete cortes,Open Kennedy,,,,https://images.ctfassets.net/p6eyia4djstu/18AFyEGSRxlecdwCi26zsH/3c0ae8530f19943a1a19363e2aa15e4f/Logos_Cards_Sitio_Beneficios_Siete_Cortes.png,lunes;martes;miercoles;jueves;viernes;sabado;domingo,Hasta 40%,,2026-09-30,,restaurantes,https://www.bancofalabella.cl/descuentos/detalle/40-de-dcto-en-restaurantes-mallplaza-siete-cortes
Banco Falabella,El japones,Mall Florida Center,,,,https://images.ctfassets.net/p6eyia4djstu/1JKO1UY08MPkDtWFzmiSeL/2c1adb5c01c4e246cc6861596c63ada1/Logos_Cards_Sitio_Beneficios_El_Japones.png,lunes;martes;miercoles;jueves;viernes;sabado;domingo,Hasta 40%,,2026-09-30,https://eljaponeschile.com/,restaurantes,https://www.bancofalabella.cl/descuentos/detalle/40-de-dcto-en-restaurantes-mallplaza-el-japones
Banco Falabella,El japones,Mall Plaza Tobalaba,,,,https://images.ctfassets.net/p6eyia4djstu/1JKO1UY08MPkDtWFzmiSeL/2c1adb5c01c4e246cc6861596c63ada1/Logos_Cards_Sitio_Beneficios_El_Japones.png,lunes;martes;miercoles;jueves;viernes;sabado;domingo,Hasta 40%,,2026-09-30,https://eljaponeschile.com/,restaurantes,https://www.bancofalabella.cl/descuentos/detalle/40-de-dcto-en-restaurantes-mallplaza-el-japones
Banco Falabella,El japones,Vivo Panorámico,,,,https://images.ctfassets.net/p6eyia4djstu/1JKO1UY08MPkDtWFzmiSeL/2c1adb5c01c4e246cc6861596c63ada1/Logos_Cards_Sitio_Beneficios_El_Japones.png,lunes;martes;miercoles;jueves;viernes;sabado;domingo,Hasta 40%,,2026-09-30,https://eljaponeschile.com/,restaurantes,https://www.bancofalabella.cl/descuentos/detalle/40-de-dcto-en-restaurantes-mallplaza-el-japones
Banco Falabella,El japones,Isidora 3000,,,,https://images.ctfassets.net/p6eyia4djstu/1JKO1UY08MPkDtWFzmiSeL/2c1adb5c01c4e246cc6861596c63ada1/Logos_Cards_Sitio_Beneficios_El_Japones.png,lunes;martes;miercoles;jueves;viernes;sabado;domingo,Hasta 40%,,2026-09-30,https://eljaponeschile.com/,restaurantes,https://www.bancofalabella.cl/descuentos/detalle/40-de-dcto-en-restaurantes-mallplaza-el-japones
Banco Falabella,Jalisco,Parque Arauco,,,,https://images.ctfassets.net/p6eyia4djstu/4w52bvHHi6MCaVepNzfHuE/ac41f10a2ee860071adb4952c67ff30d/Logos_Cards_Sitio_Beneficios_Jalisco.png,lunes;martes;miercoles;jueves;viernes;sabado;domingo,Hasta 40%,,2026-09-30,https://grupomilsabores.cl/marca-jalisco/,restaurantes,https://www.bancofalabella.cl/descuentos/detalle/sog-jalisco
Banco Falabella,Jalisco,Open Kennedy,,,,https://images.ctfassets.net/p6eyia4djstu/4w52bvHHi6MCaVepNzfHuE/ac41f10a2ee860071adb4952c67ff30d/Logos_Cards_Sitio_Beneficios_Jalisco.png,lunes;martes;miercoles;jueves;viernes;sabado;domingo,Hasta 40%,,2026-09-30,https://grupomilsabores.cl/marca-jalisco/,restaurantes,https://www.bancofalabella.cl/descuentos/detalle/sog-jalisco
Banco Falabella,Jalisco,Vivo Panorámico,,,,https://images.ctfassets.net/p6eyia4djstu/4w52bvHHi6MCaVepNzfHuE/ac41f10a2ee860071adb4952c67ff30d/Logos_Cards_Sitio_Beneficios_Jalisco.png,lunes;martes;miercoles;jueves;viernes;sabado;domingo,Hasta 40%,,2026-09-30,https://grupomilsabores.cl/marca-jalisco/,restaurantes,https://www.bancofalabella.cl/descuentos/detalle/sog-jalisco
Banco Falabella,La argentina,,,,,https://images.ctfassets.net/p6eyia4djstu/6kP3ieuqiM8oppQkLUlHe8/c6aebde2c64d82098fed5453f707e16f/DisenÌ_o_sin_tiÌ_tulo-98.png,lunes;martes;miercoles;jueves;viernes;sabado;domingo,Hasta 40%,,2026-09-30,https://www.laargentinapizzeria.cl/carta-italia/,restaurantes,https://www.bancofalabella.cl/descuentos/detalle/la-argentina
Banco Falabella,Meson del marinero,Open Kennedy,,,,https://images.ctfassets.net/p6eyia4djstu/fUzQ0C1Tw7uiTVnvcWTzy/bceb9b0d7b57e8dac8793ed3fdab91e7/Logos_Cards_Sitio_Beneficios_Meson_Marinero.png,lunes;martes;miercoles;jueves;viernes;sabado;domingo,Hasta 40%,,2026-09-30,,restaurantes,https://www.bancofalabella.cl/descuentos/detalle/sog-meson-del-marinero
Banco Falabella,Muu Steak,,,,,https://images.ctfassets.net/p6eyia4djstu/5AE0HXMjScn9540BCkGXJL/4b8ab06074633fda6e946b12f39e42ce/Cards_2_LOGO_Web_Muu_Steak.webp,lunes;martes,Hasta 40%,,2026-09-30,https://muusteak.cl,restaurantes,https://www.bancofalabella.cl/descuentos/detalle/muu-steak
Banco Falabella,MISCELANEO,"Av. Santa María 5870, Torre Oriente B 15",Vitacura,,,https://images.ctfassets.net/p6eyia4djstu/4dBYjUiCzXOOWr0LdS4XZB/e2635526ab2be78529ffd21469fbb97f/Cards_4_LOGO_Web_Miscelaneo.webp,martes;miercoles;jueves;viernes;sabado,Hasta 40%,,2026-09-30,,restaurantes,https://www.bancofalabella.cl/descuentos/detalle/miscelaneo
Banco Falabella,Exò Nuit,,,,,https://images.ctfassets.net/p6eyia4djstu/1fOcXoumy4b0Zz9kvyMmUi/1b6d4bba56ae99e290db7436634bb8c7/Cards_LOGO_Exo.webp,martes;miercoles;jueves;viernes;sabado,Hasta 40%,,2026-09-30,,restaurantes,https://www.bancofalabella.cl/descuentos/detalle/exo-nuit
Banco Falabella,Cantina Montt,,,,,https://images.ctfassets.net/p6eyia4djstu/7FvSYkMtT66pXivPnFeZw/a260d792a265f8f28ec0ffbd0483c849/Cards_Logo_Web_Cantina_Montt.webp,martes;sabado,Hasta 40%,,2026-09-30,https://www.cantinamontt.cl/,restaurantes,https://www.bancofalabella.cl/descuentos/detalle/cantina-montt
Banco Falabella,Danés,,,,,https://images.ctfassets.net/p6eyia4djstu/cRafgSuHbblJNBBdBTPsm/eec3b5d4f76027173b6deca35984dd6e/Logos_Cards_Sitio_Beneficios_Danes__1_.png,miercoles,Hasta 40%,,2026-09-30,https://www.danes.cl/,restaurantes,https://www.bancofalabella.cl/descuentos/detalle/danes
Banco Falabella,La santoría,Manuel Montt 422,Providencia,,,https://images.ctfassets.net/p6eyia4djstu/kSShw2nAjwHR4N656LX7A/bdf931fba530fc65b8ce61298c85831e/BAR_LA_SANTORIA_LOGO_BAR_LA_SANTORIA.webp,miercoles;jueves;viernes;sabado;domingo,Hasta 40%,,2026-09-30,https://instagram.com/barlasantoria,restaurantes,https://www.bancofalabella.cl/descuentos/detalle/la-santoria
Banco Falabella,Tigre Bravo,Mall Arauco Maipú,,,,https://images.ctfassets.net/p6eyia4djstu/5d7Oj13xAMi8Qf86iLq2dO/823b0f84537d3811aed74ac0524b1abb/Logos_Cards_Sitio_Beneficios_Tigre_Bravo.png,miercoles,Hasta 40%,,2026-09-30,https://www.tigrebravo.cl/,restaurantes,https://www.bancofalabella.cl/descuentos/detalle/tigre-bravo
Banco Falabella,Kato,,,,,https://images.ctfassets.net/p6eyia4djstu/3rifIfXk3Mk9c4AGivYzYV/c32abeb77288c35b495158cef2d6c56f/Cards_Febrero_LOGO_Kato.webp,sabado;domingo,Hasta 40%,,2026-09-30,https://katotastycaos.cl/,restaurantes,https://www.bancofalabella.cl/descuentos/detalle/kato
Banco Falabella,Sakura,,,,,https://images.ctfassets.net/p6eyia4djstu/3JwOaEiG0RUF8IqyJGYgu9/cca0005bca2c0756632ef06a05fffae3/Logos_Cards_Sitio_Beneficios_Sakura.png,sabado,Hasta 40%,,2026-09-30,https://sakuraexpress.cl/sakura/home,restaurantes,https://www.bancofalabella.cl/descuentos/detalle/sakura
Banco Falabella,Club de restaurantes,,,,,https://images.ctfassets.net/p6eyia4djstu/6TZ4JkAekcUzPRCSNejwo5/b173f562d3204f678899820c34d72f2b/Logos_Cards_Sitio_Beneficios_Club_Restaurantes.png,lunes;martes;miercoles;jueves;viernes;sabado;domingo,Desde 20%,,2026-12-31,https://clubderestaurantescmr.resermap.com/,restaurantes,https://www.bancofalabella.cl/descuentos/detalle/club-de-restaurantes
Banco Falabella,Panchita,,,,,https://images.ctfassets.net/p6eyia4djstu/4sG3pM8XVAm0SEFU8JwF5D/9ed57ee2f3df7d309c35ad52dcc0e23b/Cards_Logo_Web_Petit.webp,lunes;martes;miercoles;jueves;viernes,40%,,2026-09-30,https://www.panchita.pe/,restaurantes,https://www.bancofalabella.cl/descuentos/detalle/panchita
Banco Falabella,Naoki,Av Vitacura 3875,Vitacura,,,https://images.ctfassets.net/p6eyia4djstu/SGwCyhn5Srl6Uu41JQAGA/cd73a944591b17184e6963c9110a061c/Cards_4_LOGO_Web_Naoki.webp,lunes,40%,,2026-09-30,,restaurantes,https://www.bancofalabella.cl/descuentos/detalle/naoki
Banco Falabella,Dagan,Nueva Costanera 3750,Santiago,,,https://images.ctfassets.net/p6eyia4djstu/w2CptonwZIKLFxbhPslVY/2cd4ec5d09fe40d49abb085689f6aeeb/Cards_Noviembre_2_LOGO_Dagaâ__Ã_n.webp,martes,40%,,2026-09-30,,restaurantes,https://www.bancofalabella.cl/descuentos/detalle/dagan
Banco Falabella,Sabor y Aroma,,,,,https://images.ctfassets.net/p6eyia4djstu/6JiBhj7QVo4Z7BS2TqIdHQ/b65be47512bb05a03bffe09b08523316/logo_web_sabor_634x201.png,jueves,40%,,2026-09-30,https://oddmenu.com/es/p/saboryaroma,restaurantes,https://www.bancofalabella.cl/descuentos/detalle/40-sabor-y-aroma
Banco Falabella,Social,,,,,https://images.ctfassets.net/p6eyia4djstu/4vicQ7ngm86C3HkDFc9vrh/dbb507ccf78ab0e6b7e4034268961e18/Logos_Cards_Sitio_Beneficios_Social.png,viernes,40%,,2026-09-30,https://socialbyfoodlab.com/,restaurantes,https://www.bancofalabella.cl/descuentos/detalle/social
Banco Falabella,Caoba Bar,,,,,https://images.ctfassets.net/p6eyia4djstu/3MnP5Cs1iKJJRFMKeCyXPC/f4130914a1b1a5baf0603ff0d44f2768/caoba.png,viernes,40%,,2026-09-30,https://caobabar.cl/,restaurantes,https://www.bancofalabella.cl/descuentos/detalle/caoba-bar
Banco Falabella,Don Carlos,Isidora Goyenechea 2895,Las Condes,,,https://images.ctfassets.net/p6eyia4djstu/3dFMs2fEUI2cYVh0COaYg3/247c752e017e8eeff7ca35bd742e3a68/Don_Carlos_LOGO_Don_Carlos.webp,sabado,40%,,2026-09-30,,restaurantes,https://www.bancofalabella.cl/descuentos/detalle/don-carlos
Banco Falabella,Cuponera Gastronómica,,,,,https://images.ctfassets.net/p6eyia4djstu/EjenCRZB7NQQIcGvOlVNQ/bfac64d86f8fc10f68a73929bdf88ab7/Cards_Cuponeras_Logo_Web_Cuponera_Gastro.webp,lunes;martes;miercoles;jueves;viernes;sabado;domingo,Hasta 40% dcto,,2026-12-31,,restaurantes,https://www.bancofalabella.cl/descuentos/detalle/cuponera-gastronomica
Banco Falabella,Enrique Tomás,,,,,https://images.ctfassets.net/p6eyia4djstu/6CAxuot0503shtgwpzYhVH/72c677726e618e8c8675615d0c4ec7fd/Cards_Enero_LOGO_Enrique_Tomas.webp,lunes;martes;miercoles;jueves;viernes;sabado;domingo,Hasta 40%,,2026-09-30,https://enriquetomas.com/,restaurantes,https://www.bancofalabella.cl/descuentos/detalle/enrique-tomas
Banco Falabella,Barra Olivo,"km2 chicureo Boulevar - Av. Chicureo, Los Ingleses, local 16",Colina,,,https://images.ctfassets.net/p6eyia4djstu/40HmkznASq8RaHhMi5q7aZ/56dac679868f0a83899360d29c48a479/Cards_2_Logo_Web_Barra_Olivo.webp,miercoles,Hasta 40%,,2026-09-30,,restaurantes,https://www.bancofalabella.cl/descuentos/detalle/barra-olivo
Banco Falabella,Kila Coffee,Román Díaz 2023,Ñuñoa,,,https://images.ctfassets.net/p6eyia4djstu/5NQDuI5pII8y7TOwzFoAeO/06d51b36345f9c5db547cdcb51af91d6/Cards_2_Logo_Web_Kila_Cafe.webp,martes,Hasta 40%,,2026-09-30,https://www.instagram.com/kila_coffee/,restaurantes,https://www.bancofalabella.cl/descuentos/detalle/kila-coffee
Banco Falabella,Nomade Nikkei,,,,,https://images.ctfassets.net/p6eyia4djstu/788PpAjYFCJs2k6IL92umr/3d2056ebbeda9d897490f423d8f23127/Cards_Noviembre_2_LOGO_Nomade.webp,miercoles,Hasta 40%,,2026-09-30,,restaurantes,https://www.bancofalabella.cl/descuentos/detalle/nomade-nikkei
Bci,Marriott,,Las Condes,,,https://www.bciplus.cl/storages/loyalty/campaigns-images/Marriott_552a64cb_15-32_4.png,viernes,50% descuento,100000,2026-09-30,,restaurantes;descuentos,https://www.bci.cl/beneficios/beneficios-bci/detalle/viernes-las-condes-desde-las-16.00-hrs-otl0ys8
Bci,Marriott,,,,,https://www.bciplus.cl/storages/loyalty/campaigns-images/Marriott_fc38f356_20-49_4.png,jueves,40% descuento,100000,2026-09-30,,restaurantes;descuentos,https://www.bci.cl/beneficios/beneficios-bci/detalle/ac-kitchen-hotel-santiago-cenco-costanera-x32q24n
Bci,Güeros,,,,,https://www.bciplus.cl/storages/loyalty/campaigns-images/G%C3%BCeros_e8523d35_13-26_4.png,viernes,40% descuento,40000,2026-09-30,,restaurantes;descuentos;presencial,https://www.bci.cl/beneficios/beneficios-bci/detalle/autentica-cocina-mexicana-para-disfrutar-30hr9m
Bci,Marriott,,Las Condes,,,https://www.bciplus.cl/storages/loyalty/campaigns-images/Marriott_ec9a042b_20-54_4.png,jueves,50% descuento,100000,2026-09-30,,restaurantes;descuentos,https://www.bci.cl/beneficios/beneficios-bci/detalle/ac-kitchen-hotel-santiago-cenco-costanera-8kxn8d9
Bci,Allería,,,,,https://www.bciplus.cl/storages/loyalty/campaigns-images/%C2%A1Aller%C3%ADa-tiene-un-po_79ba90e0_13-55_4.png,martes,,,2026-09-30,,restaurantes;descuentos;presencial,https://www.bci.cl/beneficios/beneficios-bci/detalle/disfruta-este-beneficio-exclusivo-para-ti-los-martes-de-julio-8nbtkho
Bci,Tamango,,,,,https://www.bciplus.cl/storages/loyalty/campaigns-images/%C2%A1Tamango-tiene-una-c_9885e930_20-56_4.png,martes,,,2026-09-30,,restaurantes;descuentos;presencial,https://www.bci.cl/beneficios/beneficios-bci/detalle/disfruta-este-beneficio-exclusivo-para-ti-los-martes-de-julio-hqvrrzu
Bci,KFC,,,,,https://www.bciplus.cl/storages/loyalty/campaigns-images/KFC_4916e9db_16-16_4.png,lunes,30% descuento,,2026-12-31,,restaurantes;descuentos;presencial,https://www.bci.cl/beneficios/beneficios-bci/detalle/todos-los-lunes-en-combo-chicken-share-alitas-us5tjzf
Bci,China Wok,,,,,https://www.bciplus.cl/storages/loyalty/campaigns-images/China-Wok_151368ce_14-17_4.png,miercoles,30% descuento,,2026-12-31,,restaurantes;descuentos;presencial,https://www.bci.cl/beneficios/beneficios-bci/detalle/todos-los-miercoles-en-combo-wok-1-pollo-tereyaki-kr43pym
Bci,Wendys,,,,,https://www.bciplus.cl/storages/loyalty/campaigns-images/Wendys_b214ae5b_17-44_4.png,miercoles,30% descuento,,2026-12-31,,restaurantes;descuentos;antojos;presencial,https://www.bci.cl/beneficios/beneficios-bci/detalle/todos-los-miercoles-en-combo-boconator-doble-zqw9icg
Bci,Pastamore,,,,,https://www.bciplus.cl/storages/loyalty/campaigns-images/Pastamore_b1230b38_20-28_4.png,martes,20% descuento,20000,2026-09-30,,restaurantes;descuentos,https://www.bci.cl/beneficios/beneficios-bci/detalle/todos-los-martes-2vsvst
Bci,Danubio Azul,,Las Condes,,,https://www.bciplus.cl/storages/loyalty/campaigns-images/Danubio-Azul_bb8d5c10_20-49_4.png,miercoles,40% descuento,40000,2026-09-30,,restaurantes;descuentos;presencial,https://www.bci.cl/beneficios/beneficios-bci/detalle/miercoles-las-condes-0e21ts
Bci,China 365,,Lo Barnechea,,,https://www.bciplus.cl/storages/loyalty/campaigns-images/China-365_4d3323ba_22-27_4.png,lunes;miercoles;jueves;viernes,20% descuento,,2026-09-30,,restaurantes;descuentos;presencial,https://www.bci.cl/beneficios/beneficios-bci/detalle/lunes-miercoles-jueves-y-viernes-6uyqhar
Bci,Danubio Azul,,Las Condes,,,https://www.bciplus.cl/storages/loyalty/campaigns-images/Danubio-Azul_8333ba6d_20-48_4.png,lunes;martes;miercoles,20% descuento,40000,2026-09-30,,restaurantes;descuentos;presencial,https://www.bci.cl/beneficios/beneficios-bci/detalle/una-experiencia-oriental-en-las-condes-0mk5lde
Bci,Punto País,,Ñuñoa,,,https://www.bciplus.cl/storages/loyalty/campaigns-images/Punto-Pa%C3%ADs_2cbc21a5_14-28_4.png,martes;miercoles,20% descuento,100000,2026-09-30,,restaurantes;descuentos,https://www.bci.cl/beneficios/beneficios-bci/detalle/disfruta-de-la-mejor-comida-en-nunoa-4u5hyp
Bci,Sanguchería Gorilas,,,,,https://www.bciplus.cl/storages/loyalty/campaigns-images/Sangucher%C3%ADa-Gorilas_081879d1_15-22_4.png,lunes;martes,20% descuento,30000,2026-09-30,,restaurantes;descuentos;presencial,https://www.bci.cl/beneficios/beneficios-bci/detalle/disfruta-los-lunes-y-los-martes-ncif6oh
Bci,Starburger,,Pudahuel,,,https://www.bciplus.cl/storages/loyalty/campaigns-images/Starburger_157fe7bb_20-51_4.png,,20% descuento,20000,2026-09-30,,restaurantes;descuentos;presencial,https://www.bci.cl/beneficios/beneficios-bci/detalle/todos-los-dias-para-disfrutar-85s0l4
Bci,Zía Bistró & Café,,Lo Barnechea,,,https://www.bciplus.cl/storages/loyalty/campaigns-images/Z%C3%ADa-Bistr%C3%B3-%26-Caf%C3%A9_807ffc2c_16-10_4.png,lunes;martes;miercoles,20% descuento,20000,2026-09-30,,restaurantes;descuentos,https://www.bci.cl/beneficios/beneficios-bci/detalle/lunes-martes-y-miercoles-lo-barnechea-dziabg
Bci,Zulu Kitchen & Bar,,,,,https://www.bciplus.cl/storages/loyalty/campaigns-images/Zulu-Kitchen-%26-Bar_ad6dd861_21-56_4.png,lunes;martes;miercoles;jueves;viernes,20% descuento,20000,2026-09-30,,restaurantes;descuentos,https://www.bci.cl/beneficios/beneficios-bci/detalle/disfruta-de-este-descuento-en-alonso-de-cordova-ys6a3t
Bci,Kantu Thai & Vietnamesse Food,,Providencia,,,https://www.bciplus.cl/storages/loyalty/campaigns-images/Kantu-Thai-%26-Vietnam_d380b058_22-18_4.png,lunes;martes;miercoles;jueves,20% descuento,30000,2026-09-30,,restaurantes;descuentos,https://www.bci.cl/beneficios/beneficios-bci/detalle/comida-thai-y-vietnamita-en-providencia-1dbo27m
Bci,Vértigo,,Vitacura,,,https://www.bciplus.cl/storages/loyalty/campaigns-images/V%C3%A9rtigo_21ffc02e_17-20_4.png,jueves,20% descuento,,2026-09-30,,restaurantes;descuentos,https://www.bci.cl/beneficios/beneficios-bci/detalle/20-por-ciento-de-descuento-los-jueves-en-vitacura-pvya5w
Bci,Ari Nikkei,,Las Condes,,,https://www.bciplus.cl/storages/loyalty/campaigns-images/Ari-Nikkei_fb7112ad_16-2_4.png,martes,40% descuento,40000,2026-09-30,,restaurantes;descuentos,https://www.bci.cl/beneficios/beneficios-bci/detalle/los-martes-en-paseo-los-dominicos-y-vivo-los-trapenses-x0o2gts
Bci,Ari Nikkei,,Lo Barnechea,,,https://www.bciplus.cl/storages/loyalty/campaigns-images/Ari-Nikkei_fb7112ad_16-2_4.png,martes,40% descuento,40000,2026-09-30,,restaurantes;descuentos,https://www.bci.cl/beneficios/beneficios-bci/detalle/los-martes-en-paseo-los-dominicos-y-vivo-los-trapenses-x0o2gts
Bci,Marriott,,Las Condes,,,https://www.bciplus.cl/storages/loyalty/campaigns-images/Marriott_5eda47e0_17-53_4.png,sabado,50% descuento,100000,2026-09-30,,restaurantes;descuentos,https://www.bci.cl/beneficios/beneficios-bci/detalle/cafe-med-sabado-las-condes-desde-las-13.00-hasta-las-16.00-hrs-2b61eqo
Bci,Casa de Origen,,Ñuñoa,,,https://www.bciplus.cl/storages/loyalty/campaigns-images/Casa-de-Origen_b09309f1_18-5_4.png,martes,30% descuento,30000,2026-09-30,,restaurantes;descuentos,https://www.bci.cl/beneficios/beneficios-bci/detalle/todos-los-martes-en-nunoa-9bjyljt
Bci,Costamai,,,,,https://www.bciplus.cl/storages/loyalty/campaigns-images/Costa-Mai_5ede39eb_15-52_4.png,miercoles,40% descuento,40000,2026-09-30,,restaurantes;descuentos,https://www.bci.cl/beneficios/beneficios-bci/detalle/los-pescados-y-mariscos-de-la-mejor-calidad-sr3dtd
Bci,Cuerovaca,,Vitacura,,,https://www.bciplus.cl/storages/loyalty/campaigns-images/Cuerovaca_cbc40f96_15-57_4.png,viernes,40% descuento,40000,2026-09-30,,restaurantes;preferencial;descuentos;black-signature-infinite;presencial,https://www.bci.cl/beneficios/beneficios-bci/detalle/viernes-vitacura-vcbh2s
Bci,Danés,,Las Condes,,,https://www.bciplus.cl/storages/loyalty/campaigns-images/Dan%C3%A9s_2e372df0_16-14_4.png,lunes,40% descuento,40000,2026-09-30,,restaurantes;descuentos;presencial,https://www.bci.cl/beneficios/beneficios-bci/detalle/variedad-de-sabores-en-las-condes-jpj9xzn
Bci,De Barrio,,,,,https://www.bciplus.cl/storages/loyalty/campaigns-images/De-Barrio_47c41fec_16-36_4.png,lunes;martes;miercoles;jueves,40% descuento,40000,2026-09-30,,restaurantes;descuentos;presencial,https://www.bci.cl/beneficios/beneficios-bci/detalle/en-barrio-italia-90b5ws9
Bci,Expendio,,Providencia,,,https://www.bciplus.cl/storages/loyalty/campaigns-images/Expendio_d25462ae_16-32_4.png,martes;miercoles;jueves;viernes;sabado,25% descuento,50000,2026-09-30,,restaurantes;descuentos,https://www.bci.cl/beneficios/beneficios-bci/detalle/de-martes-a-sabado-en-providencia-3o4lh9
Bci,Bar Porfirio,,Providencia,,,https://www.bciplus.cl/storages/loyalty/campaigns-images/Bar-Porfirio_2d54a96e_19-0_4.png,martes;miercoles;jueves;viernes;sabado,25% descuento,50000,2026-09-30,,restaurantes;descuentos,https://www.bci.cl/beneficios/beneficios-bci/detalle/de-martes-a-sabado-en-providencia-xj8u07j
Bci,Antonella Bar,,Las Condes,,,https://www.bciplus.cl/storages/loyalty/campaigns-images/Antonella-Bar_794f0f1c_19-32_4.png,lunes;martes;miercoles;domingo,20% descuento,,2026-09-30,,restaurantes;descuentos,https://www.bci.cl/beneficios/beneficios-bci/detalle/disfruta-de-este-beneficio-en-ambas-sucursales-de-las-condes-y-vitacura-crjp5sl
Bci,Antonella Bar,,Vitacura,,,https://www.bciplus.cl/storages/loyalty/campaigns-images/Antonella-Bar_794f0f1c_19-32_4.png,lunes;martes;miercoles;domingo,20% descuento,,2026-09-30,,restaurantes;descuentos,https://www.bci.cl/beneficios/beneficios-bci/detalle/disfruta-de-este-beneficio-en-ambas-sucursales-de-las-condes-y-vitacura-crjp5sl
Bci,Hijo del Inca,,Providencia,,,https://www.bciplus.cl/storages/loyalty/campaigns-images/Hijo-del-Inca_b8d75bb5_13-40_4.png,jueves,40% descuento,40000,2026-09-30,,restaurantes;descuentos;presencial,https://www.bci.cl/beneficios/beneficios-bci/detalle/jueves-en-la-reina-y-providencia-3dkodv
Bci,Hijo del Inca,,La Reina,,,https://www.bciplus.cl/storages/loyalty/campaigns-images/Hijo-del-Inca_b8d75bb5_13-40_4.png,jueves,40% descuento,40000,2026-09-30,,restaurantes;descuentos;presencial,https://www.bci.cl/beneficios/beneficios-bci/detalle/jueves-en-la-reina-y-providencia-3dkodv
Bci,Impasto Restobar,,Providencia,,,https://www.bciplus.cl/storages/loyalty/campaigns-images/Impasto-Restobar_37d75ca9_13-46_4.png,miercoles;viernes,40% descuento,40000,2026-09-30,,restaurantes;descuentos,https://www.bci.cl/beneficios/beneficios-bci/detalle/miercoles-y-viernes-en-providencia-sl3au9a
Bci,Inari Sushi,,San Miguel,,,https://www.bciplus.cl/storages/loyalty/campaigns-images/Inari-Sushi_d952a7a6_13-48_4.png,martes,40% descuento,40000,2026-09-30,,restaurantes;descuentos,https://www.bci.cl/beneficios/beneficios-bci/detalle/martes-de-sushi-en-san-miguel-u4ajqrs
Bci,Jerónimo,,,,,https://www.bciplus.cl/storages/loyalty/campaigns-images/Jer%C3%B3nimo_1c1a756a_14-51_4.png,martes,40% descuento,40000,2026-09-30,,restaurantes;descuentos,https://www.bci.cl/beneficios/beneficios-bci/detalle/los-martes-en-la-galeria-cv-pi09bdl
Bci,Kató Tasty Caos,,,,,https://www.bciplus.cl/storages/loyalty/campaigns-images/Kat%C3%B3-Tasty-Caos_38b773b0_14-40_4.png,viernes,40% descuento,40000,2026-09-30,,restaurantes;descuentos;presencial,https://www.bci.cl/beneficios/beneficios-bci/detalle/disfruta-de-este-beneficio-los-viernes-en-isidora-goyenechea-77wc2jk
Bci,La Parrilla del Guaton Jerez,,Vitacura,,,https://www.bciplus.cl/storages/loyalty/campaigns-images/La-Parrilla-del-Guat_b4d89f62_20-49_4.png,viernes,40% descuento,40000,2026-09-30,,restaurantes;preferencial;descuentos;black-signature-infinite;presencial,https://www.bci.cl/beneficios/beneficios-bci/detalle/vive-una-experiencia-en-parrilladas-en-vitacura-1oxsboq
Bci,La Santoría,,Providencia,,,https://www.bciplus.cl/storages/loyalty/campaigns-images/La-Santor%C3%ADa_cfd9c464_19-6_4.png,lunes;martes;domingo,40% descuento,40000,2026-09-30,,restaurantes;descuentos;presencial,https://www.bci.cl/beneficios/beneficios-bci/detalle/restaurante-de-comida-italiana-en-providencia-mzi45gr
Bci,Oporto salvaje,,,,,https://www.bciplus.cl/storages/loyalty/campaigns-images/Oporto-salvaje_2a362935_13-30_4.png,sabado,40% descuento,40000,2026-09-30,,restaurantes;descuentos,https://www.bci.cl/beneficios/beneficios-bci/detalle/disfruta-todos-los-sabados-en-isidora-goyenechea-zqjlz5x
Bci,Piegari,,Vitacura,,,https://www.bciplus.cl/storages/loyalty/campaigns-images/Piegari_65da90f4_14-32_4.png,viernes,40% descuento,40000,2026-09-30,,restaurantes;preferencial;descuentos;black-signature-infinite;presencial,https://www.bci.cl/beneficios/beneficios-bci/detalle/disfruta-todos-los-viernes-en-vitacura-ii9k5zg
Bci,Prístino Restaurante,,,,,https://www.bciplus.cl/storages/loyalty/campaigns-images/Pr%C3%ADstino-Restaurante_897d228e_14-45_4.png,viernes,40% descuento,40000,2026-09-30,,restaurantes;descuentos,https://www.bci.cl/beneficios/beneficios-bci/detalle/para-disfrutar-todos-los-viernes-hunkk4
Bci,Restaurante Omar Khayyam,,Recoleta,,,https://www.bciplus.cl/storages/loyalty/campaigns-images/Restaurante-Omar-Kha_50579d11_15-9_4.png,viernes,40% descuento,40000,2026-09-30,,restaurantes;descuentos,https://www.bci.cl/beneficios/beneficios-bci/detalle/disfruta-de-una-rica-comida-arabe-los-viernes-en-recoleta-eu6dq4g
Bci,Rishtedar,,,,,https://www.bciplus.cl/storages/loyalty/campaigns-images/Rishtedar_13d6d5a0_15-12_4.png,jueves,40% descuento,40000,2026-09-30,,restaurantes;descuentos,https://www.bci.cl/beneficios/beneficios-bci/detalle/disfruta-de-una-experiencia-unica-los-jueves-en-rishtedar-slbwe3q
Bci,Sabor y Aroma,,Lo Barnechea,,,https://www.bciplus.cl/storages/loyalty/campaigns-images/Sabor-y-Aroma_b455bdab_15-18_4.png,lunes;martes;miercoles;jueves;viernes,20% descuento,20000,2026-09-30,,restaurantes;descuentos,https://www.bci.cl/beneficios/beneficios-bci/detalle/de-lunes-a-viernes-en-lo-barnechea-39wtmpu
Bci,Siete Negronis,,,,,https://www.bciplus.cl/storages/loyalty/campaigns-images/Siete-Negronis_5dbbde42_15-56_4.png,jueves,40% descuento,40000,2026-09-30,,restaurantes;descuentos,https://www.bci.cl/beneficios/beneficios-bci/detalle/premiado-en-el-ranking-de-los-mejores-bares-del-mundo-por-50-bertsbars-6xf0m4f
Bci,Tigre Bravo,,Maipú,,,https://www.bciplus.cl/storages/loyalty/campaigns-images/Tigre-Bravo_0357e61f_17-23_4.png,lunes,40% descuento,40000,2026-09-30,,restaurantes;descuentos,https://www.bci.cl/beneficios/beneficios-bci/detalle/descubre-este-espacio-gastronomico-en-maipu-qjrzfu
Bci,Kechua,,Providencia,,,https://www.bciplus.cl/storages/loyalty/campaigns-images/Kechua_79219059_15-13_4.png,viernes,40% descuento,40000,2026-09-30,,restaurantes;preferencial;descuentos;black-signature-infinite;presencial,https://www.bci.cl/beneficios/beneficios-bci/detalle/viernes-en-vitacura-providencia-y-nunoa-c6wq4pq
Bci,Kechua,,Vitacura,,,https://www.bciplus.cl/storages/loyalty/campaigns-images/Kechua_79219059_15-13_4.png,viernes,40% descuento,40000,2026-09-30,,restaurantes;preferencial;descuentos;black-signature-infinite;presencial,https://www.bci.cl/beneficios/beneficios-bci/detalle/viernes-en-vitacura-providencia-y-nunoa-c6wq4pq
Bci,Kechua,,Ñuñoa,,,https://www.bciplus.cl/storages/loyalty/campaigns-images/Kechua_79219059_15-13_4.png,viernes,40% descuento,40000,2026-09-30,,restaurantes;preferencial;descuentos;black-signature-infinite;presencial,https://www.bci.cl/beneficios/beneficios-bci/detalle/viernes-en-vitacura-providencia-y-nunoa-c6wq4pq
Bci,SHI-NUÁ,,Vitacura,,,https://www.bciplus.cl/storages/loyalty/campaigns-images/SHI-NU%C3%81_f2deccd7_14-53_4.png,lunes,40% descuento,40000,2026-09-30,,restaurantes;preferencial;descuentos;black-signature-infinite,https://www.bci.cl/beneficios/beneficios-bci/detalle/disfruta-de-la-mejor-comida-chino-peruana-los-lunes-en-viitacura-yuyk9lt
Bci,Prima Bar,,Vitacura,,,https://www.bciplus.cl/storages/loyalty/campaigns-images/Prima-Bar_145a9b33_15-9_4.png,miercoles,40% descuento,40000,2026-09-30,,restaurantes;descuentos,https://www.bci.cl/beneficios/beneficios-bci/detalle/disfruta-de-este-incrible-descuento-los-miercoles-en-vitacura-hzi7fk3
Bci,OIA,,Vitacura,,,https://www.bciplus.cl/storages/loyalty/campaigns-images/OIA_94812fe2_15-36_4.png,jueves;viernes;sabado,20% descuento,20000,2026-09-30,,restaurantes;descuentos,https://www.bci.cl/beneficios/beneficios-bci/detalle/disfruta-de-este-descuento-de-jueves-a-sabado-en-vitacura-ji2i3m
Bci,La Cocina de Javier,,Vitacura,,,https://www.bciplus.cl/storages/loyalty/campaigns-images/La-Cocina-de-Javier_c670012f_19-9_4.png,jueves,50% descuento,100000,2026-09-30,,restaurantes;descuentos,https://www.bci.cl/beneficios/beneficios-bci/detalle/jueves-vitacura-pa8lwp9
Bci,Dagan,,,,,https://www.bciplus.cl/storages/loyalty/campaigns-images/Dagan_1f9696eb_16-20_4.png,martes,40% descuento,40000,2026-09-30,,restaurantes;descuentos,https://www.bci.cl/beneficios/beneficios-bci/detalle/increible-comida-mediterranea-iv3kc3
Bci,Infiltrados,,Vitacura,,,https://www.bciplus.cl/storages/loyalty/campaigns-images/Infiltrados_0a754ae5_16-1_4.png,martes,40% descuento,40000,2026-09-30,,restaurantes;descuentos,https://www.bci.cl/beneficios/beneficios-bci/detalle/martes-en-vitacura-3k7k9cm
Bci,La Vermutería del Pobre Vermut,,,,,https://www.bciplus.cl/storages/loyalty/campaigns-images/La-Vermuter%C3%ADa-del-Po_a9de2ef9_21-24_4.png,jueves,20% descuento,,2026-09-30,,restaurantes;descuentos;presencial,https://www.bci.cl/beneficios/beneficios-bci/detalle/disfruta-de-este-beneficio-los-jueves-rsvdzqu
Bci,Los Vikingos,,Santiago,,,https://www.bciplus.cl/storages/loyalty/campaigns-images/Los-Vikingos_bd7716a5_13-43_4.png,miercoles,40% descuento,40000,2026-09-30,,restaurantes;descuentos;antojos,https://www.bci.cl/beneficios/beneficios-bci/detalle/santiago-centro-5o96pd
Bci,Ocean Pacific´s,,Santiago,,,https://www.bciplus.cl/storages/loyalty/campaigns-images/Ocean-Pacific%C2%B4s_fa8d00ea_15-27_4.png,miercoles,40% descuento,40000,2026-09-30,,restaurantes;descuentos;presencial,https://www.bci.cl/beneficios/beneficios-bci/detalle/vitacura-y-santiago-centro-kqiua6
Bci,Ocean Pacific´s,,Vitacura,,,https://www.bciplus.cl/storages/loyalty/campaigns-images/Ocean-Pacific%C2%B4s_fa8d00ea_15-27_4.png,miercoles,40% descuento,40000,2026-09-30,,restaurantes;descuentos;presencial,https://www.bci.cl/beneficios/beneficios-bci/detalle/vitacura-y-santiago-centro-kqiua6
Bci,Bar sociedad 0306,,,,,https://www.bciplus.cl/storages/loyalty/campaigns-images/Bar-sociedad-0306_093fb826_16-57_4.png,miercoles,40% descuento,40000,2026-09-30,,restaurantes;descuentos;presencial,https://www.bci.cl/beneficios/beneficios-bci/detalle/providenci-unq93xm
Bci,Wayna,,La Florida,,,https://www.bciplus.cl/storages/loyalty/campaigns-images/Wayna_268fb6cf_13-40_4.png,viernes,20% descuento,,2026-09-30,,restaurantes;descuentos,https://www.bci.cl/beneficios/beneficios-bci/detalle/viernes-en-la-florida-wfsjouaq
Bci,El Club del Ramen,,Huechuraba,,,https://www.bciplus.cl/storages/loyalty/campaigns-images/El-Club-del-Ramen_66f816a9_18-28_4.png,sabado,40% descuento,40000,2026-09-30,,restaurantes;descuentos,https://www.bci.cl/beneficios/beneficios-bci/detalle/huechuraba-6r9l487
Bci,The Loft,,,,,https://www.bciplus.cl/storages/loyalty/campaigns-images/The-Loft_34a9a53c_18-54_4.png,martes,40% descuento,100000,2026-09-30,,restaurantes;descuentos,https://www.bci.cl/beneficios/beneficios-bci/detalle/martes-en-el-mut-u40t0t
Bci,Burgerholic,,Lo Barnechea,,,https://www.bciplus.cl/storages/loyalty/campaigns-images/Burgerholic_35314437_21-33_4.png,sabado,20% descuento,20000,2026-09-30,,restaurantes;descuentos;presencial,https://www.bci.cl/beneficios/beneficios-bci/detalle/sabado-lo-barnechea-k6qa9h
Bci,Loca Pasta,,Providencia,,,https://www.bciplus.cl/storages/loyalty/campaigns-images/Loca-Pasta_e5747bad_18-51_4.png,lunes,30% descuento,10000,2026-09-30,,restaurantes;descuentos,https://www.bci.cl/beneficios/beneficios-bci/detalle/para-disfrutar-todos-los-lunes-en-providencia-y-vitacura-oxuv3p
Bci,Loca Pasta,,Las Condes,,,https://www.bciplus.cl/storages/loyalty/campaigns-images/Loca-Pasta_e5747bad_18-51_4.png,lunes,30% descuento,10000,2026-09-30,,restaurantes;descuentos,https://www.bci.cl/beneficios/beneficios-bci/detalle/para-disfrutar-todos-los-lunes-en-providencia-y-vitacura-oxuv3p
Bci,Loca Pasta,,Vitacura,,,https://www.bciplus.cl/storages/loyalty/campaigns-images/Loca-Pasta_e5747bad_18-51_4.png,lunes,30% descuento,10000,2026-09-30,,restaurantes;descuentos,https://www.bci.cl/beneficios/beneficios-bci/detalle/para-disfrutar-todos-los-lunes-en-providencia-y-vitacura-oxuv3p
Bci,Casa Vitalis,,,,,https://www.bciplus.cl/storages/loyalty/campaigns-images/Casa-Vitalis_30fb09d7_18-48_4.png,miercoles,20% descuento,20000,2026-09-30,,restaurantes;descuentos;presencial,https://www.bci.cl/beneficios/beneficios-bci/detalle/miercoles-para-disfrutar-con-amigos-um3jwdg
Bci,Chicken International,,,,,https://www.bciplus.cl/storages/loyalty/campaigns-images/Chicken-Internationa_94fb0dd4_22-19_4.png,lunes;martes;miercoles;jueves;domingo,20% descuento,,2026-09-30,,restaurantes;descuentos,https://www.bci.cl/beneficios/beneficios-bci/detalle/lunes-martes-miercoles-jueves-y-domingo-en-el-mut-fjmoyr9
Bci,La Vinoteca,,Santiago,,,https://www.bciplus.cl/storages/loyalty/campaigns-images/La-Vinoteca_b556057e_19-20_4.png,miercoles,40% descuento,40000,2026-09-30,,restaurantes;descuentos,https://www.bci.cl/beneficios/beneficios-bci/detalle/vitacura-providencia-lo-barnechea-vina-del-mar-ketyfc
Bci,La Vinoteca,,Providencia,,,https://www.bciplus.cl/storages/loyalty/campaigns-images/La-Vinoteca_b556057e_19-20_4.png,miercoles,40% descuento,40000,2026-09-30,,restaurantes;descuentos,https://www.bci.cl/beneficios/beneficios-bci/detalle/vitacura-providencia-lo-barnechea-vina-del-mar-ketyfc
Bci,La Vinoteca,,Vitacura,,,https://www.bciplus.cl/storages/loyalty/campaigns-images/La-Vinoteca_b556057e_19-20_4.png,miercoles,40% descuento,40000,2026-09-30,,restaurantes;descuentos,https://www.bci.cl/beneficios/beneficios-bci/detalle/vitacura-providencia-lo-barnechea-vina-del-mar-ketyfc
Bci,La Vinoteca,,Lo Barnechea,,,https://www.bciplus.cl/storages/loyalty/campaigns-images/La-Vinoteca_b556057e_19-20_4.png,miercoles,40% descuento,40000,2026-09-30,,restaurantes;descuentos,https://www.bci.cl/beneficios/beneficios-bci/detalle/vitacura-providencia-lo-barnechea-vina-del-mar-ketyfc
Bci,My Hero´s Café,,Providencia,,,https://www.bciplus.cl/storages/loyalty/campaigns-images/My-Hero%C2%B4s-Caf%C3%A9_7a552a17_22-6_4.png,lunes;martes;miercoles;jueves;viernes;sabado,20% descuento,,2026-09-30,,restaurantes;descuentos,https://www.bci.cl/beneficios/beneficios-bci/detalle/disfruta-del-muro-de-escalada-perfecto-para-entrenar-en-un-lugar-ambientado-y-comodo.-0m3rt2
Bci,Entre Cavas y Ladrillos,,San Miguel,,,https://www.bciplus.cl/storages/loyalty/campaigns-images/Entre-Cavas-y-Ladril_ad9da586_14-53_4.png,jueves,40% descuento,40000,2026-09-30,,restaurantes;descuentos,https://www.bci.cl/beneficios/beneficios-bci/detalle/san-miguel-9l7x3oa
Bci,Momiji Ramen,,,,,https://www.bciplus.cl/storages/loyalty/campaigns-images/Momiji-Ramen_eda60585_15-1_4.png,martes,40% descuento,30000,2026-09-30,,restaurantes;descuentos;antojos,https://www.bci.cl/beneficios/beneficios-bci/detalle/restaurante-japones-ht9d9l
Bci,Tera Restoran,,Providencia,,,https://www.bciplus.cl/storages/loyalty/campaigns-images/Tera-Restoran_ce9159c4_15-12_4.png,jueves,40% descuento,40000,2026-09-30,,restaurantes;descuentos,https://www.bci.cl/beneficios/beneficios-bci/detalle/providencia-skzqpgs
Bci,The Greens,,,,,https://www.bciplus.cl/storages/loyalty/campaigns-images/The-Greens_c89daea9_15-16_4.png,viernes,40% descuento,40000,2026-09-30,,descuentos;restaurantes,https://www.bci.cl/beneficios/beneficios-bci/detalle/en-todas-las-sucursales-hot5ge
Entel,Papa Johns,,,,,https://entel.cdn.modyo.com/libraries/recursos/src/icon-lit/marcas/papa-johns.png,lunes;martes;miercoles;jueves;viernes,Consigue tu promo imperdible con el Club Entel.,,2026-12-31,,,https://www.entel.cl/beneficios/descuentos/papa-johns
Entel,Starbucks,,,,,https://entel.cdn.modyo.com/libraries/recursos/src/icon-lit/marcas/starbucks.png,martes;miercoles;viernes,Nuevos descuentos para seguir disfrutando del mejor café.,,2026-12-31,,,https://www.entel.cl/beneficios/descuentos/starbucks
Entel,Cinemark,,,,,https://entel.cdn.modyo.com/libraries/recursos/src/icon-lit/marcas/cinemark-2.png,lunes;martes;miercoles;jueves;viernes;domingo;sabado,Descuentos en entradas y confitería todos los días.,,,,,https://www.entel.cl/beneficios/descuentos/cine/cinemark-presencial
Entel,Dunkin´,,,,,https://entel.cdn.modyo.com/libraries/recursos/src/icon-lit/marcas/dunkin.png,jueves,Obtén un 30% dcto. todos los jueves en el total de tu boleta.,,2026-12-31,,,https://www.entel.cl/beneficios/descuentos/dunkin
Entel,Burger King,,,,,https://entel.cdn.modyo.com/libraries/recursos/src/icon-lit/marcas/burger-king-2.png,miercoles,25% dcto los días miércoles,15000,,,Comida,https://www.entel.cl/beneficios/descuentos/burger-king
Entel,Mr. Pretzels,,,,,https://entel.cdn.modyo.com/libraries/recursos/src/icon-lit/marcas/mr-pretzels.png,jueves,20% descuento en tienda,,2026-04-30,,Comida,https://www.entel.cl/beneficios/descuentos/mr-pretzels
Entel,Boost,,,,,https://entel.cdn.modyo.com/libraries/recursos/src/icon-lit/marcas/boost.png,jueves,20% descuento en tienda,,2026-04-30,,Comida,https://www.entel.cl/beneficios/descuentos/boost
Entel,Barrio Chick'en,,,,,https://entel.cdn.modyo.com/libraries/recursos/src/icon-lit/marcas/barrio-chicken.png,lunes,30% dcto. los lunes en todo el menú,,2026-06-30,,Comida,https://www.entel.cl/beneficios/descuentos/barrio-chicken
Entel,Easycancha,,,,,https://entel.cdn.modyo.com/libraries/recursos/src/icon-lit/marcas/easycancha-1.png,lunes;martes;miercoles;jueves;viernes;domingo;sabado,3 meses de prueba gratis con suscripción PRIME,,2026-03-31,,Deportes;Sostenibilidad,https://www.entel.cl/beneficios/descuentos/easycancha
Entel,Parques Outlife,,,,,https://entel.cdn.modyo.com/libraries/recursos/src/icon-lit/marcas/outlife.png,lunes;martes;miercoles;jueves;viernes;domingo;sabado,Dctos. en Parques RKF El Durazno y Outlife Chamisero,,,,Deportes;Sostenibilidad,https://www.entel.cl/beneficios/descuentos/parques-outlife
Entel,Escuela de Surf Maintencillo,,,,,https://entel.cdn.modyo.com/libraries/recursos/src/icon-lit/marcas/Escuela-de-Surf-Maitencillo.png,lunes;martes;miercoles;jueves;viernes;domingo;sabado,Dcto. en clases y arriendo de equipo,,2026-03-31,,Deportes,https://www.entel.cl/beneficios/descuentos/surf-maitencillo
Entel,Belsport,,,,,https://entel.cdn.modyo.com/libraries/recursos/src/icon-lit/marcas/belsport-2.png,,20% de Dcto. en Belsport,,2026-12-31,,Deportes;Tiendas,https://www.entel.cl/beneficios/descuentos/belsport
Entel,Glampi,,,,,https://entel.cdn.modyo.com/libraries/recursos/src/icon-lit/marcas/glampi-1.png,lunes;martes;miercoles;jueves;viernes;domingo;sabado,"Hasta 20% dcto. en Glampi y hoteles, todos los días",,2026-12-30,,Deportes,https://www.entel.cl/beneficios/descuentos/glampi
Entel,Umara Nails,,,,,https://entel.cdn.modyo.com/libraries/recursos/src/icon-lit/marcas/umara-nails-2.png,lunes,20% dcto. en manos y pies con esmaltado permanente,,,,Bienestar,https://www.entel.cl/beneficios/descuentos/umara-nails
Entel,Farmacia Fracción,,,,,https://entel.cdn.modyo.com/libraries/recursos/src/icon-lit/marcas/farmacia-fraccion.png,lunes;martes;miercoles;jueves;viernes;domingo;sabado,10% dcto. Compras online en bioequivalentes.,,2026-03-31,,Bienestar,https://www.entel.cl/beneficios/descuentos/farmacia-fraccion
Entel,Natura,,,,,https://entel.cdn.modyo.com/libraries/recursos/src/icon-lit/marcas/natura.png,lunes;martes;miercoles;jueves;viernes;domingo;sabado,Descuentos todos los días online y presencial,,2026-12-31,,Bienestar,https://www.entel.cl/beneficios/descuentos/natura
Entel,Farmacia Ahumada,,,,,https://entel.cdn.modyo.com/libraries/recursos/src/icon-lit/marcas/farmacia-ahumada-1.png,lunes;martes;miercoles;jueves;viernes;domingo;sabado,Descuentos en compras presenciales.,5000,2026-12-31,,Bienestar,https://www.entel.cl/beneficios/descuentos/farmacia-ahumada
Entel,Beauty Plus,,,,,https://entel.cdn.modyo.com/libraries/recursos/src/icon-lit/marcas/beauty-plus.png,lunes;martes;miercoles;jueves;viernes;domingo;sabado,30% dcto. en todas las compras online.,,2026-12-31,,Bienestar;Tiendas,https://www.entel.cl/beneficios/descuentos/beauty-plus
Entel,Clínica Cumbre,,,,,https://entel.cdn.modyo.com/libraries/recursos/src/icon-lit/marcas/clinica-cumbre-2.png,lunes;martes;miercoles;jueves;viernes;domingo;sabado,"55% dcto. en odontología, excluye laboratorios",,,,Bienestar,https://www.entel.cl/beneficios/descuentos/clinica-cumbre
Entel,Hands & co,,,,,https://entel.cdn.modyo.com/libraries/recursos/src/icon-lit/marcas/hands-and-co-3.png,lunes;martes;miercoles,"Disfruta manicure a $19.990, incluye retiro",,2026-09-01,,Bienestar,https://www.entel.cl/beneficios/descuentos/hands-and-co
Entel,Adidas,,,,,https://entel.cdn.modyo.com/libraries/recursos/src/icon-lit/marcas/adidas.png,lunes;martes,20% dcto. en catálogo seleccionado,,2026-06-30,,Tiendas,https://www.entel.cl/beneficios/descuentos/adidas
Entel,Zig-zag,,,,,https://entel.cdn.modyo.com/libraries/recursos/src/icon-lit/marcas/zigzag.png,lunes;martes;miercoles;jueves;viernes;domingo;sabado,30% dcto. adicional en www.zigzag.cl,,2026-12-31,,Tiendas,https://www.entel.cl/beneficios/descuentos/zig-zag
Entel,Late,,,,,https://entel.cdn.modyo.com/libraries/recursos/src/icon-lit/marcas/late.png,lunes;martes;miercoles;jueves;viernes;domingo;sabado,Dctos. en productos y recargas de botellones,,,,Tiendas;Sostenibilidad,https://www.entel.cl/beneficios/descuentos/late
Entel,miCoca-Cola.cl,,,,,https://entel.cdn.modyo.com/libraries/recursos/src/icon-lit/marcas/coca-cola.png,lunes;martes;miercoles;jueves;viernes;domingo;sabado,"25% de dcto. en el total de tu boleta, al comprar online",,2026-12-31,,Tiendas,https://www.entel.cl/beneficios/descuentos/cocacola
Entel,Lounge,,,,,https://entel.cdn.modyo.com/libraries/recursos/src/icon-lit/marcas/lounge-1.png,domingo,20% dcto. los lunes con el Club Entel,,,,Tiendas,https://www.entel.cl/beneficios/descuentos/lounge
Entel,Ópticas Place Vendôme,,,,,https://entel.cdn.modyo.com/libraries/recursos/src/icon-lit/marcas/place-vendome-1.png,lunes;martes;miercoles;jueves;viernes;domingo;sabado,"Desde 10% de dcto. en anteojos ópticos, de contacto y de sol",,,,Tiendas,https://www.entel.cl/beneficios/descuentos/opticas-place-vendome
Entel,Econópticas,,,,,https://entel.cdn.modyo.com/libraries/recursos/src/icon-lit/marcas/econopticas-1.png,lunes;martes;miercoles;jueves;viernes;domingo;sabado,"Desde 10% de dcto. en anteojos ópticos, de contacto y de sol",,,,Tiendas,https://www.entel.cl/beneficios/descuentos/econopticas
Entel,GMO,,,,,https://entel.cdn.modyo.com/libraries/recursos/src/icon-lit/marcas/gmo-1.png,lunes;martes;miercoles;jueves;viernes;domingo;sabado,"Desde 10% de dcto. en anteojos ópticos, de contacto y de sol",,,,Tiendas,https://www.entel.cl/beneficios/descuentos/gmo
Entel,El Colorado,,,,,https://entel.cdn.modyo.com/libraries/recursos/src/icon-lit/marcas/el-colorado-1.png,lunes;martes;miercoles;jueves;viernes;domingo,30% dcto. los martes con el Club Entel,,,,Entretención,https://www.entel.cl/beneficios/descuentos/el-colorado
Entel,Parque Aventura,,,,,https://entel.cdn.modyo.com/libraries/recursos/src/icon-lit/marcas/parque-aventura.png,lunes;martes;miercoles;jueves;viernes;domingo,20% dcto. en entradas a Parque Aventura,,2026-12-31,,Entretención,https://www.entel.cl/beneficios/descuentos/parque-aventura
Entel,Aventura Kids,,,,,https://entel.cdn.modyo.com/libraries/recursos/src/icon-lit/marcas/parque-aventura-kids.png,lunes;martes;miercoles;jueves;viernes;domingo;sabado,20% Dcto. En aventura Kids,,2026-12-31,,Entretención,https://www.entel.cl/beneficios/descuentos/aventura-kids
Entel,Buin Zoo,,,,,https://entel.cdn.modyo.com/libraries/recursos/src/icon-lit/marcas/buin-zoo-1.png,lunes;martes;miercoles;jueves;viernes;domingo;sabado,20% dcto. en Buin Zoo de Martes a Domingo,,2025-04-30,,Entretención,https://www.entel.cl/beneficios/descuentos/buin-zoo
Entel,Nevados de Chillán,,,,,https://entel.cdn.modyo.com/libraries/recursos/src/icon-lit/marcas/nevados-1.png,lunes;martes;miercoles;jueves;viernes;domingo,25% dcto. online los miércoles de agosto y septiembre,,,,Entretención,https://www.entel.cl/beneficios/descuentos/nevados-de-chillan
Entel,Evento Motor Clásica,,,,,https://entel.cdn.modyo.com/libraries/recursos/src/icon-lit/marcas/club-entel.png,lunes;martes;miercoles;jueves;viernes;domingo;sabado,40% dcto. entrada 4 octubre y 20% dcto. entradas 3 y 4 octubre,,2026-10-04,,Entretención,https://www.entel.cl/beneficios/descuentos/motor-clasica
Entel,Karün,,,,,https://entel.cdn.modyo.com/libraries/recursos/src/icon-lit/marcas/karun-3.png,lunes;martes;miercoles;jueves;viernes;domingo;sabado,25% dcto. en anteojos de sol,,2026-12-31,,Sostenibilidad,https://www.entel.cl/beneficios/descuentos/karun
Entel,Tur.com,,,,,https://entel.cdn.modyo.com/libraries/recursos/src/icon-lit/marcas/tur-com.png,lunes;martes;miercoles;jueves;viernes;domingo;sabado,15% dcto. en todos los tours y actividades en www.tur.com,30000,2026-12-31,,Sostenibilidad,https://www.entel.cl/beneficios/descuentos/chiletur-copec
Entel,Ecocitex,,,,,https://entel.cdn.modyo.com/libraries/recursos/src/icon-lit/marcas/ecocitex.png,lunes;martes;miercoles;jueves;viernes;domingo;sabado,25% en el total de la compra,,2026-12-31,,Sostenibilidad,https://www.entel.cl/beneficios/descuentos/ecocitex
Entel,Freemet,,,,,https://entel.cdn.modyo.com/libraries/recursos/src/icon-lit/marcas/freemet.png,lunes;martes;miercoles;jueves;viernes;domingo;sabado,Descuentos exclusivos en compras online,,2026-03-31,,Sostenibilidad,https://www.entel.cl/beneficios/descuentos/free-met
Entel,Klean Kanteen,,,,,https://entel.cdn.modyo.com/libraries/recursos/src/icon-lit/marcas/klean-kanteen.png,lunes;martes;miercoles;jueves;viernes;domingo;sabado,Hasta 30% dcto.,,,,Tiendas;Sostenibilidad,https://www.entel.cl/beneficios/descuentos/klean-kanteen
Entel,Wild Foods,,,,,https://entel.cdn.modyo.com/libraries/recursos/src/icon-lit/marcas/wild-food.png,lunes;martes;miercoles;jueves;viernes;domingo;sabado,Dctos. online en productos seleccionados,,2026-12-31,,Sostenibilidad,https://www.entel.cl/beneficios/descuentos/wildfoods
Entel,Euro Rent a Car,,,,,https://entel.cdn.modyo.com/libraries/recursos/src/icon-lit/marcas/euro-rent-a-car.png,lunes;martes;miercoles;jueves;viernes;domingo;sabado,15% dcto en arriendo de cualquier vehículo,,2026-12-31,,Viajes,https://www.entel.cl/beneficios/descuentos/euro-rent
Entel,Assist Card,,,,,https://entel.cdn.modyo.com/libraries/recursos/src/icon-lit/marcas/assist-card.png,lunes;martes;miercoles;jueves;viernes;domingo;sabado,20% dcto. adicional sobre la tarifa vigente,,2026-10-31,,Tiendas;Viajes,https://www.entel.cl/beneficios/descuentos/assist-card
Entel,Cabify,,,,,https://entel.cdn.modyo.com/libraries/recursos/src/icon-lit/marcas/cabify.png,lunes;martes;miercoles,4 viajes por mes por usuario con 15% dcto. tope $2.000,2000,2025-12-31,,Viajes,https://www.entel.cl/beneficios/descuentos/cabify
Entel,Turbus,,,,,https://entel.cdn.modyo.com/libraries/recursos/src/icon-lit/marcas/turbus-2.png,lunes;martes;miercoles;jueves;viernes;domingo;sabado,20% dcto. en compras online www.turbus.cl,3000,2026-12-31,,Viajes,https://www.entel.cl/beneficios/descuentos/turbus
Entel,Cóndor Bus,,,,,https://entel.cdn.modyo.com/libraries/recursos/src/icon-lit/marcas/condor-1.png,lunes;martes;miercoles;jueves;viernes;domingo;sabado,20% dcto. en compras online www.condorbus.cl,4000,2026-12-31,,Viajes,https://www.entel.cl/beneficios/descuentos/condor-bus
Entel,Castaño,,,,,https://entel.cdn.modyo.com/libraries/recursos/src/icon-lit/marcas/castano.png,lunes;martes;miercoles;jueves;viernes;domingo;sabado,Berlín a $100 al comprar un café mediano,,2026-12-31,,Comida,https://www.entel.cl/beneficios/descuentos/castano
Entel,Just Burger,,,,,https://entel.cdn.modyo.com/libraries/recursos/src/icon-lit/marcas/just-burger.png,lunes;martes;jueves;domingo,"25% dcto. lunes, martes, jueves y domingo",,2025-12-31,,Comida,https://www.entel.cl/beneficios/descuentos/justburger
Entel,Entrelagos,,,,,https://entel.cdn.modyo.com/libraries/recursos/src/icon-lit/marcas/entrelagos.png,lunes;martes;miercoles;jueves;viernes;domingo;sabado,15% de dcto. en compras realizadas de manera online,,2026-12-31,,Comida,https://www.entel.cl/beneficios/descuentos/entrelagos
Entel,Hola Ola,,,,,https://entel.cdn.modyo.com/libraries/recursos/src/icon-lit/marcas/hola-ola.png,lunes;martes;miercoles;jueves,20% dcto. en cafetería,,2026-12-31,,Comida,https://www.entel.cl/beneficios/descuentos/hola-ola
Entel,Juan Maestro,,,,,https://entel.cdn.modyo.com/libraries/recursos/src/icon-lit/marcas/juan-maestro-1.png,jueves,30% Descuento en todo el menú solo los jueves,,2026-06-30,,Comida,https://www.entel.cl/beneficios/descuentos/juanmaestro
Entel,Franchute,,,,,https://entel.cdn.modyo.com/libraries/recursos/src/icon-lit/marcas/franchute.png,lunes;martes,35% de descuento en la barra los días lunes y martes,,2026-12-31,,Comida,https://www.entel.cl/beneficios/descuentos/franchute
Entel,Rappi,,,,,https://entel.cdn.modyo.com/libraries/recursos/src/icon-lit/marcas/rappi.png,lunes;martes;miercoles;jueves;viernes;domingo;sabado,80% dcto en envíos por 3 meses,,2026-12-31,,Comida,https://www.entel.cl/beneficios/descuentos/rappi
Entel,Local Burger,,,,,https://entel.cdn.modyo.com/libraries/recursos/src/icon-lit/marcas/local-burger.png,lunes;martes;domingo,25% de dcto. de Domingo a Martes.,50000,2026-12-31,,Comida,https://www.entel.cl/beneficios/descuentos/local-burguer
Entel,Green Lab,,,,,https://entel.cdn.modyo.com/libraries/recursos/src/icon-lit/marcas/green-lab-8.png,lunes;martes;miercoles;domingo;sabado,15% dcto de sábado a miércoles,,,,Comida,https://www.entel.cl/beneficios/descuentos/green-lab
Entel,Doggis,,,,,https://entel.cdn.modyo.com/libraries/recursos/src/icon-lit/marcas/doggis-1.png,miercoles,30% dcto en todo el menú solo los miércoles,,2026-06-30,,Comida,https://www.entel.cl/beneficios/descuentos/doggis
Entel,Tommy Beans,,,,,https://entel.cdn.modyo.com/libraries/recursos/src/icon-lit/marcas/tommy-beans-1.png,martes,30% descuento en todo el menú solo los martes,,2026-06-30,,Comida,https://www.entel.cl/beneficios/descuentos/tommybeans
Entel,Biancolatte,,,,,https://entel.cdn.modyo.com/libraries/recursos/src/icon-lit/marcas/biancolatte-2.png,jueves,20% descuento en tienda,,2026-04-30,,Comida,https://www.entel.cl/beneficios/descuentos/biancolatte
Entel,Yogen Früz,,,,,https://entel.cdn.modyo.com/libraries/recursos/src/icon-lit/marcas/yogen-fruz.png,jueves,20% descuento en tienda,,2026-04-30,,Comida,https://www.entel.cl/beneficios/descuentos/yogen-fruz
Entel,Domino's Pizza,,,,,https://entel.cdn.modyo.com/libraries/recursos/src/icon-lit/marcas/dominos-pizza-1.png,domingo,40% dcto. los domingos con el Club Entel,,,,Comida,https://www.entel.cl/beneficios/descuentos/dominos-pizza
Entel,OAKBERRY,,,,,https://entel.cdn.modyo.com/libraries/recursos/src/icon-lit/marcas/oak-berry-1.png,martes,20% dcto. los martes con el Club Entel,10000,2026-09-30,,Comida,https://www.entel.cl/beneficios/descuentos/oakberry
Entel,TPM,,,,,https://entel.cdn.modyo.com/libraries/recursos/src/icon-lit/marcas/tpm-bar-1.png,miercoles,20% dcto. los miércoles en toda la carta,40000,2026-07-29,,Comida,https://www.entel.cl/beneficios/descuentos/tpm
Entel,Tarragona,,,,,https://entel.cdn.modyo.com/libraries/recursos/src/icon-lit/marcas/tarragona.png,martes,30% dcto. los martes en el total de la boleta,,,,Comida,https://www.entel.cl/beneficios/descuentos/tarragona
Entel,Roof Burger,,,,,https://entel.cdn.modyo.com/libraries/recursos/src/icon-lit/marcas/roof-burger.png,lunes;jueves;domingo,25% dcto en el total de tu boleta lunes y jueves,,,,Comida,https://www.entel.cl/beneficios/descuentos/roof-burger
Entel,El Café Rosa,,,,,https://entel.cdn.modyo.com/libraries/recursos/src/icon-lit/marcas/cafe-rosa.png,lunes;martes;jueves;domingo,"25% dcto en el total de tu boleta lunes, martes y jueves",,,,Comida,https://www.entel.cl/beneficios/descuentos/cafe-rosa
Entel,Central 55,,,,,https://entel.cdn.modyo.com/libraries/recursos/src/icon-lit/marcas/central-55.png,lunes;martes;domingo,"20% dcto. en el total de tu boleta martes, miércoles y domingos",,,,Comida,https://www.entel.cl/beneficios/descuentos/central-55
Entel,Yogurt Life,,,,,https://entel.cdn.modyo.com/libraries/recursos/src/icon-lit/marcas/yogurt-life.png,lunes;martes;miercoles,"25% dcto. en el total de tu boleta lunes, martes y miércoles",,,,Comida,https://www.entel.cl/beneficios/descuentos/yogurt-life
Entel,Viña MontGras,,,,,https://entel.cdn.modyo.com/libraries/recursos/src/icon-lit/marcas/montgras-1.png,lunes;martes;miercoles;jueves;viernes;domingo;sabado,15% dcto. en enoturimo y 20% dcto. en compras online,,,,Comida,https://www.entel.cl/beneficios/descuentos/vina-montgras
Entel,Club Perros y Gatos,,,,,https://entel.cdn.modyo.com/libraries/recursos/src/icon-lit/marcas/club-de-perros-y-gatos-4.png,lunes;martes;miercoles;jueves;viernes;domingo;sabado,Hasta 15% dcto. en productos marca Club P&G,,,,Mascotas,https://www.entel.cl/beneficios/descuentos/club-de-perros-y-gatos
Entel,Dogin,,,,,https://entel.cdn.modyo.com/libraries/recursos/src/icon-lit/marcas/dogin-7.png,lunes;martes;miercoles;jueves;viernes;domingo;sabado,"20% dcto. en guardería, paseos y alojamiento de mascotas",15000,2026-12-31,,Mascotas,https://www.entel.cl/beneficios/descuentos/dogin
Entel,Super Zoo,,,,,https://entel.cdn.modyo.com/libraries/recursos/src/icon-lit/marcas/super-zoo-2.png,lunes;martes;miercoles;jueves;viernes;domingo;sabado,Hasta 20% Dcto. en Tienda Online,80000,2026-12-31,,Mascotas;Tiendas,https://www.entel.cl/beneficios/descuentos/super-zoo
Entel,Puppies & Kittens,,,,,https://entel.cdn.modyo.com/libraries/recursos/src/icon-lit/marcas/puppies&kittens-1.png,lunes;martes;miercoles;jueves;viernes;domingo;sabado,Desde 15% de dcto. viernes y domingos con el Club Entel.,,2026-12-31,,Mascotas,https://www.entel.cl/beneficios/descuentos/puppies-and-kittens
Entel,Ópticas Schilling,,,,,https://entel.cdn.modyo.com/libraries/recursos/src/icon-lit/marcas/opticas-schilling.png,lunes;martes;miercoles;jueves;viernes;domingo;sabado,20% dcto. en lentes ópticos y de sol,,2026-12-31,,Bienestar,https://www.entel.cl/beneficios/descuentos/opticas-schilling
Entel,The Body Shop,,,,,https://entel.cdn.modyo.com/libraries/recursos/src/icon-lit/marcas/the-body-shop-2.png,lunes;martes;miercoles;jueves;viernes;domingo;sabado,15% Dcto. en productos The Body Shop,,2026-12-31,,Bienestar,https://www.entel.cl/beneficios/descuentos/bodyshop
Entel,Glam & Co,,,,,https://entel.cdn.modyo.com/libraries/recursos/src/icon-lit/marcas/glam-co.png,lunes;martes;miercoles;jueves,20% de descuento de lunes a jueves en salones.,,2026-12-31,,Bienestar,https://www.entel.cl/beneficios/descuentos/glamco
Entel,Clínica Santa María,,,,,https://entel.cdn.modyo.com/libraries/recursos/src/icon-lit/marcas/clinica-santa-maria.png,lunes;martes;miercoles;jueves;viernes;domingo;sabado,20% dcto. en el copago de exámenes de laboratorio,,2026-12-31,,Bienestar,https://www.entel.cl/beneficios/descuentos/clinica-santa-maria
Entel,SaveMoney,,,,,https://entel.cdn.modyo.com/libraries/recursos/src/icon-lit/marcas/save-money-1.png,lunes,30% dcto. en membresía SaverPlus,,,,Bienestar,https://www.entel.cl/beneficios/descuentos/savemoney
Entel,La Tercera Digital,,,,,https://entel.cdn.modyo.com/libraries/recursos/src/icon-lit/marcas/la-tercera.png,lunes;martes;miercoles;jueves;viernes;domingo;sabado,40% dcto. suscripción digital,,,,Bienestar,https://www.entel.cl/beneficios/descuentos/la-tercera-digital
Entel,Delex,,,,,https://entel.cdn.modyo.com/libraries/recursos/src/icon-lit/marcas/delex-1.png,lunes;martes;miercoles;jueves;viernes;domingo;sabado,$8.500 de descuento en la primera compra,,,,Tiendas,https://www.entel.cl/beneficios/descuentos/delex
Entel,Marathon,,,,,https://entel.cdn.modyo.com/libraries/recursos/src/icon-lit/marcas/marathon.png,martes,10% dcto. adicional los martes,,2026-12-31,,Tiendas,https://www.entel.cl/beneficios/descuentos/marathon
Entel,Bamers,,,,,https://entel.cdn.modyo.com/libraries/recursos/src/icon-lit/marcas/bamers.png,lunes;martes;miercoles;jueves;viernes;domingo;sabado,20% de dcto. en web y tienda,,2026-12-31,,Tiendas,https://www.entel.cl/beneficios/descuentos/bamers
Entel,Nike,,,,,https://entel.cdn.modyo.com/libraries/recursos/src/icon-lit/marcas/nike-2.png,martes;jueves;viernes,30% de descuento en colección exclusiva Entel,60000,2026-12-31,,Tiendas,https://www.entel.cl/beneficios/descuentos/nike
Entel,AkiKB,,,,,https://entel.cdn.modyo.com/libraries/recursos/src/icon-lit/marcas/akikb.png,lunes;martes;miercoles;jueves;viernes;domingo;sabado,25% dcto. en arriendo de MINIBODEGAS por 3 meses.,,2026-12-31,,Tiendas,https://www.entel.cl/beneficios/descuentos/akikb
Entel,Librería Nacional,,,,,https://entel.cdn.modyo.com/libraries/recursos/src/icon-lit/marcas/libreria-nacional-2.png,lunes;martes;miercoles;jueves;viernes;domingo;sabado,15% de descuento en compras online y presencial,,2025-12-31,,Tiendas,https://www.entel.cl/beneficios/descuentos/libreria-nacional
Entel,Blue Express Copec,,,,,https://entel.cdn.modyo.com/libraries/recursos/src/icon-lit/marcas/blue-express-1.png,lunes;martes;miercoles;jueves;viernes;domingo;sabado,25% dcto. En envíos prepagados.,,2026-12-31,,Tiendas,https://www.entel.cl/beneficios/descuentos/blue-express-copec
Entel,Xtrem,,,,,https://entel.cdn.modyo.com/libraries/recursos/src/icon-lit/marcas/xtream.png,miercoles,30% dcto. online en xtrem.cl,,2026-03-15,,Tiendas,https://www.entel.cl/beneficios/descuentos/xtrem
Entel,Black Bubba,,,,,https://entel.cdn.modyo.com/libraries/recursos/src/icon-lit/marcas/black-bubba-1.png,martes,15% dcto. en blackbubba.com excepto chaquetas de cuero,,2026-08-04,,Tiendas,https://www.entel.cl/beneficios/descuentos/black-bubba
Entel,Trial,,,,,https://entel.cdn.modyo.com/libraries/recursos/src/icon-lit/marcas/trial-1.png,lunes,20% dcto. los lunes en tiendas,,,,Tiendas,https://www.entel.cl/beneficios/descuentos/trial
Entel,Perry Ellis,,,,,https://entel.cdn.modyo.com/libraries/recursos/src/icon-lit/marcas/perry-ellis-1.png,lunes,20% dcto. los lunes en tiendas,,,,Tiendas,https://www.entel.cl/beneficios/descuentos/perry-ellis
Entel,Penguin,,,,,https://entel.cdn.modyo.com/libraries/recursos/src/icon-lit/marcas/penguin-1.png,lunes,20% dcto. los lunes en tiendas,,,,Tiendas,https://www.entel.cl/beneficios/descuentos/penguin
Entel,Florsheim,,,,,https://entel.cdn.modyo.com/libraries/recursos/src/icon-lit/marcas/florsheim-1.png,martes,20% dcto. los martes en tiendas,,,,Tiendas,https://www.entel.cl/beneficios/descuentos/florsheim
Entel,eClass,,,,,https://entel.cdn.modyo.com/libraries/recursos/src/icon-lit/marcas/eclass.png,lunes;martes;miercoles;jueves;viernes;domingo;sabado,40% dcto. en diplomados eClass Academy,,2026-12-31,,Sostenibilidad,https://www.entel.cl/beneficios/descuentos/eclass
Entel,Mut,,,,,https://entel.cdn.modyo.com/libraries/recursos/src/icon-lit/marcas/mut-11.png,lunes;martes;miercoles;jueves;viernes;domingo;sabado,Disfruta de los descuentos de BICIHUB MUT,,2026-02-28,,Sostenibilidad,https://www.entel.cl/beneficios/descuentos/mut
Cencosud,Margó,Cenco Costanera,,,,https://staticresourcesfiles.blob.core.windows.net/content/wpub/static/6575245718793157-margo.webp,jueves,40% Dcto.,40000,,https://margo.cl/,restaurantes,https://www.tarjetacencosud.cl/publico/beneficios/landing/la-ruta-del-sabor
Cencosud,Santa Brasa,Cenco Costanera,,,,https://staticresourcesfiles.blob.core.windows.net/content/wpub/static/6393026307486822-rest-color-cenco-santa-brasa.webp,jueves,40% Dcto.,40000,,https://santabrasa.cl/,restaurantes,https://www.tarjetacencosud.cl/publico/beneficios/landing/la-ruta-del-sabor
Cencosud,Chilis,Cenco Costanera,,,,https://staticresourcesfiles.blob.core.windows.net/content/wpub/static/5767581335730336-chilis_nuevo.webp,jueves,40% Dcto.,40000,,https://www.chilis.cl/,restaurantes,https://www.tarjetacencosud.cl/publico/beneficios/landing/la-ruta-del-sabor
Cencosud,Piola,Cenco Costanera,,,,https://staticresourcesfiles.blob.core.windows.net/content/wpub/static/3965651948874238-piola.webp,jueves,40% Dcto.,40000,,http://www.piola.it/local-mall-costanera-center/cities/display/language:lng,restaurantes,https://www.tarjetacencosud.cl/publico/beneficios/landing/la-ruta-del-sabor
Cencosud,Margó,Mirador del Alto,,,,https://staticresourcesfiles.blob.core.windows.net/content/wpub/static/6575245718793157-margo.webp,jueves,40% Dcto.,40000,,https://margo.cl/,restaurantes,https://www.tarjetacencosud.cl/publico/beneficios/landing/la-ruta-del-sabor
Cencosud,Kento,Mirador del Alto,,,,https://staticresourcesfiles.blob.core.windows.net/content/wpub/static/7281581472602932-kento-1.webp,jueves,40% Dcto.,40000,,https://www.kento.cl/,restaurantes,https://www.tarjetacencosud.cl/publico/beneficios/landing/la-ruta-del-sabor
Cencosud,La Maestranza,,Las Condes,,,https://staticresourcesfiles.blob.core.windows.net/content/wpub/static/23572976956181635-rest-color-cenco-la-maestranza.webp,jueves,40% Dcto.,40000,,https://www.lamaestranzarestaurant.cl/,restaurantes,https://www.tarjetacencosud.cl/publico/beneficios/landing/la-ruta-del-sabor
Cencosud,Santa Brasa,Mirador del Alto,,,,https://staticresourcesfiles.blob.core.windows.net/content/wpub/static/6393026307486822-rest-color-cenco-santa-brasa.webp,jueves,40% Dcto.,40000,,https://santabrasa.cl/,restaurantes,https://www.tarjetacencosud.cl/publico/beneficios/landing/la-ruta-del-sabor
Cencosud,Pf Chang´s,Mirador del Alto,,,,https://staticresourcesfiles.blob.core.windows.net/content/wpub/static/3542129189280485-pfchangs-1.webp,jueves,40% Dcto.,40000,,https://www.pfchangs.cl/,restaurantes,https://www.tarjetacencosud.cl/publico/beneficios/landing/la-ruta-del-sabor
Cencosud,Chilis,Mirador del Alto,,,,https://staticresourcesfiles.blob.core.windows.net/content/wpub/static/5767581335730336-chilis_nuevo.webp,jueves,40% Dcto.,40000,,https://www.chilis.cl/,restaurantes,https://www.tarjetacencosud.cl/publico/beneficios/landing/la-ruta-del-sabor
Cencosud,Texas Ribs,Cenco Florida,,,,https://staticresourcesfiles.blob.core.windows.net/content/wpub/static/30128807519078404-texasribs.webp,jueves,40% Dcto.,40000,,https://www.texasribs.cl/,restaurantes,https://www.tarjetacencosud.cl/publico/beneficios/landing/la-ruta-del-sabor
Cencosud,La Yunta,,Providencia,,,https://staticresourcesfiles.blob.core.windows.net/content/wpub/static/14679506855277435-159.webp,lunes,40% Dcto.,40000,,https://www.instagram.com/layuntachile/,restaurantes,https://www.tarjetacencosud.cl/publico/beneficios/landing/la-ruta-del-sabor
Cencosud,La Yunta,,Las Condes,,,https://staticresourcesfiles.blob.core.windows.net/content/wpub/static/14679506855277435-159.webp,lunes,40% Dcto.,40000,,https://www.instagram.com/layuntachile/,restaurantes,https://www.tarjetacencosud.cl/publico/beneficios/landing/la-ruta-del-sabor
Cencosud,La Yunta,,Vitacura,,,https://staticresourcesfiles.blob.core.windows.net/content/wpub/static/14679506855277435-159.webp,lunes,40% Dcto.,40000,,https://www.instagram.com/layuntachile/,restaurantes,https://www.tarjetacencosud.cl/publico/beneficios/landing/la-ruta-del-sabor
Cencosud,Embarcadero 41,,Providencia,,,https://staticresourcesfiles.blob.core.windows.net/content/wpub/static/9141350379558799-embarcadero41.webp,martes,40% Dcto.,40000,,https://www.instagram.com/embarcadero41_chile/,restaurantes,https://www.tarjetacencosud.cl/publico/beneficios/landing/la-ruta-del-sabor
Cencosud,Galpón Italia,,Providencia,,,https://staticresourcesfiles.blob.core.windows.net/content/wpub/static/5821801785679945-italia.png,martes,40% Dcto.,40000,,https://grupogalpon.cl/,restaurantes,https://www.tarjetacencosud.cl/publico/beneficios/landing/la-ruta-del-sabor
Cencosud,Kanuun,,Vitacura,,,https://staticresourcesfiles.blob.core.windows.net/content/wpub/static/7967176624652716-logokanuun.webp,martes;miercoles,40% Dcto.,40000,,https://www.instagram.com/kanuun.cl/,restaurantes,https://www.tarjetacencosud.cl/publico/beneficios/landing/la-ruta-del-sabor
Cencosud,Kuntsmann,,Providencia,,,https://staticresourcesfiles.blob.core.windows.net/content/wpub/static/21132831875784386-131.webp,lunes,40% Dcto.,40000,,https://www.cerveza-kunstmann.cl/experiencia/,restaurantes,https://www.tarjetacencosud.cl/publico/beneficios/landing/la-ruta-del-sabor
Cencosud,Kuntsmann,,Ñuñoa,,,https://staticresourcesfiles.blob.core.windows.net/content/wpub/static/21132831875784386-131.webp,lunes,40% Dcto.,40000,,https://www.cerveza-kunstmann.cl/experiencia/,restaurantes,https://www.tarjetacencosud.cl/publico/beneficios/landing/la-ruta-del-sabor
Cencosud,Kuntsmann,,La Florida,,,https://staticresourcesfiles.blob.core.windows.net/content/wpub/static/21132831875784386-131.webp,lunes,40% Dcto.,40000,,https://www.cerveza-kunstmann.cl/experiencia/,restaurantes,https://www.tarjetacencosud.cl/publico/beneficios/landing/la-ruta-del-sabor
Cencosud,Pristino,,Vitacura,,,https://staticresourcesfiles.blob.core.windows.net/content/wpub/static/7512582132682188-162.webp,martes,40% Dcto.,40000,,https://www.instagram.com/pristinorestaurante/?hl=es,restaurantes,https://www.tarjetacencosud.cl/publico/beneficios/landing/la-ruta-del-sabor
Cencosud,Le Meridien,,Santiago,,,https://staticresourcesfiles.blob.core.windows.net/content/wpub/static/6089240036282513-163-1.webp,martes,40% Dcto.,40000,,https://www.instagram.com/lemeridien_santiago,restaurantes,https://www.tarjetacencosud.cl/publico/beneficios/landing/la-ruta-del-sabor
Cencosud,Vicenzo Restaurante,,Las Condes,,,https://staticresourcesfiles.blob.core.windows.net/content/wpub/static/6738131441635062-vicezo.png,miercoles,40% Dcto.,40000,,https://gour.media/vicenzo/,restaurantes,https://www.tarjetacencosud.cl/publico/beneficios/landing/la-ruta-del-sabor
Cencosud,Cantina Montt,,Providencia,,,https://staticresourcesfiles.blob.core.windows.net/content/wpub/static/7080202749726625-montt.webp,miercoles,40% Dcto.,40000,,https://allmylinks.com/cantina-montt,restaurantes,https://www.tarjetacencosud.cl/publico/beneficios/landing/la-ruta-del-sabor
Cencosud,La Parrilla del Guaton Jerez,,Vitacura,,,https://staticresourcesfiles.blob.core.windows.net/content/wpub/static/9083912579599627-164-1.webp,miercoles,40% Dcto.,40000,,https://www.laparrilladelguatonjerez.cl/,restaurantes,https://www.tarjetacencosud.cl/publico/beneficios/landing/la-ruta-del-sabor
Cencosud,Kento,Parque Arauco,,,,https://staticresourcesfiles.blob.core.windows.net/content/wpub/static/7281581472602932-kento-1.webp,jueves,40% Dcto.,40000,,https://www.kento.cl/,restaurantes,https://www.tarjetacencosud.cl/publico/beneficios/landing/la-ruta-del-sabor
Cencosud,Kento,,Vitacura,,,https://staticresourcesfiles.blob.core.windows.net/content/wpub/static/7281581472602932-kento-1.webp,jueves,40% Dcto.,40000,,https://www.kento.cl/,restaurantes,https://www.tarjetacencosud.cl/publico/beneficios/landing/la-ruta-del-sabor
Cencosud,Wayna Cevicheria,,La Florida,,,https://staticresourcesfiles.blob.core.windows.net/content/wpub/static/048196651432178994-153.webp,sabado,40% Dcto.,40000,,,restaurantes,https://www.tarjetacencosud.cl/publico/beneficios/landing/la-ruta-del-sabor
Cencosud,Rishtedar,,Providencia,,,https://staticresourcesfiles.blob.core.windows.net/content/wpub/static/6181559573589264-rishtedar.webp,viernes,40% Dcto.,40000,,https://rishtedar.cl/,restaurantes,https://www.tarjetacencosud.cl/publico/beneficios/landing/la-ruta-del-sabor
Cencosud,Rishtedar,,Vitacura,,,https://staticresourcesfiles.blob.core.windows.net/content/wpub/static/6181559573589264-rishtedar.webp,viernes,40% Dcto.,40000,,https://rishtedar.cl/,restaurantes,https://www.tarjetacencosud.cl/publico/beneficios/landing/la-ruta-del-sabor
Cencosud,Rishtedar,,Lo Barnechea,,,https://staticresourcesfiles.blob.core.windows.net/content/wpub/static/6181559573589264-rishtedar.webp,viernes,40% Dcto.,40000,,https://rishtedar.cl/,restaurantes,https://www.tarjetacencosud.cl/publico/beneficios/landing/la-ruta-del-sabor
Cencosud,Rishtedar,,La Reina,,,https://staticresourcesfiles.blob.core.windows.net/content/wpub/static/6181559573589264-rishtedar.webp,viernes,40% Dcto.,40000,,https://rishtedar.cl/,restaurantes,https://www.tarjetacencosud.cl/publico/beneficios/landing/la-ruta-del-sabor
Cencosud,La Miga,,Recoleta,,,https://staticresourcesfiles.blob.core.windows.net/content/wpub/static/1842965819271778-lamiga_loho.webp,viernes,40% Dcto.,40000,,https://www.instagram.com/lamigarestoran,restaurantes,https://www.tarjetacencosud.cl/publico/beneficios/landing/la-ruta-del-sabor
Cencosud,La Cocina de Javier,,Vitacura,,,https://staticresourcesfiles.blob.core.windows.net/content/wpub/static/7628747695044931-logo-lacocinadejavier.webp,viernes,40% Dcto.,40000,,https://www.lacocinadejavier.cl/,restaurantes,https://www.tarjetacencosud.cl/publico/beneficios/landing/la-ruta-del-sabor
Cencosud,Anima,,Providencia,,,https://staticresourcesfiles.blob.core.windows.net/content/wpub/static/06648199823247092-anima.webp,sabado,40% Dcto.,40000,,https://www.instagram.com/anima.cocktaillab/?hl=es-la,restaurantes,https://www.tarjetacencosud.cl/publico/beneficios/landing/la-ruta-del-sabor
Cencosud,La Maestranza,,Vitacura,,,https://staticresourcesfiles.blob.core.windows.net/content/wpub/static/23572976956181635-rest-color-cenco-la-maestranza.webp,jueves,40% Dcto.,40000,,https://www.lamaestranzarestaurant.cl/,restaurantes,https://www.tarjetacencosud.cl/publico/beneficios/landing/la-ruta-del-sabor
Cencosud,Margó,,Lo Barnechea,,,https://staticresourcesfiles.blob.core.windows.net/content/wpub/static/6575245718793157-margo.webp,jueves,40% Dcto.,40000,,https://margo.cl/,restaurantes,https://www.tarjetacencosud.cl/publico/beneficios/landing/la-ruta-del-sabor
Cencosud,TPM,,Providencia,,,https://staticresourcesfiles.blob.core.windows.net/content/wpub/static/19091861726302972-tpm.webp,viernes,40% Dcto.,40000,,https://www.instagram.com/tpm.bar/,restaurantes,https://www.tarjetacencosud.cl/publico/beneficios/landing/la-ruta-del-sabor
Cencosud,TPM,,Las Condes,,,https://staticresourcesfiles.blob.core.windows.net/content/wpub/static/19091861726302972-tpm.webp,viernes,40% Dcto.,40000,,https://www.instagram.com/tpm.bar/,restaurantes,https://www.tarjetacencosud.cl/publico/beneficios/landing/la-ruta-del-sabor
Cencosud,Cantina Varas,,Santiago,,,https://staticresourcesfiles.blob.core.windows.net/content/wpub/static/2392971117953051-varas.webp,sabado,40% Dcto.,40000,,https://cantinavaras.cl/,restaurantes,https://www.tarjetacencosud.cl/publico/beneficios/landing/la-ruta-del-sabor
Cencosud,Ari Nikkei,,Las Condes,,,https://staticresourcesfiles.blob.core.windows.net/content/wpub/static/6583467473230933-ari-nikkei.webp,sabado,40% Dcto.,40000,,https://www.arinikkei.cl/,restaurantes,https://www.tarjetacencosud.cl/publico/beneficios/landing/la-ruta-del-sabor
Cencosud,Ari Nikkei,,Lo Barnechea,,,https://staticresourcesfiles.blob.core.windows.net/content/wpub/static/6583467473230933-ari-nikkei.webp,sabado,40% Dcto.,40000,,https://www.arinikkei.cl/,restaurantes,https://www.tarjetacencosud.cl/publico/beneficios/landing/la-ruta-del-sabor
Cencosud,Güeros,,Providencia,,,https://staticresourcesfiles.blob.core.windows.net/content/wpub/static/7514510535283845-149.webp,sabado,40% Dcto.,40000,,https://www.instagram.com/guerosterrazas,restaurantes,https://www.tarjetacencosud.cl/publico/beneficios/landing/la-ruta-del-sabor
Cencosud,Güeros,,Ñuñoa,,,https://staticresourcesfiles.blob.core.windows.net/content/wpub/static/7514510535283845-149.webp,sabado,40% Dcto.,40000,,https://www.instagram.com/guerosterrazas,restaurantes,https://www.tarjetacencosud.cl/publico/beneficios/landing/la-ruta-del-sabor
Cencosud,Sabor & Aroma,,Lo Barnechea,,,https://staticresourcesfiles.blob.core.windows.net/content/wpub/static/9553383872549748-saboryaroma.webp,sabado,40% Dcto.,40000,,https://www.instagram.com/saboryaromarest/,restaurantes,https://www.tarjetacencosud.cl/publico/beneficios/landing/la-ruta-del-sabor
Cencosud,Don Vito,,Las Condes,,,https://staticresourcesfiles.blob.core.windows.net/content/wpub/static/41779093542423795-165.webp,sabado,40% Dcto.,40000,,https://www.instagram.com/trattoria.donvito/,restaurantes,https://www.tarjetacencosud.cl/publico/beneficios/landing/la-ruta-del-sabor
Cencosud,Caoba Bar,,Vitacura,,,https://staticresourcesfiles.blob.core.windows.net/content/wpub/static/45391231981371516-logo-caoba.webp,domingo,40% Dcto.,40000,,https://caobabar.cl/,restaurantes,https://www.tarjetacencosud.cl/publico/beneficios/landing/la-ruta-del-sabor
Cencosud,Kechua ñuñoa,,Ñuñoa,,,https://staticresourcesfiles.blob.core.windows.net/content/wpub/static/2516043886229129-logo-kechua.webp,miercoles;jueves,20% Dcto.,20000,,https://kechuarestaurantes.cl/,restaurantes,https://www.tarjetacencosud.cl/publico/beneficios/landing/la-ruta-del-sabor
Cencosud,Kechua Borde Río,,Vitacura,,,https://staticresourcesfiles.blob.core.windows.net/content/wpub/static/2516043886229129-logo-kechua.webp,miercoles;jueves,20% Dcto.,20000,,https://kechuarestaurantes.cl/,restaurantes,https://www.tarjetacencosud.cl/publico/beneficios/landing/la-ruta-del-sabor
Cencosud,Sabor & Aroma,,Lo Barnechea,,,https://staticresourcesfiles.blob.core.windows.net/content/wpub/static/9553383872549748-saboryaroma.webp,lunes;miercoles;jueves,20% Dcto.,20000,,https://www.instagram.com/saboryaromarest/,restaurantes,https://www.tarjetacencosud.cl/publico/beneficios/landing/la-ruta-del-sabor
Cencosud,Shinsei - Hotel Renaissance,,Vitacura,,,https://staticresourcesfiles.blob.core.windows.net/content/wpub/static/3065323996816831-129.webp,martes;miercoles;jueves;viernes,20% Dcto.,20000,,,restaurantes,https://www.tarjetacencosud.cl/publico/beneficios/landing/la-ruta-del-sabor
Cencosud,Catae,,Vitacura,,,https://staticresourcesfiles.blob.core.windows.net/content/wpub/static/011137343858395043-catae-1-.webp,martes;miercoles;jueves;viernes,20% Dcto.,20000,,https://www.marriott.com/es/hotels/sclbr-renaissance-santiago-hotel/dining/,restaurantes,https://www.tarjetacencosud.cl/publico/beneficios/landing/la-ruta-del-sabor
Cencosud,La Cocina de Javier,,Vitacura,,,https://staticresourcesfiles.blob.core.windows.net/content/wpub/static/7628747695044931-logo-lacocinadejavier.webp,lunes;martes;miercoles;jueves;viernes,20% Dcto.,20000,,https://www.lacocinadejavier.cl/,restaurantes,https://www.tarjetacencosud.cl/publico/beneficios/landing/la-ruta-del-sabor
Cencosud,Fiamma,Cenco Portal La Dehesa,,,,https://staticresourcesfiles.blob.core.windows.net/content/wpub/static/9650039726588102-157.webp,lunes;martes;miercoles;jueves;viernes;sabado;domingo,20% Dcto.,20000,,https://www.instagram.com/fiammaristorante.cl/?hl=es,restaurantes,https://www.tarjetacencosud.cl/publico/beneficios/landing/la-ruta-del-sabor
Cencosud,Giuletta,Plaza Vespucio,,,,https://staticresourcesfiles.blob.core.windows.net/content/wpub/static/8945097394163548-156.webp,lunes;martes;miercoles;jueves,20% Dcto.,20000,,https://www.instagram.com/giuliettaristorante.cl/?hl=es,restaurantes,https://www.tarjetacencosud.cl/publico/beneficios/landing/la-ruta-del-sabor
Cencosud,La Maestranza,,Las Condes,,,https://staticresourcesfiles.blob.core.windows.net/content/wpub/static/23572976956181635-rest-color-cenco-la-maestranza.webp,lunes;martes,20% Dcto.,20000,,https://www.lamaestranzarestaurant.cl/,restaurantes,https://www.tarjetacencosud.cl/publico/beneficios/landing/la-ruta-del-sabor
Cencosud,La Maestranza,,Vitacura,,,https://staticresourcesfiles.blob.core.windows.net/content/wpub/static/23572976956181635-rest-color-cenco-la-maestranza.webp,lunes;martes,20% Dcto.,20000,,https://www.lamaestranzarestaurant.cl/,restaurantes,https://www.tarjetacencosud.cl/publico/beneficios/landing/la-ruta-del-sabor
Cencosud,App Copec,,,,,https://staticresourcesfiles.blob.core.windows.net/content/wpub/static/9894572130539843-app-copec-logo.webp,,,,,,comida y panoramas,https://www.tarjetacencosud.cl/publico/beneficios/landing/app-copec
Cencosud,Cineplanet,,,,,https://staticresourcesfiles.blob.core.windows.net/content/wpub/static/12912721027179286-logo-cineplanet.webp,,50% de dcto en tus entradas,,,,comida y panoramas,https://www.tarjetacencosud.cl/publico/beneficios/landing/cineplanet
Cencosud,Rappi,,,,,https://staticresourcesfiles.blob.core.windows.net/content/wpub/static/8105974372063509-beneficio-rappi-logo.webp,jueves,$10.000 dcto.,,,,comida y panoramas,https://www.tarjetacencosud.cl/publico/beneficios/landing/rappi
Cencosud,Escapadas en Chile,,,,,https://staticresourcesfiles.blob.core.windows.net/content/wpub/static/9639656279723372-logo-mastercard-1.webp,,,,,,comida y panoramas,https://www.tarjetacencosud.cl/publico/beneficios/landing/escapadas-en-chile
Cencosud,Fork,,,,,https://staticresourcesfiles.blob.core.windows.net/content/wpub/static/9249709502593682-beneficio-fork-logo.webp,martes,35%,,,,comida y panoramas,https://www.tarjetacencosud.cl/publico/beneficios/landing/fork
Cencosud,Sky Costanera,,,,,https://staticresourcesfiles.blob.core.windows.net/content/wpub/static/11821204651848838-benef-logo-sky.webp,,,,,,comida y panoramas,https://www.tarjetacencosud.cl/publico/beneficios/landing/sky-costanera
Cencosud,KidZania,,,,,https://staticresourcesfiles.blob.core.windows.net/content/wpub/static/631014613516047-logo-kidzania.webp,,,,,,comida y panoramas,https://www.tarjetacencosud.cl/publico/beneficios/landing/kidzania
Cencosud,Ticketeras,,,,,https://staticresourcesfiles.blob.core.windows.net/content/wpub/static/44626061832526354-logo-ticketera.webp,,6 ó 12 cuotas sin interés,,,,comida y panoramas,https://www.tarjetacencosud.cl/publico/beneficios/landing/ticketera
Cencosud,Melt Pizzas,,,,,https://staticresourcesfiles.blob.core.windows.net/content/wpub/static/043488294534234084-melt-pizzas-logo.webp,miercoles,35% de dcto,40000,,,comida y panoramas,https://www.tarjetacencosud.cl/publico/beneficios/landing/melt-pizzas
Cencosud,Hello Wine,,,,,https://staticresourcesfiles.blob.core.windows.net/content/wpub/static/6929925446615499-hello-wine-logo.webp,,20% dcto.,,2026-08-31,,comida y panoramas,https://www.tarjetacencosud.cl/publico/beneficios/landing/hello-wine
Cencosud,Burger King,,,,,https://staticresourcesfiles.blob.core.windows.net/content/wpub/static/3337289444216194-logo-burger.webp,lunes,40% dcto.,15000,,,comida y panoramas,https://www.tarjetacencosud.cl/publico/beneficios/landing/burger-king
Cencosud,PedidosYa,,,,,https://staticresourcesfiles.blob.core.windows.net/content/wpub/static/5205108990216476-logo-card-4-.webp,viernes,30% dcto.,,,,comida y panoramas,https://www.tarjetacencosud.cl/publico/beneficios/landing/pedidos-ya
Cencosud,Viña Santa Rita,,,,,https://staticresourcesfiles.blob.core.windows.net/content/wpub/static/695651230315359-santa-rita-logo.webp,,15% de dcto.,,2026-08-31,,comida y panoramas,https://www.tarjetacencosud.cl/publico/beneficios/landing/santa-rita
Cencosud,Papa Johns,,,,,https://staticresourcesfiles.blob.core.windows.net/content/wpub/static/5195866453099944-bene-logo-papajohns.webp,domingo,25% de descuento,,,,comida y panoramas,https://www.tarjetacencosud.cl/publico/beneficios/landing/papa-johns
Cencosud,Menú Priceless Mastercard,,,,,https://staticresourcesfiles.blob.core.windows.net/content/wpub/static/5900340025908857-logo-vinas.webp,,,,,,comida y panoramas,https://www.tarjetacencosud.cl/publico/beneficios/landing/menu-priceless
